ym,group,region_mil_won,nation_mil_won,share_pct
202001,내국인,426797,11902979,3.6
202001,외지인,409398,11337309,3.6
202001,현지인,17399,565670,3.1
202002,내국인,299994,9162453,3.3
202002,외지인,288036,8737681,3.3
202002,현지인,11958,424773,2.8
202003,내국인,227169,8707932,2.6
202003,외지인,218653,8314043,2.6
202003,현지인,8516,393889,2.2
202004,내국인,288298,9659231,3
202004,외지인,275562,9167774,3
202004,현지인,12736,491457,2.6
202005,내국인,380010,11478090,3.3
202005,외지인,361289,10833170,3.3
202005,현지인,18722,644919,2.9
202006,내국인,366461,10768468,3.4
202006,외지인,350618,10202896,3.4
202006,현지인,15843,565572,2.8
202007,내국인,370332,11069540,3.3
202007,외지인,355326,10553420,3.4
202007,현지인,15006,516120,2.9
202008,내국인,381582,11031778,3.5
202008,외지인,367145,10550521,3.5
202008,현지인,14437,481257,3
202009,내국인,398928,10470523,3.8
202009,외지인,382085,9946605,3.8
202009,현지인,16843,523918,3.2
202010,내국인,406906,11455970,3.6
202010,외지인,387606,10819749,3.6
202010,현지인,19300,636221,3
202011,내국인,398775,10721949,3.7
202011,외지인,380501,10105683,3.8
202011,현지인,18274,616266,3
202012,내국인,381178,9097042,4.2
202012,외지인,364155,8572174,4.2
202012,현지인,17023,524868,3.2
202101,내국인,348509,8905555,3.9
202101,외지인,334321,8437798,4
202101,현지인,14188,467757,3
202102,내국인,363218,9486872,3.8
202102,외지인,347822,8989605,3.9
202102,현지인,15397,497267,3.1
202103,내국인,411372,10847416,3.8
202103,외지인,393416,10256242,3.8
202103,현지인,17956,591175,3
202104,내국인,405081,11040181,3.7
202104,외지인,388137,10451206,3.7
202104,현지인,16944,588975,2.9
202105,내국인,434037,11780328,3.7
202105,외지인,415348,11142720,3.7
202105,현지인,18689,637607,2.9
202106,내국인,389159,11203032,3.5
202106,외지인,373024,10620776,3.5
202106,현지인,16135,582257,2.8
202107,내국인,407402,11173514,3.6
202107,외지인,391524,10634689,3.7
202107,현지인,15878,538825,2.9
202108,내국인,389339,11032515,3.5
202108,외지인,374677,10527579,3.6
202108,현지인,14662,504936,2.9
202109,내국인,432831,11677634,3.7
202109,외지인,414983,11059500,3.8
202109,현지인,17848,618134,2.9
202110,내국인,464494,12959628,3.6
202110,외지인,443199,12233939,3.6
202110,현지인,21295,725689,2.9
202111,내국인,461893,12523693,3.7
202111,외지인,441209,11827259,3.7
202111,현지인,20684,696434,3
202112,내국인,463834,11995599,3.9
202112,외지인,443195,11311344,3.9
202112,현지인,20639,684255,3
202201,내국인,446755,11702544,3.8
202201,외지인,428314,11080048,3.9
202201,현지인,18440,622496,3
202202,내국인,361909,9329910,3.9
202202,외지인,346817,8831265,3.9
202202,현지인,15092,498646,3
202203,내국인,426937,11324572,3.8
202203,외지인,408815,10732185,3.8
202203,현지인,18122,592387,3.1
202204,내국인,467401,13115220,3.6
202204,외지인,447569,12432723,3.6
202204,현지인,19832,682496,2.9
202205,내국인,517916,14617926,3.5
202205,외지인,495785,13855294,3.6
202205,현지인,22130,762631,2.9
202206,내국인,472837,13415225,3.5
202206,외지인,454306,12753513,3.6
202206,현지인,18531,661712,2.8
202207,내국인,495606,14210833,3.5
202207,외지인,477806,13541602,3.5
202207,현지인,17799,669231,2.7
202208,내국인,470466,13757264,3.4
202208,외지인,454042,13148460,3.5
202208,현지인,16424,608804,2.7
202209,내국인,482045,13410239,3.6
202209,외지인,463602,12759338,3.6
202209,현지인,18443,650901,2.8
202210,내국인,549551,15060790,3.6
202210,외지인,526523,14278921,3.7
202210,현지인,23029,781869,2.9
202211,내국인,515767,13479693,3.8
202211,외지인,494474,12781549,3.9
202211,현지인,21292,698144,3
202212,내국인,550247,13986060,3.9
202212,외지인,527172,13215952,4
202212,현지인,23075,770109,3
202301,내국인,507722,12756877,4
202301,외지인,489372,12146535,4
202301,현지인,18350,610343,3
202302,내국인,453313,11885258,3.8
202302,외지인,436408,11308187,3.9
202302,현지인,16904,577071,2.9
202303,내국인,491243,13288186,3.7
202303,외지인,472055,12619231,3.7
202303,현지인,19188,668955,2.9
202304,내국인,491018,13318080,3.7
202304,외지인,471822,12651825,3.7
202304,현지인,19196,666255,2.9
202305,내국인,514196,13962679,3.7
202305,외지인,493786,13243138,3.7
202305,현지인,20410,719541,2.8
202306,내국인,481238,13146240,3.7
202306,외지인,463673,12499009,3.7
202306,현지인,17566,647231,2.7
202307,내국인,494852,13573137,3.6
202307,외지인,477651,12928238,3.7
202307,현지인,17201,644899,2.7
202308,내국인,479764,13798548,3.5
202308,외지인,463822,13223230,3.5
202308,현지인,15942,575318,2.8
202309,내국인,517161,14152584,3.7
202309,외지인,499429,13527898,3.7
202309,현지인,17732,624685,2.8
202310,내국인,527712,14166234,3.7
202310,외지인,506372,13450918,3.8
202310,현지인,21341,715316,3
202311,내국인,495542,13075184,3.8
202311,외지인,475179,12379529,3.8
202311,현지인,20364,695656,2.9
202312,내국인,555245,14058122,3.9
202312,외지인,533198,13307292,4
202312,현지인,22047,750830,2.9
202401,내국인,500525,12429333,4
202401,외지인,483569,11841275,4.1
202401,현지인,16955,588058,2.9
202402,내국인,476859,12345689,3.9
202402,외지인,458928,11760560,3.9
202402,현지인,17931,585128,3.1
202403,내국인,524024,13931845,3.8
202403,외지인,505077,13258210,3.8
202403,현지인,18947,673635,2.8
202404,내국인,502632,13436936,3.7
202404,외지인,482802,12768473,3.8
202404,현지인,19830,668463,3
202405,내국인,540441,14499827,3.7
202405,외지인,520554,13803031,3.8
202405,현지인,19886,696796,2.9
202406,내국인,511046,13789689,3.7
202406,외지인,492939,13120755,3.8
202406,현지인,18107,668934,2.7
202407,내국인,495956,13345465,3.7
202407,외지인,478926,12745272,3.8
202407,현지인,17029,600192,2.8
202408,내국인,510922,14183414,3.6
202408,외지인,494240,13598760,3.6
202408,현지인,16682,584654,2.9
202409,내국인,514665,13583123,3.8
202409,외지인,496310,12973307,3.8
202409,현지인,18355,609816,3
202410,내국인,518485,14016355,3.7
202410,외지인,498248,13331018,3.7
202410,현지인,20237,685336,3
202411,내국인,513161,13439074,3.8
202411,외지인,493726,12752362,3.9
202411,현지인,19435,686712,2.8
202412,내국인,559341,13891110,4
202412,외지인,537985,13147329,4.1
202412,현지인,21356,743781,2.9
202501,내국인,536375,12871106,4.2
202501,외지인,518198,12265511,4.2
202501,현지인,18177,605595,3
202502,내국인,458163,11298041,4.1
202502,외지인,441948,10767263,4.1
202502,현지인,16214,530778,3.1
202503,내국인,516993,13264221,3.9
202503,외지인,498386,12637792,3.9
202503,현지인,18606,626429,3
202504,내국인,475919,12623726,3.8
202504,외지인,459721,12048958,3.8
202504,현지인,16198,574769,2.8
202505,내국인,546243,14325977,3.8
202505,외지인,527423,13643478,3.9
202505,현지인,18820,682499,2.8
202506,내국인,483927,12789165,3.8
202506,외지인,465767,12161463,3.8
202506,현지인,18161,627702,2.9
202507,내국인,490748,13472292,3.6
202507,외지인,474238,12871693,3.7
202507,현지인,16511,600599,2.7
202508,내국인,496710,13923160,3.6
202508,외지인,480067,13343439,3.6
202508,현지인,16643,579721,2.9
202509,내국인,474602,12833508,3.7
202509,외지인,457398,12242182,3.7
202509,현지인,17204,591325,2.9
202510,내국인,539258,14622080,3.7
202510,외지인,519622,13922320,3.7
202510,현지인,19636,699760,2.8
202511,내국인,532276,14197551,3.7
202511,외지인,510364,13465571,3.8
202511,현지인,21912,731979,3
202512,내국인,594341,14479222,4.1
202512,외지인,570800,13715472,4.2
202512,현지인,23541,763750,3.1
202601,내국인,544547,13586924,4
202601,외지인,525585,12926603,4.1
202601,현지인,18961,660320,2.9
202602,내국인,517710,12993736,4
202602,외지인,498911,12349469,4
202602,현지인,18799,644267,2.9
202603,내국인,515810,14123510,3.7
202603,외지인,497966,13466426,3.7
202603,현지인,17844,657084,2.7
202604,내국인,502676,13963253,3.6
202604,외지인,485057,13319306,3.6
202604,현지인,17619,643947,2.7
202605,내국인,583750,15550537,3.8
202605,외지인,563643,14802995,3.8
202605,현지인,20107,747542,2.7
202606,내국인,503768,13789649,3.7
202606,외지인,486281,13157113,3.7
202606,현지인,17487,632535,2.8
202607,내국인,512242,14201286,3.6
202607,외지인,496031,13615764,3.6
202607,현지인,16211,585521,2.8
202608,내국인,516870,14711594,3.5
202608,외지인,500604,14133664,3.5
202608,현지인,16266,577930,2.8
