month,level,code,name,tou_div,visitors,days
2024-01,광역,27,대구광역시,외국인(c),118060,31
2024-01,광역,27,대구광역시,외지인(b),8261712,31
2024-01,광역,27,대구광역시,현지인(a),34910796,31
2024-01,기초,26350,해운대구,외국인(c),126553,31
2024-01,기초,26350,해운대구,외지인(b),5493033,31
2024-01,기초,26350,해운대구,현지인(a),7337827,31
2024-01,기초,27110,중구,외국인(c),22943,31
2024-01,기초,27110,중구,외지인(b),5371373,31
2024-01,기초,27110,중구,현지인(a),2263838,31
2024-01,기초,27140,동구,외국인(c),42596,31
2024-01,기초,27140,동구,외지인(b),4944866,31
2024-01,기초,27140,동구,현지인(a),5551945,31
2024-01,기초,27170,서구,외국인(c),8051,31
2024-01,기초,27170,서구,외지인(b),1712417,31
2024-01,기초,27170,서구,현지인(a),1785088,31
2024-01,기초,27200,남구,외국인(c),7595,31
2024-01,기초,27200,남구,외지인(b),2197604,31
2024-01,기초,27200,남구,현지인(a),2016388,31
2024-01,기초,27230,북구,외국인(c),23136,31
2024-01,기초,27230,북구,외지인(b),3954853,31
2024-01,기초,27230,북구,현지인(a),7529851,31
2024-01,기초,27260,수성구,외국인(c),17224,31
2024-01,기초,27260,수성구,외지인(b),3913038,31
2024-01,기초,27260,수성구,현지인(a),6890048,31
2024-01,기초,27290,달서구,외국인(c),28877,31
2024-01,기초,27290,달서구,외지인(b),4374461,31
2024-01,기초,27290,달서구,현지인(a),9141517,31
2024-01,기초,27710,달성군,외국인(c),19437,31
2024-01,기초,27710,달성군,외지인(b),2306199,31
2024-01,기초,27710,달성군,현지인(a),3034132,31
2024-01,기초,27720,군위군,외국인(c),2558,31
2024-01,기초,27720,군위군,외지인(b),496906,31
2024-01,기초,27720,군위군,현지인(a),310940,31
2024-02,광역,27,대구광역시,외국인(c),124580,29
2024-02,광역,27,대구광역시,외지인(b),9364201,29
2024-02,광역,27,대구광역시,현지인(a),32648066,29
2024-02,기초,26350,해운대구,외국인(c),163440,29
2024-02,기초,26350,해운대구,외지인(b),5430932,29
2024-02,기초,26350,해운대구,현지인(a),6727136,29
2024-02,기초,27110,중구,외국인(c),24132,29
2024-02,기초,27110,중구,외지인(b),5229161,29
2024-02,기초,27110,중구,현지인(a),2104074,29
2024-02,기초,27140,동구,외국인(c),44712,29
2024-02,기초,27140,동구,외지인(b),5239594,29
2024-02,기초,27140,동구,현지인(a),5201578,29
2024-02,기초,27170,서구,외국인(c),8258,29
2024-02,기초,27170,서구,외지인(b),1749640,29
2024-02,기초,27170,서구,현지인(a),1679335,29
2024-02,기초,27200,남구,외국인(c),8769,29
2024-02,기초,27200,남구,외지인(b),2188106,29
2024-02,기초,27200,남구,현지인(a),1883242,29
2024-02,기초,27230,북구,외국인(c),23149,29
2024-02,기초,27230,북구,외지인(b),4220996,29
2024-02,기초,27230,북구,현지인(a),6910908,29
2024-02,기초,27260,수성구,외국인(c),18858,29
2024-02,기초,27260,수성구,외지인(b),4035507,29
2024-02,기초,27260,수성구,현지인(a),6392162,29
2024-02,기초,27290,달서구,외국인(c),29703,29
2024-02,기초,27290,달서구,외지인(b),4583772,29
2024-02,기초,27290,달서구,현지인(a),8508672,29
2024-02,기초,27710,달성군,외국인(c),20992,29
2024-02,기초,27710,달성군,외지인(b),2425360,29
2024-02,기초,27710,달성군,현지인(a),2895158,29
2024-02,기초,27720,군위군,외국인(c),3501,29
2024-02,기초,27720,군위군,외지인(b),646450,29
2024-02,기초,27720,군위군,현지인(a),289170,29
2024-03,광역,27,대구광역시,외국인(c),164731,31
2024-03,광역,27,대구광역시,외지인(b),9740986,31
2024-03,광역,27,대구광역시,현지인(a),36436396,31
2024-03,기초,26350,해운대구,외국인(c),228220,31
2024-03,기초,26350,해운대구,외지인(b),5483394,31
2024-03,기초,26350,해운대구,현지인(a),7332269,31
2024-03,기초,27110,중구,외국인(c),35954,31
2024-03,기초,27110,중구,외지인(b),5818204,31
2024-03,기초,27110,중구,현지인(a),2387332,31
2024-03,기초,27140,동구,외국인(c),60905,31
2024-03,기초,27140,동구,외지인(b),5489820,31
2024-03,기초,27140,동구,현지인(a),5777656,31
2024-03,기초,27170,서구,외국인(c),9129,31
2024-03,기초,27170,서구,외지인(b),1862189,31
2024-03,기초,27170,서구,현지인(a),1882510,31
2024-03,기초,27200,남구,외국인(c),12016,31
2024-03,기초,27200,남구,외지인(b),2502462,31
2024-03,기초,27200,남구,현지인(a),2112212,31
2024-03,기초,27230,북구,외국인(c),35313,31
2024-03,기초,27230,북구,외지인(b),4803606,31
2024-03,기초,27230,북구,현지인(a),7682468,31
2024-03,기초,27260,수성구,외국인(c),26191,31
2024-03,기초,27260,수성구,외지인(b),4417497,31
2024-03,기초,27260,수성구,현지인(a),7102872,31
2024-03,기초,27290,달서구,외국인(c),39898,31
2024-03,기초,27290,달서구,외지인(b),5163718,31
2024-03,기초,27290,달서구,현지인(a),9497544,31
2024-03,기초,27710,달성군,외국인(c),25601,31
2024-03,기초,27710,달성군,외지인(b),2723448,31
2024-03,기초,27710,달성군,현지인(a),3224182,31
2024-03,기초,27720,군위군,외국인(c),4052,31
2024-03,기초,27720,군위군,외지인(b),634473,31
2024-03,기초,27720,군위군,현지인(a),325647,31
2024-04,광역,27,대구광역시,외국인(c),166075,30
2024-04,광역,27,대구광역시,외지인(b),8089812,30
2024-04,광역,27,대구광역시,현지인(a),34611598,30
2024-04,기초,26350,해운대구,외국인(c),296971,30
2024-04,기초,26350,해운대구,외지인(b),4970469,30
2024-04,기초,26350,해운대구,현지인(a),7103478,30
2024-04,기초,27110,중구,외국인(c),37173,30
2024-04,기초,27110,중구,외지인(b),5142235,30
2024-04,기초,27110,중구,현지인(a),2241326,30
2024-04,기초,27140,동구,외국인(c),60446,30
2024-04,기초,27140,동구,외지인(b),4959717,30
2024-04,기초,27140,동구,현지인(a),5540930,30
2024-04,기초,27170,서구,외국인(c),10551,30
2024-04,기초,27170,서구,외지인(b),1620535,30
2024-04,기초,27170,서구,현지인(a),1786956,30
2024-04,기초,27200,남구,외국인(c),11225,30
2024-04,기초,27200,남구,외지인(b),2174232,30
2024-04,기초,27200,남구,현지인(a),1976320,30
2024-04,기초,27230,북구,외국인(c),33331,30
2024-04,기초,27230,북구,외지인(b),3922394,30
2024-04,기초,27230,북구,현지인(a),7299596,30
2024-04,기초,27260,수성구,외국인(c),28641,30
2024-04,기초,27260,수성구,외지인(b),3959442,30
2024-04,기초,27260,수성구,현지인(a),6796223,30
2024-04,기초,27290,달서구,외국인(c),38244,30
2024-04,기초,27290,달서구,외지인(b),4413020,30
2024-04,기초,27290,달서구,현지인(a),8996292,30
2024-04,기초,27710,달성군,외국인(c),27643,30
2024-04,기초,27710,달성군,외지인(b),2564174,30
2024-04,기초,27710,달성군,현지인(a),3215342,30
2024-04,기초,27720,군위군,외국인(c),5585,30
2024-04,기초,27720,군위군,외지인(b),656593,30
2024-04,기초,27720,군위군,현지인(a),329228,30
2024-05,광역,27,대구광역시,외국인(c),168834,31
2024-05,광역,27,대구광역시,외지인(b),8712046,31
2024-05,광역,27,대구광역시,현지인(a),35849076,31
2024-05,기초,26350,해운대구,외국인(c),272057,31
2024-05,기초,26350,해운대구,외지인(b),5801642,31
2024-05,기초,26350,해운대구,현지인(a),7427217,31
2024-05,기초,27110,중구,외국인(c),39198,31
2024-05,기초,27110,중구,외지인(b),5752817,31
2024-05,기초,27110,중구,현지인(a),2401186,31
2024-05,기초,27140,동구,외국인(c),57668,31
2024-05,기초,27140,동구,외지인(b),5416432,31
2024-05,기초,27140,동구,현지인(a),5728090,31
2024-05,기초,27170,서구,외국인(c),11883,31
2024-05,기초,27170,서구,외지인(b),1758736,31
2024-05,기초,27170,서구,현지인(a),1864324,31
2024-05,기초,27200,남구,외국인(c),11257,31
2024-05,기초,27200,남구,외지인(b),2253860,31
2024-05,기초,27200,남구,현지인(a),2087379,31
2024-05,기초,27230,북구,외국인(c),40256,31
2024-05,기초,27230,북구,외지인(b),4340042,31
2024-05,기초,27230,북구,현지인(a),7616511,31
2024-05,기초,27260,수성구,외국인(c),27974,31
2024-05,기초,27260,수성구,외지인(b),4292256,31
2024-05,기초,27260,수성구,현지인(a),7015796,31
2024-05,기초,27290,달서구,외국인(c),36064,31
2024-05,기초,27290,달서구,외지인(b),4640762,31
2024-05,기초,27290,달서구,현지인(a),9340450,31
2024-05,기초,27710,달성군,외국인(c),26591,31
2024-05,기초,27710,달성군,외지인(b),2660084,31
2024-05,기초,27710,달성군,현지인(a),3363854,31
2024-05,기초,27720,군위군,외국인(c),6026,31
2024-05,기초,27720,군위군,외지인(b),753000,31
2024-05,기초,27720,군위군,현지인(a),343382,31
2024-06,광역,27,대구광역시,외국인(c),150714,30
2024-06,광역,27,대구광역시,외지인(b),8480174,30
2024-06,광역,27,대구광역시,현지인(a),35089327,30
2024-06,기초,26350,해운대구,외국인(c),260748,30
2024-06,기초,26350,해운대구,외지인(b),5650904,30
2024-06,기초,26350,해운대구,현지인(a),7207501,30
2024-06,기초,27110,중구,외국인(c),32850,30
2024-06,기초,27110,중구,외지인(b),5330252,30
2024-06,기초,27110,중구,현지인(a),2310014,30
2024-06,기초,27140,동구,외국인(c),55230,30
2024-06,기초,27140,동구,외지인(b),5067482,30
2024-06,기초,27140,동구,현지인(a),5535680,30
2024-06,기초,27170,서구,외국인(c),11114,30
2024-06,기초,27170,서구,외지인(b),1722224,30
2024-06,기초,27170,서구,현지인(a),1830346,30
2024-06,기초,27200,남구,외국인(c),10573,30
2024-06,기초,27200,남구,외지인(b),2139536,30
2024-06,기초,27200,남구,현지인(a),1973559,30
2024-06,기초,27230,북구,외국인(c),25048,30
2024-06,기초,27230,북구,외지인(b),4184310,30
2024-06,기초,27230,북구,현지인(a),7477204,30
2024-06,기초,27260,수성구,외국인(c),25454,30
2024-06,기초,27260,수성구,외지인(b),4126692,30
2024-06,기초,27260,수성구,현지인(a),6969704,30
2024-06,기초,27290,달서구,외국인(c),34185,30
2024-06,기초,27290,달서구,외지인(b),4442998,30
2024-06,기초,27290,달서구,현지인(a),9178834,30
2024-06,기초,27710,달성군,외국인(c),25345,30
2024-06,기초,27710,달성군,외지인(b),2482879,30
2024-06,기초,27710,달성군,현지인(a),3291939,30
2024-06,기초,27720,군위군,외국인(c),5739,30
2024-06,기초,27720,군위군,외지인(b),698782,30
2024-06,기초,27720,군위군,현지인(a),327985,30
2024-07,광역,27,대구광역시,외국인(c),165796,31
2024-07,광역,27,대구광역시,외지인(b),8595570,31
2024-07,광역,27,대구광역시,현지인(a),35656159,31
2024-07,기초,26350,해운대구,외국인(c),271871,31
2024-07,기초,26350,해운대구,외지인(b),6023087,31
2024-07,기초,26350,해운대구,현지인(a),7400141,31
2024-07,기초,27110,중구,외국인(c),35643,31
2024-07,기초,27110,중구,외지인(b),5574608,31
2024-07,기초,27110,중구,현지인(a),2417506,31
2024-07,기초,27140,동구,외국인(c),62374,31
2024-07,기초,27140,동구,외지인(b),5111760,31
2024-07,기초,27140,동구,현지인(a),5705962,31
2024-07,기초,27170,서구,외국인(c),10748,31
2024-07,기초,27170,서구,외지인(b),1790047,31
2024-07,기초,27170,서구,현지인(a),1885541,31
2024-07,기초,27200,남구,외국인(c),11058,31
2024-07,기초,27200,남구,외지인(b),2180160,31
2024-07,기초,27200,남구,현지인(a),1999910,31
2024-07,기초,27230,북구,외국인(c),26158,31
2024-07,기초,27230,북구,외지인(b),4199594,31
2024-07,기초,27230,북구,현지인(a),7523768,31
2024-07,기초,27260,수성구,외국인(c),29644,31
2024-07,기초,27260,수성구,외지인(b),4238020,31
2024-07,기초,27260,수성구,현지인(a),7046778,31
2024-07,기초,27290,달서구,외국인(c),39908,31
2024-07,기초,27290,달서구,외지인(b),4586236,31
2024-07,기초,27290,달서구,현지인(a),9279386,31
2024-07,기초,27710,달성군,외국인(c),25718,31
2024-07,기초,27710,달성군,외지인(b),2521452,31
2024-07,기초,27710,달성군,현지인(a),3319208,31
2024-07,기초,27720,군위군,외국인(c),5245,31
2024-07,기초,27720,군위군,외지인(b),656484,31
2024-07,기초,27720,군위군,현지인(a),333512,31
2024-08,광역,27,대구광역시,외국인(c),175484,31
2024-08,광역,27,대구광역시,외지인(b),8520806,31
2024-08,광역,27,대구광역시,현지인(a),34083760,31
2024-08,기초,26350,해운대구,외국인(c),293357,31
2024-08,기초,26350,해운대구,외지인(b),6469078,31
2024-08,기초,26350,해운대구,현지인(a),7221414,31
2024-08,기초,27110,중구,외국인(c),40494,31
2024-08,기초,27110,중구,외지인(b),5238748,31
2024-08,기초,27110,중구,현지인(a),2304740,31
2024-08,기초,27140,동구,외국인(c),65598,31
2024-08,기초,27140,동구,외지인(b),5143730,31
2024-08,기초,27140,동구,현지인(a),5495248,31
2024-08,기초,27170,서구,외국인(c),10910,31
2024-08,기초,27170,서구,외지인(b),1675100,31
2024-08,기초,27170,서구,현지인(a),1787471,31
2024-08,기초,27200,남구,외국인(c),11771,31
2024-08,기초,27200,남구,외지인(b),2060513,31
2024-08,기초,27200,남구,현지인(a),1886552,31
2024-08,기초,27230,북구,외국인(c),36073,31
2024-08,기초,27230,북구,외지인(b),4064074,31
2024-08,기초,27230,북구,현지인(a),7160258,31
2024-08,기초,27260,수성구,외국인(c),28961,31
2024-08,기초,27260,수성구,외지인(b),4095777,31
2024-08,기초,27260,수성구,현지인(a),6809498,31
2024-08,기초,27290,달서구,외국인(c),39708,31
2024-08,기초,27290,달서구,외지인(b),4291231,31
2024-08,기초,27290,달서구,현지인(a),8832604,31
2024-08,기초,27710,달성군,외국인(c),27480,31
2024-08,기초,27710,달성군,외지인(b),2457959,31
2024-08,기초,27710,달성군,현지인(a),3142524,31
2024-08,기초,27720,군위군,외국인(c),5577,31
2024-08,기초,27720,군위군,외지인(b),770704,31
2024-08,기초,27720,군위군,현지인(a),317698,31
2024-09,광역,27,대구광역시,외국인(c),168701,30
2024-09,광역,27,대구광역시,외지인(b),9843592,30
2024-09,광역,27,대구광역시,현지인(a),34101210,30
2024-09,기초,26350,해운대구,외국인(c),272576,30
2024-09,기초,26350,해운대구,외지인(b),5775126,30
2024-09,기초,26350,해운대구,현지인(a),7114594,30
2024-09,기초,27110,중구,외국인(c),33649,30
2024-09,기초,27110,중구,외지인(b),5420796,30
2024-09,기초,27110,중구,현지인(a),2335515,30
2024-09,기초,27140,동구,외국인(c),54329,30
2024-09,기초,27140,동구,외지인(b),5537126,30
2024-09,기초,27140,동구,현지인(a),5497762,30
2024-09,기초,27170,서구,외국인(c),11566,30
2024-09,기초,27170,서구,외지인(b),1912152,30
2024-09,기초,27170,서구,현지인(a),1793379,30
2024-09,기초,27200,남구,외국인(c),11650,30
2024-09,기초,27200,남구,외지인(b),2332096,30
2024-09,기초,27200,남구,현지인(a),1908974,30
2024-09,기초,27230,북구,외국인(c),31899,30
2024-09,기초,27230,북구,외지인(b),4752430,30
2024-09,기초,27230,북구,현지인(a),7211155,30
2024-09,기초,27260,수성구,외국인(c),26479,30
2024-09,기초,27260,수성구,외지인(b),4450050,30
2024-09,기초,27260,수성구,현지인(a),6773918,30
2024-09,기초,27290,달서구,외국인(c),41922,30
2024-09,기초,27290,달서구,외지인(b),5026672,30
2024-09,기초,27290,달서구,현지인(a),8878086,30
2024-09,기초,27710,달성군,외국인(c),29047,30
2024-09,기초,27710,달성군,외지인(b),2638240,30
2024-09,기초,27710,달성군,현지인(a),3130662,30
2024-09,기초,27720,군위군,외국인(c),5396,30
2024-09,기초,27720,군위군,외지인(b),854805,30
2024-09,기초,27720,군위군,현지인(a),326690,30
2024-10,광역,27,대구광역시,외국인(c),188108,31
2024-10,광역,27,대구광역시,외지인(b),8474102,31
2024-10,광역,27,대구광역시,현지인(a),35997826,31
2024-10,기초,26350,해운대구,외국인(c),372731,31
2024-10,기초,26350,해운대구,외지인(b),5685292,31
2024-10,기초,26350,해운대구,현지인(a),7382858,31
2024-10,기초,27110,중구,외국인(c),41366,31
2024-10,기초,27110,중구,외지인(b),5554392,31
2024-10,기초,27110,중구,현지인(a),2433616,31
2024-10,기초,27140,동구,외국인(c),63491,31
2024-10,기초,27140,동구,외지인(b),5261232,31
2024-10,기초,27140,동구,현지인(a),5718814,31
2024-10,기초,27170,서구,외국인(c),11473,31
2024-10,기초,27170,서구,외지인(b),1754980,31
2024-10,기초,27170,서구,현지인(a),1886500,31
2024-10,기초,27200,남구,외국인(c),12349,31
2024-10,기초,27200,남구,외지인(b),2241946,31
2024-10,기초,27200,남구,현지인(a),2016368,31
2024-10,기초,27230,북구,외국인(c),35624,31
2024-10,기초,27230,북구,외지인(b),4385006,31
2024-10,기초,27230,북구,현지인(a),7597079,31
2024-10,기초,27260,수성구,외국인(c),32457,31
2024-10,기초,27260,수성구,외지인(b),4183347,31
2024-10,기초,27260,수성구,현지인(a),7230769,31
2024-10,기초,27290,달서구,외국인(c),44024,31
2024-10,기초,27290,달서구,외지인(b),4537260,31
2024-10,기초,27290,달서구,현지인(a),9280624,31
2024-10,기초,27710,달성군,외국인(c),31223,31
2024-10,기초,27710,달성군,외지인(b),2560716,31
2024-10,기초,27710,달성군,현지인(a),3474051,31
2024-10,기초,27720,군위군,외국인(c),6935,31
2024-10,기초,27720,군위군,외지인(b),751527,31
2024-10,기초,27720,군위군,현지인(a),348467,31
2024-11,광역,27,대구광역시,외국인(c),186804,30
2024-11,광역,27,대구광역시,외지인(b),8394152,30
2024-11,광역,27,대구광역시,현지인(a),35617253,30
2024-11,기초,26350,해운대구,외국인(c),273051,30
2024-11,기초,26350,해운대구,외지인(b),5624714,30
2024-11,기초,26350,해운대구,현지인(a),7277742,30
2024-11,기초,27110,중구,외국인(c),34321,30
2024-11,기초,27110,중구,외지인(b),5450718,30
2024-11,기초,27110,중구,현지인(a),2390801,30
2024-11,기초,27140,동구,외국인(c),56580,30
2024-11,기초,27140,동구,외지인(b),5337437,30
2024-11,기초,27140,동구,현지인(a),5616072,30
2024-11,기초,27170,서구,외국인(c),12735,30
2024-11,기초,27170,서구,외지인(b),1708952,30
2024-11,기초,27170,서구,현지인(a),1854636,30
2024-11,기초,27200,남구,외국인(c),13810,30
2024-11,기초,27200,남구,외지인(b),2150130,30
2024-11,기초,27200,남구,현지인(a),1971518,30
2024-11,기초,27230,북구,외국인(c),34648,30
2024-11,기초,27230,북구,외지인(b),4265572,30
2024-11,기초,27230,북구,현지인(a),7584682,30
2024-11,기초,27260,수성구,외국인(c),30756,30
2024-11,기초,27260,수성구,외지인(b),4040988,30
2024-11,기초,27260,수성구,현지인(a),7168438,30
2024-11,기초,27290,달서구,외국인(c),47369,30
2024-11,기초,27290,달서구,외지인(b),4501637,30
2024-11,기초,27290,달서구,현지인(a),9136855,30
2024-11,기초,27710,달성군,외국인(c),29070,30
2024-11,기초,27710,달성군,외지인(b),2407542,30
2024-11,기초,27710,달성군,현지인(a),3503787,30
2024-11,기초,27720,군위군,외국인(c),6392,30
2024-11,기초,27720,군위군,외지인(b),688628,30
2024-11,기초,27720,군위군,현지인(a),328587,30
2024-12,광역,27,대구광역시,외국인(c),138202,31
2024-12,광역,27,대구광역시,외지인(b),8875338,31
2024-12,광역,27,대구광역시,현지인(a),36465562,31
2024-12,기초,26350,해운대구,외국인(c),228251,31
2024-12,기초,26350,해운대구,외지인(b),5872240,31
2024-12,기초,26350,해운대구,현지인(a),7588637,31
2024-12,기초,27110,중구,외국인(c),26071,31
2024-12,기초,27110,중구,외지인(b),5866973,31
2024-12,기초,27110,중구,현지인(a),2477674,31
2024-12,기초,27140,동구,외국인(c),44595,31
2024-12,기초,27140,동구,외지인(b),5423442,31
2024-12,기초,27140,동구,현지인(a),5755540,31
2024-12,기초,27170,서구,외국인(c),10324,31
2024-12,기초,27170,서구,외지인(b),1795829,31
2024-12,기초,27170,서구,현지인(a),1901932,31
2024-12,기초,27200,남구,외국인(c),10444,31
2024-12,기초,27200,남구,외지인(b),2259898,31
2024-12,기초,27200,남구,현지인(a),2010396,31
2024-12,기초,27230,북구,외국인(c),24298,31
2024-12,기초,27230,북구,외지인(b),4394478,31
2024-12,기초,27230,북구,현지인(a),7738496,31
2024-12,기초,27260,수성구,외국인(c),22041,31
2024-12,기초,27260,수성구,외지인(b),4293264,31
2024-12,기초,27260,수성구,현지인(a),7350805,31
2024-12,기초,27290,달서구,외국인(c),31848,31
2024-12,기초,27290,달서구,외지인(b),4590320,31
2024-12,기초,27290,달서구,현지인(a),9312128,31
2024-12,기초,27710,달성군,외국인(c),21230,31
2024-12,기초,27710,달성군,외지인(b),2325096,31
2024-12,기초,27710,달성군,현지인(a),3555388,31
2024-12,기초,27720,군위군,외국인(c),4421,31
2024-12,기초,27720,군위군,외지인(b),530296,31
2024-12,기초,27720,군위군,현지인(a),323148,31
2025-01,광역,27,대구광역시,외국인(c),120952,31
2025-01,광역,27,대구광역시,외지인(b),9796276,31
2025-01,광역,27,대구광역시,현지인(a),34923581,31
2025-01,기초,26350,해운대구,외국인(c),176341,31
2025-01,기초,26350,해운대구,외지인(b),5993704,31
2025-01,기초,26350,해운대구,현지인(a),7193613,31
2025-01,기초,27110,중구,외국인(c),20239,31
2025-01,기초,27110,중구,외지인(b),5609072,31
2025-01,기초,27110,중구,현지인(a),2368762,31
2025-01,기초,27140,동구,외국인(c),38506,31
2025-01,기초,27140,동구,외지인(b),5523164,31
2025-01,기초,27140,동구,현지인(a),5518891,31
2025-01,기초,27170,서구,외국인(c),10052,31
2025-01,기초,27170,서구,외지인(b),1902719,31
2025-01,기초,27170,서구,현지인(a),1827770,31
2025-01,기초,27200,남구,외국인(c),8203,31
2025-01,기초,27200,남구,외지인(b),2274139,31
2025-01,기초,27200,남구,현지인(a),1909156,31
2025-01,기초,27230,북구,외국인(c),21714,31
2025-01,기초,27230,북구,외지인(b),4418320,31
2025-01,기초,27230,북구,현지인(a),7368848,31
2025-01,기초,27260,수성구,외국인(c),19065,31
2025-01,기초,27260,수성구,외지인(b),4343619,31
2025-01,기초,27260,수성구,현지인(a),7114282,31
2025-01,기초,27290,달서구,외국인(c),29885,31
2025-01,기초,27290,달서구,외지인(b),4822836,31
2025-01,기초,27290,달서구,현지인(a),8882888,31
2025-01,기초,27710,달성군,외국인(c),20840,31
2025-01,기초,27710,달성군,외지인(b),2557096,31
2025-01,기초,27710,달성군,현지인(a),3412577,31
2025-01,기초,27720,군위군,외국인(c),3323,31
2025-01,기초,27720,군위군,외지인(b),634330,31
2025-01,기초,27720,군위군,현지인(a),304423,31
2025-02,광역,27,대구광역시,외국인(c),111056,28
2025-02,광역,27,대구광역시,외지인(b),7710644,28
2025-02,광역,27,대구광역시,현지인(a),32616696,28
2025-02,기초,26350,해운대구,외국인(c),155604,28
2025-02,기초,26350,해운대구,외지인(b),5217009,28
2025-02,기초,26350,해운대구,현지인(a),6697726,28
2025-02,기초,27110,중구,외국인(c),18232,28
2025-02,기초,27110,중구,외지인(b),5115019,28
2025-02,기초,27110,중구,현지인(a),2266436,28
2025-02,기초,27140,동구,외국인(c),37310,28
2025-02,기초,27140,동구,외지인(b),4798143,28
2025-02,기초,27140,동구,현지인(a),5156862,28
2025-02,기초,27170,서구,외국인(c),8955,28
2025-02,기초,27170,서구,외지인(b),1615565,28
2025-02,기초,27170,서구,현지인(a),1702386,28
2025-02,기초,27200,남구,외국인(c),7215,28
2025-02,기초,27200,남구,외지인(b),1978312,28
2025-02,기초,27200,남구,현지인(a),1796746,28
2025-02,기초,27230,북구,외국인(c),19413,28
2025-02,기초,27230,북구,외지인(b),3861123,28
2025-02,기초,27230,북구,현지인(a),6812032,28
2025-02,기초,27260,수성구,외국인(c),16898,28
2025-02,기초,27260,수성구,외지인(b),3751682,28
2025-02,기초,27260,수성구,현지인(a),6565034,28
2025-02,기초,27290,달서구,외국인(c),26257,28
2025-02,기초,27290,달서구,외지인(b),4054967,28
2025-02,기초,27290,달서구,현지인(a),8256524,28
2025-02,기초,27710,달성군,외국인(c),19116,28
2025-02,기초,27710,달성군,외지인(b),2156371,28
2025-02,기초,27710,달성군,현지인(a),3291788,28
2025-02,기초,27720,군위군,외국인(c),2626,28
2025-02,기초,27720,군위군,외지인(b),455875,28
2025-02,기초,27720,군위군,현지인(a),301662,28
2025-03,광역,27,대구광역시,외국인(c),165480,31
2025-03,광역,27,대구광역시,외지인(b),9649934,31
2025-03,광역,27,대구광역시,현지인(a),35849888,31
2025-03,기초,26350,해운대구,외국인(c),287671,31
2025-03,기초,26350,해운대구,외지인(b),5662184,31
2025-03,기초,26350,해운대구,현지인(a),7282432,31
2025-03,기초,27110,중구,외국인(c),33057,31
2025-03,기초,27110,중구,외지인(b),5833100,31
2025-03,기초,27110,중구,현지인(a),2467640,31
2025-03,기초,27140,동구,외국인(c),53838,31
2025-03,기초,27140,동구,외지인(b),5508510,31
2025-03,기초,27140,동구,현지인(a),5698984,31
2025-03,기초,27170,서구,외국인(c),11754,31
2025-03,기초,27170,서구,외지인(b),1901476,31
2025-03,기초,27170,서구,현지인(a),1808040,31
2025-03,기초,27200,남구,외국인(c),12418,31
2025-03,기초,27200,남구,외지인(b),2430645,31
2025-03,기초,27200,남구,현지인(a),1967588,31
2025-03,기초,27230,북구,외국인(c),34080,31
2025-03,기초,27230,북구,외지인(b),4811975,31
2025-03,기초,27230,북구,현지인(a),7479574,31
2025-03,기초,27260,수성구,외국인(c),26472,31
2025-03,기초,27260,수성구,외지인(b),4513996,31
2025-03,기초,27260,수성구,현지인(a),7211404,31
2025-03,기초,27290,달서구,외국인(c),38819,31
2025-03,기초,27290,달서구,외지인(b),5052544,31
2025-03,기초,27290,달서구,현지인(a),9095366,31
2025-03,기초,27710,달성군,외국인(c),26758,31
2025-03,기초,27710,달성군,외지인(b),2645195,31
2025-03,기초,27710,달성군,현지인(a),3544902,31
2025-03,기초,27720,군위군,외국인(c),4756,31
2025-03,기초,27720,군위군,외지인(b),606844,31
2025-03,기초,27720,군위군,현지인(a),315872,31
2025-04,광역,27,대구광역시,외국인(c),190951,30
2025-04,광역,27,대구광역시,외지인(b),7956084,30
2025-04,광역,27,대구광역시,현지인(a),35529560,30
2025-04,기초,26350,해운대구,외국인(c),401046,30
2025-04,기초,26350,해운대구,외지인(b),5141202,30
2025-04,기초,26350,해운대구,현지인(a),7190550,30
2025-04,기초,27110,중구,외국인(c),37758,30
2025-04,기초,27110,중구,외지인(b),5253846,30
2025-04,기초,27110,중구,현지인(a),2464245,30
2025-04,기초,27140,동구,외국인(c),63159,30
2025-04,기초,27140,동구,외지인(b),5116874,30
2025-04,기초,27140,동구,현지인(a),5679992,30
2025-04,기초,27170,서구,외국인(c),11665,30
2025-04,기초,27170,서구,외지인(b),1706954,30
2025-04,기초,27170,서구,현지인(a),1824620,30
2025-04,기초,27200,남구,외국인(c),13228,30
2025-04,기초,27200,남구,외지인(b),2104319,30
2025-04,기초,27200,남구,현지인(a),1964890,30
2025-04,기초,27230,북구,외국인(c),36605,30
2025-04,기초,27230,북구,외지인(b),4006506,30
2025-04,기초,27230,북구,현지인(a),7408978,30
2025-04,기초,27260,수성구,외국인(c),31541,30
2025-04,기초,27260,수성구,외지인(b),4080251,30
2025-04,기초,27260,수성구,현지인(a),7122402,30
2025-04,기초,27290,달서구,외국인(c),45231,30
2025-04,기초,27290,달서구,외지인(b),4337347,30
2025-04,기초,27290,달서구,현지인(a),8989628,30
2025-04,기초,27710,달성군,외국인(c),33224,30
2025-04,기초,27710,달성군,외지인(b),2508870,30
2025-04,기초,27710,달성군,현지인(a),3699423,30
2025-04,기초,27720,군위군,외국인(c),6850,30
2025-04,기초,27720,군위군,외지인(b),602651,30
2025-04,기초,27720,군위군,현지인(a),333802,30
2025-05,광역,27,대구광역시,외국인(c),197946,31
2025-05,광역,27,대구광역시,외지인(b),10831156,31
2025-05,광역,27,대구광역시,현지인(a),37316976,31
2025-05,기초,26350,해운대구,외국인(c),395151,31
2025-05,기초,26350,해운대구,외지인(b),6387266,31
2025-05,기초,26350,해운대구,현지인(a),7442946,31
2025-05,기초,27110,중구,외국인(c),41922,31
2025-05,기초,27110,중구,외지인(b),6171746,31
2025-05,기초,27110,중구,현지인(a),2601778,31
2025-05,기초,27140,동구,외국인(c),61181,31
2025-05,기초,27140,동구,외지인(b),6007964,31
2025-05,기초,27140,동구,현지인(a),5921146,31
2025-05,기초,27170,서구,외국인(c),12670,31
2025-05,기초,27170,서구,외지인(b),2031802,31
2025-05,기초,27170,서구,현지인(a),1880298,31
2025-05,기초,27200,남구,외국인(c),14835,31
2025-05,기초,27200,남구,외지인(b),2439164,31
2025-05,기초,27200,남구,현지인(a),2103924,31
2025-05,기초,27230,북구,외국인(c),39978,31
2025-05,기초,27230,북구,외지인(b),4808814,31
2025-05,기초,27230,북구,현지인(a),7816221,31
2025-05,기초,27260,수성구,외국인(c),31163,31
2025-05,기초,27260,수성구,외지인(b),4808790,31
2025-05,기초,27260,수성구,현지인(a),7484404,31
2025-05,기초,27290,달서구,외국인(c),46347,31
2025-05,기초,27290,달서구,외지인(b),5231264,31
2025-05,기초,27290,달서구,현지인(a),9434306,31
2025-05,기초,27710,달성군,외국인(c),33320,31
2025-05,기초,27710,달성군,외지인(b),2907866,31
2025-05,기초,27710,달성군,현지인(a),3871864,31
2025-05,기초,27720,군위군,외국인(c),7623,31
2025-05,기초,27720,군위군,외지인(b),779737,31
2025-05,기초,27720,군위군,현지인(a),356394,31
2025-07,광역,27,대구광역시,외국인(c),245848,31
2025-07,광역,27,대구광역시,외지인(b),9441796,31
2025-07,광역,27,대구광역시,현지인(a),38058454,31
2025-07,기초,26350,해운대구,외국인(c),473911,31
2025-07,기초,26350,해운대구,외지인(b),6604462,31
2025-07,기초,26350,해운대구,현지인(a),7756906,31
2025-07,기초,27110,중구,외국인(c),40897,31
2025-07,기초,27110,중구,외지인(b),5810500,31
2025-07,기초,27110,중구,현지인(a),2649108,31
2025-07,기초,27140,동구,외국인(c),92585,31
2025-07,기초,27140,동구,외지인(b),5610199,31
2025-07,기초,27140,동구,현지인(a),6071132,31
2025-07,기초,27170,서구,외국인(c),14664,31
2025-07,기초,27170,서구,외지인(b),1962412,31
2025-07,기초,27170,서구,현지인(a),1959524,31
2025-07,기초,27200,남구,외국인(c),18643,31
2025-07,기초,27200,남구,외지인(b),2275458,31
2025-07,기초,27200,남구,현지인(a),2124948,31
2025-07,기초,27230,북구,외국인(c),34067,31
2025-07,기초,27230,북구,외지인(b),4528800,31
2025-07,기초,27230,북구,현지인(a),7865988,31
2025-07,기초,27260,수성구,외국인(c),35600,31
2025-07,기초,27260,수성구,외지인(b),4510776,31
2025-07,기초,27260,수성구,현지인(a),7648452,31
2025-07,기초,27290,달서구,외국인(c),58567,31
2025-07,기초,27290,달서구,외지인(b),4802892,31
2025-07,기초,27290,달서구,현지인(a),9533013,31
2025-07,기초,27710,달성군,외국인(c),36054,31
2025-07,기초,27710,달성군,외지인(b),2685952,31
2025-07,기초,27710,달성군,현지인(a),3941833,31
2025-07,기초,27720,군위군,외국인(c),7739,31
2025-07,기초,27720,군위군,외지인(b),666540,31
2025-07,기초,27720,군위군,현지인(a),359051,31
2025-08,광역,27,대구광역시,외국인(c),216590,31
2025-08,광역,27,대구광역시,외지인(b),9678942,31
2025-08,광역,27,대구광역시,현지인(a),37223148,31
2025-08,기초,26350,해운대구,외국인(c),417808,31
2025-08,기초,26350,해운대구,외지인(b),6999748,31
2025-08,기초,26350,해운대구,현지인(a),7662816,31
2025-08,기초,27110,중구,외국인(c),42206,31
2025-08,기초,27110,중구,외지인(b),5846250,31
2025-08,기초,27110,중구,현지인(a),2563152,31
2025-08,기초,27140,동구,외국인(c),80044,31
2025-08,기초,27140,동구,외지인(b),5717470,31
2025-08,기초,27140,동구,현지인(a),5893198,31
2025-08,기초,27170,서구,외국인(c),13829,31
2025-08,기초,27170,서구,외지인(b),1907920,31
2025-08,기초,27170,서구,현지인(a),1919914,31
2025-08,기초,27200,남구,외국인(c),18083,31
2025-08,기초,27200,남구,외지인(b),2272382,31
2025-08,기초,27200,남구,현지인(a),2072528,31
2025-08,기초,27230,북구,외국인(c),38828,31
2025-08,기초,27230,북구,외지인(b),4566894,31
2025-08,기초,27230,북구,현지인(a),7673302,31
2025-08,기초,27260,수성구,외국인(c),33154,31
2025-08,기초,27260,수성구,외지인(b),4613021,31
2025-08,기초,27260,수성구,현지인(a),7561687,31
2025-08,기초,27290,달서구,외국인(c),47925,31
2025-08,기초,27290,달서구,외지인(b),4684533,31
2025-08,기초,27290,달서구,현지인(a),9361790,31
2025-08,기초,27710,달성군,외국인(c),32263,31
2025-08,기초,27710,달성군,외지인(b),2729699,31
2025-08,기초,27710,달성군,현지인(a),3807534,31
2025-08,기초,27720,군위군,외국인(c),6668,31
2025-08,기초,27720,군위군,외지인(b),748419,31
2025-08,기초,27720,군위군,현지인(a),348624,31
2025-09,광역,27,대구광역시,외국인(c),199376,30
2025-09,광역,27,대구광역시,외지인(b),9062876,30
2025-09,광역,27,대구광역시,현지인(a),37349204,30
2025-09,기초,26350,해운대구,외국인(c),405187,30
2025-09,기초,26350,해운대구,외지인(b),5872790,30
2025-09,기초,26350,해운대구,현지인(a),7679112,30
2025-09,기초,27110,중구,외국인(c),37192,30
2025-09,기초,27110,중구,외지인(b),5690136,30
2025-09,기초,27110,중구,현지인(a),2665068,30
2025-09,기초,27140,동구,외국인(c),60130,30
2025-09,기초,27140,동구,외지인(b),5343174,30
2025-09,기초,27140,동구,현지인(a),5921738,30
2025-09,기초,27170,서구,외국인(c),12523,30
2025-09,기초,27170,서구,외지인(b),1924002,30
2025-09,기초,27170,서구,현지인(a),1915064,30
2025-09,기초,27200,남구,외국인(c),16576,30
2025-09,기초,27200,남구,외지인(b),2338952,30
2025-09,기초,27200,남구,현지인(a),2083050,30
2025-09,기초,27230,북구,외국인(c),41103,30
2025-09,기초,27230,북구,외지인(b),4860132,30
2025-09,기초,27230,북구,현지인(a),7787745,30
2025-09,기초,27260,수성구,외국인(c),31365,30
2025-09,기초,27260,수성구,외지인(b),4410119,30
2025-09,기초,27260,수성구,현지인(a),7552622,30
2025-09,기초,27290,달서구,외국인(c),51764,30
2025-09,기초,27290,달서구,외지인(b),4817281,30
2025-09,기초,27290,달서구,현지인(a),9461081,30
2025-09,기초,27710,달성군,외국인(c),28575,30
2025-09,기초,27710,달성군,외지인(b),2491044,30
2025-09,기초,27710,달성군,현지인(a),3819907,30
2025-09,기초,27720,군위군,외국인(c),5211,30
2025-09,기초,27720,군위군,외지인(b),650086,30
2025-09,기초,27720,군위군,현지인(a),358225,30
2025-10,광역,27,대구광역시,외국인(c),221794,31
2025-10,광역,27,대구광역시,외지인(b),11060637,31
2025-10,광역,27,대구광역시,현지인(a),37168859,31
2025-10,기초,26350,해운대구,외국인(c),456322,31
2025-10,기초,26350,해운대구,외지인(b),6571520,31
2025-10,기초,26350,해운대구,현지인(a),7659792,31
2025-10,기초,27110,중구,외국인(c),44975,31
2025-10,기초,27110,중구,외지인(b),6090326,31
2025-10,기초,27110,중구,현지인(a),2590084,31
2025-10,기초,27140,동구,외국인(c),67506,31
2025-10,기초,27140,동구,외지인(b),6214540,31
2025-10,기초,27140,동구,현지인(a),5921272,31
2025-10,기초,27170,서구,외국인(c),15222,31
2025-10,기초,27170,서구,외지인(b),2108088,31
2025-10,기초,27170,서구,현지인(a),1925872,31
2025-10,기초,27200,남구,외국인(c),18098,31
2025-10,기초,27200,남구,외지인(b),2411944,31
2025-10,기초,27200,남구,현지인(a),2060639,31
2025-10,기초,27230,북구,외국인(c),43811,31
2025-10,기초,27230,북구,외지인(b),4983940,31
2025-10,기초,27230,북구,현지인(a),7722113,31
2025-10,기초,27260,수성구,외국인(c),36317,31
2025-10,기초,27260,수성구,외지인(b),4784605,31
2025-10,기초,27260,수성구,현지인(a),7509744,31
2025-10,기초,27290,달서구,외국인(c),57534,31
2025-10,기초,27290,달서구,외지인(b),5215189,31
2025-10,기초,27290,달서구,현지인(a),9406586,31
2025-10,기초,27710,달성군,외국인(c),34369,31
2025-10,기초,27710,달성군,외지인(b),2963412,31
2025-10,기초,27710,달성군,현지인(a),3763042,31
2025-10,기초,27720,군위군,외국인(c),7216,31
2025-10,기초,27720,군위군,외지인(b),946722,31
2025-10,기초,27720,군위군,현지인(a),351589,31
2025-11,광역,27,대구광역시,외국인(c),195336,30
2025-11,광역,27,대구광역시,외지인(b),8954046,30
2025-11,광역,27,대구광역시,현지인(a),37762624,30
2025-11,기초,26350,해운대구,외국인(c),412736,30
2025-11,기초,26350,해운대구,외지인(b),6100136,30
2025-11,기초,26350,해운대구,현지인(a),7624354,30
2025-11,기초,27110,중구,외국인(c),40141,30
2025-11,기초,27110,중구,외지인(b),5880098,30
2025-11,기초,27110,중구,현지인(a),2651712,30
2025-11,기초,27140,동구,외국인(c),57076,30
2025-11,기초,27140,동구,외지인(b),5790712,30
2025-11,기초,27140,동구,현지인(a),5940060,30
2025-11,기초,27170,서구,외국인(c),10945,30
2025-11,기초,27170,서구,외지인(b),1877596,30
2025-11,기초,27170,서구,현지인(a),1952160,30
2025-11,기초,27200,남구,외국인(c),14734,30
2025-11,기초,27200,남구,외지인(b),2302167,30
2025-11,기초,27200,남구,현지인(a),2123604,30
2025-11,기초,27230,북구,외국인(c),39779,30
2025-11,기초,27230,북구,외지인(b),4614309,30
2025-11,기초,27230,북구,현지인(a),7962766,30
2025-11,기초,27260,수성구,외국인(c),34324,30
2025-11,기초,27260,수성구,외지인(b),4292288,30
2025-11,기초,27260,수성구,현지인(a),7545076,30
2025-11,기초,27290,달서구,외국인(c),50960,30
2025-11,기초,27290,달서구,외지인(b),4730940,30
2025-11,기초,27290,달서구,현지인(a),9579066,30
2025-11,기초,27710,달성군,외국인(c),33388,30
2025-11,기초,27710,달성군,외지인(b),2576290,30
2025-11,기초,27710,달성군,현지인(a),3944202,30
2025-11,기초,27720,군위군,외국인(c),5537,30
2025-11,기초,27720,군위군,외지인(b),697680,30
2025-11,기초,27720,군위군,현지인(a),361221,30
2025-12,광역,27,대구광역시,외국인(c),156868,31
2025-12,광역,27,대구광역시,외지인(b),9380970,31
2025-12,광역,27,대구광역시,현지인(a),38364988,31
2025-12,기초,26350,해운대구,외국인(c),327044,31
2025-12,기초,26350,해운대구,외지인(b),6432948,31
2025-12,기초,26350,해운대구,현지인(a),7742077,31
2025-12,기초,27110,중구,외국인(c),27420,31
2025-12,기초,27110,중구,외지인(b),6171669,31
2025-12,기초,27110,중구,현지인(a),2660784,31
2025-12,기초,27140,동구,외국인(c),42560,31
2025-12,기초,27140,동구,외지인(b),5716557,31
2025-12,기초,27140,동구,현지인(a),6025128,31
2025-12,기초,27170,서구,외국인(c),9653,31
2025-12,기초,27170,서구,외지인(b),1977969,31
2025-12,기초,27170,서구,현지인(a),1965100,31
2025-12,기초,27200,남구,외국인(c),13039,31
2025-12,기초,27200,남구,외지인(b),2338718,31
2025-12,기초,27200,남구,현지인(a),2119320,31
2025-12,기초,27230,북구,외국인(c),25607,31
2025-12,기초,27230,북구,외지인(b),4691544,31
2025-12,기초,27230,북구,현지인(a),8053244,31
2025-12,기초,27260,수성구,외국인(c),24690,31
2025-12,기초,27260,수성구,외지인(b),4515000,31
2025-12,기초,27260,수성구,현지인(a),7695096,31
2025-12,기초,27290,달서구,외국인(c),41115,31
2025-12,기초,27290,달서구,외지인(b),4794674,31
2025-12,기초,27290,달서구,현지인(a),9713382,31
2025-12,기초,27710,달성군,외국인(c),30840,31
2025-12,기초,27710,달성군,외지인(b),2448810,31
2025-12,기초,27710,달성군,현지인(a),3878406,31
2025-12,기초,27720,군위군,외국인(c),5061,31
2025-12,기초,27720,군위군,외지인(b),512946,31
2025-12,기초,27720,군위군,현지인(a),348467,31
2026-02,광역,27,대구광역시,외국인(c),128051,28
2026-02,광역,27,대구광역시,외지인(b),9606625,28
2026-02,광역,27,대구광역시,현지인(a),32457974,28
2026-02,기초,26350,해운대구,외국인(c),349588,28
2026-02,기초,26350,해운대구,외지인(b),5876416,28
2026-02,기초,26350,해운대구,현지인(a),6787210,28
2026-02,기초,27110,중구,외국인(c),24146,28
2026-02,기초,27110,중구,외지인(b),5529038,28
2026-02,기초,27110,중구,현지인(a),2312380,28
2026-02,기초,27140,동구,외국인(c),41546,28
2026-02,기초,27140,동구,외지인(b),5524715,28
2026-02,기초,27140,동구,현지인(a),5106504,28
2026-02,기초,27170,서구,외국인(c),9492,28
2026-02,기초,27170,서구,외지인(b),1887410,28
2026-02,기초,27170,서구,현지인(a),1682342,28
2026-02,기초,27200,남구,외국인(c),11274,28
2026-02,기초,27200,남구,외지인(b),2177276,28
2026-02,기초,27200,남구,현지인(a),1788031,28
2026-02,기초,27230,북구,외국인(c),22189,28
2026-02,기초,27230,북구,외지인(b),4422565,28
2026-02,기초,27230,북구,현지인(a),6807248,28
2026-02,기초,27260,수성구,외국인(c),20092,28
2026-02,기초,27260,수성구,외지인(b),4167870,28
2026-02,기초,27260,수성구,현지인(a),6574754,28
2026-02,기초,27290,달서구,외국인(c),30173,28
2026-02,기초,27290,달서구,외지인(b),4582862,28
2026-02,기초,27290,달서구,현지인(a),8200423,28
2026-02,기초,27710,달성군,외국인(c),23422,28
2026-02,기초,27710,달성군,외지인(b),2463556,28
2026-02,기초,27710,달성군,현지인(a),3268076,28
2026-02,기초,27720,군위군,외국인(c),3298,28
2026-02,기초,27720,군위군,외지인(b),617442,28
2026-02,기초,27720,군위군,현지인(a),300724,28
2026-03,광역,27,대구광역시,외국인(c),170979,31
2026-03,광역,27,대구광역시,외지인(b),10060274,31
2026-03,광역,27,대구광역시,현지인(a),37616446,31
2026-03,기초,26350,해운대구,외국인(c),444749,31
2026-03,기초,26350,해운대구,외지인(b),5866066,31
2026-03,기초,26350,해운대구,현지인(a),7655266,31
2026-03,기초,27110,중구,외국인(c),32214,31
2026-03,기초,27110,중구,외지인(b),6529876,31
2026-03,기초,27110,중구,현지인(a),2703354,31
2026-03,기초,27140,동구,외국인(c),53777,31
2026-03,기초,27140,동구,외지인(b),5900094,31
2026-03,기초,27140,동구,현지인(a),5902508,31
2026-03,기초,27170,서구,외국인(c),10699,31
2026-03,기초,27170,서구,외지인(b),2001604,31
2026-03,기초,27170,서구,현지인(a),1962642,31
2026-03,기초,27200,남구,외국인(c),14136,31
2026-03,기초,27200,남구,외지인(b),2651736,31
2026-03,기초,27200,남구,현지인(a),2093430,31
2026-03,기초,27230,북구,외국인(c),34414,31
2026-03,기초,27230,북구,외지인(b),5132900,31
2026-03,기초,27230,북구,현지인(a),7837669,31
2026-03,기초,27260,수성구,외국인(c),24706,31
2026-03,기초,27260,수성구,외지인(b),4608163,31
2026-03,기초,27260,수성구,현지인(a),7587562,31
2026-03,기초,27290,달서구,외국인(c),41183,31
2026-03,기초,27290,달서구,외지인(b),5184518,31
2026-03,기초,27290,달서구,현지인(a),9531774,31
2026-03,기초,27710,달성군,외국인(c),31572,31
2026-03,기초,27710,달성군,외지인(b),2797330,31
2026-03,기초,27710,달성군,현지인(a),3832286,31
2026-03,기초,27720,군위군,외국인(c),3630,31
2026-03,기초,27720,군위군,외지인(b),594430,31
2026-03,기초,27720,군위군,현지인(a),354480,31
2026-04,광역,27,대구광역시,외국인(c),207721,30
2026-04,광역,27,대구광역시,외지인(b),8256580,30
2026-04,광역,27,대구광역시,현지인(a),36191740,30
2026-04,기초,26350,해운대구,외국인(c),572598,30
2026-04,기초,26350,해운대구,외지인(b),5290296,30
2026-04,기초,26350,해운대구,현지인(a),7274116,30
2026-04,기초,27110,중구,외국인(c),38368,30
2026-04,기초,27110,중구,외지인(b),5723666,30
2026-04,기초,27110,중구,현지인(a),2545246,30
2026-04,기초,27140,동구,외국인(c),59017,30
2026-04,기초,27140,동구,외지인(b),5287174,30
2026-04,기초,27140,동구,현지인(a),5729178,30
2026-04,기초,27170,서구,외국인(c),13384,30
2026-04,기초,27170,서구,외지인(b),1761550,30
2026-04,기초,27170,서구,현지인(a),1870358,30
2026-04,기초,27200,남구,외국인(c),17184,30
2026-04,기초,27200,남구,외지인(b),2183724,30
2026-04,기초,27200,남구,현지인(a),2050545,30
2026-04,기초,27230,북구,외국인(c),39332,30
2026-04,기초,27230,북구,외지인(b),4076478,30
2026-04,기초,27230,북구,현지인(a),7467240,30
2026-04,기초,27260,수성구,외국인(c),31502,30
2026-04,기초,27260,수성구,외지인(b),4125908,30
2026-04,기초,27260,수성구,현지인(a),7309015,30
2026-04,기초,27290,달서구,외국인(c),51219,30
2026-04,기초,27290,달서구,외지인(b),4369848,30
2026-04,기초,27290,달서구,현지인(a),9179838,30
2026-04,기초,27710,달성군,외국인(c),43441,30
2026-04,기초,27710,달성군,외지인(b),2642000,30
2026-04,기초,27710,달성군,현지인(a),3753813,30
2026-04,기초,27720,군위군,외국인(c),6882,30
2026-04,기초,27720,군위군,외지인(b),601192,30
2026-04,기초,27720,군위군,현지인(a),351379,30
2026-05,광역,27,대구광역시,외국인(c),232199,31
2026-05,광역,27,대구광역시,외지인(b),9847859,31
2026-05,광역,27,대구광역시,현지인(a),38409581,31
2026-05,기초,26350,해운대구,외국인(c),637919,31
2026-05,기초,26350,해운대구,외지인(b),6515691,31
2026-05,기초,26350,해운대구,현지인(a),7760266,31
2026-05,기초,27110,중구,외국인(c),44818,31
2026-05,기초,27110,중구,외지인(b),6594620,31
2026-05,기초,27110,중구,현지인(a),2782756,31
2026-05,기초,27140,동구,외국인(c),66583,31
2026-05,기초,27140,동구,외지인(b),6139528,31
2026-05,기초,27140,동구,현지인(a),6033030,31
2026-05,기초,27170,서구,외국인(c),14788,31
2026-05,기초,27170,서구,외지인(b),2009900,31
2026-05,기초,27170,서구,현지인(a),2003078,31
2026-05,기초,27200,남구,외국인(c),18222,31
2026-05,기초,27200,남구,외지인(b),2473212,31
2026-05,기초,27200,남구,현지인(a),2255256,31
2026-05,기초,27230,북구,외국인(c),42844,31
2026-05,기초,27230,북구,외지인(b),4617764,31
2026-05,기초,27230,북구,현지인(a),7984616,31
2026-05,기초,27260,수성구,외국인(c),38251,31
2026-05,기초,27260,수성구,외지인(b),4714910,31
2026-05,기초,27260,수성구,현지인(a),7727730,31
2026-05,기초,27290,달서구,외국인(c),55337,31
2026-05,기초,27290,달서구,외지인(b),4962996,31
2026-05,기초,27290,달서구,현지인(a),9755095,31
2026-05,기초,27710,달성군,외국인(c),47606,31
2026-05,기초,27710,달성군,외지인(b),2845188,31
2026-05,기초,27710,달성군,현지인(a),4000742,31
2026-05,기초,27720,군위군,외국인(c),8606,31
2026-05,기초,27720,군위군,외지인(b),758684,31
2026-05,기초,27720,군위군,현지인(a),372704,31
2026-06,광역,27,대구광역시,외국인(c),213740,30
2026-06,광역,27,대구광역시,외지인(b),8289225,30
2026-06,광역,27,대구광역시,현지인(a),38423396,30
2026-06,기초,26350,해운대구,외국인(c),726217,30
2026-06,기초,26350,해운대구,외지인(b),5552572,30
2026-06,기초,26350,해운대구,현지인(a),7604034,30
2026-06,기초,27110,중구,외국인(c),41318,30
2026-06,기초,27110,중구,외지인(b),5773534,30
2026-06,기초,27110,중구,현지인(a),2753068,30
2026-06,기초,27140,동구,외국인(c),66630,30
2026-06,기초,27140,동구,외지인(b),5221654,30
2026-06,기초,27140,동구,현지인(a),6035498,30
2026-06,기초,27170,서구,외국인(c),14515,30
2026-06,기초,27170,서구,외지인(b),1836496,30
2026-06,기초,27170,서구,현지인(a),2029016,30
2026-06,기초,27200,남구,외국인(c),18361,30
2026-06,기초,27200,남구,외지인(b),2226889,30
2026-06,기초,27200,남구,현지인(a),2251186,30
2026-06,기초,27230,북구,외국인(c),34840,30
2026-06,기초,27230,북구,외지인(b),4268744,30
2026-06,기초,27230,북구,현지인(a),8033340,30
2026-06,기초,27260,수성구,외국인(c),35476,30
2026-06,기초,27260,수성구,외지인(b),4211578,30
2026-06,기초,27260,수성구,현지인(a),7698548,30
2026-06,기초,27290,달서구,외국인(c),51390,30
2026-06,기초,27290,달서구,외지인(b),4372330,30
2026-06,기초,27290,달서구,현지인(a),9735092,30
2026-06,기초,27710,달성군,외국인(c),40121,30
2026-06,기초,27710,달성군,외지인(b),2440638,30
2026-06,기초,27710,달성군,현지인(a),4027849,30
2026-06,기초,27720,군위군,외국인(c),8082,30
2026-06,기초,27720,군위군,외지인(b),615528,30
2026-06,기초,27720,군위군,현지인(a),371914,30
2026-07,광역,27,대구광역시,외국인(c),208150,31
2026-07,광역,27,대구광역시,외지인(b),9150015,31
2026-07,광역,27,대구광역시,현지인(a),37800406,31
2026-07,기초,26350,해운대구,외국인(c),733817,31
2026-07,기초,26350,해운대구,외지인(b),6535872,31
2026-07,기초,26350,해운대구,현지인(a),7643478,31
2026-07,기초,27110,중구,외국인(c),38696,31
2026-07,기초,27110,중구,외지인(b),6049841,31
2026-07,기초,27110,중구,현지인(a),2723378,31
2026-07,기초,27140,동구,외국인(c),64739,31
2026-07,기초,27140,동구,외지인(b),5610780,31
2026-07,기초,27140,동구,현지인(a),5963657,31
2026-07,기초,27170,서구,외국인(c),15917,31
2026-07,기초,27170,서구,외지인(b),1899796,31
2026-07,기초,27170,서구,현지인(a),1981322,31
2026-07,기초,27200,남구,외국인(c),18232,31
2026-07,기초,27200,남구,외지인(b),2291440,31
2026-07,기초,27200,남구,현지인(a),2201448,31
2026-07,기초,27230,북구,외국인(c),34221,31
2026-07,기초,27230,북구,외지인(b),4384233,31
2026-07,기초,27230,북구,현지인(a),7796456,31
2026-07,기초,27260,수성구,외국인(c),34621,31
2026-07,기초,27260,수성구,외지인(b),4407802,31
2026-07,기초,27260,수성구,현지인(a),7601402,31
2026-07,기초,27290,달서구,외국인(c),51894,31
2026-07,기초,27290,달서구,외지인(b),4608608,31
2026-07,기초,27290,달서구,현지인(a),9556144,31
2026-07,기초,27710,달성군,외국인(c),35748,31
2026-07,기초,27710,달성군,외지인(b),2550992,31
2026-07,기초,27710,달성군,현지인(a),3832507,31
2026-07,기초,27720,군위군,외국인(c),7877,31
2026-07,기초,27720,군위군,외지인(b),621397,31
2026-07,기초,27720,군위군,현지인(a),363853,31
2026-08,광역,27,대구광역시,외국인(c),255934,31
2026-08,광역,27,대구광역시,외지인(b),9442342,31
2026-08,광역,27,대구광역시,현지인(a),37029612,31
2026-08,기초,26350,해운대구,외국인(c),799339,31
2026-08,기초,26350,해운대구,외지인(b),6987718,31
2026-08,기초,26350,해운대구,현지인(a),7543190,31
2026-08,기초,27110,중구,외국인(c),60254,31
2026-08,기초,27110,중구,외지인(b),5988000,31
2026-08,기초,27110,중구,현지인(a),2646934,31
2026-08,기초,27140,동구,외국인(c),85116,31
2026-08,기초,27140,동구,외지인(b),5710372,31
2026-08,기초,27140,동구,현지인(a),5849501,31
2026-08,기초,27170,서구,외국인(c),16408,31
2026-08,기초,27170,서구,외지인(b),1876914,31
2026-08,기초,27170,서구,현지인(a),1926554,31
2026-08,기초,27200,남구,외국인(c),22534,31
2026-08,기초,27200,남구,외지인(b),2258662,31
2026-08,기초,27200,남구,현지인(a),2147859,31
2026-08,기초,27230,북구,외국인(c),44640,31
2026-08,기초,27230,북구,외지인(b),4583572,31
2026-08,기초,27230,북구,현지인(a),7635968,31
2026-08,기초,27260,수성구,외국인(c),65129,31
2026-08,기초,27260,수성구,외지인(b),4377370,31
2026-08,기초,27260,수성구,현지인(a),7453078,31
2026-08,기초,27290,달서구,외국인(c),53119,31
2026-08,기초,27290,달서구,외지인(b),4581619,31
2026-08,기초,27290,달서구,현지인(a),9445006,31
2026-08,기초,27710,달성군,외국인(c),34517,31
2026-08,기초,27710,달성군,외지인(b),2616208,31
2026-08,기초,27710,달성군,현지인(a),3726261,31
2026-08,기초,27720,군위군,외국인(c),7774,31
2026-08,기초,27720,군위군,외지인(b),689374,31
2026-08,기초,27720,군위군,현지인(a),358554,31
2026-09,광역,27,대구광역시,외국인(c),34462,5
2026-09,광역,27,대구광역시,외지인(b),1309413,5
2026-09,광역,27,대구광역시,현지인(a),6229836,5
2026-09,기초,26350,해운대구,외국인(c),82147,5
2026-09,기초,26350,해운대구,외지인(b),910290,5
2026-09,기초,26350,해운대구,현지인(a),1277045,5
2026-09,기초,27110,중구,외국인(c),7808,5
2026-09,기초,27110,중구,외지인(b),958276,5
2026-09,기초,27110,중구,현지인(a),459162,5
2026-09,기초,27140,동구,외국인(c),12100,5
2026-09,기초,27140,동구,외지인(b),821016,5
2026-09,기초,27140,동구,현지인(a),983462,5
2026-09,기초,27170,서구,외국인(c),1853,5
2026-09,기초,27170,서구,외지인(b),302158,5
2026-09,기초,27170,서구,현지인(a),330666,5
2026-09,기초,27200,남구,외국인(c),2464,5
2026-09,기초,27200,남구,외지인(b),367420,5
2026-09,기초,27200,남구,현지인(a),365218,5
2026-09,기초,27230,북구,외국인(c),6225,5
2026-09,기초,27230,북구,외지인(b),740523,5
2026-09,기초,27230,북구,현지인(a),1297460,5
2026-09,기초,27260,수성구,외국인(c),8179,5
2026-09,기초,27260,수성구,외지인(b),698036,5
2026-09,기초,27260,수성구,현지인(a),1253850,5
2026-09,기초,27290,달서구,외국인(c),8391,5
2026-09,기초,27290,달서구,외지인(b),741013,5
2026-09,기초,27290,달서구,현지인(a),1576540,5
2026-09,기초,27710,달성군,외국인(c),4176,5
2026-09,기초,27710,달성군,외지인(b),391304,5
2026-09,기초,27710,달성군,현지인(a),644956,5
2026-09,기초,27720,군위군,외국인(c),861,5
2026-09,기초,27720,군위군,외지인(b),92750,5
2026-09,기초,27720,군위군,현지인(a),61632,5
