구분,2009년,2010년,2011년,2012년,2013년,2014년,2015년,2016년,2017년,2018년,2019년,2020년,2021년,2022년
서울,823,1007,1159,1324,1418,1415,1461,1646,974,1136,1211,920,939,1257
부산,138,189,224,269,291,291,322,342,156,177,179,115,130,181
대구,87,105,129,141,157,157,158,166,82,93,100,79,85,163
인천,48,59,75,90,93,93,97,103,53,77,86,77,81,104
광주,18,28,34,55,59,59,63,67,36,43,39,28,27,96
대전,55,71,73,85,91,91,96,99,36,44,44,25,23,29
울산,15,18,22,22,20,20,24,24,15,16,16,7,12,26
경기,164,206,223,298,315,316,327,356,158,195,198,140,151,12
강원,20,20,24,28,23,23,23,22,8,12,12,7,7,8
충북,16,19,28,34,40,40,44,55,27,31,28,17,21,25
충남,11,14,18,28,38,38,41,41,16,22,26,19,24,25
전북,16,18,18,26,30,29,31,32,19,20,20,16,15,17
전남,9,13,15,24,24,25,24,36,20,21,20,8,11,10
경북,11,15,16,22,28,28,30,31,11,12,11,9,11,15
경남,13,16,18,23,30,30,36,52,21,21,25,13,17,21
제주,9,16,15,29,33,33,36,42,32,37,35,29,31,33
세종,0,0,0,0,0,0,0,1,0,0,1,0,1,1
