산업,기업 수,집계 대상 기업 수,고용 인원,평균 고용,1~9인,10~49인,50~299인,300인 이상,전월 대비 고용,전월 대비 %,전년 동월 대비 고용,전년 동월 대비 %,신규 등록 기업,폐업·탈퇴 기업,신규취득,상실
로봇,131,65,1011,18.7,34,18,1,1,20,2.0,,,0,0,24,18
자동차·부품,989,453,16735,47.0,113,170,64,9,588,3.6,,,0,0,304,328
의료·바이오,450,159,3989,28.1,69,55,16,2,-2,-0.1,,,0,0,72,101
소프트웨어·IT,780,489,8182,17.7,264,171,24,2,140,1.7,,,0,0,262,258
섬유·패션,1730,552,6989,14.6,241,219,18,0,-58,-0.8,,,0,0,146,206
전기·전자,1380,601,13361,25.9,271,197,41,6,13,0.1,,,0,0,270,352
화학·에너지,850,314,11487,43.2,148,99,14,5,-17,-0.1,,,0,0,123,195
식품,500,190,3349,18.9,99,66,12,0,40,1.2,,,0,0,143,128
기계·금속,4362,1446,24491,20.9,644,442,77,7,-26,-0.1,,,0,0,501,601
기타 제조,1327,484,7461,16.5,271,153,29,0,7,0.1,,,0,0,158,333
기타 서비스,1589,466,6288,16.4,228,139,16,1,-37,-0.6,,,0,0,222,291
미분류,28,8,208,26.0,2,5,1,0,5,2.5,,,0,0,15,13
전체,14116,5227,103551,23.2,2384,1734,313,33,673,0.7,,,0,0,2240,2824

기준 2025-02 · 고용 인원 = 국민연금 가입자수 · 집계 대상 = 고용 값이 있는 기업 · 빈칸 = 자료 없음
