sido,area,group,n
대구,달서구,기계·금속,1336
대구,달서구,섬유·패션,488
대구,달서구,전기·전자,360
대구,달서구,기타 제조,326
대구,달서구,화학·에너지,271
대구,달서구,자동차·부품,267
대구,달서구,기타 서비스,231
대구,달서구,식품,79
대구,달서구,소프트웨어·IT,64
대구,달서구,의료·바이오,51
대구,달서구,로봇,34
대구,북구,기계·금속,1366
대구,북구,전기·전자,318
대구,북구,자동차·부품,173
대구,북구,기타 서비스,155
대구,북구,의료·바이오,147
대구,북구,기타 제조,134
대구,북구,섬유·패션,92
대구,북구,화학·에너지,76
대구,북구,식품,63
대구,북구,로봇,16
대구,북구,소프트웨어·IT,1
대구,달성군,기계·금속,764
대구,달성군,섬유·패션,319
대구,달성군,자동차·부품,282
대구,달성군,전기·전자,247
대구,달성군,화학·에너지,204
대구,달성군,기타 제조,203
대구,달성군,식품,101
대구,달성군,기타 서비스,61
대구,달성군,로봇,27
대구,달성군,의료·바이오,18
대구,달성군,소프트웨어·IT,7
대구,서구,기타 서비스,733
대구,서구,섬유·패션,509
대구,서구,기계·금속,309
대구,서구,전기·전자,108
대구,서구,기타 제조,106
대구,서구,화학·에너지,73
대구,서구,식품,62
대구,서구,자동차·부품,50
대구,서구,소프트웨어·IT,31
대구,서구,의료·바이오,23
대구,서구,로봇,7
대구,동구,전기·전자,83
대구,동구,기계·금속,71
대구,동구,의료·바이오,70
대구,동구,기타 제조,49
대구,동구,섬유·패션,46
대구,동구,식품,29
대구,동구,화학·에너지,24
대구,동구,자동차·부품,13
대구,동구,기타 서비스,13
대구,동구,소프트웨어·IT,6
대구,동구,로봇,3
대구,군위군,기계·금속,36
대구,군위군,섬유·패션,31
대구,군위군,화학·에너지,28
대구,군위군,식품,28
대구,군위군,기타 제조,17
대구,군위군,전기·전자,16
대구,군위군,자동차·부품,5
대구,군위군,의료·바이오,2
대구,군위군,기타 서비스,2
대구,중구,기타 제조,85
대구,중구,섬유·패션,32
대구,중구,전기·전자,13
대구,중구,기계·금속,13
대구,중구,식품,6
대구,중구,의료·바이오,3
대구,중구,화학·에너지,1
대구,수성구,소프트웨어·IT,39
대구,수성구,전기·전자,25
대구,수성구,기타 제조,14
대구,수성구,식품,6
대구,수성구,화학·에너지,5
대구,수성구,의료·바이오,5
대구,수성구,기계·금속,5
대구,수성구,섬유·패션,4
대구,수성구,기타 서비스,4
대구,수성구,자동차·부품,1
대구,남구,전기·전자,15
대구,남구,섬유·패션,12
대구,남구,기타 제조,6
대구,남구,의료·바이오,5
대구,남구,기계·금속,5
대구,남구,화학·에너지,4
대구,남구,식품,1
대구,남구,자동차·부품,1
