industry,section,country,item,hs_code,amount_musd,share_pct,keywords,daegu_n,gb_n,status,daegu_ex,gb_ex,page
자동차부품,희소금속(기타 희소금속),중국,하프늄(Hf),,0,97,하프늄,0,0,없음,,,27
자동차부품,희소금속(기타 희소금속),미국,베릴륨(Be),,4,94,베릴륨,0,0,없음,,,27
자동차부품,희소금속(기타 희소금속),중국,인듐(In),,87,94,인듐,0,0,없음,,,27
자동차부품,희소금속(기타 희소금속),브라질,니오븀(Nb),,240,93,니오븀,0,0,없음,,,27
자동차부품,희소금속(기타 희소금속),베트남,인(P),,73,91,인,0,0,없음,,,27
자동차부품,희소금속(기타 희소금속),중국,비소(As),,0,89,비소,0,0,없음,,,27
자동차부품,희소금속(기타 희소금속),중국,마그네슘(Mg),,212,80,마그네슘,1,0,대구만,(주)엠지택(달성군),,27
자동차부품,희소금속(기타 희소금속),캐나다,게르마늄(Ge),,26,71,게르마늄,0,0,없음,,,27
자동차부품,희소금속(기타 희소금속),미국,탈륨(Tl),,0,68,탈륨,0,0,없음,,,27
자동차부품,희소금속(기타 희소금속),중국,바나듐(V),,84,66,바나듐,0,0,없음,,,27
자동차부품,희소금속(기타 희소금속),중국,텅스텐(W),,303,63,텅스텐,3,0,대구만,아이엠씨엔드밀 유한책임회사(달성군); (주)대강야금(달서구); 신생공업(주)(달서구),,27
자동차부품,희소금속(기타 희소금속),미국,지르코늄(Zr),,100,60,지르코늄,0,0,없음,,,27
자동차부품,희소금속(기타 희소금속),일본,셀렌(Se),,1,59,셀렌,0,0,없음,,,27
자동차부품,희소금속(기타 희소금속),독일,스트론튬(Sr),,14,53,스트론튬,0,0,없음,,,27
자동차부품,희소금속(기타 희소금속),일본,창연(Bi),,2,53,창연,0,0,없음,,,27
자동차부품,희소금속(기타 희소금속),룩셈부르크,텔루르(Te),,0,51,텔루르,0,0,없음,,,27
자동차부품,희소금속(기타 희소금속),중국,리튬(Li),,1206,50,리튬,2,0,대구만,A.F.W(주)(달성군); 주식회사 유비즈(달성군),,27
자동차부품,희소금속(기타 희소금속),태국,안티몬(Sb),,97,49,안티몬,0,0,없음,,,27
자동차부품,희소금속(기타 희소금속),중국,바륨(Ba),,65,48,바륨,0,0,없음,,,27
자동차부품,희소금속(기타 희소금속),미국,카드뮴(Cd),,0,47,카드뮴,0,0,없음,,,27
자동차부품,희소금속(기타 희소금속),미국,탄탈륨(Ta),,118,45,탄탈륨,0,0,없음,,,27
자동차부품,희소금속(기타 희소금속),인도네시아,주석(Sn),,537,44,주석,1,0,대구만,한국비철(주)(달성군),,27
자동차부품,희소금속(기타 희소금속),칠레,레늄(Re),,1,42,레늄,0,0,없음,,,27
자동차부품,희소금속(기타 희소금속),중국,규소(Si),,1112,39,규소,0,0,없음,,,27
자동차부품,희소금속(기타 희소금속),미국,붕소(B),,78,39,붕소,0,0,없음,,,27
자동차부품,희소금속(기타 희소금속),인도,망간(Mn),,196,38,망간,0,0,없음,,,27
자동차부품,희소금속(기타 희소금속),칠레,몰리브덴(Mo),,1239,31,몰리브덴,0,0,없음,,,27
자동차부품,희소금속(기타 희소금속),일본,티탄(Ti),,242,30,티탄,0,0,없음,,,27
자동차부품,희소금속(기타 희소금속),인도,크롬(Cr),,766,28,크롬,3,0,대구만,대은금속(북구); 세원텍(북구); 평화금속(북구),,27
자동차부품,희소금속(기타 희소금속),민주콩고,코발트(Co),,178,26,코발트,1,0,대구만,대신합금(달서구),,27
자동차부품,희소금속(기타 희소금속),중국,갈륨(Ga),,2,26,갈륨,0,0,없음,,,27
자동차부품,희소금속(기타 희소금속),인도네시아,니켈(Ni),,1837,19,니켈,2,0,대구만,대은금속(북구); 평화금속(북구),,27
자동차부품,희소금속(희토류·백금족),독일,이리듐(Ir),,62,47,이리듐,0,0,없음,,,27
자동차부품,희소금속(희토류·백금족),남아공,팔라듐(Pd),,549,39,팔라듐,0,0,없음,,,27
자동차부품,희소금속(희토류·백금족),영국,로듐(Rh),,370,36,로듐,0,0,없음,,,27
자동차부품,희소금속(희토류·백금족),남아공,백금(Pt),,1015,27,백금,1,0,대구만,화토금속(서구),,27
자동차,특정국 의존도가 높은 자동차부품,중국,자동차용 섀시,8706.00-5000,13,100,섀시,0,0,없음,,,23
자동차,특정국 의존도가 높은 자동차부품,중국,차체,8707.90-2000,12,99,차체,6,0,대구만,대우자동차정비공장(서구); (주)기홍메가텍(달성군); 남선정밀(북구),,23
자동차,특정국 의존도가 높은 자동차부품,중국,에어컨,8415.20-0000,16,95,에어컨,20,0,대구만,(주)온코어(달성군); 유성정밀(달성군); 유신공조(달서구),,23
자동차,특정국 의존도가 높은 자동차부품,중국,휠,8708.70-0000,422,91,휠,2,0,대구만,(주)옵티모(달성군); 동흥산업(북구),,23
자동차,특정국 의존도가 높은 자동차부품,중국,창문,8708.22-0000,66,87,창문,2,0,대구만,(주)현진산업(동구); 서경안전유리(북구),,23
자동차,특정국 의존도가 높은 자동차부품,중국,기타차량의 부분품,8716.90-9000,39,85,기타차량의부분품,0,0,없음,,,23
자동차,특정국 의존도가 높은 자동차부품,중국,에어백,8708.95-1000,102,80,에어백,5,0,대구만,(주)효산(달성군); 영화공업(주)(달성군); (주)성우(달서구),,23
자동차,특정국 의존도가 높은 자동차부품,베트남,경보기(horn)와 사이렌,8512.30-0000,26,74,경보기 사이렌,4,0,대구만,청우디지털정보통신(북구); 이디에스(주)(북구); (주)융합기술(달서구),,23
자동차,특정국 의존도가 높은 자동차부품,베트남,차량용 기계류,8479.90-1030,9,74,차량용기계류,0,0,없음,,,23
자동차,특정국 의존도가 높은 자동차부품,중국,전동축,8483.10-9010,38,67,전동축,0,0,없음,,,23
자동차,특정국 의존도가 높은 자동차부품,중국,트레일러부품,8716.90-1000,7,66,트레일러부품,0,0,없음,,,23
자동차,특정국 의존도가 높은 자동차부품,중국,라디에이터,8708.91-0000,28,65,라디에이터,0,0,없음,,,23
자동차,특정국 의존도가 높은 자동차부품,미국,백미러,7009.10-0000,61,63,백미러,1,0,대구만,동일산업(북구),,23
자동차,특정국 의존도가 높은 자동차부품,중국,비구동 차축,8708.50-2000,11,62,차축,1,0,대구만,(주)삼익산업(달서구),,23
자동차,특정국 의존도가 높은 자동차부품,중국,윈드스크린와이퍼,8512.40-0000,7,58,윈드스크린와이퍼,0,0,없음,,,23
자동차,특정국 의존도가 높은 자동차부품,중국,에어백부품,8708.95-9000,202,58,에어백부품,1,0,대구만,(주)효산(달성군),,23
자동차,특정국 의존도가 높은 자동차부품,중국,구동 차축,8708.50-1000,119,57,차축,1,0,대구만,(주)삼익산업(달서구),,23
자동차,특정국 의존도가 높은 자동차부품,중국,자동차용 나선용 스프링,7320.20-1000,11,57,스프링,26,0,대구만,(주)양진금속(달성군); 대지정밀(달성군); 성진산업(북구),,23
자동차,특정국 의존도가 높은 자동차부품,독일,브레이크 부스터,8708.30-2000,15,56,부스터,0,0,없음,,,23
자동차,특정국 의존도가 높은 자동차부품,중국,조향장치,8708.94-0000,195,55,조향장치,17,0,대구만,(주)대우종합기전(달성군); 에이치제이오토모티브(달성군); 주식회사 화성(달성군),,23
자동차,특정국 의존도가 높은 자동차부품,중국,시트,9401.20-0000,17,54,시트,5,0,대구만,준앤아더(달성군); (주)화신산업(달성군); (주)구영테크(달성군),,23
자동차,특정국 의존도가 높은 자동차부품,중국,배전기와 점화코일,8511.30-9000,22,52,배전기 점화코일,0,0,없음,,,23
자동차,특정국 의존도가 높은 자동차부품,일본,시동ㆍ점화장치부품,8511.90-9000,47,52,시동 점화장치부품,0,0,없음,,,23
자동차,특정국 의존도가 높은 자동차부품,중국,와이어링 하네스,8544.30-0000,1605,51,하네스,20,0,대구만,(주)대성엠엔씨(달성군); (주)연우테크(달성군); J&K SYSTEM(달성군),,23
자동차,특정국 의존도가 높은 자동차부품,중국,에어필터,8421.31-1000,12,49,에어필터,1,0,대구만,(주)화진(달성군),,23
자동차,특정국 의존도가 높은 자동차부품,독일,승용차 기타 부품,8708.99-1030,11,48,승용차기타부품,0,0,없음,,,23
자동차,특정국 의존도가 높은 자동차부품,중국,서스펜션,8708.80-0000,109,47,서스펜션,2,0,대구만,신화산업(달서구); 에스제이테크(달서구),,23
자동차,특정국 의존도가 높은 자동차부품,독일,범퍼,8708.10-0000,67,46,범퍼,2,0,대구만,(주)삼화테크(달서구); (주)애플테크(달서구),,23
자동차,특정국 의존도가 높은 자동차부품,중국,기타 발전기,8511.50-9000,18,43,발전기,26,0,대구만,(주)대석(달성군); (주)젠테크파워(달성군); (주)한성젠텍(달성군),,23
자동차,특정국 의존도가 높은 자동차부품,중국,차량용 기타 부품,8708.99-9000,314,43,차량용기타부품,0,0,없음,,,23
자동차,특정국 의존도가 높은 자동차부품,태국,안전벨트,8708.21-0000,27,42,안전벨트,2,0,대구만,대호화학산업(달성군); 송마디엠씨(주)(달성군),,23
자동차,특정국 의존도가 높은 자동차부품,중국,차체 기타 부품,8708.29-0000,233,41,차체,6,0,대구만,대우자동차정비공장(서구); (주)기홍메가텍(달성군); 남선정밀(북구),,23
기계장비,,말레이시아,알루미늄선,7614.90-0000,29,88,알루미늄선,0,0,없음,,,47
기계장비,,독일,기타 체인,7315.12-0000,30,66,체인,0,0,없음,,,47
기계장비,,일본,다이아몬드제 휠,6804.21-0000,18,56,휠,2,0,대구만,(주)옵티모(달성군); 동흥산업(북구),,47
기계장비,,미국,와셔,7318.29-0000,33,48,와셔,3,0,대구만,다원테크(북구); 성은스틸(북구); (주)신일화스너(달성군),,47
기계장비,,미국,기타 장착구·부착구,8302.49-9000,30,46,장착구 부착구,0,0,없음,,,47
기계장비,,일본,롤러베어링(원통형),8482.50-0000,40,42,롤러베어링,1,0,대구만,대영코어텍(주)(달성군),,47
기계장비,,일본,롤러베어링(구형),8482.30-0000,26,41,롤러베어링,1,0,대구만,대영코어텍(주)(달성군),,47
기계장비,,독일,기타 스프링,7320.90-9000,13,41,스프링,26,0,대구만,(주)양진금속(달성군); 대지정밀(달성군); 성진산업(북구),,47
기계장비,특정국 의존도가 높은 공구 및 기계요소,중국,스틸타이어 코드,7312.10-1092,92,92,코드,0,0,없음,,,47
기계장비,특정국 의존도가 높은 공구 및 기계요소,중국,기타 주물제품,7325.99-9000,29,85,주물제품,0,0,없음,,,47
기계장비,특정국 의존도가 높은 공구 및 기계요소,중국,연선,7312.10-1099,30,79,연선,0,0,없음,,,47
기계장비,특정국 의존도가 높은 공구 및 기계요소,중국,밀링커터,8207.70-2000,34,78,밀링커터,0,0,없음,,,47
기계장비,특정국 의존도가 높은 공구 및 기계요소,중국,모자걸이 브래킷,8302.50-0000,36,74,브래킷,1,0,대구만,(주)대성엠엔씨(달성군),,47
기계장비,특정국 의존도가 높은 공구 및 기계요소,중국,잠금장치 부품,8301.60-0000,29,72,잠금장치,3,0,대구만,(주)태화(달성군); 대흥화학(서구); (주)에스알 2공장(북구),,47
기계장비,특정국 의존도가 높은 공구 및 기계요소,중국,기타 구리주물,7419.20-0000,33,70,구리주물,0,0,없음,,,47
기계장비,특정국 의존도가 높은 공구 및 기계요소,중국,가구용 장착구·부착구,8302.42-0000,86,69,장착구 부착구,0,0,없음,,,47
기계장비,특정국 의존도가 높은 공구 및 기계요소,중국,건물용 장착구·부착구,8302.41-1000,24,68,장착구 부착구,0,0,없음,,,47
기계장비,특정국 의존도가 높은 공구 및 기계요소,중국,자동차용 장착구·부착구,8302.30-0000,68,66,장착구 부착구,0,0,없음,,,47
기계장비,특정국 의존도가 높은 공구 및 기계요소,중국,철강선제 제품,7326.20-0000,30,65,철강선제,0,0,없음,,,47
기계장비,특정국 의존도가 높은 공구 및 기계요소,중국,경첩,8302.10-0000,53,65,경첩,9,0,대구만,성호금속공업사(북구); 주식회사 삼신(북구); (주)현대정밀(달성군),,47
기계장비,특정국 의존도가 높은 공구 및 기계요소,중국,로프·케이블,7312.10-2099,44,64,로프 케이블,21,0,대구만,(주)대우ENG(달성군); 주식회사 엠알오텍(북구); 태평연승공업사(서구),,47
기계장비,특정국 의존도가 높은 공구 및 기계요소,중국,볼·니들·롤러,8482.91-0000,71,62,볼 니들 롤러,12,0,대구만,미래테크(동구); 삼정금속공업사(북구); (주)일신켐텍(달성군),,47
기계장비,특정국 의존도가 높은 공구 및 기계요소,중국,플라이휠과 풀리,8483.50-9000,113,61,플라이휠 풀리,8,0,대구만,(주)신우이앤씨(달성군); 대창정밀(달성군); 아진정밀(달성군),,47
기계장비,특정국 의존도가 높은 공구 및 기계요소,중국,수지식 전동공구,8467.29-0000,69,57,전동공구,3,0,대구만,한국산림장비(주)(북구); 에스엠테크(북구); (주)상신정공(달서구),,47
기계장비,특정국 의존도가 높은 공구 및 기계요소,중국,베어링 부분품,8482.99-0000,48,57,베어링,24,0,대구만,광진금속(서구); 동아테크(북구); 삼익THK주식회사(달서구),,47
기계장비,특정국 의존도가 높은 공구 및 기계요소,중국,볼트,7318.15-2000,75,55,볼트,53,0,대구만,대경금속(북구); 대진파스너공업(달성군); 동신공업사(북구),,47
기계장비,특정국 의존도가 높은 공구 및 기계요소,중국,기타 철강제품,7326.90-9000,1150,54,철강제품,6,0,대구만,삼우철강(주)(북구); (주)휴스틸대구영업소(북구); 세영철강(서구),,47
기계장비,특정국 의존도가 높은 공구 및 기계요소,중국,드릴,8207.50-1090,24,53,드릴,3,0,대구만,아이엠씨엔드밀 유한책임회사(달성군); (주)에이치케이툴스(북구); 한국OSG(주)(달서구),,47
기계장비,특정국 의존도가 높은 공구 및 기계요소,중국,롤러베어링(니들),8482.40-0000,30,51,롤러베어링,1,0,대구만,대영코어텍(주)(달성군),,47
기계장비,특정국 의존도가 높은 공구 및 기계요소,중국,기어,8483.40-9010,47,50,기어,10,0,대구만,(주)렉스코(달성군); (주)동보 대구공장(북구); 대원기어(북구),,47
기계장비,특정국 의존도가 높은 공구 및 기계요소,중국,전동축·크랭크,8483.10-9090,54,47,전동축 크랭크,2,0,대구만,남양금속(주)(달성군); 한신테크(북구),,47
기계장비,특정국 의존도가 높은 공구 및 기계요소,중국,전동장치 부품,8483.90-9000,78,46,전동장치,0,0,없음,,,47
기계장비,특정국 의존도가 높은 공구 및 기계요소,중국,너트,7318.16-0000,66,44,너트,18,0,대구만,동신공업사(북구); 남경다이파스(달성군); 공단볼트(북구),,47
기계장비,특정국 의존도가 높은 공구 및 기계요소,중국,나사,7318.19-0000,32,44,나사,7,0,대구만,(주)한국베인(북구); 고광산업(주) 제2공장(북구); 디에치테크(북구),,47
기계장비,특정국 의존도가 높은 공구 및 기계요소,중국,볼베어링(내경 100mm이하),8482.10-2000,128,41,볼베어링,1,0,대구만,(주)제이씨티(달서구),,47
기계장비,특정국 의존도가 높은 공구 및 기계요소,중국,기타 탭 코크 벨브,8481.90-0000,183,41,벨브,1,0,대구만,천일펌프(북구),,47
기계장비,특정국 의존도가 높은 공작기계 및 산업로봇,일본,레이저가공기,8456.11-1000,22,77,레이저가공기,0,0,없음,,,47
기계장비,특정국 의존도가 높은 공작기계 및 산업로봇,중국,기타 레이저가공기,8456.11-9000,138,76,레이저가공기,0,0,없음,,,47
기계장비,특정국 의존도가 높은 공작기계 및 산업로봇,일본,NC기타연삭기,8460.24-9000,9,67,NC기타연삭기,0,0,없음,,,47
기계장비,특정국 의존도가 높은 공작기계 및 산업로봇,일본,NC수평선반,8458.11-0000,28,58,NC수평선반,0,0,없음,,,47
기계장비,특정국 의존도가 높은 공작기계 및 산업로봇,일본,기타 연삭기,8460.29-9000,9,58,연삭기,3,0,대구만,(주)돌방(북구); (주)S-Tech(달성군); (주)티앤지엠(달서구),,47
기계장비,특정국 의존도가 높은 공작기계 및 산업로봇,중국,기타 완성가공용 공작기계,8460.90-0000,6,46,공작기계,60,0,대구만,(주)청강정밀(달성군); 경북기계(달성군); 고도초음파(북구),,47
기계장비,특정국 의존도가 높은 공작기계 및 산업로봇,태국,NC방전가공기,8456.30-1010,8,46,NC방전가공기,0,0,없음,,,47
기계장비,특정국 의존도가 높은 공작기계 및 산업로봇,중국,기타 산업용로봇,8428.70-9000,15,43,산업용로봇,27,0,대구만,주식회사 대광로보틱스(북구); 코리아테크(달성군); 피씨오낙(주)(북구),,47
기계장비,특정국 의존도가 높은 공작기계 및 산업로봇,독일,NC기어절삭기,8461.40-1010,6,40,NC기어절삭기,0,0,없음,,,47
전기장비,"이차전지 부품·장비(HS 8516.80-0000), 자동차부품(8519.81-4111) 제외",중국,전기밥솥,8516.60-2000,64,99,전기밥솥,0,0,없음,,,51
전기장비,"이차전지 부품·장비(HS 8516.80-0000), 자동차부품(8519.81-4111) 제외",중국,기타 가정용 전열기기,8516.79-9000,122,93,전열기기,1,0,대구만,주식회사 거성에너지(서구),,51
전기장비,"이차전지 부품·장비(HS 8516.80-0000), 자동차부품(8519.81-4111) 제외",중국,팬,8414.51-9000,193,93,팬,1,0,대구만,거송(북구),,51
전기장비,"이차전지 부품·장비(HS 8516.80-0000), 자동차부품(8519.81-4111) 제외",중국,로봇청소기,8508.11-1000,331,89,로봇청소기,0,0,없음,,,51
전기장비,"이차전지 부품·장비(HS 8516.80-0000), 자동차부품(8519.81-4111) 제외",중국,전자레인지,8516.50-0000,97,89,전자레인지,0,0,없음,,,51
전기장비,"이차전지 부품·장비(HS 8516.80-0000), 자동차부품(8519.81-4111) 제외",중국,냉장고(400L~),8418.10-1030,281,88,냉장고,4,0,대구만,금강금속(달성군); 금강금속(달성군); 광명산업(북구),,51
전기장비,"이차전지 부품·장비(HS 8516.80-0000), 자동차부품(8519.81-4111) 제외",중국,벽걸이 에어컨(~11kW),8415.10-2010,206,88,에어컨,20,0,대구만,(주)온코어(달성군); 유성정밀(달성군); 유신공조(달서구),,51
전기장비,"이차전지 부품·장비(HS 8516.80-0000), 자동차부품(8519.81-4111) 제외",중국,헤어드라이어,8516.31-0000,69,87,헤어드라이어,0,0,없음,,,51
전기장비,"이차전지 부품·장비(HS 8516.80-0000), 자동차부품(8519.81-4111) 제외",중국,음식물처리기,8509.80-9000,214,86,음식물처리기,7,0,대구만,(주)대우엠피(서구); 신스틸(주) 달성지점(달성군); (주)제이앤에이치컴퍼니(달성군),,51
전기장비,"이차전지 부품·장비(HS 8516.80-0000), 자동차부품(8519.81-4111) 제외",중국,믹서기,8509.40-0000,92,85,믹서기,3,0,대구만,(주)매직타운(북구); 골드밀(수성구); 진두알루텍(달서구),,51
전기장비,"이차전지 부품·장비(HS 8516.80-0000), 자동차부품(8519.81-4111) 제외",중국,미용기기,8543.70-2020,41,81,미용기기,4,0,대구만,(주)젬텍(동구); (주)대성비엔지(달서구); 거산전자(달서구),,51
전기장비,"이차전지 부품·장비(HS 8516.80-0000), 자동차부품(8519.81-4111) 제외",중국,세탁기,8450.11-0000,41,80,세탁기,8,0,대구만,(주)우방하이테크(북구); 은성엔지니어링(북구); 화주기업.충무기계(북구),,51
전기장비,"이차전지 부품·장비(HS 8516.80-0000), 자동차부품(8519.81-4111) 제외",중국,가정용 전열기기 부품,8516.90-0000,66,74,전열기기,1,0,대구만,주식회사 거성에너지(서구),,51
전기장비,"이차전지 부품·장비(HS 8516.80-0000), 자동차부품(8519.81-4111) 제외",베트남,TV(OLED),8528.72-5000,123,73,TV,3,0,대구만,대한테크(서구); (주)삼화몰드(달서구); 대동씨엔씨(주)(달서구),,51
전기장비,"이차전지 부품·장비(HS 8516.80-0000), 자동차부품(8519.81-4111) 제외",중국,진공청소기(가정용),8508.11-9000,249,68,진공청소기,3,0,대구만,브이원 제작소(북구); 은진환경기계(서구); (주)대흥하이텍(달서구),,51
전기장비,"이차전지 부품·장비(HS 8516.80-0000), 자동차부품(8519.81-4111) 제외",중국,기타 전열식 난방기,8516.29-0000,55,67,난방기,12,0,대구만,(주)신일실업(동구); (주)태광에코(달성군); 동성정밀(북구),,51
전기장비,"이차전지 부품·장비(HS 8516.80-0000), 자동차부품(8519.81-4111) 제외",중국,스피커(복합형),8518.22-0000,82,66,스피커,13,0,대구만,(주)대한에이브이(북구); (주)장원정보통신(달성군); 대성네트웍스(주)(중구),,51
전기장비,"이차전지 부품·장비(HS 8516.80-0000), 자동차부품(8519.81-4111) 제외",베트남,카메라(TV용),8525.89-2000,323,63,카메라,35,0,대구만,(자)삼우전자통신(수성구); (주)대성엠엔씨(달성군); (주)대유정보통신(달성군),,51
전기장비,"이차전지 부품·장비(HS 8516.80-0000), 자동차부품(8519.81-4111) 제외",중국,기타 전열식 조리기구,8516.60-9000,126,61,조리기구,2,0,대구만,(주)거산케이앤씨(북구); 대흥공업사(북구),,51
전기장비,"이차전지 부품·장비(HS 8516.80-0000), 자동차부품(8519.81-4111) 제외",중국,스피커(단일형),8518.21-0000,63,61,스피커,13,0,대구만,(주)대한에이브이(북구); (주)장원정보통신(달성군); 대성네트웍스(주)(중구),,51
전기장비,"이차전지 부품·장비(HS 8516.80-0000), 자동차부품(8519.81-4111) 제외",중국,마이크(기타),8518.10-9090,46,61,마이크,9,0,대구만,주식회사 마이크로발란스(군위군); (주)태린(달성군); (주)태린(달성군),,51
전기장비,"이차전지 부품·장비(HS 8516.80-0000), 자동차부품(8519.81-4111) 제외",중국,커피포트,8516.71-0000,50,54,커피포트,1,0,대구만,남경금속(북구),,51
전기장비,"이차전지 부품·장비(HS 8516.80-0000), 자동차부품(8519.81-4111) 제외",중국,스피커(기타),8518.29-9000,110,53,스피커,13,0,대구만,(주)대한에이브이(북구); (주)장원정보통신(달성군); 대성네트웍스(주)(중구),,51
전기장비,"이차전지 부품·장비(HS 8516.80-0000), 자동차부품(8519.81-4111) 제외",말레이시아,앰프,8518.40-0000,124,52,앰프,0,0,없음,,,51
전기장비,"이차전지 부품·장비(HS 8516.80-0000), 자동차부품(8519.81-4111) 제외",중국,카메라(기타),8525.89-9000,81,51,카메라,35,0,대구만,(자)삼우전자통신(수성구); (주)대성엠엔씨(달성군); (주)대유정보통신(달성군),,51
전기장비,"이차전지 부품·장비(HS 8516.80-0000), 자동차부품(8519.81-4111) 제외",중국,냉장고(200~400L),8418.10-1020,38,49,냉장고,4,0,대구만,금강금속(달성군); 금강금속(달성군); 광명산업(북구),,51
전기장비,"이차전지 부품·장비(HS 8516.80-0000), 자동차부품(8519.81-4111) 제외",중국,카메라(디지털),8525.89-3000,123,46,카메라,35,0,대구만,(자)삼우전자통신(수성구); (주)대성엠엔씨(달성군); (주)대유정보통신(달성군),,51
전기장비,"이차전지 부품·장비(HS 8516.80-0000), 자동차부품(8519.81-4111) 제외",멕시코,TV(LCD),8528.72-2000,256,46,TV,3,0,대구만,대한테크(서구); (주)삼화몰드(달서구); 대동씨엔씨(주)(달서구),,51
전기장비,"이차전지 부품·장비(HS 8516.80-0000), 자동차부품(8519.81-4111) 제외",인도네시아,면도기,8510.10-0000,34,43,면도기,0,0,없음,,,51
전기장비,"이차전지 부품·장비(HS 8516.80-0000), 자동차부품(8519.81-4111) 제외",말레이시아,기타 전열식 미용기기,8516.32-0000,63,43,미용기기,4,0,대구만,(주)젬텍(동구); (주)대성비엔지(달서구); 거산전자(달서구),,51
전기장비,특정국 의존도가 높은 발전기 및 전동기,미국,DC발전기(375kW~),8501.34-2000,70,100,DC발전기,0,0,없음,,,51
전기장비,특정국 의존도가 높은 발전기 및 전동기,일본,DC발전기(750W~75kW),8501.32-2000,285,100,DC발전기,0,0,없음,,,51
전기장비,특정국 의존도가 높은 발전기 및 전동기,중국,풍력 발전기(750kVA~),8502.31-4000,157,98,발전기,26,0,대구만,(주)대석(달성군); (주)젠테크파워(달성군); (주)한성젠텍(달성군),,51
전기장비,특정국 의존도가 높은 발전기 및 전동기,일본,기타 발전기(750kVA~),8502.39-4000,112,96,발전기,26,0,대구만,(주)대석(달성군); (주)젠테크파워(달성군); (주)한성젠텍(달성군),,51
전기장비,특정국 의존도가 높은 발전기 및 전동기,중국,모터용 부품,8503.00-1000,336,72,모터용,2,0,대구만,(주)삼양금속(달성군); (주)코레쉬텍(달성군),,51
전기장비,특정국 의존도가 높은 발전기 및 전동기,중국,DC모터(~100W),8501.31-1010,71,69,DC모터,0,0,없음,,,51
전기장비,특정국 의존도가 높은 발전기 및 전동기,중국,DC모터(~37.5W),8501.10-1000,1157,65,DC모터,0,0,없음,,,51
전기장비,특정국 의존도가 높은 발전기 및 전동기,중국,DC모터(~750W),8501.31-1090,140,54,DC모터,0,0,없음,,,51
전기장비,특정국 의존도가 높은 발전기 및 전동기,중국,AC발전기(750kVA~),8501.64-0000,95,54,AC발전기,0,0,없음,,,51
전기장비,특정국 의존도가 높은 발전기 및 전동기,미국,AC모터(~750W),8501.51-0000,48,42,AC모터,0,0,없음,,,51
전기장비,특정국 의존도가 높은 부품 및 전기장비,중국,LED전등,9405.11-0000,146,93,LED전등,0,0,없음,,,51
전기장비,특정국 의존도가 높은 부품 및 전기장비,중국,조명기구 부품,9405.99-0000,191,93,조명기구,30,0,대구만,(주)대성이앤디(수성구); (주)동영(달성군); (주)미승(동구),,51
전기장비,특정국 의존도가 높은 부품 및 전기장비,중국,"통신용케이블(1,000V~)",8544.60-3090,51,92,통신용케이블,0,0,없음,,,51
전기장비,특정국 의존도가 높은 부품 및 전기장비,중국,표시반(LCD),8531.20-1000,122,86,표시반,0,0,없음,,,51
전기장비,특정국 의존도가 높은 부품 및 전기장비,중국,절연도료 피복전선,8544.11-1000,91,85,피복전선,0,0,없음,,,51
전기장비,특정국 의존도가 높은 부품 및 전기장비,중국,기타 조명기구(LED용),9405.42-0000,49,79,조명기구,30,0,대구만,(주)대성이앤디(수성구); (주)동영(달성군); (주)미승(동구),,51
전기장비,특정국 의존도가 높은 부품 및 전기장비,미국,웨이스트와 스크랩(연산 축전지),8549.11-0000,406,78,웨이스트 스크랩,11,0,대구만,삼일철강(달성군); 신에이메탈코리아(주)(북구); 신에이코리아 주식회사(북구),,51
전기장비,특정국 의존도가 높은 부품 및 전기장비,중국,기타 조명기구,9405.49-9000,42,67,조명기구,30,0,대구만,(주)대성이앤디(수성구); (주)동영(달성군); (주)미승(동구),,51
전기장비,특정국 의존도가 높은 부품 및 전기장비,중국,"통신용케이블(기타, ~1,000V)",8544.49-2090,99,57,통신용케이블,0,0,없음,,,51
전기장비,특정국 의존도가 높은 부품 및 전기장비,호주,교통신호기기 부분품,8530.90-0000,31,57,교통신호기기,0,0,없음,,,51
전기장비,특정국 의존도가 높은 부품 및 전기장비,중국,광섬유케이블,8544.70-0000,39,53,광섬유케이블,0,0,없음,,,51
전기장비,특정국 의존도가 높은 부품 및 전기장비,중국,영구자석(기타),8505.90-9000,26,50,영구자석,3,0,대구만,성림첨단산업(주)(달성군); (주)설텍(달서구); 대양자석공업사(달서구),,51
전기장비,특정국 의존도가 높은 부품 및 전기장비,베트남,절연용품(플라스틱),8547.20-0000,64,49,절연용품,0,0,없음,,,51
전기장비,특정국 의존도가 높은 부품 및 전기장비,베트남,LED조명,8512.20-1010,47,48,LED조명,42,0,대구만,(주)대산전기(북구); (주)동영 논공지점(달성군); (주)신에너지(달성군),,51
전기장비,특정국 의존도가 높은 부품 및 전기장비,중국,"전기절연도체(커넥터부착형, ~1,000V)",8544.42-2090,307,44,전기절연도체,0,0,없음,,,51
전기장비,특정국 의존도가 높은 부품 및 전기장비,호주,기타 전기부품,8548.00-9000,24,41,전기부품,4,0,대구만,(주)대석(달성군); (주)신광전기(서구); 하이텍스코(북구),,51
전기장비,특정국 의존도가 높은 부품 및 전기장비,중국,동축케이블,8544.20-0000,68,40,동축케이블,0,0,없음,,,51
전기장비,특정국 의존도가 높은 부품 및 전기장비,일본,기타 시각신호용 기기,8531.80-9000,29,40,시각신호용,0,0,없음,,,51
전기장비,특정국 의존도가 높은 전기장치,중국,파워서플라이,8504.40-9011,81,96,파워서플라이,0,0,없음,,,51
전기장비,특정국 의존도가 높은 전기장치,중국,어댑터(기타),8504.40-5090,54,90,어댑터,1,0,대구만,나스카(달성군),,51
전기장비,특정국 의존도가 높은 전기장치,일본,"수치제어반(~1,000V)",8537.10-5010,120,88,수치제어반,0,0,없음,,,51
전기장비,특정국 의존도가 높은 전기장치,중국,충전기(기타),8504.40-3090,208,86,충전기,15,0,대구만,대영채비(주)(수성구); 주식회사  제이티에스엠(달성군); 대영채비(주)(달성군),,51
전기장비,특정국 의존도가 높은 전기장치,중국,자동 차단기 부품,8538.90-2000,105,79,차단기,8,0,대구만,새로이(북구); 주식회사 대창이엔씨(서구); (주)이지씨엔이(달성군),,51
전기장비,특정국 의존도가 높은 전기장치,중국,변압기(~100VA),8504.31-9010,73,79,변압기,4,0,대구만,(주)비봉(달성군); (주)신한(북구); (주)젠테크파워(달성군),,51
전기장비,특정국 의존도가 높은 전기장치,일본,충전기(IT기기용),8504.40-3010,137,69,충전기,15,0,대구만,대영채비(주)(수성구); 주식회사  제이티에스엠(달성군); 대영채비(주)(달성군),,51
전기장비,특정국 의존도가 높은 전기장치,중국,변압기 정지형 변환기 부품,8504.90-9000,195,58,변환기,0,0,없음,,,51
전기장비,특정국 의존도가 높은 전기장치,중국,"배전용 기기(~1,000V)",8537.10-4000,42,52,배전용,2,0,대구만,동우티에스(주)(달성군); 조이에프에이(달서구),,51
전기장비,특정국 의존도가 높은 전기장치,베트남,인버터(기타),8504.40-2099,154,48,인버터,9,0,대구만,현대모비스(주)(달성군); (주)에스티이코리아(서구); 진영토르크(서구),,51
전기장비(이차전지),특정국 의존도가 높은 부품 및 제조장비,독일,압연기,8455.21-0000,14,94,압연기,0,0,없음,,,52
전기장비(이차전지),특정국 의존도가 높은 부품 및 제조장비,중국,ESS용 랙,9403.20-9000,166,82,랙,1,0,대구만,(주)유일랙시스(달성군),,52
전기장비(이차전지),특정국 의존도가 높은 부품 및 제조장비,독일,폴 프레스기,8455.22-0000,23,79,프레스기,1,0,대구만,효진기계(북구),,52
전기장비(이차전지),특정국 의존도가 높은 부품 및 제조장비,중국,"양극판, 음극판, 배터리 부품 등",8507.90-9000,226,77,양극판 음극판 배터리,19,0,대구만,(주)에이치엠지 대구공장(동구); 에이치제이오토모티브(달성군); (주)구영테크(달성군),,52
전기장비(이차전지),특정국 의존도가 높은 부품 및 제조장비,중국,레이저 낫칭기,8456.11-9000,138,76,낫칭기,0,0,없음,,,52
전기장비(이차전지),특정국 의존도가 높은 부품 및 제조장비,중국,터널식 전기로,8514.19-9000,30,67,전기로,3,0,대구만,서모테크(북구); (주)삼연기술(달성군); (주)에스티아이(달성군),,52
전기장비(이차전지),특정국 의존도가 높은 부품 및 제조장비,중국,연신기 클립,8477.90-0000,76,63,클립,2,0,대구만,(주)스파이더케이(달서구); (주)티씨엠에스(달서구),,52
전기장비(이차전지),특정국 의존도가 높은 부품 및 제조장비,중국,레이저 용접기(각형),8515.80-3000,16,55,용접기,3,0,대구만,삼성금속(달서구); 에이스산업기계(달서구); 한도산업(달서구),,52
전기장비(이차전지),특정국 의존도가 높은 부품 및 제조장비,일본,항온항습기,8419.89-9070,11,55,항온항습기,4,0,대구만,제이엠테크(달성군); 덕산코트랜(동구); 비전텍(북구),,52
전기장비(이차전지),특정국 의존도가 높은 부품 및 제조장비,중국,벨트형 컨베이어,8428.33-2000,14,53,컨베이어,26,0,대구만,(주)콤파스(달성군); 수앤테크(군위군); (주)오성기공(달성군),,52
전기장비(이차전지),특정국 의존도가 높은 부품 및 제조장비,중국,유해가스 연소용 노,8417.80-9000,8,53,노,1,0,대구만,현준엔지니어링(달성군),,52
전기장비(이차전지),특정국 의존도가 높은 부품 및 제조장비,중국,흡착기,8421.39-9019,7,50,흡착기,0,0,없음,,,52
전기장비(이차전지),특정국 의존도가 높은 부품 및 제조장비,일본,코팅용 기계,8479.89-9050,16,47,기계,93,0,대구만,(주)삼성에너텍(서구); (주)에이엠씨글로벌(달성군); (주)제이앤에스이엔지(달성군),,52
전기장비(이차전지),특정국 의존도가 높은 부품 및 제조장비,중국,활성화 장비용 지그,8543.90-9000,116,46,지그,15,0,대구만,신영정밀(달서구); 영성테크(북구); 요한정밀(북구),,52
전기장비(이차전지),특정국 의존도가 높은 부품 및 제조장비,중국,써미스터,8533.21-2000,17,46,써미스터,0,0,없음,,,52
전기장비(이차전지),특정국 의존도가 높은 부품 및 제조장비,중국,레이저 프린터,8443.32-1030,18,45,프린터,11,0,대구만,에스에이치엔(SHN)(북구); (주)일신켐텍(달성군); 오성피앤씨(주)(달성군),,52
전기장비(이차전지),특정국 의존도가 높은 부품 및 제조장비,독일,격리막 제조용 기계,8477.80-0000,40,42,기계,93,0,대구만,(주)삼성에너텍(서구); (주)에이엠씨글로벌(달성군); (주)제이앤에스이엔지(달성군),,52
전기장비(이차전지),특정국 의존도가 높은 부품 및 제조장비,독일,패키징 설비(프레스 압출기),8479.89-9010,4,40,설비,19,0,대구만,대건정밀(북구); (주)아이디에이치(달성군); 덕일산업(달성군),,52
전기장비(이차전지),특정국 의존도가 높은 부품 및 제조장비,중국,열수축설비,9031.49-9000,237,38,열수축설비,0,0,없음,,,52
전기장비(이차전지),특정국 의존도가 높은 부품 및 제조장비,중국,데이터관리시스템,8471.50-1000,423,37,데이터관리시스템,0,0,없음,,,52
전기장비(이차전지),특정국 의존도가 높은 부품 및 제조장비,말레이시아,측정기기(DC/IR 등),9030.32-0000,4,35,측정기기,4,0,대구만,주식회사 한의(동구); 삼안전자(달서구); 세이미츠 코리아(달서구),,52
전기장비(이차전지),특정국 의존도가 높은 부품 및 제조장비,중국,기타 장비(탈철기 등),8479.89-9099,248,33,기타장비,0,0,없음,,,52
전기장비(이차전지),특정국 의존도가 높은 부품 및 제조장비,중국,혼합기,8479.82-1000,20,32,혼합기,3,0,대구만,코리아메디 주식회사(북구); 성창엔지니어링(북구); KD플랜트(달서구),,52
전기장비(이차전지),특정국 의존도가 높은 부품 및 제조장비,중국,"측정기기(IR/OCV, 멀티미터)",9030.31-0000,7,32,측정기기,4,0,대구만,주식회사 한의(동구); 삼안전자(달서구); 세이미츠 코리아(달서구),,52
전기장비(이차전지),특정국 의존도가 높은 부품 및 제조장비,중국,교반기,8479.82-4000,8,32,교반기,7,0,대구만,경주기계(북구); 헤모바(Hemova)(달서구); 이엠텍(군위군),,52
전기장비(이차전지),특정국 의존도가 높은 부품 및 제조장비,중국,정지형 변환기,8504.40-1090,62,31,변환기,0,0,없음,,,52
전기장비(이차전지),특정국 의존도가 높은 부품 및 제조장비,일본,퓨즈,8536.10-9000,40,30,퓨즈,1,0,대구만,선호산업(달서구),,52
전기장비(이차전지),특정국 의존도가 높은 부품 및 제조장비,일본,유압시스템,8412.29-0000,26,30,유압시스템,1,0,대구만,한빛테크(서구),,52
전기장비(이차전지),특정국 의존도가 높은 부품 및 제조장비,중국,기타 장비(셀 이송용 기계 등),8428.90-9000,67,28,기타장비,0,0,없음,,,52
전기장비(이차전지),특정국 의존도가 높은 부품 및 제조장비,베트남,전열저항체,8516.80-0000,78,28,전열저항체,0,0,없음,,,52
전기장비(이차전지),특정국 의존도가 높은 부품 및 제조장비,중국,전지활성화장비,8543.70-9090,348,27,전지활성화장비,0,0,없음,,,52
전기장비(이차전지),특정국 의존도가 높은 부품 및 제조장비,중국,유기용제 흡착용 필터,8421.99-9099,98,26,필터,13,0,대구만,(주)청하건설산업(동구); 주식회사 성환산업(북구); (주)모간세라믹공장(달성군),,52
전기장비(이차전지),특정국 의존도가 높은 부품 및 제조장비,중국,배터리관리시스템(BMS),8537.10-5090,386,25,배터리관리시스템,1,0,대구만,(주)비엠에스테크(동구),,52
전기장비(이차전지),특정국 의존도가 높은 부품 및 제조장비,미국,전극저항 계측시스템용 테이블,9030.90-9000,36,25,테이블,3,0,대구만,미강산업(달성군); 썬아이앤디(북구); 유니텍(주)(북구),,52
전기장비(이차전지),특정국 의존도가 높은 부품 및 제조장비,미국,버스바,8544.49-9090,18,24,버스바,2,0,대구만,(주)두웰이엔지(달서구); 광남공업(주)제2공장(달서구),,52
전기장비(이차전지),특정국 의존도가 높은 부품 및 제조장비,미국,냉각기,8419.89-9090,54,23,냉각기,2,0,대구만,"덕산코트랜(동구); 대한공조,엘지시스템에어컨,삼성시스템에어컨(북구)",,52
전기장비(이차전지),특정국 의존도가 높은 부품 및 제조장비,중국,리트 탭 등 접속용 기기,8536.90-9090,63,22,접속용,0,0,없음,,,52
전기장비(이차전지),특정국 의존도가 높은 소재,중국,전구체(NCM 산화물),2825.90-1090,640,99,전구체,0,0,없음,,,52
전기장비(이차전지),특정국 의존도가 높은 소재,중국,전구체(LCO 수산화물),2825.90-2090,47,99,전구체,0,0,없음,,,52
전기장비(이차전지),특정국 의존도가 높은 소재,중국,활물질(LCO 산화물),2841.90-9010,45,99,활물질,3,0,대구만,(주)엘앤에프(달성군); (주)엘앤에프플러스(달성군); (주)엘앤에프(달서구),,52
전기장비(이차전지),특정국 의존도가 높은 소재,중국,활물질(NCM 리튬염),2841.90-9020,1329,97,활물질,3,0,대구만,(주)엘앤에프(달성군); (주)엘앤에프플러스(달성군); (주)엘앤에프(달서구),,52
전기장비(이차전지),특정국 의존도가 높은 소재,중국,전해질(탄산에스테르 첨가제),2920.90-9200,28,96,전해질,1,0,대구만,씨아이솔리드(주)(달서구),,52
전기장비(이차전지),특정국 의존도가 높은 소재,중국,음극재(인조흑연),3801.10-1000,43,95,음극재,0,0,없음,,,52
전기장비(이차전지),특정국 의존도가 높은 소재,중국,삼산화텅스텐,2825.90-1020,71,89,삼산화텅스텐,0,0,없음,,,52
전기장비(이차전지),특정국 의존도가 높은 소재,중국,음극재(천연 인상흑연),2504.10-1000,11,88,음극재,0,0,없음,,,52
전기장비(이차전지),특정국 의존도가 높은 소재,중국,음극재(실리콘가루),2804.69-0000,121,84,음극재,0,0,없음,,,52
전기장비(이차전지),특정국 의존도가 높은 소재,미국,합성고무 분산제,4005.20-0000,14,84,분산제,0,0,없음,,,52
전기장비(이차전지),특정국 의존도가 높은 소재,중국,분리막(PU 필름),3921.13-0000,80,83,분리막,4,0,대구만,(주)시노펙스(달성군); (주)에스티영원(달성군); (주)피엔티엠에스(달성군),,52
전기장비(이차전지),특정국 의존도가 높은 소재,일본,니켈박,7506.10-2000,13,78,니켈박,0,0,없음,,,52
전기장비(이차전지),특정국 의존도가 높은 소재,일본,절연코딩액,3208.90-9020,71,78,절연코딩액,0,0,없음,,,52
전기장비(이차전지),특정국 의존도가 높은 소재,스웨덴,원료(니켈 제련의 중간생산물),7501.20-9090,17,76,원료,2,0,대구만,비케이에너지 주식회사(달성군); 대호(달성군),,52
전기장비(이차전지),특정국 의존도가 높은 소재,중국,전해질(제4암모늄염 첨가제),2923.90-0000,92,75,전해질,1,0,대구만,씨아이솔리드(주)(달서구),,52
전기장비(이차전지),특정국 의존도가 높은 소재,중국,전구체(NCM 수산화물),2825.90-2050,799,73,전구체,0,0,없음,,,52
전기장비(이차전지),특정국 의존도가 높은 소재,콩고,원료(코발트 제련의 중간생산물),8105.20-2000,47,70,원료,2,0,대구만,비케이에너지 주식회사(달성군); 대호(달성군),,52
전기장비(이차전지),특정국 의존도가 높은 소재,일본,분리막(PVDF 필름),3921.19-9090,111,69,분리막,4,0,대구만,(주)시노펙스(달성군); (주)에스티영원(달성군); (주)피엔티엠에스(달성군),,52
전기장비(이차전지),특정국 의존도가 높은 소재,중국,활물질(리튬염),2842.90-9000,8,58,활물질,3,0,대구만,(주)엘앤에프(달성군); (주)엘앤에프플러스(달성군); (주)엘앤에프(달서구),,52
전기장비(이차전지),특정국 의존도가 높은 소재,중국,분리막(폴리프로필렌 필름),3921.19-2010,10,56,분리막,4,0,대구만,(주)시노펙스(달성군); (주)에스티영원(달성군); (주)피엔티엠에스(달성군),,52
전기장비(이차전지),특정국 의존도가 높은 소재,일본,분리막(PET 필름 등),3920.62-0000,191,51,분리막,4,0,대구만,(주)시노펙스(달성군); (주)에스티영원(달성군); (주)피엔티엠에스(달성군),,52
전기장비(이차전지),특정국 의존도가 높은 소재,중국,분리막(PE 필름),3921.19-1010,91,50,분리막,4,0,대구만,(주)시노펙스(달성군); (주)에스티영원(달성군); (주)피엔티엠에스(달성군),,52
전기장비(이차전지),특정국 의존도가 높은 소재,중국,CNT분말,3801.10-9000,41,50,CNT분말,0,0,없음,,,52
전기장비(이차전지),특정국 의존도가 높은 소재,프랑스,PDVF분말,3904.69-1000,13,49,PDVF분말,0,0,없음,,,52
전기장비(이차전지),특정국 의존도가 높은 소재,일본,접착성PET필름,3919.90-0000,245,47,접착성PET필름,0,0,없음,,,52
전기장비(이차전지),특정국 의존도가 높은 소재,중국,전해질(F전해질),2935.90-9000,34,45,전해질,1,0,대구만,씨아이솔리드(주)(달서구),,52
전기장비(이차전지),특정국 의존도가 높은 소재,일본,구리박,7410.11-0000,206,43,구리박,0,0,없음,,,52
전기장비(이차전지),특정국 의존도가 높은 소재,중국,전해질(C5H8O6S2 첨가제),2920.90-9900,19,39,전해질,1,0,대구만,씨아이솔리드(주)(달서구),,52
전기장비(이차전지),특정국 의존도가 높은 소재,중국,전해질(테트라비닐실란 등 첨가제),2931.90-9090,109,39,전해질,1,0,대구만,씨아이솔리드(주)(달서구),,52
전기장비(이차전지),특정국 의존도가 높은 소재,미국,"분리막(PE가루, 비중0.9이상)",3901.20-0000,36,39,분리막,4,0,대구만,(주)시노펙스(달성군); (주)에스티영원(달성군); (주)피엔티엠에스(달성군),,52
전기장비(이차전지),특정국 의존도가 높은 소재,중국,"첨가제(양극재, 음극재 및 전지용)",3824.99-9090,525,38,첨가제,6,0,대구만,(주)한국비앤씨(달성군); (주)그린에이(달성군); 그린에이(달성군),,52
전기장비(이차전지),특정국 의존도가 높은 소재,호주,원료(니켈가루),7504.00-1000,150,33,원료,2,0,대구만,비케이에너지 주식회사(달성군); 대호(달성군),,52
전기장비(이차전지),특정국 의존도가 높은 소재,캐나다,원료(니켈 브리켓),7502.10-9000,76,31,원료,2,0,대구만,비케이에너지 주식회사(달성군); 대호(달성군),,52
전기장비(이차전지),특정국 의존도가 높은 소재,중국,PVDF막,3904.69-9000,53,30,PVDF막,0,0,없음,,,52
전기장비(이차전지),특정국 의존도가 높은 소재,스웨덴,"분리막(PE가루, 비중0.9미만)",3901.10-9000,43,30,분리막,4,0,대구만,(주)시노펙스(달성군); (주)에스티영원(달성군); (주)피엔티엠에스(달성군),,52
반도체,특정국 의존도가 높은 소재와 부품,미국,도금액(금청산칼륨),2843.30-1000,15,100,도금액,0,0,없음,,,11
반도체,특정국 의존도가 높은 소재와 부품,일본,블레이드,8202.39-2010,20,99,블레이드,1,0,대구만,주식회사아크로이엔지(북구),,11
반도체,특정국 의존도가 높은 소재와 부품,중국,슈퍼 캡(전력공급장치),8504.40-9011,81,96,캡,0,0,없음,,,11
반도체,특정국 의존도가 높은 소재와 부품,일본,현상제(비이온계면활성제 첨가),3707.90-2090,14,89,현상제,0,0,없음,,,11
반도체,특정국 의존도가 높은 소재와 부품,일본,플루오린 폴리이미드,3920.99-9010,15,88,폴리이미드,0,0,없음,,,11
반도체,특정국 의존도가 높은 소재와 부품,일본,웨이퍼코팅제,3208.20-1030,80,83,웨이퍼코팅제,0,0,없음,,,11
반도체,특정국 의존도가 높은 소재와 부품,일본,연마제,3405.40-0000,106,83,연마제,2,0,대구만,삼성로타리연마(북구); 지앤텍(달서구),,11
반도체,특정국 의존도가 높은 소재와 부품,중국,나노패턴용 웨이퍼,6815.99-0000,64,82,웨이퍼,3,0,대구만,(주)다다코리아(달서구); (주)에이치이엠아이(달서구); 진솔하이텍(달서구),,11
반도체,특정국 의존도가 높은 소재와 부품,일본,블랭크마스크,3701.99-1000,28,79,블랭크마스크,0,0,없음,,,11
반도체,특정국 의존도가 높은 소재와 부품,일본,할로겐 램프,8539.49-1010,11,76,램프,9,0,대구만,(주)하나텍(북구); 대화공업(서구); 영성테크(북구),,11
반도체,특정국 의존도가 높은 소재와 부품,중국,현상제,2923.90-0000,92,75,현상제,0,0,없음,,,11
반도체,특정국 의존도가 높은 소재와 부품,일본,ESC(정전척),8486.90-2030,264,74,ESC,0,0,없음,,,11
반도체,특정국 의존도가 높은 소재와 부품,일본,도금용 조제품,3824.99-7100,126,73,조제품,7,0,대구만,퍼지텍(주)(달성군); 극동볼트(주)(달성군); (주)명신정공(북구),,11
반도체,특정국 의존도가 높은 소재와 부품,일본,실버 타겟,7115.90-1090,10,67,타겟,0,0,없음,,,11
반도체,특정국 의존도가 높은 소재와 부품,일본,감광액,3707.90-1010,255,63,감광액,0,0,없음,,,11
반도체,특정국 의존도가 높은 소재와 부품,미국,티타늄 타겟,8108.90-9000,125,59,타겟,0,0,없음,,,11
반도체,특정국 의존도가 높은 소재와 부품,네덜란드,광학 엘리먼트,9002.90-9010,229,59,엘리먼트,0,0,없음,,,11
반도체,특정국 의존도가 높은 소재와 부품,중국,패드 인서트(스크래치 방지용),3926.90-9000,718,57,인서트,3,0,대구만,진흥정밀(북구); 창덕기공(북구); 첨성테크(서구),,11
반도체,특정국 의존도가 높은 소재와 부품,중국,운반용 카트,8716.80-9000,25,55,카트,2,0,대구만,바퀴온(달성군); 태양종합스텐(북구),,11
반도체,특정국 의존도가 높은 소재와 부품,중국,모노블록 인젝터(가스공급장치),7326.90-9000,1150,54,인젝터,3,0,대구만,대구부란자(부란자수리전문)(북구); 카디브 주식회사(북구); (주)에이치알(서구),,11
반도체,특정국 의존도가 높은 소재와 부품,중국,DC 모터,8501.31-1090,140,54,모터,9,0,대구만,동성정밀(북구); 주식회사 한국방화(달성군); 효성모퍼스 주식회사(북구),,11
반도체,특정국 의존도가 높은 소재와 부품,미국,폐인쇄회로기판 스크랩,8549.21-1000,92,54,스크랩,11,0,대구만,삼일철강(달성군); 신에이메탈코리아(주)(북구); 신에이코리아 주식회사(북구),,11
반도체,특정국 의존도가 높은 소재와 부품,중국,글라스 웨이퍼,7006.00-9000,50,53,웨이퍼,3,0,대구만,(주)다다코리아(달서구); (주)에이치이엠아이(달서구); 진솔하이텍(달서구),,11
반도체,특정국 의존도가 높은 소재와 부품,영국,흑연히터,8545.90-9000,48,52,흑연히터,0,0,없음,,,11
반도체,특정국 의존도가 높은 소재와 부품,일본,사불화규소,2812.90-9000,32,51,사불화규소,0,0,없음,,,11
반도체,특정국 의존도가 높은 소재와 부품,대만,감쇠기,9013.80-9000,193,49,감쇠기,0,0,없음,,,11
반도체,특정국 의존도가 높은 소재와 부품,중국,웨이퍼 케이스,3923.10-0000,268,48,케이스,36,0,대구만,(주)제이솔루션(북구); (주)지앤디코리아(대구지점)(달서구); JAT청운(서구),,11
반도체,특정국 의존도가 높은 소재와 부품,일본,불화수소(에칭가스),2811.11-1000,30,48,불화수소,0,0,없음,,,11
반도체,특정국 의존도가 높은 소재와 부품,일본,보호테이프,3919.90-0000,245,47,보호테이프,0,0,없음,,,11
반도체,특정국 의존도가 높은 소재와 부품,미국,도포·현상·증착·식각기 부품,8486.90-2040,680,47,도포 현상 증착 식각기,0,0,없음,,,11
반도체,특정국 의존도가 높은 소재와 부품,중국,냉각팬,8414.59-9000,202,46,냉각팬,0,0,없음,,,11
반도체,특정국 의존도가 높은 소재와 부품,미국,탄탈륨 타겟,8103.99-0000,53,45,타겟,0,0,없음,,,11
반도체,특정국 의존도가 높은 소재와 부품,일본,실리콘웨이퍼,3818.00-1000,737,44,실리콘웨이퍼,1,0,대구만,(주)에이치이엠아이(달서구),,11
반도체,특정국 의존도가 높은 소재와 부품,일본,유량 자동조절기,9032.89-4091,115,44,자동조절기,0,0,없음,,,11
반도체,특정국 의존도가 높은 소재와 부품,인도네시아,무수 암모니아,2814.10-0000,226,44,암모니아,1,0,대구만,(주)에어텍(달서구),,11
반도체,특정국 의존도가 높은 소재와 부품,네덜란드,피크 웨어링,8486.90-2090,1183,43,웨어링,0,0,없음,,,11
반도체,특정국 의존도가 높은 소재와 부품,중국,AC 서보 모터,8501.51-0000,48,42,모터,9,0,대구만,동성정밀(북구); 주식회사 한국방화(달성군); 효성모퍼스 주식회사(북구),,11
반도체,특정국 의존도가 높은 소재와 부품,미국,삼염화붕소,2812.19-0000,14,42,삼염화붕소,0,0,없음,,,11
반도체,특정국 의존도가 높은 소재와 부품,중국,케이블,8544.20-0000,68,40,케이블,20,0,대구만,(주)대우ENG(달성군); 주식회사 엠알오텍(북구); 한영공업(주)(달성군),,11
반도체,특정국 의존도가 높은 제조장비,네덜란드,E-beam 노광장치,8486.20-6099,5895,100,노광장치,0,0,없음,,,11
반도체,특정국 의존도가 높은 제조장비,일본,반도체 웨이퍼 레이저 다이싱기,8486.20-9320,33,100,다이싱기,0,0,없음,,,11
반도체,특정국 의존도가 높은 제조장비,일본,도포기(인라인스피너 등),8486.20-9200,501,95,도포기,0,0,없음,,,11
반도체,특정국 의존도가 높은 제조장비,일본,수직 전기로,8486.20-2100,13,88,전기로,3,0,대구만,서모테크(북구); (주)삼연기술(달성군); (주)에스티아이(달성군),,11
반도체,특정국 의존도가 높은 제조장비,미국,이온주입기,8486.20-3000,256,87,이온주입기,0,0,없음,,,11
반도체,특정국 의존도가 높은 제조장비,일본,분사방식 감광막 제거기,8486.20-9100,139,83,제거기,0,0,없음,,,11
반도체,특정국 의존도가 높은 제조장비,중국,릴 보관기,9403.20-9000,166,82,보관기,0,0,없음,,,11
반도체,특정국 의존도가 높은 제조장비,스웨덴,패턴형성기,8486.40-1010,39,82,패턴형성기,0,0,없음,,,11
반도체,특정국 의존도가 높은 제조장비,미국,급속가열기,8486.20-2300,141,79,급속가열기,0,0,없음,,,11
반도체,특정국 의존도가 높은 제조장비,일본,세척기,8486.20-7000,182,74,세척기,15,0,대구만,(주)비씨엠(서구); (주)하이테크디젤(달성군); 크린솔라(달서구),,11
반도체,특정국 의존도가 높은 제조장비,일본,여과기 및 청정기,8421.21-9020,14,73,여과기 청정기,30,0,대구만,(주)삼창이엔지(북구); (주)세현글로벌(북구); (주)솔지(달성군),,11
반도체,특정국 의존도가 높은 제조장비,일본,웨이퍼 정렬 노광장치(스테퍼),8486.20-6020,54,66,노광장치,0,0,없음,,,11
반도체,특정국 의존도가 높은 제조장비,싱가포르,웨이퍼 프로버 및 보관장치,8486.40-3010,699,65,프로버 보관장치,0,0,없음,,,11
반도체,특정국 의존도가 높은 제조장비,독일,마스크 수리장치,8486.40-1090,29,62,수리장치,0,0,없음,,,11
반도체,특정국 의존도가 높은 제조장비,일본,성형기,8486.40-2031,15,59,성형기,15,0,대구만,(주)태화(달성군); 우석정밀기계(달성군); 진우테크(달성군),,11
반도체,특정국 의존도가 높은 제조장비,일본,레이저 경화기,8486.20-9900,89,56,경화기,0,0,없음,,,11
반도체,특정국 의존도가 높은 제조장비,일본,테스터,9030.82-0000,673,53,테스터,0,0,없음,,,11
반도체,특정국 의존도가 높은 제조장비,싱가포르,웨이퍼 연마장치,8486.20-9310,198,53,연마장치,0,0,없음,,,11
반도체,특정국 의존도가 높은 제조장비,일본,스캐너,8486.20-6091,46,50,스캐너,0,0,없음,,,11
반도체,특정국 의존도가 높은 제조장비,일본,반도체 분석용 시료 코팅 장비,8479.89-9050,16,47,코팅,18,0,대구만,아스코(서구); 우림산업사(달성군); 해성칼라풀(북구),,11
반도체,특정국 의존도가 높은 제조장비,중국,레티클 용기 세정장치,8424.89-9000,46,46,세정장치,0,0,없음,,,11
반도체,특정국 의존도가 높은 제조장비,일본,반도체용 선폭 측정기(SEM),9012.10-1010,240,45,측정기,15,0,대구만,성원정밀(북구); 에이티티(주)(달성군); (주)성일(북구),,11
반도체,특정국 의존도가 높은 제조장비,미국,반도체용 두께측정기,9027.50-9000,192,45,두께측정기,0,0,없음,,,11
반도체,특정국 의존도가 높은 제조장비,중국,접착기,8486.40-2010,32,44,접착기,0,0,없음,,,11
디스플레이,특정국 의존도가 높은 소재와 부품,일본,포토레지스트(OLED),3707.90-1020,13,100,포토레지스트,0,0,없음,,,15
디스플레이,특정국 의존도가 높은 소재와 부품,중국,LCD용 유리,7006.00-4000,21,99,유리,2,0,대구만,명덕유리(달성군); (주)에이치이엠아이(달서구),,15
디스플레이,특정국 의존도가 높은 소재와 부품,중국,플루오르화수소산,2811.11-9000,134,96,플루오르화수소산,0,0,없음,,,15
디스플레이,특정국 의존도가 높은 소재와 부품,일본,포토레지스트(LCD),3707.90-1090,81,94,포토레지스트,0,0,없음,,,15
디스플레이,특정국 의존도가 높은 소재와 부품,독일,은 그래뉼,7106.91-1000,100,84,그래뉼,0,0,없음,,,15
디스플레이,특정국 의존도가 높은 소재와 부품,중국,초산,2915.21-0000,19,83,초산,0,0,없음,,,15
디스플레이,특정국 의존도가 높은 소재와 부품,일본,휘발성 유기용액,3208.90-9030,71,83,유기용액,0,0,없음,,,15
디스플레이,특정국 의존도가 높은 소재와 부품,일본,염산,2806.10-0000,15,83,염산,0,0,없음,,,15
디스플레이,특정국 의존도가 높은 소재와 부품,중국,시트르산(구연산),2918.14-0000,22,79,시트르산,0,0,없음,,,15
디스플레이,특정국 의존도가 높은 소재와 부품,일본,포토그래픽 플레이트,3705.00-9090,40,78,플레이트,12,0,대구만,금농트로닉스(주)(달서구); 주식회사 알리파크(북구); 유성정밀공업(주)(달성군),,15
디스플레이,특정국 의존도가 높은 소재와 부품,일본,바니시,3208.90-9020,71,78,바니시,0,0,없음,,,15
디스플레이,특정국 의존도가 높은 소재와 부품,미국,OLED 봉지재(분리형),3920.69-0000,110,78,봉지재,0,0,없음,,,15
디스플레이,특정국 의존도가 높은 소재와 부품,중국,구리 스퍼터링 타겟,7409.19-9000,12,75,타겟,0,0,없음,,,15
디스플레이,특정국 의존도가 높은 소재와 부품,중국,초산에스테르,2915.39-9000,88,71,초산에스테르,0,0,없음,,,15
디스플레이,특정국 의존도가 높은 소재와 부품,베트남,모듈용 부품(프레임 등),8529.90-2000,183,71,모듈용,1,0,대구만,(주)비앤에프(달서구),,15
디스플레이,특정국 의존도가 높은 소재와 부품,일본,실리콘 러버 시트,3920.99-9090,257,70,시트,5,0,대구만,준앤아더(달성군); (주)화신산업(달성군); (주)구영테크(달성군),,15
디스플레이,특정국 의존도가 높은 소재와 부품,중국,콘덴서-알루미늄,8532.22-0000,125,67,콘덴서알루미늄,0,0,없음,,,15
디스플레이,특정국 의존도가 높은 소재와 부품,일본,편광필름,9001.20-0000,265,67,편광필름,0,0,없음,,,15
디스플레이,특정국 의존도가 높은 소재와 부품,중국,질소헤테로 고리화합물,2933.99-9090,180,66,고리화합물,0,0,없음,,,15
디스플레이,특정국 의존도가 높은 소재와 부품,카타르,헬륨,2804.29-1000,147,65,헬륨,0,0,없음,,,15
디스플레이,특정국 의존도가 높은 소재와 부품,미국,OLED제조용 루미노퍼,3204.90-1010,220,57,루미노퍼,0,0,없음,,,15
디스플레이,특정국 의존도가 높은 소재와 부품,중국,액정용 조제품,3824.99-7600,11,55,조제품,7,0,대구만,퍼지텍(주)(달성군); 극동볼트(주)(달성군); (주)명신정공(북구),,15
디스플레이,특정국 의존도가 높은 소재와 부품,일본,포토마스크용 유리,7006.00-2000,225,53,유리,2,0,대구만,명덕유리(달성군); (주)에이치이엠아이(달서구),,15
디스플레이,특정국 의존도가 높은 소재와 부품,중국,가변저항기,8533.40-3000,13,52,가변저항기,0,0,없음,,,15
디스플레이,특정국 의존도가 높은 소재와 부품,중국,수소화물,2850.00-1000,34,52,수소화물,0,0,없음,,,15
디스플레이,특정국 의존도가 높은 소재와 부품,중국,몰리브데늄 판,8102.95-3000,21,51,판,0,0,없음,,,15
디스플레이,특정국 의존도가 높은 소재와 부품,일본,패널 보호판,3920.62-0000,191,51,보호판,1,0,대구만,한동철강(달서구),,15
디스플레이,특정국 의존도가 높은 소재와 부품,중국,인버터,8504.40-2099,154,48,인버터,9,0,대구만,현대모비스(주)(달성군); (주)에스티이코리아(서구); 진영토르크(서구),,15
디스플레이,특정국 의존도가 높은 소재와 부품,일본,콘덴서-탄타륨,8532.21-0000,53,48,콘덴서탄타륨,0,0,없음,,,15
디스플레이,특정국 의존도가 높은 소재와 부품,중국,콘덴서-세라믹(다층),8532.24-0000,399,43,콘덴서세라믹,0,0,없음,,,15
디스플레이,특정국 의존도가 높은 제조장비,일본,포토마스크 리페어 시스템,8486.40-1020,10,100,리페어,0,0,없음,,,15
디스플레이,특정국 의존도가 높은 제조장비,일본,MPA 노광기,8486.30-1040,90,100,노광기,1,0,대구만,갑우정밀공업사(서구),,15
디스플레이,특정국 의존도가 높은 제조장비,대만,화학적 방식의 증착기,8486.30-1032,20,100,증착기,0,0,없음,,,15
디스플레이,특정국 의존도가 높은 제조장비,일본,제조용 로봇,8486.40-3020,39,99,로봇,37,0,대구만,(주)제이솔루션(북구); 주식회사 강남이엔지(달성군); 코리아테크(달성군),,15
디스플레이,특정국 의존도가 높은 제조장비,대만,물리적 방식의 증착기,8486.30-1031,33,94,증착기,0,0,없음,,,15
디스플레이,특정국 의존도가 높은 제조장비,중국,레이저 절단기,8456.11-9000,138,76,절단기,11,0,대구만,(주)건우기계(달성군); (주)에스피아이(북구); 대신정공(주)(달성군),,15
디스플레이,특정국 의존도가 높은 제조장비,일본,LCD제조기기 부품,8486.90-3060,27,72,LCD제조기기,0,0,없음,,,15
디스플레이,특정국 의존도가 높은 제조장비,미국,유리 제조기기 부품,8475.90-1000,144,69,제조기기,0,0,없음,,,15
디스플레이,특정국 의존도가 높은 제조장비,일본,OLED제조기기 부품,8486.90-3050,43,69,OLED제조기기,0,0,없음,,,15
디스플레이,특정국 의존도가 높은 제조장비,중국,이퓨전 셀,8486.90-3090,12,48,셀,1,0,대구만,(주)삼주정밀(달서구),,15
디스플레이,특정국 의존도가 높은 제조장비,일본,열중량분석기,9027.89-1000,174,47,열중량분석기,0,0,없음,,,15
무선통신기기,특정국 의존도가 높은 무선 및 방송통신부품,베트남,스마트폰 부품,8517.79-1020,2093,92,스마트폰,1,0,대구만,(주)LJ테크(달서구),,19
무선통신기기,특정국 의존도가 높은 무선 및 방송통신부품,베트남,OLED 모듈(스마트폰용),8524.92-2000,152,87,OLED,1,0,대구만,(주)애드위너(달성군),,19
무선통신기기,특정국 의존도가 높은 무선 및 방송통신부품,중국,LCD 모듈(TV용),8524.91-3000,374,82,LCD,12,0,대구만,대한테크(서구); (주)제이앤케이(달성군); 대경정밀(북구),,19
무선통신기기,특정국 의존도가 높은 무선 및 방송통신부품,베트남,기지국 부품,8517.79-2000,67,79,기지국,0,0,없음,,,19
무선통신기기,특정국 의존도가 높은 무선 및 방송통신부품,중국,LCD TV 부품,8529.90-6022,31,78,TV,3,0,대구만,대한테크(서구); (주)삼화몰드(달서구); 대동씨엔씨(주)(달서구),,19
무선통신기기,특정국 의존도가 높은 무선 및 방송통신부품,중국,기타 방송기기 부품,8529.90-6029,95,76,방송기기,1,0,대구만,(주)진명아이앤씨(달성군),,19
무선통신기기,특정국 의존도가 높은 무선 및 방송통신부품,베트남,OLED 모듈(TV용),8524.92-3000,120,69,OLED,1,0,대구만,(주)애드위너(달성군),,19
무선통신기기,특정국 의존도가 높은 무선 및 방송통신부품,중국,마이크 및 스피커용 부품,8518.90-9000,35,69,마이크 스피커용,9,0,대구만,주식회사 마이크로발란스(군위군); (주)태린(달성군); (주)태린(달성군),,19
무선통신기기,특정국 의존도가 높은 무선 및 방송통신부품,중국,피처폰 부품,8517.79-1030,13,69,피처폰,0,0,없음,,,19
무선통신기기,특정국 의존도가 높은 무선 및 방송통신부품,필리핀,TV카메라 부품,8529.90-5000,80,66,TV카메라,8,0,대구만,(주)예성전기통신(북구); (주)유니온테크(남구); (주)테크모아(북구),,19
무선통신기기,특정국 의존도가 높은 무선 및 방송통신부품,미국,레이더기기 부분품,8529.90-4000,176,61,레이더기기,0,0,없음,,,19
무선통신기기,특정국 의존도가 높은 무선 및 방송통신부품,대만,휴대폰 안테나,8517.71-1000,11,61,안테나,5,0,대구만,대명전자(동구); 비젼디지텍(주)(남구); 우진테크(북구),,19
무선통신기기,특정국 의존도가 높은 무선 및 방송통신부품,중국,기타 무선통신기기 부품,8517.79-4000,22,60,무선통신기기,4,0,대구만,주식회사 헬스올(동구); 청우디지털정보통신(북구); 코렐테크(주)(북구),,19
무선통신기기,특정국 의존도가 높은 무선 및 방송통신부품,베트남,카메라 부품,8529.90-3020,492,59,카메라,35,0,대구만,(자)삼우전자통신(수성구); (주)대성엠엔씨(달성군); (주)대유정보통신(달성군),,19
무선통신기기,특정국 의존도가 높은 무선 및 방송통신부품,베트남,안테나 부품,8529.10-9100,54,50,안테나,5,0,대구만,대명전자(동구); 비젼디지텍(주)(남구); 우진테크(북구),,19
무선통신기기,특정국 의존도가 높은 무선 및 방송통신부품,미국,송수신기,8529.90-3010,21,43,송수신기,1,0,대구만,(주)한국엠피엘(달서구),,19
무선통신기기,특정국 의존도가 높은 전자부품,미국,수신관,8540.81-0000,23,94,수신관,0,0,없음,,,19
무선통신기기,특정국 의존도가 높은 전자부품,중국,"희토류(네오디뮴, 사마륨)자석",8505.11-9000,269,91,자석,2,0,대구만,루비메이드(서구); (주)와겐(달서구),,19
무선통신기기,특정국 의존도가 높은 전자부품,중국,PCB(수동소자 내장),8534.00-1000,24,89,PCB,19,0,대구만,(주)대신서키트(달성군); (주)이수페타시스(달성군); (주)현진테크(달성군),,19
무선통신기기,특정국 의존도가 높은 전자부품,중국,페라이트자석,8505.19-1000,20,82,페라이트자석,0,0,없음,,,19
무선통신기기,특정국 의존도가 높은 전자부품,중국,고무자석,8505.19-9000,27,75,고무자석,0,0,없음,,,19
무선통신기기,특정국 의존도가 높은 전자부품,중국,탄소피막형 가변저항기,8533.40-1000,10,74,가변저항기,0,0,없음,,,19
무선통신기기,특정국 의존도가 높은 전자부품,베트남,회전형 스위치,8536.50-1000,31,70,스위치,7,0,대구만,(주)한승계기(동구); (주)공간(북구); E/L산업(북구),,19
무선통신기기,특정국 의존도가 높은 전자부품,베트남,인덕터(컴퓨터용),8504.50-2010,9,70,인덕터,0,0,없음,,,19
무선통신기기,특정국 의존도가 높은 전자부품,중국,PCB,8534.00-9000,988,68,PCB,19,0,대구만,(주)대신서키트(달성군); (주)이수페타시스(달성군); (주)현진테크(달성군),,19
무선통신기기,특정국 의존도가 높은 전자부품,베트남,접속함,8536.90-1000,36,68,접속함,2,0,대구만,이노일렉트릭 주식회사 대구공장(달서구); 주식회사 무창(달서구),,19
무선통신기기,특정국 의존도가 높은 전자부품,중국,알루미늄 전해콘덴서,8532.22-0000,125,67,전해콘덴서,0,0,없음,,,19
무선통신기기,특정국 의존도가 높은 전자부품,중국,마이크로형 스위치,8536.50-3000,10,67,스위치,7,0,대구만,(주)한승계기(동구); (주)공간(북구); E/L산업(북구),,19
무선통신기기,특정국 의존도가 높은 전자부품,중국,푸쉬버튼형 스위치,8536.50-2000,36,64,스위치,7,0,대구만,(주)한승계기(동구); (주)공간(북구); E/L산업(북구),,19
무선통신기기,특정국 의존도가 높은 전자부품,일본,전자식 스위치,8536.50-4000,14,63,스위치,7,0,대구만,(주)한승계기(동구); (주)공간(북구); E/L산업(북구),,19
무선통신기기,특정국 의존도가 높은 전자부품,중국,리엑터,8504.50-1090,12,62,리엑터,0,0,없음,,,19
무선통신기기,특정국 의존도가 높은 전자부품,중국,관형 퓨즈,8536.10-1000,9,61,퓨즈,1,0,대구만,선호산업(달서구),,19
무선통신기기,특정국 의존도가 높은 전자부품,중국,스위치 부품,8538.90-1000,28,59,스위치,7,0,대구만,(주)한승계기(동구); (주)공간(북구); E/L산업(북구),,19
무선통신기기,특정국 의존도가 높은 전자부품,중국,필름 콘덴서,8532.25-0000,32,58,콘덴서,2,0,대구만,용흥산업주식회사(달성군); (주)엠씨텍(달서구),,19
무선통신기기,특정국 의존도가 높은 전자부품,중국,바리스터,8533.40-3000,13,52,바리스터,0,0,없음,,,19
무선통신기기,특정국 의존도가 높은 전자부품,미국,디텍터,8543.70-9020,44,52,디텍터,0,0,없음,,,19
무선통신기기,특정국 의존도가 높은 전자부품,영국,기타 탄소제품,8545.90-9000,48,52,탄소제품,1,0,대구만,(주)에너피아(달성군),,19
무선통신기기,특정국 의존도가 높은 전자부품,스위스,트리머 콘덴서,8532.30-0000,13,51,콘덴서,2,0,대구만,용흥산업주식회사(달성군); (주)엠씨텍(달서구),,19
무선통신기기,특정국 의존도가 높은 전자부품,일본,탄탈륨 콘덴서,8532.21-0000,53,48,콘덴서,2,0,대구만,용흥산업주식회사(달성군); (주)엠씨텍(달서구),,19
무선통신기기,특정국 의존도가 높은 전자부품,중국,기타 전기기기 부품,8543.90-9000,116,46,전기기기,5,0,대구만,(주)뉴피에스(북구); 태양종합스텐(북구); (주)웰코(달성군),,19
무선통신기기,특정국 의존도가 높은 전자부품,중국,서미스터,8533.21-2000,17,46,서미스터,0,0,없음,,,19
무선통신기기,특정국 의존도가 높은 전자부품,중국,전기회로 부분품,8536.90-9010,107,45,전기회로,6,0,대구만,(주)럭스크레이티브(달성군); (주)삼창이엔지(북구); (주)월드텍(달서구),,19
무선통신기기,특정국 의존도가 높은 전자부품,중국,화로용 절연물품,8545.11-0000,40,43,절연물품,0,0,없음,,,19
무선통신기기,특정국 의존도가 높은 전자부품,중국,MLCC,8532.24-0000,399,43,MLCC,1,0,대구만,주식회사 대성하이텍(달성군),,19
무선통신기기,특정국 의존도가 높은 전자부품,중국,기타 가변저항기,8533.40-9000,16,42,가변저항기,0,0,없음,,,19
무선통신기기,특정국 의존도가 높은 전자부품,미국,기타 관 부품,8540.89-9000,4,41,관,4,0,대구만,(주)화도케미칼(달성군); 동방산업(서구); (주)미라이용전(달서구),,19
무선통신기기,특정국 의존도가 높은 전자부품,중국,기타 고정저항기,8533.29-9000,30,40,고정저항기,0,0,없음,,,19
철강,특정국 의존도가 높은 비철 원재료,칠레,구리(전해정제용),7402.00-2000,142,100,구리,0,0,없음,,,31
철강,특정국 의존도가 높은 비철 원재료,중국,"구리(선, 횡단면 최대치수 6mm이하)",7408.19-0000,167,99,구리,0,0,없음,,,31
철강,특정국 의존도가 높은 비철 원재료,중국,"알루미늄(박, 두께 0.2mm이하)",7607.11-9000,217,97,알루미늄,55,0,대구만,(주)동성하이텍(달성군); (주)제이케이무역(달성군); (주)진산산업건설(동구),,31
철강,특정국 의존도가 높은 비철 원재료,중국,"금(기타, 반가공)",7108.13-9090,233,97,금,5,0,대구만,대경옹골파이프(달성군); 수미금속(북구); (주)신흥환경금속(서구),,31
철강,특정국 의존도가 높은 비철 원재료,독일,,2604.00-0000,198,96,,568,0,대구만,(주)국제물류기계(북구); (주)그린테크(북구); (주)기문에프엔드아이(달성군),,31
철강,특정국 의존도가 높은 비철 원재료,인도,납(정제한 납),7801.10-9000,194,92,납,1,0,대구만,한국비철(주)(달성군),,31
철강,특정국 의존도가 높은 비철 원재료,중국,"알루미늄(판, 두께 0.2mm초과)",7606.11-9000,124,90,알루미늄,55,0,대구만,(주)동성하이텍(달성군); (주)제이케이무역(달성군); (주)진산산업건설(동구),,31
철강,특정국 의존도가 높은 비철 원재료,독일,은(은의 함유량 99.99% 이상),7106.91-1000,100,84,은,5,0,대구만,수미금속(북구); (주)신흥환경금속(서구); 워터매니지먼트주식회사(서구),,31
철강,특정국 의존도가 높은 비철 원재료,호주,"금(럼프, 빌릿, 알갱이)",7108.12-1000,552,82,금,5,0,대구만,대경옹골파이프(달성군); 수미금속(북구); (주)신흥환경금속(서구),,31
철강,특정국 의존도가 높은 비철 원재료,중국,"망간(웨이스트, 스크랩)",8111.00-0000,142,80,망간,0,0,없음,,,31
철강,특정국 의존도가 높은 비철 원재료,중국,서멧,8113.00-0000,119,72,서멧,0,0,없음,,,31
철강,특정국 의존도가 높은 비철 원재료,중국,"구리(판, 두께 0.15mm초과)",7409.11-9000,135,70,구리,0,0,없음,,,31
철강,특정국 의존도가 높은 비철 원재료,호주,"슬래그, 회, 잔재물",2620.29-0000,101,67,슬래그 회 잔재물,0,0,없음,,,31
철강,특정국 의존도가 높은 비철 원재료,중국,"알루미늄(합금판, 두께 0.2mm초과)",7606.12-0000,742,65,알루미늄,55,0,대구만,(주)동성하이텍(달성군); (주)제이케이무역(달성군); (주)진산산업건설(동구),,31
철강,특정국 의존도가 높은 비철 원재료,미국,티타늄(기타),8108.90-9000,125,59,티타늄,0,0,없음,,,31
철강,특정국 의존도가 높은 비철 원재료,미국,은(가루),7106.10-0000,73,55,은,5,0,대구만,수미금속(북구); (주)신흥환경금속(서구); 워터매니지먼트주식회사(서구),,31
철강,특정국 의존도가 높은 비철 원재료,멕시코,구리(매트),7401.00-1000,167,54,구리,0,0,없음,,,31
철강,특정국 의존도가 높은 비철 원재료,미국,니켈(기타),7508.90-9000,55,54,니켈,2,0,대구만,대은금속(북구); 평화금속(북구),,31
철강,특정국 의존도가 높은 비철 원재료,콩고,구리(음극과 음극의 형재),7403.11-0000,1327,54,구리,0,0,없음,,,31
철강,특정국 의존도가 높은 비철 원재료,인도네시아,주석 도금 웨이스트와 스크랩,8001.10-0000,239,51,웨이스트 스크랩,11,0,대구만,삼일철강(달성군); 신에이메탈코리아(주)(북구); 신에이코리아 주식회사(북구),,31
철강,특정국 의존도가 높은 비철 원재료,호주,"금(막대, 반가공)",7108.13-9010,1203,49,금,5,0,대구만,대경옹골파이프(달성군); 수미금속(북구); (주)신흥환경금속(서구),,31
철강,특정국 의존도가 높은 비철 원재료,베트남,구리(관),7411.10-0000,109,49,구리,0,0,없음,,,31
철강,특정국 의존도가 높은 비철 원재료,남아공,플라티늄(가루),7110.11-0000,277,48,플라티늄,0,0,없음,,,31
철강,특정국 의존도가 높은 비철 원재료,멕시코,납광,2607.00-0000,1399,47,납광,0,0,없음,,,31
철강,특정국 의존도가 높은 비철 원재료,미국,탄탈륨(기타),8103.99-0000,53,45,탄탈륨,0,0,없음,,,31
철강,특정국 의존도가 높은 비철 원재료,일본,"구리(박, 두께 0.15mm이하)",7410.11-0000,206,43,구리,0,0,없음,,,31
철강,특정국 의존도가 높은 비철 원재료,남아공,팔라듐(가루),7110.21-0000,213,41,팔라듐,0,0,없음,,,31
철강,특정국 의존도가 높은 비철 원재료,중국,"구리(박, 인쇄회로용)",7410.21-1000,166,40,구리,0,0,없음,,,31
철강,특정국 의존도가 높은 비철 원재료,인도네시아,니켈(음극),7502.10-1000,52,39,니켈,2,0,대구만,대은금속(북구); 평화금속(북구),,31
철강,특정국 의존도가 높은 비철 원재료,호주,"금(기타, 미가공)",7108.12-9000,1574,37,금,5,0,대구만,대경옹골파이프(달성군); 수미금속(북구); (주)신흥환경금속(서구),,31
철강,특정국 의존도가 높은 비철 원재료,태국,알루미늄(캔의 웨이스트와 스크랩),7602.00-1000,257,37,알루미늄,55,0,대구만,(주)동성하이텍(달성군); (주)제이케이무역(달성군); (주)진산산업건설(동구),,31
철강,특정국 의존도가 높은 비철 원재료,멕시코,은광,2616.10-0000,190,36,은광,0,0,없음,,,31
철강,특정국 의존도가 높은 비철 원재료,영국,로듐(가루),7110.31-0000,134,36,로듐,0,0,없음,,,31
철강,특정국 의존도가 높은 비철 원재료,칠레,몰리브덴광(기타),2613.90-0000,135,35,몰리브덴광,0,0,없음,,,31
철강,특정국 의존도가 높은 비철 원재료,페루,구리(시멘트동),7401.00-2000,35,35,구리,0,0,없음,,,31
철강,특정국 의존도가 높은 비철 원재료,호주,니켈(가루),7504.00-1000,150,33,니켈,2,0,대구만,대은금속(북구); 평화금속(북구),,31
철강,특정국 의존도가 높은 비철 원재료,칠레,몰리브덴광(배소한 것),2613.10-0000,242,33,몰리브덴광,0,0,없음,,,31
철강,특정국 의존도가 높은 비철 원재료,러시아,알루미늄(괴),7601.10-0000,1028,33,알루미늄,55,0,대구만,(주)동성하이텍(달성군); (주)제이케이무역(달성군); (주)진산산업건설(동구),,31
철강,특정국 의존도가 높은 비철 원재료,멕시코,아연광,2608.00-0000,541,31,아연광,0,0,없음,,,31
철강,특정국 의존도가 높은 비철 원재료,캐나다,니켈(괴),7502.10-9000,76,31,니켈,2,0,대구만,대은금속(북구); 평화금속(북구),,31
철강,특정국 의존도가 높은 비철 원재료,미국,"동(웨이스트, 스크랩)",7404.00-0000,816,30,동,6,0,대구만,신성비철산업(동구); 주식회사 알리파크(북구); 한일비철금속(북구),,31
철강,특정국 의존도가 높은 비철 원재료,미국,알루미늄(기타 웨이스트와 스크랩),7602.00-9000,353,29,알루미늄,55,0,대구만,(주)동성하이텍(달성군); (주)제이케이무역(달성군); (주)진산산업건설(동구),,31
철강,특정국 의존도가 높은 비철 원재료,카타르,알루미늄(캐스팅 얼로이),7601.20-1000,252,29,알루미늄,55,0,대구만,(주)동성하이텍(달성군); (주)제이케이무역(달성군); (주)진산산업건설(동구),,31
철강,특정국 의존도가 높은 비철 원재료,칠레,구리광,2603.00-0000,1640,27,구리광,0,0,없음,,,31
철강,특정국 의존도가 높은 비철 원재료,스페인,구리(정제하지 않은 구리),7402.00-1000,38,27,구리,0,0,없음,,,31
철강,특정국 의존도가 높은 비철 원재료,뉴질랜드,알루미늄(합금괴),7601.20-9000,47,23,알루미늄,55,0,대구만,(주)동성하이텍(달성군); (주)제이케이무역(달성군); (주)진산산업건설(동구),,31
철강,특정국 의존도가 높은 철강 원재료,브라질,페로니오븀,7202.93-0000,222,100,페로니오븀,0,0,없음,,,31
철강,특정국 의존도가 높은 철강 원재료,중국,반성 코크스,2704.00-2000,46,100,코크스,0,0,없음,,,31
철강,특정국 의존도가 높은 철강 원재료,중국,코크스(석탄),2704.00-1010,39,99,코크스,0,0,없음,,,31
철강,특정국 의존도가 높은 철강 원재료,중국,기타 합금철,7202.99-9000,22,96,합금철,0,0,없음,,,31
철강,특정국 의존도가 높은 철강 원재료,호주,유연탄(PCI),2701.12-9010,1056,90,유연탄,0,0,없음,,,31
철강,특정국 의존도가 높은 철강 원재료,호주,"철광(응결시키지 않은 것, 기타)",2601.11-9000,4504,89,철광,0,0,없음,,,31
철강,특정국 의존도가 높은 철강 원재료,러시아,비합금선철(제강용),7201.10-2000,23,87,비합금선철,0,0,없음,,,31
철강,특정국 의존도가 높은 철강 원재료,말레이시아,페로실리코망간,7202.30-0000,148,83,페로실리코망간,0,0,없음,,,31
철강,특정국 의존도가 높은 철강 원재료,중국,페로바나듐,7202.92-0000,25,81,페로바나듐,0,0,없음,,,31
철강,특정국 의존도가 높은 철강 원재료,일본,기타 철의 웨이스트와 스크랩,7204.49-0000,371,80,웨이스트 스크랩,11,0,대구만,삼일철강(달성군); 신에이메탈코리아(주)(북구); 신에이코리아 주식회사(북구),,31
철강,특정국 의존도가 높은 철강 원재료,인도,페로망간(기타),7202.19-0000,19,79,페로망간,0,0,없음,,,31
철강,특정국 의존도가 높은 철강 원재료,인도,페로망간(탄소 함유량 2% 초과),7202.11-0000,54,78,페로망간,0,0,없음,,,31
철강,특정국 의존도가 높은 철강 원재료,일본,석회석,2521.00-1000,35,73,석회석,0,0,없음,,,31
철강,특정국 의존도가 높은 철강 원재료,인도네시아,페로니켈,7202.60-0000,269,73,페로니켈,0,0,없음,,,31
철강,특정국 의존도가 높은 철강 원재료,브라질,"철강(응결시킨 것, 적철광)",2601.12-1000,650,66,철강,16,0,대구만,신우특수강(달성군); 주식회사 베스트개발(북구); (주)대경특수산업(달성군),,31
철강,특정국 의존도가 높은 철강 원재료,러시아,비합금선철(주물용),7201.10-1000,25,61,비합금선철,0,0,없음,,,31
철강,특정국 의존도가 높은 철강 원재료,호주,유연탄(반약점결탄),2701.12-2000,1050,56,유연탄,0,0,없음,,,31
철강,특정국 의존도가 높은 철강 원재료,호주,유연탄(강점결탄),2701.12-1000,1198,52,유연탄,0,0,없음,,,31
철강,특정국 의존도가 높은 철강 원재료,카자흐스탄,페로크로뮴(기타),7202.49-0000,28,49,페로크로뮴,0,0,없음,,,31
철강,특정국 의존도가 높은 철강 원재료,일본,합금강용 가루,7205.21-0000,34,46,가루,0,0,없음,,,31
철강,특정국 의존도가 높은 철강 원재료,중국,페로실리콘,7202.21-0000,112,45,페로실리콘,0,0,없음,,,31
철강,특정국 의존도가 높은 철강 원재료,스웨덴,기타 철강가루,7205.29-0000,31,45,철강가루,0,0,없음,,,31
철강,특정국 의존도가 높은 철강 원재료,브라질,"선삭, 세이빙, 칩, 밀링웨이스트 등",7202.41-0000,202,39,선삭 세이빙 칩 밀링웨이스트,3,0,대구만,(주)정담산업(달서구); 그린수지(달서구); 일진수지(달서구),,31
철강,특정국 의존도가 높은 철강 원재료,캐나다,"철강(응결시키지 않은 것, 적철광)",2601.11-1000,418,37,철강,16,0,대구만,신우특수강(달성군); 주식회사 베스트개발(북구); (주)대경특수산업(달성군),,31
철강,특정국 의존도가 높은 철강 원재료,태국,웨이스트와 스크랩(스테인리스강),7204.21-0000,139,30,웨이스트 스크랩,11,0,대구만,삼일철강(달성군); 신에이메탈코리아(주)(북구); 신에이코리아 주식회사(북구),,31
조선,특정국 의존도가 높은 선박용 기자재,영국,"가스터빈(출력 5,000kW초과)",8411.82-9010,47,100,가스터빈,0,0,없음,,,35
조선,특정국 의존도가 높은 선박용 기자재,핀란드,,8409.99-8020,54,85,,568,0,대구만,(주)국제물류기계(북구); (주)그린테크(북구); (주)기문에프엔드아이(달성군),,35
조선,특정국 의존도가 높은 선박용 기자재,일본,추진기와 블레이드,8487.10-0000,47,71,추진기 블레이드,1,0,대구만,주식회사아크로이엔지(북구),,35
조선,특정국 의존도가 높은 선박용 기자재,일본,아웃보드모터,8407.21-0000,16,67,아웃보드모터,0,0,없음,,,35
조선,특정국 의존도가 높은 선박용 기자재,핀란드,"선박엔진(출력 2,000kW초과)",8408.10-3000,61,65,선박엔진,31,0,대구만,유림공업(주)(북구); 제영정공(북구); 혜성정공(북구),,35
조선,특정국 의존도가 높은 선박용 기자재,일본,"선박엔진(출력 300kW초과 2,000kW이하)",8408.10-2000,26,56,선박엔진,31,0,대구만,유림공업(주)(북구); 제영정공(북구); 혜성정공(북구),,35
조선,특정국 의존도가 높은 선박용 기자재,노르웨이,기타 부분품,8479.90-9070,68,48,기타부분품,0,0,없음,,,35
조선,특정국 의존도가 높은 선박용 철강재,중국,"STS냉연강판(두께 0.5mm이상 1mm이하, 니켈계)",7219.34-1010,28,100,STS냉연강판,0,0,없음,,,35
조선,특정국 의존도가 높은 선박용 철강재,중국,"강관(용접, 사각형)",7306.61-1090,42,97,강관,8,0,대구만,(주)삼일이엔씨(달성군); (주)휴스틸대구영업소(북구); 잇코봇(ITCOBOT)(북구),,35
조선,특정국 의존도가 높은 선박용 철강재,중국,"STS냉연강판(두께 1mm초과 3mm미만, 니켈계)",7219.33-1010,19,95,STS냉연강판,0,0,없음,,,35
조선,특정국 의존도가 높은 선박용 철강재,중국,형강(L),7216.21-0000,27,89,형강,0,0,없음,,,35
조선,특정국 의존도가 높은 선박용 철강재,일본,후판(두께 4.75mm이상 10mm이하),7208.52-9000,56,83,후판,0,0,없음,,,35
조선,특정국 의존도가 높은 선박용 철강재,일본,형강(U),7216.31-0000,25,82,형강,0,0,없음,,,35
조선,특정국 의존도가 높은 선박용 철강재,중국,강관(기타),7304.39-0000,88,81,강관,8,0,대구만,(주)삼일이엔씨(달성군); (주)휴스틸대구영업소(북구); 잇코봇(ITCOBOT)(북구),,35
조선,특정국 의존도가 높은 선박용 철강재,일본,"STS냉연강판(두께 0.5mm미만, 니켈계)",7219.35-1010,9,77,STS냉연강판,0,0,없음,,,35
조선,특정국 의존도가 높은 선박용 철강재,중국,강관(STS냉연),7304.41-0000,77,75,강관,8,0,대구만,(주)삼일이엔씨(달성군); (주)휴스틸대구영업소(북구); 잇코봇(ITCOBOT)(북구),,35
조선,특정국 의존도가 높은 선박용 철강재,중국,강관(가스배관용),7304.19-0000,42,75,강관,8,0,대구만,(주)삼일이엔씨(달성군); (주)휴스틸대구영업소(북구); 잇코봇(ITCOBOT)(북구),,35
조선,특정국 의존도가 높은 선박용 철강재,일본,형강(I),7216.32-0000,10,74,형강,0,0,없음,,,35
조선,특정국 의존도가 높은 선박용 철강재,중국,철강관(바깥지름 114.3mm초과),7306.40-1000,12,73,철강관,1,0,대구만,선우테크(서구),,35
조선,특정국 의존도가 높은 선박용 철강재,중국,형강(합금강),7228.70-9000,15,70,형강,0,0,없음,,,35
조선,특정국 의존도가 높은 선박용 철강재,중국,"강관(용접, 지름 114.3mm이하)",7306.30-2090,10,70,강관,8,0,대구만,(주)삼일이엔씨(달성군); (주)휴스틸대구영업소(북구); 잇코봇(ITCOBOT)(북구),,35
조선,특정국 의존도가 높은 선박용 철강재,일본,"형강(H, 높이 300mm미만)",7216.33-3000,60,70,형강,0,0,없음,,,35
조선,특정국 의존도가 높은 선박용 철강재,중국,STS냉연강판(두께 3mm이상 4.75mm미만),7219.32-9000,9,66,STS냉연강판,0,0,없음,,,35
조선,특정국 의존도가 높은 선박용 철강재,중국,"STS냉연강판(두께 1mm초과 3mm미만, 기타)",7219.33-9000,38,66,STS냉연강판,0,0,없음,,,35
조선,특정국 의존도가 높은 선박용 철강재,중국,"후판(두께 10mm초과, 인장강도 490Mp이상)",7208.51-1000,22,64,후판,0,0,없음,,,35
조선,특정국 의존도가 높은 선박용 철강재,중국,STS냉연강판(두께 0.5mm이상 1mm이하),7219.34-9000,42,63,STS냉연강판,0,0,없음,,,35
조선,특정국 의존도가 높은 선박용 철강재,일본,형강(기타),7216.50-0000,21,62,형강,0,0,없음,,,35
조선,특정국 의존도가 높은 선박용 철강재,중국,강관(냉연),7304.31-0000,34,61,강관,8,0,대구만,(주)삼일이엔씨(달성군); (주)휴스틸대구영업소(북구); 잇코봇(ITCOBOT)(북구),,35
조선,특정국 의존도가 높은 선박용 철강재,일본,STS열연코일(두께 3mm이상 4.75mm미만),7219.13-9000,49,61,STS열연코일,0,0,없음,,,35
조선,특정국 의존도가 높은 선박용 철강재,일본,STS냉연강판(폭 600mm미만),7220.20-1090,19,60,STS냉연강판,0,0,없음,,,35
조선,특정국 의존도가 높은 선박용 철강재,일본,"형강(L, 높이 80mm이상)",7216.40-1000,55,59,형강,0,0,없음,,,35
조선,특정국 의존도가 높은 선박용 철강재,중국,"강관(용접, 지름 114.3mm이하, STS)",7306.40-2000,35,56,강관,8,0,대구만,(주)삼일이엔씨(달성군); (주)휴스틸대구영업소(북구); 잇코봇(ITCOBOT)(북구),,35
조선,특정국 의존도가 높은 선박용 철강재,베트남,"STS냉연강판(두께 0.5mm미만, 기타)",7219.35-1090,13,56,STS냉연강판,0,0,없음,,,35
조선,특정국 의존도가 높은 선박용 철강재,중국,STS열연코일(두께 4.75mm이상 10mm이하),7219.12-9000,20,55,STS열연코일,0,0,없음,,,35
조선,특정국 의존도가 높은 선박용 철강재,대만,"STS열연코일(두께 3mm미만, 니켈계)",7219.14-1090,8,55,STS열연코일,0,0,없음,,,35
조선,특정국 의존도가 높은 선박용 철강재,중국,후판(두께 10mm초과),7208.51-9000,462,53,후판,0,0,없음,,,35
조선,특정국 의존도가 높은 선박용 철강재,중국,"강관(가스배관용, STS)",7304.11-0000,16,52,강관,8,0,대구만,(주)삼일이엔씨(달성군); (주)휴스틸대구영업소(북구); 잇코봇(ITCOBOT)(북구),,35
조선,특정국 의존도가 높은 선박용 철강재,베트남,"형강(H, 높이 300mm이상 600mm이하)",7216.33-4000,40,51,형강,0,0,없음,,,35
조선,특정국 의존도가 높은 선박용 철강재,중국,"STS열연코일(두께 10mm초과, 니켈계)",7219.11-1090,16,50,STS열연코일,0,0,없음,,,35
조선,특정국 의존도가 높은 선박용 철강재,중국,강관(STS),7304.49-0000,52,50,강관,8,0,대구만,(주)삼일이엔씨(달성군); (주)휴스틸대구영업소(북구); 잇코봇(ITCOBOT)(북구),,35
조선,특정국 의존도가 높은 선박용 철강재,중국,강관(합금),7304.59-0000,46,48,강관,8,0,대구만,(주)삼일이엔씨(달성군); (주)휴스틸대구영업소(북구); 잇코봇(ITCOBOT)(북구),,35
조선,특정국 의존도가 높은 선박용 철강재,일본,"형강(H, 높이 600mm초과)",7216.33-5000,5,48,형강,0,0,없음,,,35
조선,특정국 의존도가 높은 선박용 철강재,중국,STS열연강판(기타),7225.40-9099,15,45,STS열연강판,0,0,없음,,,35
석유화학,,일본,톨루올(톨루엔),2707.20-0000,57,100,톨루올,0,0,없음,,,43
석유화학,,일본,파라-크실렌,2902.43-0000,76,100,파라크실렌,0,0,없음,,,43
석유화학,,일본,벤젠,2902.20-0000,77,100,벤젠,0,0,없음,,,43
석유화학,,일본,시클로헥산올,2906.12-0000,58,99,시클로헥산올,0,0,없음,,,43
석유화학,,미국,부탄,2901.10-1000,228,97,부탄,0,0,없음,,,43
석유화학,,대만,비스페놀에이,2907.23-1000,48,92,비스페놀에이,0,0,없음,,,43
석유화학,,일본,자일렌,2707.30-0000,154,87,자일렌,0,0,없음,,,43
석유화학,,일본,프로필렌,2901.22-0000,223,86,프로필렌,1,0,대구만,(주)쏠텍(달서구),,43
석유화학,,일본,기타 방향족 탄화수소혼합물,2707.50-0000,155,80,탄화수소혼합물,0,0,없음,,,43
석유화학,,독일,기타 방향족 모노아민,2921.49-9000,92,79,모노아민,0,0,없음,,,43
석유화학,,인도,기타 모노카르복시산,2916.19-0000,51,76,모노카르복시산,0,0,없음,,,43
석유화학,,미국,헥사메틸렌디아민,2921.22-1000,49,69,헥사메틸렌디아민,0,0,없음,,,43
석유화학,,인도네시아,글루탐산 나트륨,2922.42-2000,47,64,나트륨,2,0,대구만,(주)제이텍워터(달성군); 대광약품주식회사(서구),,43
석유화학,,미국,옥텐,2901.29-2000,89,56,옥텐,0,0,없음,,,43
석유화학,,말레이시아,기타 부탄올,2905.14-0000,29,55,부탄올,0,0,없음,,,43
석유화학,,태국,페놀,2907.11-1000,39,55,페놀,0,0,없음,,,43
석유화학,,중국,기타 유기-황화합물,2930.90-9090,144,53,유기황화합물,0,0,없음,,,43
석유화학,,이탈리아,콜린의 염,2923.10-2000,42,53,염,0,0,없음,,,43
석유화학,,중국,"기타 핵산, 헤테로고리 화합물",2934.99-9000,161,52,핵산 헤테로고리,0,0,없음,,,43
석유화학,,대만,"1,4-부탄디올",2905.39-1000,27,52,1 4부탄디올,1,0,대구만,금영정공(주)(달성군),,43
석유화학,,중국,기타 에테르알코올과 유도체,2909.49-9000,46,49,에테르알코올 유도체,0,0,없음,,,43
석유화학,,독일,기타 질소관능화합물,2929.90-0000,39,49,질소관능화합물,0,0,없음,,,43
석유화학,,일본,톨루엔,2902.30-0000,204,47,톨루엔,0,0,없음,,,43
석유화학,,말레이시아,글리세롤,2905.45-0000,28,47,글리세롤,0,0,없음,,,43
석유화학,,중국,기타 술폰아미드,2935.90-9000,34,45,술폰아미드,0,0,없음,,,43
석유화학,,말레이시아,노르말-부틸알코올,2905.13-0000,25,45,노르말부틸알코올,0,0,없음,,,43
석유화학,,일본,2-에틸헥실알코올,2905.16-1000,25,44,2에틸헥실알코올,0,0,없음,,,43
석유화학,,미국,메탄올,2905.11-0000,275,43,메탄올,0,0,없음,,,43
석유화학,,독일,이소노닐알코올,2905.19-3000,33,43,이소노닐알코올,0,0,없음,,,43
석유화학,,중국,기타 아미노알코올과 유도체,2922.19-9000,45,41,아미노알코올 유도체,0,0,없음,,,43
석유화학,,중국,질소고리화합물(트리아진),2933.69-9099,32,40,질소고리화합물,0,0,없음,,,43
석유화학,,미국,프로필렌옥사이드,2910.20-0000,22,40,프로필렌옥사이드,0,0,없음,,,43
석유화학,,미국,기타 비환식모노아민,2921.19-9090,34,40,비환식모노아민,0,0,없음,,,43
석유화학,,중국,기타 할로겐화 유기인 유도체,2931.90-9090,109,39,유도체,0,0,없음,,,43
석유화학,,중국,질소고리화합물(피리딘),2933.39-9000,55,38,질소고리화합물,0,0,없음,,,43
석유화학,,일본,에피클로로히드린,2910.30-0000,52,38,에피클로로히드린,0,0,없음,,,43
석유화학,,중국,기타 락탐,2933.79-9000,61,37,락탐,0,0,없음,,,43
석유화학,,인도,질소고리화합물(이미다졸),2933.29-9090,25,37,질소고리화합물,0,0,없음,,,43
석유화학,,일본,스티렌,2902.50-0000,193,34,스티렌,0,0,없음,,,43
석유화학,,중국,기타 산소고리화합물,2932.99-9090,48,33,산소고리화합물,0,0,없음,,,43
석유화학,,중국,프레온,2903.59-0000,19,31,프레온,1,0,대구만,범텍(주)(동구),,43
석유화학,,일본,기타 콜타르 추출물,2707.99-9000,27,30,추출물,1,0,대구만,바이루트(주)(군위군),,43
석유화학,특정국 의존도가 높은 중간재,중국,기타 방향족 폴리카르복시산,2917.39-9000,63,76,폴리카르복시산,0,0,없음,,,43
석유화학,특정국 의존도가 높은 중간재,중국,기타 제4암모늄염 등,2923.90-0000,92,75,제4암모늄염,0,0,없음,,,43
석유화학,특정국 의존도가 높은 중간재,중국,메타아크릴산메틸,2916.14-1000,44,72,메타아크릴산메틸,0,0,없음,,,43
석유화학,특정국 의존도가 높은 중간재,중국,냉매(HFO-1234yf),2903.51-0000,87,72,냉매,0,0,없음,,,43
석유화학,특정국 의존도가 높은 중간재,중국,기타 초산 에스테르,2915.39-9000,88,71,에스테르,13,0,대구만,(주)삼원산업(북구); (주)원영T&B(북구); (주)태광가연(달성군),,43
석유화학,특정국 의존도가 높은 중간재,중국,기타 할로카본,2903.99-9000,35,67,할로카본,0,0,없음,,,43
석유화학,특정국 의존도가 높은 중간재,중국,질소고리화합물(기타),2933.99-9090,180,66,질소고리화합물,0,0,없음,,,43
석유화학,특정국 의존도가 높은 중간재,중국,메틸에틸케톤,2914.12-0000,53,61,메틸에틸케톤,0,0,없음,,,43
석유화학,특정국 의존도가 높은 중간재,중국,기타 산소관능아미노화합물,2922.50-9000,30,59,산소관능아미노화합물,0,0,없음,,,43
석유화학,특정국 의존도가 높은 중간재,중국,기타 아미노산,2922.49-9000,34,58,아미노산,0,0,없음,,,43
석유화학,특정국 의존도가 높은 중간재,중국,기타 환식아미드,2924.29-9099,30,57,환식아미드,0,0,없음,,,43
석유화학,특정국 의존도가 높은 중간재,중국,기타 비환식아미드,2924.19-9090,47,56,비환식아미드,0,0,없음,,,43
석유화학,특정국 의존도가 높은 중간재,중국,기타 이소시아네이트,2929.10-9000,28,54,이소시아네이트,0,0,없음,,,43
