region,sector,indicator,value,page,source
수도권,석탄 및 석유제품,생산,1.496,54,"한국은행 「우리나라 주요 제조업 생산 및 공급망 지도」(2026.7) 부록, 한국은행 지역산업연관표(2020)"
수도권,기초 화학물질,생산,1.743,54,"한국은행 「우리나라 주요 제조업 생산 및 공급망 지도」(2026.7) 부록, 한국은행 지역산업연관표(2020)"
수도권,철강 1차제품,생산,2.170,54,"한국은행 「우리나라 주요 제조업 생산 및 공급망 지도」(2026.7) 부록, 한국은행 지역산업연관표(2020)"
수도권,반도체,생산,1.523,54,"한국은행 「우리나라 주요 제조업 생산 및 공급망 지도」(2026.7) 부록, 한국은행 지역산업연관표(2020)"
수도권,전자표시장치,생산,1.676,54,"한국은행 「우리나라 주요 제조업 생산 및 공급망 지도」(2026.7) 부록, 한국은행 지역산업연관표(2020)"
수도권,"통신, 방송 및 영상, 음향기기",생산,1.867,54,"한국은행 「우리나라 주요 제조업 생산 및 공급망 지도」(2026.7) 부록, 한국은행 지역산업연관표(2020)"
수도권,컴퓨터 및 주변기기,생산,1.555,54,"한국은행 「우리나라 주요 제조업 생산 및 공급망 지도」(2026.7) 부록, 한국은행 지역산업연관표(2020)"
수도권,전기장비,생산,2.041,54,"한국은행 「우리나라 주요 제조업 생산 및 공급망 지도」(2026.7) 부록, 한국은행 지역산업연관표(2020)"
수도권,일반목적용 기계,생산,2.177,54,"한국은행 「우리나라 주요 제조업 생산 및 공급망 지도」(2026.7) 부록, 한국은행 지역산업연관표(2020)"
수도권,특수목적용 기계,생산,1.975,54,"한국은행 「우리나라 주요 제조업 생산 및 공급망 지도」(2026.7) 부록, 한국은행 지역산업연관표(2020)"
수도권,자동차,생산,2.454,54,"한국은행 「우리나라 주요 제조업 생산 및 공급망 지도」(2026.7) 부록, 한국은행 지역산업연관표(2020)"
수도권,선박,생산,2.210,54,"한국은행 「우리나라 주요 제조업 생산 및 공급망 지도」(2026.7) 부록, 한국은행 지역산업연관표(2020)"
수도권,석탄 및 석유제품,수입,0.685,54,"한국은행 「우리나라 주요 제조업 생산 및 공급망 지도」(2026.7) 부록, 한국은행 지역산업연관표(2020)"
수도권,기초 화학물질,수입,0.469,54,"한국은행 「우리나라 주요 제조업 생산 및 공급망 지도」(2026.7) 부록, 한국은행 지역산업연관표(2020)"
수도권,철강 1차제품,수입,0.375,54,"한국은행 「우리나라 주요 제조업 생산 및 공급망 지도」(2026.7) 부록, 한국은행 지역산업연관표(2020)"
수도권,반도체,수입,0.332,54,"한국은행 「우리나라 주요 제조업 생산 및 공급망 지도」(2026.7) 부록, 한국은행 지역산업연관표(2020)"
수도권,전자표시장치,수입,0.405,54,"한국은행 「우리나라 주요 제조업 생산 및 공급망 지도」(2026.7) 부록, 한국은행 지역산업연관표(2020)"
수도권,"통신, 방송 및 영상, 음향기기",수입,0.366,54,"한국은행 「우리나라 주요 제조업 생산 및 공급망 지도」(2026.7) 부록, 한국은행 지역산업연관표(2020)"
수도권,컴퓨터 및 주변기기,수입,0.526,54,"한국은행 「우리나라 주요 제조업 생산 및 공급망 지도」(2026.7) 부록, 한국은행 지역산업연관표(2020)"
수도권,전기장비,수입,0.332,54,"한국은행 「우리나라 주요 제조업 생산 및 공급망 지도」(2026.7) 부록, 한국은행 지역산업연관표(2020)"
수도권,일반목적용 기계,수입,0.269,54,"한국은행 「우리나라 주요 제조업 생산 및 공급망 지도」(2026.7) 부록, 한국은행 지역산업연관표(2020)"
수도권,특수목적용 기계,수입,0.278,54,"한국은행 「우리나라 주요 제조업 생산 및 공급망 지도」(2026.7) 부록, 한국은행 지역산업연관표(2020)"
수도권,자동차,수입,0.294,54,"한국은행 「우리나라 주요 제조업 생산 및 공급망 지도」(2026.7) 부록, 한국은행 지역산업연관표(2020)"
수도권,선박,수입,0.215,54,"한국은행 「우리나라 주요 제조업 생산 및 공급망 지도」(2026.7) 부록, 한국은행 지역산업연관표(2020)"
수도권,석탄 및 석유제품,부가가치,0.315,54,"한국은행 「우리나라 주요 제조업 생산 및 공급망 지도」(2026.7) 부록, 한국은행 지역산업연관표(2020)"
수도권,기초 화학물질,부가가치,0.531,54,"한국은행 「우리나라 주요 제조업 생산 및 공급망 지도」(2026.7) 부록, 한국은행 지역산업연관표(2020)"
수도권,철강 1차제품,부가가치,0.625,54,"한국은행 「우리나라 주요 제조업 생산 및 공급망 지도」(2026.7) 부록, 한국은행 지역산업연관표(2020)"
수도권,반도체,부가가치,0.668,54,"한국은행 「우리나라 주요 제조업 생산 및 공급망 지도」(2026.7) 부록, 한국은행 지역산업연관표(2020)"
수도권,전자표시장치,부가가치,0.595,54,"한국은행 「우리나라 주요 제조업 생산 및 공급망 지도」(2026.7) 부록, 한국은행 지역산업연관표(2020)"
수도권,"통신, 방송 및 영상, 음향기기",부가가치,0.634,54,"한국은행 「우리나라 주요 제조업 생산 및 공급망 지도」(2026.7) 부록, 한국은행 지역산업연관표(2020)"
수도권,컴퓨터 및 주변기기,부가가치,0.474,54,"한국은행 「우리나라 주요 제조업 생산 및 공급망 지도」(2026.7) 부록, 한국은행 지역산업연관표(2020)"
수도권,전기장비,부가가치,0.668,54,"한국은행 「우리나라 주요 제조업 생산 및 공급망 지도」(2026.7) 부록, 한국은행 지역산업연관표(2020)"
수도권,일반목적용 기계,부가가치,0.731,54,"한국은행 「우리나라 주요 제조업 생산 및 공급망 지도」(2026.7) 부록, 한국은행 지역산업연관표(2020)"
수도권,특수목적용 기계,부가가치,0.722,54,"한국은행 「우리나라 주요 제조업 생산 및 공급망 지도」(2026.7) 부록, 한국은행 지역산업연관표(2020)"
수도권,자동차,부가가치,0.706,54,"한국은행 「우리나라 주요 제조업 생산 및 공급망 지도」(2026.7) 부록, 한국은행 지역산업연관표(2020)"
수도권,선박,부가가치,0.785,54,"한국은행 「우리나라 주요 제조업 생산 및 공급망 지도」(2026.7) 부록, 한국은행 지역산업연관표(2020)"
수도권,석탄 및 석유제품,취업(명/10억원),2.120,54,"한국은행 「우리나라 주요 제조업 생산 및 공급망 지도」(2026.7) 부록, 한국은행 지역산업연관표(2020)"
수도권,기초 화학물질,취업(명/10억원),3.517,54,"한국은행 「우리나라 주요 제조업 생산 및 공급망 지도」(2026.7) 부록, 한국은행 지역산업연관표(2020)"
수도권,철강 1차제품,취업(명/10억원),5.703,54,"한국은행 「우리나라 주요 제조업 생산 및 공급망 지도」(2026.7) 부록, 한국은행 지역산업연관표(2020)"
수도권,반도체,취업(명/10억원),2.587,54,"한국은행 「우리나라 주요 제조업 생산 및 공급망 지도」(2026.7) 부록, 한국은행 지역산업연관표(2020)"
수도권,전자표시장치,취업(명/10억원),3.883,54,"한국은행 「우리나라 주요 제조업 생산 및 공급망 지도」(2026.7) 부록, 한국은행 지역산업연관표(2020)"
수도권,"통신, 방송 및 영상, 음향기기",취업(명/10억원),4.516,54,"한국은행 「우리나라 주요 제조업 생산 및 공급망 지도」(2026.7) 부록, 한국은행 지역산업연관표(2020)"
수도권,컴퓨터 및 주변기기,취업(명/10억원),3.366,54,"한국은행 「우리나라 주요 제조업 생산 및 공급망 지도」(2026.7) 부록, 한국은행 지역산업연관표(2020)"
수도권,전기장비,취업(명/10억원),6.331,54,"한국은행 「우리나라 주요 제조업 생산 및 공급망 지도」(2026.7) 부록, 한국은행 지역산업연관표(2020)"
수도권,일반목적용 기계,취업(명/10억원),7.270,54,"한국은행 「우리나라 주요 제조업 생산 및 공급망 지도」(2026.7) 부록, 한국은행 지역산업연관표(2020)"
수도권,특수목적용 기계,취업(명/10억원),7.157,54,"한국은행 「우리나라 주요 제조업 생산 및 공급망 지도」(2026.7) 부록, 한국은행 지역산업연관표(2020)"
수도권,자동차,취업(명/10억원),6.433,54,"한국은행 「우리나라 주요 제조업 생산 및 공급망 지도」(2026.7) 부록, 한국은행 지역산업연관표(2020)"
수도권,선박,취업(명/10억원),10.525,54,"한국은행 「우리나라 주요 제조업 생산 및 공급망 지도」(2026.7) 부록, 한국은행 지역산업연관표(2020)"
충청권,석탄 및 석유제품,생산,1.382,55,"한국은행 「우리나라 주요 제조업 생산 및 공급망 지도」(2026.7) 부록, 한국은행 지역산업연관표(2020)"
충청권,기초 화학물질,생산,1.790,55,"한국은행 「우리나라 주요 제조업 생산 및 공급망 지도」(2026.7) 부록, 한국은행 지역산업연관표(2020)"
충청권,철강 1차제품,생산,1.842,55,"한국은행 「우리나라 주요 제조업 생산 및 공급망 지도」(2026.7) 부록, 한국은행 지역산업연관표(2020)"
충청권,반도체,생산,1.563,55,"한국은행 「우리나라 주요 제조업 생산 및 공급망 지도」(2026.7) 부록, 한국은행 지역산업연관표(2020)"
충청권,전자표시장치,생산,1.838,55,"한국은행 「우리나라 주요 제조업 생산 및 공급망 지도」(2026.7) 부록, 한국은행 지역산업연관표(2020)"
충청권,"통신, 방송 및 영상, 음향기기",생산,1.624,55,"한국은행 「우리나라 주요 제조업 생산 및 공급망 지도」(2026.7) 부록, 한국은행 지역산업연관표(2020)"
충청권,컴퓨터 및 주변기기,생산,1.711,55,"한국은행 「우리나라 주요 제조업 생산 및 공급망 지도」(2026.7) 부록, 한국은행 지역산업연관표(2020)"
충청권,전기장비,생산,2.095,55,"한국은행 「우리나라 주요 제조업 생산 및 공급망 지도」(2026.7) 부록, 한국은행 지역산업연관표(2020)"
충청권,일반목적용 기계,생산,2.287,55,"한국은행 「우리나라 주요 제조업 생산 및 공급망 지도」(2026.7) 부록, 한국은행 지역산업연관표(2020)"
충청권,특수목적용 기계,생산,2.160,55,"한국은행 「우리나라 주요 제조업 생산 및 공급망 지도」(2026.7) 부록, 한국은행 지역산업연관표(2020)"
충청권,자동차,생산,2.571,55,"한국은행 「우리나라 주요 제조업 생산 및 공급망 지도」(2026.7) 부록, 한국은행 지역산업연관표(2020)"
충청권,선박,생산,2.262,55,"한국은행 「우리나라 주요 제조업 생산 및 공급망 지도」(2026.7) 부록, 한국은행 지역산업연관표(2020)"
충청권,석탄 및 석유제품,수입,0.586,55,"한국은행 「우리나라 주요 제조업 생산 및 공급망 지도」(2026.7) 부록, 한국은행 지역산업연관표(2020)"
충청권,기초 화학물질,수입,0.518,55,"한국은행 「우리나라 주요 제조업 생산 및 공급망 지도」(2026.7) 부록, 한국은행 지역산업연관표(2020)"
충청권,철강 1차제품,수입,0.469,55,"한국은행 「우리나라 주요 제조업 생산 및 공급망 지도」(2026.7) 부록, 한국은행 지역산업연관표(2020)"
충청권,반도체,수입,0.381,55,"한국은행 「우리나라 주요 제조업 생산 및 공급망 지도」(2026.7) 부록, 한국은행 지역산업연관표(2020)"
충청권,전자표시장치,수입,0.265,55,"한국은행 「우리나라 주요 제조업 생산 및 공급망 지도」(2026.7) 부록, 한국은행 지역산업연관표(2020)"
충청권,"통신, 방송 및 영상, 음향기기",수입,0.336,55,"한국은행 「우리나라 주요 제조업 생산 및 공급망 지도」(2026.7) 부록, 한국은행 지역산업연관표(2020)"
충청권,컴퓨터 및 주변기기,수입,0.445,55,"한국은행 「우리나라 주요 제조업 생산 및 공급망 지도」(2026.7) 부록, 한국은행 지역산업연관표(2020)"
충청권,전기장비,수입,0.398,55,"한국은행 「우리나라 주요 제조업 생산 및 공급망 지도」(2026.7) 부록, 한국은행 지역산업연관표(2020)"
충청권,일반목적용 기계,수입,0.265,55,"한국은행 「우리나라 주요 제조업 생산 및 공급망 지도」(2026.7) 부록, 한국은행 지역산업연관표(2020)"
충청권,특수목적용 기계,수입,0.276,55,"한국은행 「우리나라 주요 제조업 생산 및 공급망 지도」(2026.7) 부록, 한국은행 지역산업연관표(2020)"
충청권,자동차,수입,0.268,55,"한국은행 「우리나라 주요 제조업 생산 및 공급망 지도」(2026.7) 부록, 한국은행 지역산업연관표(2020)"
충청권,선박,수입,0.200,55,"한국은행 「우리나라 주요 제조업 생산 및 공급망 지도」(2026.7) 부록, 한국은행 지역산업연관표(2020)"
충청권,석탄 및 석유제품,부가가치,0.414,55,"한국은행 「우리나라 주요 제조업 생산 및 공급망 지도」(2026.7) 부록, 한국은행 지역산업연관표(2020)"
충청권,기초 화학물질,부가가치,0.482,55,"한국은행 「우리나라 주요 제조업 생산 및 공급망 지도」(2026.7) 부록, 한국은행 지역산업연관표(2020)"
충청권,철강 1차제품,부가가치,0.531,55,"한국은행 「우리나라 주요 제조업 생산 및 공급망 지도」(2026.7) 부록, 한국은행 지역산업연관표(2020)"
충청권,반도체,부가가치,0.619,55,"한국은행 「우리나라 주요 제조업 생산 및 공급망 지도」(2026.7) 부록, 한국은행 지역산업연관표(2020)"
충청권,전자표시장치,부가가치,0.735,55,"한국은행 「우리나라 주요 제조업 생산 및 공급망 지도」(2026.7) 부록, 한국은행 지역산업연관표(2020)"
충청권,"통신, 방송 및 영상, 음향기기",부가가치,0.664,55,"한국은행 「우리나라 주요 제조업 생산 및 공급망 지도」(2026.7) 부록, 한국은행 지역산업연관표(2020)"
충청권,컴퓨터 및 주변기기,부가가치,0.555,55,"한국은행 「우리나라 주요 제조업 생산 및 공급망 지도」(2026.7) 부록, 한국은행 지역산업연관표(2020)"
충청권,전기장비,부가가치,0.602,55,"한국은행 「우리나라 주요 제조업 생산 및 공급망 지도」(2026.7) 부록, 한국은행 지역산업연관표(2020)"
충청권,일반목적용 기계,부가가치,0.735,55,"한국은행 「우리나라 주요 제조업 생산 및 공급망 지도」(2026.7) 부록, 한국은행 지역산업연관표(2020)"
충청권,특수목적용 기계,부가가치,0.724,55,"한국은행 「우리나라 주요 제조업 생산 및 공급망 지도」(2026.7) 부록, 한국은행 지역산업연관표(2020)"
충청권,자동차,부가가치,0.732,55,"한국은행 「우리나라 주요 제조업 생산 및 공급망 지도」(2026.7) 부록, 한국은행 지역산업연관표(2020)"
충청권,선박,부가가치,0.800,55,"한국은행 「우리나라 주요 제조업 생산 및 공급망 지도」(2026.7) 부록, 한국은행 지역산업연관표(2020)"
충청권,석탄 및 석유제품,취업(명/10억원),1.703,55,"한국은행 「우리나라 주요 제조업 생산 및 공급망 지도」(2026.7) 부록, 한국은행 지역산업연관표(2020)"
충청권,기초 화학물질,취업(명/10억원),3.192,55,"한국은행 「우리나라 주요 제조업 생산 및 공급망 지도」(2026.7) 부록, 한국은행 지역산업연관표(2020)"
충청권,철강 1차제품,취업(명/10억원),4.140,55,"한국은행 「우리나라 주요 제조업 생산 및 공급망 지도」(2026.7) 부록, 한국은행 지역산업연관표(2020)"
충청권,반도체,취업(명/10억원),2.737,55,"한국은행 「우리나라 주요 제조업 생산 및 공급망 지도」(2026.7) 부록, 한국은행 지역산업연관표(2020)"
충청권,전자표시장치,취업(명/10억원),3.766,55,"한국은행 「우리나라 주요 제조업 생산 및 공급망 지도」(2026.7) 부록, 한국은행 지역산업연관표(2020)"
충청권,"통신, 방송 및 영상, 음향기기",취업(명/10억원),2.413,55,"한국은행 「우리나라 주요 제조업 생산 및 공급망 지도」(2026.7) 부록, 한국은행 지역산업연관표(2020)"
충청권,컴퓨터 및 주변기기,취업(명/10억원),3.924,55,"한국은행 「우리나라 주요 제조업 생산 및 공급망 지도」(2026.7) 부록, 한국은행 지역산업연관표(2020)"
충청권,전기장비,취업(명/10억원),5.341,55,"한국은행 「우리나라 주요 제조업 생산 및 공급망 지도」(2026.7) 부록, 한국은행 지역산업연관표(2020)"
충청권,일반목적용 기계,취업(명/10억원),7.003,55,"한국은행 「우리나라 주요 제조업 생산 및 공급망 지도」(2026.7) 부록, 한국은행 지역산업연관표(2020)"
충청권,특수목적용 기계,취업(명/10억원),6.787,55,"한국은행 「우리나라 주요 제조업 생산 및 공급망 지도」(2026.7) 부록, 한국은행 지역산업연관표(2020)"
충청권,자동차,취업(명/10억원),6.507,55,"한국은행 「우리나라 주요 제조업 생산 및 공급망 지도」(2026.7) 부록, 한국은행 지역산업연관표(2020)"
충청권,선박,취업(명/10억원),10.115,55,"한국은행 「우리나라 주요 제조업 생산 및 공급망 지도」(2026.7) 부록, 한국은행 지역산업연관표(2020)"
호남권,석탄 및 석유제품,생산,1.392,56,"한국은행 「우리나라 주요 제조업 생산 및 공급망 지도」(2026.7) 부록, 한국은행 지역산업연관표(2020)"
호남권,기초 화학물질,생산,1.846,56,"한국은행 「우리나라 주요 제조업 생산 및 공급망 지도」(2026.7) 부록, 한국은행 지역산업연관표(2020)"
호남권,철강 1차제품,생산,1.877,56,"한국은행 「우리나라 주요 제조업 생산 및 공급망 지도」(2026.7) 부록, 한국은행 지역산업연관표(2020)"
호남권,반도체,생산,1.622,56,"한국은행 「우리나라 주요 제조업 생산 및 공급망 지도」(2026.7) 부록, 한국은행 지역산업연관표(2020)"
호남권,전자표시장치,생산,2.230,56,"한국은행 「우리나라 주요 제조업 생산 및 공급망 지도」(2026.7) 부록, 한국은행 지역산업연관표(2020)"
호남권,"통신, 방송 및 영상, 음향기기",생산,1.674,56,"한국은행 「우리나라 주요 제조업 생산 및 공급망 지도」(2026.7) 부록, 한국은행 지역산업연관표(2020)"
호남권,컴퓨터 및 주변기기,생산,1.438,56,"한국은행 「우리나라 주요 제조업 생산 및 공급망 지도」(2026.7) 부록, 한국은행 지역산업연관표(2020)"
호남권,전기장비,생산,2.151,56,"한국은행 「우리나라 주요 제조업 생산 및 공급망 지도」(2026.7) 부록, 한국은행 지역산업연관표(2020)"
호남권,일반목적용 기계,생산,2.236,56,"한국은행 「우리나라 주요 제조업 생산 및 공급망 지도」(2026.7) 부록, 한국은행 지역산업연관표(2020)"
호남권,특수목적용 기계,생산,2.359,56,"한국은행 「우리나라 주요 제조업 생산 및 공급망 지도」(2026.7) 부록, 한국은행 지역산업연관표(2020)"
호남권,자동차,생산,2.635,56,"한국은행 「우리나라 주요 제조업 생산 및 공급망 지도」(2026.7) 부록, 한국은행 지역산업연관표(2020)"
호남권,선박,생산,2.402,56,"한국은행 「우리나라 주요 제조업 생산 및 공급망 지도」(2026.7) 부록, 한국은행 지역산업연관표(2020)"
호남권,석탄 및 석유제품,수입,0.574,56,"한국은행 「우리나라 주요 제조업 생산 및 공급망 지도」(2026.7) 부록, 한국은행 지역산업연관표(2020)"
호남권,기초 화학물질,수입,0.556,56,"한국은행 「우리나라 주요 제조업 생산 및 공급망 지도」(2026.7) 부록, 한국은행 지역산업연관표(2020)"
호남권,철강 1차제품,수입,0.451,56,"한국은행 「우리나라 주요 제조업 생산 및 공급망 지도」(2026.7) 부록, 한국은행 지역산업연관표(2020)"
호남권,반도체,수입,0.482,56,"한국은행 「우리나라 주요 제조업 생산 및 공급망 지도」(2026.7) 부록, 한국은행 지역산업연관표(2020)"
호남권,전자표시장치,수입,0.345,56,"한국은행 「우리나라 주요 제조업 생산 및 공급망 지도」(2026.7) 부록, 한국은행 지역산업연관표(2020)"
호남권,"통신, 방송 및 영상, 음향기기",수입,0.412,56,"한국은행 「우리나라 주요 제조업 생산 및 공급망 지도」(2026.7) 부록, 한국은행 지역산업연관표(2020)"
호남권,컴퓨터 및 주변기기,수입,0.516,56,"한국은행 「우리나라 주요 제조업 생산 및 공급망 지도」(2026.7) 부록, 한국은행 지역산업연관표(2020)"
호남권,전기장비,수입,0.323,56,"한국은행 「우리나라 주요 제조업 생산 및 공급망 지도」(2026.7) 부록, 한국은행 지역산업연관표(2020)"
호남권,일반목적용 기계,수입,0.269,56,"한국은행 「우리나라 주요 제조업 생산 및 공급망 지도」(2026.7) 부록, 한국은행 지역산업연관표(2020)"
호남권,특수목적용 기계,수입,0.223,56,"한국은행 「우리나라 주요 제조업 생산 및 공급망 지도」(2026.7) 부록, 한국은행 지역산업연관표(2020)"
호남권,자동차,수입,0.274,56,"한국은행 「우리나라 주요 제조업 생산 및 공급망 지도」(2026.7) 부록, 한국은행 지역산업연관표(2020)"
호남권,선박,수입,0.308,56,"한국은행 「우리나라 주요 제조업 생산 및 공급망 지도」(2026.7) 부록, 한국은행 지역산업연관표(2020)"
호남권,석탄 및 석유제품,부가가치,0.426,56,"한국은행 「우리나라 주요 제조업 생산 및 공급망 지도」(2026.7) 부록, 한국은행 지역산업연관표(2020)"
호남권,기초 화학물질,부가가치,0.444,56,"한국은행 「우리나라 주요 제조업 생산 및 공급망 지도」(2026.7) 부록, 한국은행 지역산업연관표(2020)"
호남권,철강 1차제품,부가가치,0.549,56,"한국은행 「우리나라 주요 제조업 생산 및 공급망 지도」(2026.7) 부록, 한국은행 지역산업연관표(2020)"
호남권,반도체,부가가치,0.518,56,"한국은행 「우리나라 주요 제조업 생산 및 공급망 지도」(2026.7) 부록, 한국은행 지역산업연관표(2020)"
호남권,전자표시장치,부가가치,0.655,56,"한국은행 「우리나라 주요 제조업 생산 및 공급망 지도」(2026.7) 부록, 한국은행 지역산업연관표(2020)"
호남권,"통신, 방송 및 영상, 음향기기",부가가치,0.588,56,"한국은행 「우리나라 주요 제조업 생산 및 공급망 지도」(2026.7) 부록, 한국은행 지역산업연관표(2020)"
호남권,컴퓨터 및 주변기기,부가가치,0.484,56,"한국은행 「우리나라 주요 제조업 생산 및 공급망 지도」(2026.7) 부록, 한국은행 지역산업연관표(2020)"
호남권,전기장비,부가가치,0.677,56,"한국은행 「우리나라 주요 제조업 생산 및 공급망 지도」(2026.7) 부록, 한국은행 지역산업연관표(2020)"
호남권,일반목적용 기계,부가가치,0.731,56,"한국은행 「우리나라 주요 제조업 생산 및 공급망 지도」(2026.7) 부록, 한국은행 지역산업연관표(2020)"
호남권,특수목적용 기계,부가가치,0.777,56,"한국은행 「우리나라 주요 제조업 생산 및 공급망 지도」(2026.7) 부록, 한국은행 지역산업연관표(2020)"
호남권,자동차,부가가치,0.726,56,"한국은행 「우리나라 주요 제조업 생산 및 공급망 지도」(2026.7) 부록, 한국은행 지역산업연관표(2020)"
호남권,선박,부가가치,0.692,56,"한국은행 「우리나라 주요 제조업 생산 및 공급망 지도」(2026.7) 부록, 한국은행 지역산업연관표(2020)"
호남권,석탄 및 석유제품,취업(명/10억원),1.717,56,"한국은행 「우리나라 주요 제조업 생산 및 공급망 지도」(2026.7) 부록, 한국은행 지역산업연관표(2020)"
호남권,기초 화학물질,취업(명/10억원),2.920,56,"한국은행 「우리나라 주요 제조업 생산 및 공급망 지도」(2026.7) 부록, 한국은행 지역산업연관표(2020)"
호남권,철강 1차제품,취업(명/10억원),4.294,56,"한국은행 「우리나라 주요 제조업 생산 및 공급망 지도」(2026.7) 부록, 한국은행 지역산업연관표(2020)"
호남권,반도체,취업(명/10억원),3.739,56,"한국은행 「우리나라 주요 제조업 생산 및 공급망 지도」(2026.7) 부록, 한국은행 지역산업연관표(2020)"
호남권,전자표시장치,취업(명/10억원),5.565,56,"한국은행 「우리나라 주요 제조업 생산 및 공급망 지도」(2026.7) 부록, 한국은행 지역산업연관표(2020)"
호남권,"통신, 방송 및 영상, 음향기기",취업(명/10억원),4.694,56,"한국은행 「우리나라 주요 제조업 생산 및 공급망 지도」(2026.7) 부록, 한국은행 지역산업연관표(2020)"
호남권,컴퓨터 및 주변기기,취업(명/10억원),3.639,56,"한국은행 「우리나라 주요 제조업 생산 및 공급망 지도」(2026.7) 부록, 한국은행 지역산업연관표(2020)"
호남권,전기장비,취업(명/10억원),6.622,56,"한국은행 「우리나라 주요 제조업 생산 및 공급망 지도」(2026.7) 부록, 한국은행 지역산업연관표(2020)"
호남권,일반목적용 기계,취업(명/10억원),7.534,56,"한국은행 「우리나라 주요 제조업 생산 및 공급망 지도」(2026.7) 부록, 한국은행 지역산업연관표(2020)"
호남권,특수목적용 기계,취업(명/10억원),8.680,56,"한국은행 「우리나라 주요 제조업 생산 및 공급망 지도」(2026.7) 부록, 한국은행 지역산업연관표(2020)"
호남권,자동차,취업(명/10억원),7.280,56,"한국은행 「우리나라 주요 제조업 생산 및 공급망 지도」(2026.7) 부록, 한국은행 지역산업연관표(2020)"
호남권,선박,취업(명/10억원),8.020,56,"한국은행 「우리나라 주요 제조업 생산 및 공급망 지도」(2026.7) 부록, 한국은행 지역산업연관표(2020)"
대경권,석탄 및 석유제품,생산,1.999,57,"한국은행 「우리나라 주요 제조업 생산 및 공급망 지도」(2026.7) 부록, 한국은행 지역산업연관표(2020)"
대경권,기초 화학물질,생산,1.814,57,"한국은행 「우리나라 주요 제조업 생산 및 공급망 지도」(2026.7) 부록, 한국은행 지역산업연관표(2020)"
대경권,철강 1차제품,생산,1.917,57,"한국은행 「우리나라 주요 제조업 생산 및 공급망 지도」(2026.7) 부록, 한국은행 지역산업연관표(2020)"
대경권,반도체,생산,1.473,57,"한국은행 「우리나라 주요 제조업 생산 및 공급망 지도」(2026.7) 부록, 한국은행 지역산업연관표(2020)"
대경권,전자표시장치,생산,1.815,57,"한국은행 「우리나라 주요 제조업 생산 및 공급망 지도」(2026.7) 부록, 한국은행 지역산업연관표(2020)"
대경권,"통신, 방송 및 영상, 음향기기",생산,2.032,57,"한국은행 「우리나라 주요 제조업 생산 및 공급망 지도」(2026.7) 부록, 한국은행 지역산업연관표(2020)"
대경권,컴퓨터 및 주변기기,생산,1.773,57,"한국은행 「우리나라 주요 제조업 생산 및 공급망 지도」(2026.7) 부록, 한국은행 지역산업연관표(2020)"
대경권,전기장비,생산,2.065,57,"한국은행 「우리나라 주요 제조업 생산 및 공급망 지도」(2026.7) 부록, 한국은행 지역산업연관표(2020)"
대경권,일반목적용 기계,생산,2.142,57,"한국은행 「우리나라 주요 제조업 생산 및 공급망 지도」(2026.7) 부록, 한국은행 지역산업연관표(2020)"
대경권,특수목적용 기계,생산,2.201,57,"한국은행 「우리나라 주요 제조업 생산 및 공급망 지도」(2026.7) 부록, 한국은행 지역산업연관표(2020)"
대경권,자동차,생산,2.469,57,"한국은행 「우리나라 주요 제조업 생산 및 공급망 지도」(2026.7) 부록, 한국은행 지역산업연관표(2020)"
대경권,선박,생산,2.323,57,"한국은행 「우리나라 주요 제조업 생산 및 공급망 지도」(2026.7) 부록, 한국은행 지역산업연관표(2020)"
대경권,석탄 및 석유제품,수입,0.429,57,"한국은행 「우리나라 주요 제조업 생산 및 공급망 지도」(2026.7) 부록, 한국은행 지역산업연관표(2020)"
대경권,기초 화학물질,수입,0.451,57,"한국은행 「우리나라 주요 제조업 생산 및 공급망 지도」(2026.7) 부록, 한국은행 지역산업연관표(2020)"
대경권,철강 1차제품,수입,0.433,57,"한국은행 「우리나라 주요 제조업 생산 및 공급망 지도」(2026.7) 부록, 한국은행 지역산업연관표(2020)"
대경권,반도체,수입,0.292,57,"한국은행 「우리나라 주요 제조업 생산 및 공급망 지도」(2026.7) 부록, 한국은행 지역산업연관표(2020)"
대경권,전자표시장치,수입,0.398,57,"한국은행 「우리나라 주요 제조업 생산 및 공급망 지도」(2026.7) 부록, 한국은행 지역산업연관표(2020)"
대경권,"통신, 방송 및 영상, 음향기기",수입,0.317,57,"한국은행 「우리나라 주요 제조업 생산 및 공급망 지도」(2026.7) 부록, 한국은행 지역산업연관표(2020)"
대경권,컴퓨터 및 주변기기,수입,0.490,57,"한국은행 「우리나라 주요 제조업 생산 및 공급망 지도」(2026.7) 부록, 한국은행 지역산업연관표(2020)"
대경권,전기장비,수입,0.342,57,"한국은행 「우리나라 주요 제조업 생산 및 공급망 지도」(2026.7) 부록, 한국은행 지역산업연관표(2020)"
대경권,일반목적용 기계,수입,0.253,57,"한국은행 「우리나라 주요 제조업 생산 및 공급망 지도」(2026.7) 부록, 한국은행 지역산업연관표(2020)"
대경권,특수목적용 기계,수입,0.211,57,"한국은행 「우리나라 주요 제조업 생산 및 공급망 지도」(2026.7) 부록, 한국은행 지역산업연관표(2020)"
대경권,자동차,수입,0.272,57,"한국은행 「우리나라 주요 제조업 생산 및 공급망 지도」(2026.7) 부록, 한국은행 지역산업연관표(2020)"
대경권,선박,수입,0.188,57,"한국은행 「우리나라 주요 제조업 생산 및 공급망 지도」(2026.7) 부록, 한국은행 지역산업연관표(2020)"
대경권,석탄 및 석유제품,부가가치,0.571,57,"한국은행 「우리나라 주요 제조업 생산 및 공급망 지도」(2026.7) 부록, 한국은행 지역산업연관표(2020)"
대경권,기초 화학물질,부가가치,0.549,57,"한국은행 「우리나라 주요 제조업 생산 및 공급망 지도」(2026.7) 부록, 한국은행 지역산업연관표(2020)"
대경권,철강 1차제품,부가가치,0.567,57,"한국은행 「우리나라 주요 제조업 생산 및 공급망 지도」(2026.7) 부록, 한국은행 지역산업연관표(2020)"
대경권,반도체,부가가치,0.708,57,"한국은행 「우리나라 주요 제조업 생산 및 공급망 지도」(2026.7) 부록, 한국은행 지역산업연관표(2020)"
대경권,전자표시장치,부가가치,0.602,57,"한국은행 「우리나라 주요 제조업 생산 및 공급망 지도」(2026.7) 부록, 한국은행 지역산업연관표(2020)"
대경권,"통신, 방송 및 영상, 음향기기",부가가치,0.683,57,"한국은행 「우리나라 주요 제조업 생산 및 공급망 지도」(2026.7) 부록, 한국은행 지역산업연관표(2020)"
대경권,컴퓨터 및 주변기기,부가가치,0.510,57,"한국은행 「우리나라 주요 제조업 생산 및 공급망 지도」(2026.7) 부록, 한국은행 지역산업연관표(2020)"
대경권,전기장비,부가가치,0.658,57,"한국은행 「우리나라 주요 제조업 생산 및 공급망 지도」(2026.7) 부록, 한국은행 지역산업연관표(2020)"
대경권,일반목적용 기계,부가가치,0.747,57,"한국은행 「우리나라 주요 제조업 생산 및 공급망 지도」(2026.7) 부록, 한국은행 지역산업연관표(2020)"
대경권,특수목적용 기계,부가가치,0.789,57,"한국은행 「우리나라 주요 제조업 생산 및 공급망 지도」(2026.7) 부록, 한국은행 지역산업연관표(2020)"
대경권,자동차,부가가치,0.728,57,"한국은행 「우리나라 주요 제조업 생산 및 공급망 지도」(2026.7) 부록, 한국은행 지역산업연관표(2020)"
대경권,선박,부가가치,0.812,57,"한국은행 「우리나라 주요 제조업 생산 및 공급망 지도」(2026.7) 부록, 한국은행 지역산업연관표(2020)"
대경권,석탄 및 석유제품,취업(명/10억원),5.845,57,"한국은행 「우리나라 주요 제조업 생산 및 공급망 지도」(2026.7) 부록, 한국은행 지역산업연관표(2020)"
대경권,기초 화학물질,취업(명/10억원),4.372,57,"한국은행 「우리나라 주요 제조업 생산 및 공급망 지도」(2026.7) 부록, 한국은행 지역산업연관표(2020)"
대경권,철강 1차제품,취업(명/10억원),4.606,57,"한국은행 「우리나라 주요 제조업 생산 및 공급망 지도」(2026.7) 부록, 한국은행 지역산업연관표(2020)"
대경권,반도체,취업(명/10억원),2.912,57,"한국은행 「우리나라 주요 제조업 생산 및 공급망 지도」(2026.7) 부록, 한국은행 지역산업연관표(2020)"
대경권,전자표시장치,취업(명/10억원),4.295,57,"한국은행 「우리나라 주요 제조업 생산 및 공급망 지도」(2026.7) 부록, 한국은행 지역산업연관표(2020)"
대경권,"통신, 방송 및 영상, 음향기기",취업(명/10억원),5.587,57,"한국은행 「우리나라 주요 제조업 생산 및 공급망 지도」(2026.7) 부록, 한국은행 지역산업연관표(2020)"
대경권,컴퓨터 및 주변기기,취업(명/10억원),3.816,57,"한국은행 「우리나라 주요 제조업 생산 및 공급망 지도」(2026.7) 부록, 한국은행 지역산업연관표(2020)"
대경권,전기장비,취업(명/10억원),6.296,57,"한국은행 「우리나라 주요 제조업 생산 및 공급망 지도」(2026.7) 부록, 한국은행 지역산업연관표(2020)"
대경권,일반목적용 기계,취업(명/10억원),8.091,57,"한국은행 「우리나라 주요 제조업 생산 및 공급망 지도」(2026.7) 부록, 한국은행 지역산업연관표(2020)"
대경권,특수목적용 기계,취업(명/10억원),9.012,57,"한국은행 「우리나라 주요 제조업 생산 및 공급망 지도」(2026.7) 부록, 한국은행 지역산업연관표(2020)"
대경권,자동차,취업(명/10억원),7.542,57,"한국은행 「우리나라 주요 제조업 생산 및 공급망 지도」(2026.7) 부록, 한국은행 지역산업연관표(2020)"
대경권,선박,취업(명/10억원),10.634,57,"한국은행 「우리나라 주요 제조업 생산 및 공급망 지도」(2026.7) 부록, 한국은행 지역산업연관표(2020)"
동남권,석탄 및 석유제품,생산,1.431,58,"한국은행 「우리나라 주요 제조업 생산 및 공급망 지도」(2026.7) 부록, 한국은행 지역산업연관표(2020)"
동남권,기초 화학물질,생산,1.947,58,"한국은행 「우리나라 주요 제조업 생산 및 공급망 지도」(2026.7) 부록, 한국은행 지역산업연관표(2020)"
동남권,철강 1차제품,생산,2.086,58,"한국은행 「우리나라 주요 제조업 생산 및 공급망 지도」(2026.7) 부록, 한국은행 지역산업연관표(2020)"
동남권,반도체,생산,1.690,58,"한국은행 「우리나라 주요 제조업 생산 및 공급망 지도」(2026.7) 부록, 한국은행 지역산업연관표(2020)"
동남권,전자표시장치,생산,1.854,58,"한국은행 「우리나라 주요 제조업 생산 및 공급망 지도」(2026.7) 부록, 한국은행 지역산업연관표(2020)"
동남권,"통신, 방송 및 영상, 음향기기",생산,1.739,58,"한국은행 「우리나라 주요 제조업 생산 및 공급망 지도」(2026.7) 부록, 한국은행 지역산업연관표(2020)"
동남권,컴퓨터 및 주변기기,생산,1.677,58,"한국은행 「우리나라 주요 제조업 생산 및 공급망 지도」(2026.7) 부록, 한국은행 지역산업연관표(2020)"
동남권,전기장비,생산,2.071,58,"한국은행 「우리나라 주요 제조업 생산 및 공급망 지도」(2026.7) 부록, 한국은행 지역산업연관표(2020)"
동남권,일반목적용 기계,생산,2.178,58,"한국은행 「우리나라 주요 제조업 생산 및 공급망 지도」(2026.7) 부록, 한국은행 지역산업연관표(2020)"
동남권,특수목적용 기계,생산,2.180,58,"한국은행 「우리나라 주요 제조업 생산 및 공급망 지도」(2026.7) 부록, 한국은행 지역산업연관표(2020)"
동남권,자동차,생산,2.539,58,"한국은행 「우리나라 주요 제조업 생산 및 공급망 지도」(2026.7) 부록, 한국은행 지역산업연관표(2020)"
동남권,선박,생산,2.402,58,"한국은행 「우리나라 주요 제조업 생산 및 공급망 지도」(2026.7) 부록, 한국은행 지역산업연관표(2020)"
동남권,석탄 및 석유제품,수입,0.607,58,"한국은행 「우리나라 주요 제조업 생산 및 공급망 지도」(2026.7) 부록, 한국은행 지역산업연관표(2020)"
동남권,기초 화학물질,수입,0.542,58,"한국은행 「우리나라 주요 제조업 생산 및 공급망 지도」(2026.7) 부록, 한국은행 지역산업연관표(2020)"
동남권,철강 1차제품,수입,0.391,58,"한국은행 「우리나라 주요 제조업 생산 및 공급망 지도」(2026.7) 부록, 한국은행 지역산업연관표(2020)"
동남권,반도체,수입,0.440,58,"한국은행 「우리나라 주요 제조업 생산 및 공급망 지도」(2026.7) 부록, 한국은행 지역산업연관표(2020)"
동남권,전자표시장치,수입,0.415,58,"한국은행 「우리나라 주요 제조업 생산 및 공급망 지도」(2026.7) 부록, 한국은행 지역산업연관표(2020)"
동남권,"통신, 방송 및 영상, 음향기기",수입,0.419,58,"한국은행 「우리나라 주요 제조업 생산 및 공급망 지도」(2026.7) 부록, 한국은행 지역산업연관표(2020)"
동남권,컴퓨터 및 주변기기,수입,0.486,58,"한국은행 「우리나라 주요 제조업 생산 및 공급망 지도」(2026.7) 부록, 한국은행 지역산업연관표(2020)"
동남권,전기장비,수입,0.302,58,"한국은행 「우리나라 주요 제조업 생산 및 공급망 지도」(2026.7) 부록, 한국은행 지역산업연관표(2020)"
동남권,일반목적용 기계,수입,0.268,58,"한국은행 「우리나라 주요 제조업 생산 및 공급망 지도」(2026.7) 부록, 한국은행 지역산업연관표(2020)"
동남권,특수목적용 기계,수입,0.247,58,"한국은행 「우리나라 주요 제조업 생산 및 공급망 지도」(2026.7) 부록, 한국은행 지역산업연관표(2020)"
동남권,자동차,수입,0.275,58,"한국은행 「우리나라 주요 제조업 생산 및 공급망 지도」(2026.7) 부록, 한국은행 지역산업연관표(2020)"
동남권,선박,수입,0.327,58,"한국은행 「우리나라 주요 제조업 생산 및 공급망 지도」(2026.7) 부록, 한국은행 지역산업연관표(2020)"
동남권,석탄 및 석유제품,부가가치,0.393,58,"한국은행 「우리나라 주요 제조업 생산 및 공급망 지도」(2026.7) 부록, 한국은행 지역산업연관표(2020)"
동남권,기초 화학물질,부가가치,0.458,58,"한국은행 「우리나라 주요 제조업 생산 및 공급망 지도」(2026.7) 부록, 한국은행 지역산업연관표(2020)"
동남권,철강 1차제품,부가가치,0.609,58,"한국은행 「우리나라 주요 제조업 생산 및 공급망 지도」(2026.7) 부록, 한국은행 지역산업연관표(2020)"
동남권,반도체,부가가치,0.560,58,"한국은행 「우리나라 주요 제조업 생산 및 공급망 지도」(2026.7) 부록, 한국은행 지역산업연관표(2020)"
동남권,전자표시장치,부가가치,0.585,58,"한국은행 「우리나라 주요 제조업 생산 및 공급망 지도」(2026.7) 부록, 한국은행 지역산업연관표(2020)"
동남권,"통신, 방송 및 영상, 음향기기",부가가치,0.581,58,"한국은행 「우리나라 주요 제조업 생산 및 공급망 지도」(2026.7) 부록, 한국은행 지역산업연관표(2020)"
동남권,컴퓨터 및 주변기기,부가가치,0.514,58,"한국은행 「우리나라 주요 제조업 생산 및 공급망 지도」(2026.7) 부록, 한국은행 지역산업연관표(2020)"
동남권,전기장비,부가가치,0.698,58,"한국은행 「우리나라 주요 제조업 생산 및 공급망 지도」(2026.7) 부록, 한국은행 지역산업연관표(2020)"
동남권,일반목적용 기계,부가가치,0.732,58,"한국은행 「우리나라 주요 제조업 생산 및 공급망 지도」(2026.7) 부록, 한국은행 지역산업연관표(2020)"
동남권,특수목적용 기계,부가가치,0.753,58,"한국은행 「우리나라 주요 제조업 생산 및 공급망 지도」(2026.7) 부록, 한국은행 지역산업연관표(2020)"
동남권,자동차,부가가치,0.725,58,"한국은행 「우리나라 주요 제조업 생산 및 공급망 지도」(2026.7) 부록, 한국은행 지역산업연관표(2020)"
동남권,선박,부가가치,0.673,58,"한국은행 「우리나라 주요 제조업 생산 및 공급망 지도」(2026.7) 부록, 한국은행 지역산업연관표(2020)"
동남권,석탄 및 석유제품,취업(명/10억원),1.917,58,"한국은행 「우리나라 주요 제조업 생산 및 공급망 지도」(2026.7) 부록, 한국은행 지역산업연관표(2020)"
동남권,기초 화학물질,취업(명/10억원),3.188,58,"한국은행 「우리나라 주요 제조업 생산 및 공급망 지도」(2026.7) 부록, 한국은행 지역산업연관표(2020)"
동남권,철강 1차제품,취업(명/10억원),5.870,58,"한국은행 「우리나라 주요 제조업 생산 및 공급망 지도」(2026.7) 부록, 한국은행 지역산업연관표(2020)"
동남권,반도체,취업(명/10억원),3.859,58,"한국은행 「우리나라 주요 제조업 생산 및 공급망 지도」(2026.7) 부록, 한국은행 지역산업연관표(2020)"
동남권,전자표시장치,취업(명/10억원),4.875,58,"한국은행 「우리나라 주요 제조업 생산 및 공급망 지도」(2026.7) 부록, 한국은행 지역산업연관표(2020)"
동남권,"통신, 방송 및 영상, 음향기기",취업(명/10억원),4.905,58,"한국은행 「우리나라 주요 제조업 생산 및 공급망 지도」(2026.7) 부록, 한국은행 지역산업연관표(2020)"
동남권,컴퓨터 및 주변기기,취업(명/10억원),3.884,58,"한국은행 「우리나라 주요 제조업 생산 및 공급망 지도」(2026.7) 부록, 한국은행 지역산업연관표(2020)"
동남권,전기장비,취업(명/10억원),6.637,58,"한국은행 「우리나라 주요 제조업 생산 및 공급망 지도」(2026.7) 부록, 한국은행 지역산업연관표(2020)"
동남권,일반목적용 기계,취업(명/10억원),7.681,58,"한국은행 「우리나라 주요 제조업 생산 및 공급망 지도」(2026.7) 부록, 한국은행 지역산업연관표(2020)"
동남권,특수목적용 기계,취업(명/10억원),8.213,58,"한국은행 「우리나라 주요 제조업 생산 및 공급망 지도」(2026.7) 부록, 한국은행 지역산업연관표(2020)"
동남권,자동차,취업(명/10억원),6.696,58,"한국은행 「우리나라 주요 제조업 생산 및 공급망 지도」(2026.7) 부록, 한국은행 지역산업연관표(2020)"
동남권,선박,취업(명/10억원),8.955,58,"한국은행 「우리나라 주요 제조업 생산 및 공급망 지도」(2026.7) 부록, 한국은행 지역산업연관표(2020)"
