type,industry,region,item,year,value,unit,note,page,source
권역 생산 점유율,반도체,대경권 등,생산 점유율,2024,1.8,%,각 장 '권역별 생산 점유율 및 주요 공장 현황' (등: 대경권·제주·강원 등 합산),8,한국은행 「우리나라 주요 제조업 생산 및 공급망 지도」(2026.7)
권역 생산 점유율,반도체,충청권,생산 점유율,2024,14.7,%,각 장 '권역별 생산 점유율 및 주요 공장 현황',8,한국은행 「우리나라 주요 제조업 생산 및 공급망 지도」(2026.7)
권역 생산 점유율,반도체,호남권,생산 점유율,2024,1.0,%,각 장 '권역별 생산 점유율 및 주요 공장 현황',8,한국은행 「우리나라 주요 제조업 생산 및 공급망 지도」(2026.7)
권역 생산 점유율,디스플레이,대경권,생산 점유율,2024,13.3,%,각 장 '권역별 생산 점유율 및 주요 공장 현황',12,한국은행 「우리나라 주요 제조업 생산 및 공급망 지도」(2026.7)
권역 생산 점유율,디스플레이,충청권,생산 점유율,2024,45.9,%,각 장 '권역별 생산 점유율 및 주요 공장 현황',12,한국은행 「우리나라 주요 제조업 생산 및 공급망 지도」(2026.7)
권역 생산 점유율,무선통신기기,대경권,생산 점유율,2024,38.4,%,각 장 '권역별 생산 점유율 및 주요 공장 현황',16,한국은행 「우리나라 주요 제조업 생산 및 공급망 지도」(2026.7)
권역 생산 점유율,무선통신기기,동남권,생산 점유율,2024,5.8,%,각 장 '권역별 생산 점유율 및 주요 공장 현황',16,한국은행 「우리나라 주요 제조업 생산 및 공급망 지도」(2026.7)
권역 생산 점유율,무선통신기기,충청권,생산 점유율,2024,10.0,%,각 장 '권역별 생산 점유율 및 주요 공장 현황',16,한국은행 「우리나라 주요 제조업 생산 및 공급망 지도」(2026.7)
권역 생산 점유율,무선통신기기,호남권,생산 점유율,2024,3.3,%,각 장 '권역별 생산 점유율 및 주요 공장 현황',16,한국은행 「우리나라 주요 제조업 생산 및 공급망 지도」(2026.7)
권역 생산 점유율,자동차,충청권 등,생산 점유율,2024,7.2,%,각 장 '권역별 생산 점유율 및 주요 공장 현황' (등: 대경권·제주·강원 등 합산),20,한국은행 「우리나라 주요 제조업 생산 및 공급망 지도」(2026.7)
권역 생산 점유율,자동차,호남권,생산 점유율,2024,15.9,%,각 장 '권역별 생산 점유율 및 주요 공장 현황',20,한국은행 「우리나라 주요 제조업 생산 및 공급망 지도」(2026.7)
권역 생산 점유율,자동차,동남권,생산 점유율,2024,42.9,%,각 장 '권역별 생산 점유율 및 주요 공장 현황',20,한국은행 「우리나라 주요 제조업 생산 및 공급망 지도」(2026.7)
권역 생산 점유율,자동차부품,대경권,생산 점유율,2024,19.2,%,각 장 '권역별 생산 점유율 및 주요 공장 현황',24,한국은행 「우리나라 주요 제조업 생산 및 공급망 지도」(2026.7)
권역 생산 점유율,자동차부품,충청권,생산 점유율,2024,26.5,%,각 장 '권역별 생산 점유율 및 주요 공장 현황',24,한국은행 「우리나라 주요 제조업 생산 및 공급망 지도」(2026.7)
권역 생산 점유율,자동차부품,호남권,생산 점유율,2024,5.8,%,각 장 '권역별 생산 점유율 및 주요 공장 현황',24,한국은행 「우리나라 주요 제조업 생산 및 공급망 지도」(2026.7)
권역 생산 점유율,자동차부품,동남권,생산 점유율,2024,26.5,%,각 장 '권역별 생산 점유율 및 주요 공장 현황',24,한국은행 「우리나라 주요 제조업 생산 및 공급망 지도」(2026.7)
권역 생산 점유율,철강,대경권,생산 점유율,2024,22.5,%,각 장 '권역별 생산 점유율 및 주요 공장 현황',28,한국은행 「우리나라 주요 제조업 생산 및 공급망 지도」(2026.7)
권역 생산 점유율,철강,충청권,생산 점유율,2024,16.7,%,각 장 '권역별 생산 점유율 및 주요 공장 현황',28,한국은행 「우리나라 주요 제조업 생산 및 공급망 지도」(2026.7)
권역 생산 점유율,철강,호남권,생산 점유율,2024,18.7,%,각 장 '권역별 생산 점유율 및 주요 공장 현황',28,한국은행 「우리나라 주요 제조업 생산 및 공급망 지도」(2026.7)
권역 생산 점유율,철강,동남권,생산 점유율,2024,26.5,%,각 장 '권역별 생산 점유율 및 주요 공장 현황',28,한국은행 「우리나라 주요 제조업 생산 및 공급망 지도」(2026.7)
권역 생산 점유율,조선,호남권,생산 점유율,2024,19.0,%,각 장 '권역별 생산 점유율 및 주요 공장 현황',32,한국은행 「우리나라 주요 제조업 생산 및 공급망 지도」(2026.7)
권역 생산 점유율,조선,동남권,생산 점유율,2024,80.1,%,각 장 '권역별 생산 점유율 및 주요 공장 현황',32,한국은행 「우리나라 주요 제조업 생산 및 공급망 지도」(2026.7)
권역 생산 점유율,석유정제,충청권 등,생산 점유율,2024,21.1,%,각 장 '권역별 생산 점유율 및 주요 공장 현황' (등: 대경권·제주·강원 등 합산),36,한국은행 「우리나라 주요 제조업 생산 및 공급망 지도」(2026.7)
권역 생산 점유율,석유정제,호남권,생산 점유율,2024,25.1,%,각 장 '권역별 생산 점유율 및 주요 공장 현황',36,한국은행 「우리나라 주요 제조업 생산 및 공급망 지도」(2026.7)
권역 생산 점유율,석유정제,동남권,생산 점유율,2024,47.1,%,각 장 '권역별 생산 점유율 및 주요 공장 현황',36,한국은행 「우리나라 주요 제조업 생산 및 공급망 지도」(2026.7)
권역 생산 점유율,석유화학,동남권,생산 점유율,2024,32.8,%,각 장 '권역별 생산 점유율 및 주요 공장 현황',40,한국은행 「우리나라 주요 제조업 생산 및 공급망 지도」(2026.7)
권역 생산 점유율,석유화학,호남권,생산 점유율,2024,38.4,%,각 장 '권역별 생산 점유율 및 주요 공장 현황',40,한국은행 「우리나라 주요 제조업 생산 및 공급망 지도」(2026.7)
권역 생산 점유율,기계장비,대경권,생산 점유율,2024,9.3,%,각 장 '권역별 생산 점유율 및 주요 공장 현황',44,한국은행 「우리나라 주요 제조업 생산 및 공급망 지도」(2026.7)
권역 생산 점유율,기계장비,동남권,생산 점유율,2024,27.0,%,각 장 '권역별 생산 점유율 및 주요 공장 현황',44,한국은행 「우리나라 주요 제조업 생산 및 공급망 지도」(2026.7)
권역 생산 점유율,기계장비,충청권,생산 점유율,2024,18.2,%,각 장 '권역별 생산 점유율 및 주요 공장 현황',44,한국은행 「우리나라 주요 제조업 생산 및 공급망 지도」(2026.7)
권역 생산 점유율,기계장비,호남권,생산 점유율,2024,4.6,%,각 장 '권역별 생산 점유율 및 주요 공장 현황',44,한국은행 「우리나라 주요 제조업 생산 및 공급망 지도」(2026.7)
권역 생산 점유율,전기장비,대경권,생산 점유율,2024,11.7,%,각 장 '권역별 생산 점유율 및 주요 공장 현황',48,한국은행 「우리나라 주요 제조업 생산 및 공급망 지도」(2026.7)
권역 생산 점유율,전기장비,충청권,생산 점유율,2024,26.6,%,각 장 '권역별 생산 점유율 및 주요 공장 현황',48,한국은행 「우리나라 주요 제조업 생산 및 공급망 지도」(2026.7)
권역 생산 점유율,전기장비,동남권,생산 점유율,2024,28.5,%,각 장 '권역별 생산 점유율 및 주요 공장 현황',48,한국은행 「우리나라 주요 제조업 생산 및 공급망 지도」(2026.7)
권역 생산 점유율,전기장비,호남권,생산 점유율,2024,9.0,%,각 장 '권역별 생산 점유율 및 주요 공장 현황',48,한국은행 「우리나라 주요 제조업 생산 및 공급망 지도」(2026.7)
전국 업종 현황,반도체,전국,생산,2014,74.0,조원,요약 '주요 제조업 현황',7,한국은행 「우리나라 주요 제조업 생산 및 공급망 지도」(2026.7)
전국 업종 현황,반도체,전국,생산,2019,134.4,조원,요약 '주요 제조업 현황',7,한국은행 「우리나라 주요 제조업 생산 및 공급망 지도」(2026.7)
전국 업종 현황,반도체,전국,생산,2024,210.8,조원,요약 '주요 제조업 현황',7,한국은행 「우리나라 주요 제조업 생산 및 공급망 지도」(2026.7)
전국 업종 현황,반도체,전국,생산 비중(제조업 대비),2014,5.0,%,요약 '주요 제조업 현황',7,한국은행 「우리나라 주요 제조업 생산 및 공급망 지도」(2026.7)
전국 업종 현황,반도체,전국,생산 비중(제조업 대비),2019,8.7,%,요약 '주요 제조업 현황',7,한국은행 「우리나라 주요 제조업 생산 및 공급망 지도」(2026.7)
전국 업종 현황,반도체,전국,생산 비중(제조업 대비),2024,10.1,%,요약 '주요 제조업 현황',7,한국은행 「우리나라 주요 제조업 생산 및 공급망 지도」(2026.7)
전국 업종 현황,반도체,전국,부가가치,2014,44.3,조원,요약 '주요 제조업 현황',7,한국은행 「우리나라 주요 제조업 생산 및 공급망 지도」(2026.7)
전국 업종 현황,반도체,전국,부가가치,2019,87.2,조원,요약 '주요 제조업 현황',7,한국은행 「우리나라 주요 제조업 생산 및 공급망 지도」(2026.7)
전국 업종 현황,반도체,전국,부가가치,2024,125.3,조원,요약 '주요 제조업 현황',7,한국은행 「우리나라 주요 제조업 생산 및 공급망 지도」(2026.7)
전국 업종 현황,반도체,전국,부가가치 비중(제조업 대비),2014,9.1,%,요약 '주요 제조업 현황',7,한국은행 「우리나라 주요 제조업 생산 및 공급망 지도」(2026.7)
전국 업종 현황,반도체,전국,부가가치 비중(제조업 대비),2019,15.7,%,요약 '주요 제조업 현황',7,한국은행 「우리나라 주요 제조업 생산 및 공급망 지도」(2026.7)
전국 업종 현황,반도체,전국,부가가치 비중(제조업 대비),2024,16.7,%,요약 '주요 제조업 현황',7,한국은행 「우리나라 주요 제조업 생산 및 공급망 지도」(2026.7)
전국 업종 현황,반도체,전국,고용,2014,11.4,만명,요약 '주요 제조업 현황',7,한국은행 「우리나라 주요 제조업 생산 및 공급망 지도」(2026.7)
전국 업종 현황,반도체,전국,고용,2019,12.9,만명,요약 '주요 제조업 현황',7,한국은행 「우리나라 주요 제조업 생산 및 공급망 지도」(2026.7)
전국 업종 현황,반도체,전국,고용,2024,15.3,만명,요약 '주요 제조업 현황',7,한국은행 「우리나라 주요 제조업 생산 및 공급망 지도」(2026.7)
전국 업종 현황,반도체,전국,고용 비중(제조업 대비),2014,3.9,%,요약 '주요 제조업 현황',7,한국은행 「우리나라 주요 제조업 생산 및 공급망 지도」(2026.7)
전국 업종 현황,반도체,전국,고용 비중(제조업 대비),2019,4.4,%,요약 '주요 제조업 현황',7,한국은행 「우리나라 주요 제조업 생산 및 공급망 지도」(2026.7)
전국 업종 현황,반도체,전국,고용 비중(제조업 대비),2024,5.0,%,요약 '주요 제조업 현황',7,한국은행 「우리나라 주요 제조업 생산 및 공급망 지도」(2026.7)
전국 업종 현황,반도체,전국,수출 비중(제조업 대비),2014,11.1,%,요약 '주요 제조업 현황',7,한국은행 「우리나라 주요 제조업 생산 및 공급망 지도」(2026.7)
전국 업종 현황,반도체,전국,수출 비중(제조업 대비),2019,18.2,%,요약 '주요 제조업 현황',7,한국은행 「우리나라 주요 제조업 생산 및 공급망 지도」(2026.7)
전국 업종 현황,반도체,전국,수출 비중(제조업 대비),2024,26.1,%,요약 '주요 제조업 현황',7,한국은행 「우리나라 주요 제조업 생산 및 공급망 지도」(2026.7)
전국 업종 현황,반도체,전국,사업체수,2014,392,개,요약 '주요 제조업 현황',7,한국은행 「우리나라 주요 제조업 생산 및 공급망 지도」(2026.7)
전국 업종 현황,반도체,전국,사업체수,2019,367,개,요약 '주요 제조업 현황',7,한국은행 「우리나라 주요 제조업 생산 및 공급망 지도」(2026.7)
전국 업종 현황,반도체,전국,사업체수,2024,515,개,요약 '주요 제조업 현황',7,한국은행 「우리나라 주요 제조업 생산 및 공급망 지도」(2026.7)
전국 업종 현황,반도체,전국,사업체수 비중(제조업 대비),2014,0.6,%,요약 '주요 제조업 현황',7,한국은행 「우리나라 주요 제조업 생산 및 공급망 지도」(2026.7)
전국 업종 현황,반도체,전국,사업체수 비중(제조업 대비),2019,0.5,%,요약 '주요 제조업 현황',7,한국은행 「우리나라 주요 제조업 생산 및 공급망 지도」(2026.7)
전국 업종 현황,반도체,전국,사업체수 비중(제조업 대비),2024,0.7,%,요약 '주요 제조업 현황',7,한국은행 「우리나라 주요 제조업 생산 및 공급망 지도」(2026.7)
전국 업종 현황,디스플레이,전국,생산,2014,77.2,조원,요약 '주요 제조업 현황',7,한국은행 「우리나라 주요 제조업 생산 및 공급망 지도」(2026.7)
전국 업종 현황,디스플레이,전국,생산,2019,65.7,조원,요약 '주요 제조업 현황',7,한국은행 「우리나라 주요 제조업 생산 및 공급망 지도」(2026.7)
전국 업종 현황,디스플레이,전국,생산,2024,62.3,조원,요약 '주요 제조업 현황',7,한국은행 「우리나라 주요 제조업 생산 및 공급망 지도」(2026.7)
전국 업종 현황,디스플레이,전국,생산 비중(제조업 대비),2014,5.2,%,요약 '주요 제조업 현황',7,한국은행 「우리나라 주요 제조업 생산 및 공급망 지도」(2026.7)
전국 업종 현황,디스플레이,전국,생산 비중(제조업 대비),2019,4.2,%,요약 '주요 제조업 현황',7,한국은행 「우리나라 주요 제조업 생산 및 공급망 지도」(2026.7)
전국 업종 현황,디스플레이,전국,생산 비중(제조업 대비),2024,3.0,%,요약 '주요 제조업 현황',7,한국은행 「우리나라 주요 제조업 생산 및 공급망 지도」(2026.7)
전국 업종 현황,디스플레이,전국,부가가치,2014,31.8,조원,요약 '주요 제조업 현황',7,한국은행 「우리나라 주요 제조업 생산 및 공급망 지도」(2026.7)
전국 업종 현황,디스플레이,전국,부가가치,2019,30.0,조원,요약 '주요 제조업 현황',7,한국은행 「우리나라 주요 제조업 생산 및 공급망 지도」(2026.7)
전국 업종 현황,디스플레이,전국,부가가치,2024,21.6,조원,요약 '주요 제조업 현황',7,한국은행 「우리나라 주요 제조업 생산 및 공급망 지도」(2026.7)
전국 업종 현황,디스플레이,전국,부가가치 비중(제조업 대비),2014,6.6,%,요약 '주요 제조업 현황',7,한국은행 「우리나라 주요 제조업 생산 및 공급망 지도」(2026.7)
전국 업종 현황,디스플레이,전국,부가가치 비중(제조업 대비),2019,5.4,%,요약 '주요 제조업 현황',7,한국은행 「우리나라 주요 제조업 생산 및 공급망 지도」(2026.7)
전국 업종 현황,디스플레이,전국,부가가치 비중(제조업 대비),2024,2.9,%,요약 '주요 제조업 현황',7,한국은행 「우리나라 주요 제조업 생산 및 공급망 지도」(2026.7)
전국 업종 현황,디스플레이,전국,고용,2014,11.2,만명,요약 '주요 제조업 현황',7,한국은행 「우리나라 주요 제조업 생산 및 공급망 지도」(2026.7)
전국 업종 현황,디스플레이,전국,고용,2019,7.6,만명,요약 '주요 제조업 현황',7,한국은행 「우리나라 주요 제조업 생산 및 공급망 지도」(2026.7)
전국 업종 현황,디스플레이,전국,고용,2024,5.9,만명,요약 '주요 제조업 현황',7,한국은행 「우리나라 주요 제조업 생산 및 공급망 지도」(2026.7)
전국 업종 현황,디스플레이,전국,고용 비중(제조업 대비),2014,3.8,%,요약 '주요 제조업 현황',7,한국은행 「우리나라 주요 제조업 생산 및 공급망 지도」(2026.7)
전국 업종 현황,디스플레이,전국,고용 비중(제조업 대비),2019,2.6,%,요약 '주요 제조업 현황',7,한국은행 「우리나라 주요 제조업 생산 및 공급망 지도」(2026.7)
전국 업종 현황,디스플레이,전국,고용 비중(제조업 대비),2024,1.9,%,요약 '주요 제조업 현황',7,한국은행 「우리나라 주요 제조업 생산 및 공급망 지도」(2026.7)
전국 업종 현황,디스플레이,전국,수출 비중(제조업 대비),2014,5.7,%,요약 '주요 제조업 현황',7,한국은행 「우리나라 주요 제조업 생산 및 공급망 지도」(2026.7)
전국 업종 현황,디스플레이,전국,수출 비중(제조업 대비),2019,3.8,%,요약 '주요 제조업 현황',7,한국은행 「우리나라 주요 제조업 생산 및 공급망 지도」(2026.7)
전국 업종 현황,디스플레이,전국,수출 비중(제조업 대비),2024,2.4,%,요약 '주요 제조업 현황',7,한국은행 「우리나라 주요 제조업 생산 및 공급망 지도」(2026.7)
전국 업종 현황,디스플레이,전국,사업체수,2014,604,개,요약 '주요 제조업 현황',7,한국은행 「우리나라 주요 제조업 생산 및 공급망 지도」(2026.7)
전국 업종 현황,디스플레이,전국,사업체수,2019,446,개,요약 '주요 제조업 현황',7,한국은행 「우리나라 주요 제조업 생산 및 공급망 지도」(2026.7)
전국 업종 현황,디스플레이,전국,사업체수,2024,376,개,요약 '주요 제조업 현황',7,한국은행 「우리나라 주요 제조업 생산 및 공급망 지도」(2026.7)
전국 업종 현황,디스플레이,전국,사업체수 비중(제조업 대비),2014,0.9,%,요약 '주요 제조업 현황',7,한국은행 「우리나라 주요 제조업 생산 및 공급망 지도」(2026.7)
전국 업종 현황,디스플레이,전국,사업체수 비중(제조업 대비),2019,0.6,%,요약 '주요 제조업 현황',7,한국은행 「우리나라 주요 제조업 생산 및 공급망 지도」(2026.7)
전국 업종 현황,디스플레이,전국,사업체수 비중(제조업 대비),2024,0.5,%,요약 '주요 제조업 현황',7,한국은행 「우리나라 주요 제조업 생산 및 공급망 지도」(2026.7)
전국 업종 현황,무선통신기기,전국,생산,2014,94.0,조원,요약 '주요 제조업 현황',7,한국은행 「우리나라 주요 제조업 생산 및 공급망 지도」(2026.7)
전국 업종 현황,무선통신기기,전국,생산,2019,60.7,조원,요약 '주요 제조업 현황',7,한국은행 「우리나라 주요 제조업 생산 및 공급망 지도」(2026.7)
전국 업종 현황,무선통신기기,전국,생산,2024,68.4,조원,요약 '주요 제조업 현황',7,한국은행 「우리나라 주요 제조업 생산 및 공급망 지도」(2026.7)
전국 업종 현황,무선통신기기,전국,생산 비중(제조업 대비),2014,6.3,%,요약 '주요 제조업 현황',7,한국은행 「우리나라 주요 제조업 생산 및 공급망 지도」(2026.7)
전국 업종 현황,무선통신기기,전국,생산 비중(제조업 대비),2019,3.9,%,요약 '주요 제조업 현황',7,한국은행 「우리나라 주요 제조업 생산 및 공급망 지도」(2026.7)
전국 업종 현황,무선통신기기,전국,생산 비중(제조업 대비),2024,3.3,%,요약 '주요 제조업 현황',7,한국은행 「우리나라 주요 제조업 생산 및 공급망 지도」(2026.7)
전국 업종 현황,무선통신기기,전국,부가가치,2014,36.9,조원,요약 '주요 제조업 현황',7,한국은행 「우리나라 주요 제조업 생산 및 공급망 지도」(2026.7)
전국 업종 현황,무선통신기기,전국,부가가치,2019,19.5,조원,요약 '주요 제조업 현황',7,한국은행 「우리나라 주요 제조업 생산 및 공급망 지도」(2026.7)
전국 업종 현황,무선통신기기,전국,부가가치,2024,22.4,조원,요약 '주요 제조업 현황',7,한국은행 「우리나라 주요 제조업 생산 및 공급망 지도」(2026.7)
전국 업종 현황,무선통신기기,전국,부가가치 비중(제조업 대비),2014,7.6,%,요약 '주요 제조업 현황',7,한국은행 「우리나라 주요 제조업 생산 및 공급망 지도」(2026.7)
전국 업종 현황,무선통신기기,전국,부가가치 비중(제조업 대비),2019,3.5,%,요약 '주요 제조업 현황',7,한국은행 「우리나라 주요 제조업 생산 및 공급망 지도」(2026.7)
전국 업종 현황,무선통신기기,전국,부가가치 비중(제조업 대비),2024,3.0,%,요약 '주요 제조업 현황',7,한국은행 「우리나라 주요 제조업 생산 및 공급망 지도」(2026.7)
전국 업종 현황,무선통신기기,전국,고용,2014,17.1,만명,요약 '주요 제조업 현황',7,한국은행 「우리나라 주요 제조업 생산 및 공급망 지도」(2026.7)
전국 업종 현황,무선통신기기,전국,고용,2019,14.1,만명,요약 '주요 제조업 현황',7,한국은행 「우리나라 주요 제조업 생산 및 공급망 지도」(2026.7)
전국 업종 현황,무선통신기기,전국,고용,2024,13.5,만명,요약 '주요 제조업 현황',7,한국은행 「우리나라 주요 제조업 생산 및 공급망 지도」(2026.7)
전국 업종 현황,무선통신기기,전국,고용 비중(제조업 대비),2014,5.9,%,요약 '주요 제조업 현황',7,한국은행 「우리나라 주요 제조업 생산 및 공급망 지도」(2026.7)
전국 업종 현황,무선통신기기,전국,고용 비중(제조업 대비),2019,4.8,%,요약 '주요 제조업 현황',7,한국은행 「우리나라 주요 제조업 생산 및 공급망 지도」(2026.7)
전국 업종 현황,무선통신기기,전국,고용 비중(제조업 대비),2024,4.4,%,요약 '주요 제조업 현황',7,한국은행 「우리나라 주요 제조업 생산 및 공급망 지도」(2026.7)
전국 업종 현황,무선통신기기,전국,수출 비중(제조업 대비),2014,5.4,%,요약 '주요 제조업 현황',7,한국은행 「우리나라 주요 제조업 생산 및 공급망 지도」(2026.7)
전국 업종 현황,무선통신기기,전국,수출 비중(제조업 대비),2019,3.0,%,요약 '주요 제조업 현황',7,한국은행 「우리나라 주요 제조업 생산 및 공급망 지도」(2026.7)
전국 업종 현황,무선통신기기,전국,수출 비중(제조업 대비),2024,2.8,%,요약 '주요 제조업 현황',7,한국은행 「우리나라 주요 제조업 생산 및 공급망 지도」(2026.7)
전국 업종 현황,무선통신기기,전국,사업체수,2014,3226,개,요약 '주요 제조업 현황',7,한국은행 「우리나라 주요 제조업 생산 및 공급망 지도」(2026.7)
전국 업종 현황,무선통신기기,전국,사업체수,2019,2612,개,요약 '주요 제조업 현황',7,한국은행 「우리나라 주요 제조업 생산 및 공급망 지도」(2026.7)
전국 업종 현황,무선통신기기,전국,사업체수,2024,2543,개,요약 '주요 제조업 현황',7,한국은행 「우리나라 주요 제조업 생산 및 공급망 지도」(2026.7)
전국 업종 현황,무선통신기기,전국,사업체수 비중(제조업 대비),2014,4.7,%,요약 '주요 제조업 현황',7,한국은행 「우리나라 주요 제조업 생산 및 공급망 지도」(2026.7)
전국 업종 현황,무선통신기기,전국,사업체수 비중(제조업 대비),2019,3.8,%,요약 '주요 제조업 현황',7,한국은행 「우리나라 주요 제조업 생산 및 공급망 지도」(2026.7)
전국 업종 현황,무선통신기기,전국,사업체수 비중(제조업 대비),2024,3.5,%,요약 '주요 제조업 현황',7,한국은행 「우리나라 주요 제조업 생산 및 공급망 지도」(2026.7)
전국 업종 현황,자동차,전국,생산,2014,92.3,조원,요약 '주요 제조업 현황',7,한국은행 「우리나라 주요 제조업 생산 및 공급망 지도」(2026.7)
전국 업종 현황,자동차,전국,생산,2019,95.4,조원,요약 '주요 제조업 현황',7,한국은행 「우리나라 주요 제조업 생산 및 공급망 지도」(2026.7)
전국 업종 현황,자동차,전국,생산,2024,155.9,조원,요약 '주요 제조업 현황',7,한국은행 「우리나라 주요 제조업 생산 및 공급망 지도」(2026.7)
전국 업종 현황,자동차,전국,생산 비중(제조업 대비),2014,6.2,%,요약 '주요 제조업 현황',7,한국은행 「우리나라 주요 제조업 생산 및 공급망 지도」(2026.7)
전국 업종 현황,자동차,전국,생산 비중(제조업 대비),2019,6.1,%,요약 '주요 제조업 현황',7,한국은행 「우리나라 주요 제조업 생산 및 공급망 지도」(2026.7)
전국 업종 현황,자동차,전국,생산 비중(제조업 대비),2024,7.5,%,요약 '주요 제조업 현황',7,한국은행 「우리나라 주요 제조업 생산 및 공급망 지도」(2026.7)
전국 업종 현황,자동차,전국,부가가치,2014,29.4,조원,요약 '주요 제조업 현황',7,한국은행 「우리나라 주요 제조업 생산 및 공급망 지도」(2026.7)
전국 업종 현황,자동차,전국,부가가치,2019,24.6,조원,요약 '주요 제조업 현황',7,한국은행 「우리나라 주요 제조업 생산 및 공급망 지도」(2026.7)
전국 업종 현황,자동차,전국,부가가치,2024,49.7,조원,요약 '주요 제조업 현황',7,한국은행 「우리나라 주요 제조업 생산 및 공급망 지도」(2026.7)
전국 업종 현황,자동차,전국,부가가치 비중(제조업 대비),2014,6.1,%,요약 '주요 제조업 현황',7,한국은행 「우리나라 주요 제조업 생산 및 공급망 지도」(2026.7)
전국 업종 현황,자동차,전국,부가가치 비중(제조업 대비),2019,4.4,%,요약 '주요 제조업 현황',7,한국은행 「우리나라 주요 제조업 생산 및 공급망 지도」(2026.7)
전국 업종 현황,자동차,전국,부가가치 비중(제조업 대비),2024,6.6,%,요약 '주요 제조업 현황',7,한국은행 「우리나라 주요 제조업 생산 및 공급망 지도」(2026.7)
전국 업종 현황,자동차,전국,고용,2014,9.1,만명,요약 '주요 제조업 현황',7,한국은행 「우리나라 주요 제조업 생산 및 공급망 지도」(2026.7)
전국 업종 현황,자동차,전국,고용,2019,9.7,만명,요약 '주요 제조업 현황',7,한국은행 「우리나라 주요 제조업 생산 및 공급망 지도」(2026.7)
전국 업종 현황,자동차,전국,고용,2024,10.4,만명,요약 '주요 제조업 현황',7,한국은행 「우리나라 주요 제조업 생산 및 공급망 지도」(2026.7)
전국 업종 현황,자동차,전국,고용 비중(제조업 대비),2014,3.1,%,요약 '주요 제조업 현황',7,한국은행 「우리나라 주요 제조업 생산 및 공급망 지도」(2026.7)
전국 업종 현황,자동차,전국,고용 비중(제조업 대비),2019,3.3,%,요약 '주요 제조업 현황',7,한국은행 「우리나라 주요 제조업 생산 및 공급망 지도」(2026.7)
전국 업종 현황,자동차,전국,고용 비중(제조업 대비),2024,3.4,%,요약 '주요 제조업 현황',7,한국은행 「우리나라 주요 제조업 생산 및 공급망 지도」(2026.7)
전국 업종 현황,자동차,전국,수출 비중(제조업 대비),2014,8.5,%,요약 '주요 제조업 현황',7,한국은행 「우리나라 주요 제조업 생산 및 공급망 지도」(2026.7)
전국 업종 현황,자동차,전국,수출 비중(제조업 대비),2019,7.9,%,요약 '주요 제조업 현황',7,한국은행 「우리나라 주요 제조업 생산 및 공급망 지도」(2026.7)
전국 업종 현황,자동차,전국,수출 비중(제조업 대비),2024,10.1,%,요약 '주요 제조업 현황',7,한국은행 「우리나라 주요 제조업 생산 및 공급망 지도」(2026.7)
전국 업종 현황,자동차,전국,사업체수,2014,239,개,요약 '주요 제조업 현황',7,한국은행 「우리나라 주요 제조업 생산 및 공급망 지도」(2026.7)
전국 업종 현황,자동차,전국,사업체수,2019,310,개,요약 '주요 제조업 현황',7,한국은행 「우리나라 주요 제조업 생산 및 공급망 지도」(2026.7)
전국 업종 현황,자동차,전국,사업체수,2024,377,개,요약 '주요 제조업 현황',7,한국은행 「우리나라 주요 제조업 생산 및 공급망 지도」(2026.7)
전국 업종 현황,자동차,전국,사업체수 비중(제조업 대비),2014,0.3,%,요약 '주요 제조업 현황',7,한국은행 「우리나라 주요 제조업 생산 및 공급망 지도」(2026.7)
전국 업종 현황,자동차,전국,사업체수 비중(제조업 대비),2019,0.4,%,요약 '주요 제조업 현황',7,한국은행 「우리나라 주요 제조업 생산 및 공급망 지도」(2026.7)
전국 업종 현황,자동차,전국,사업체수 비중(제조업 대비),2024,0.5,%,요약 '주요 제조업 현황',7,한국은행 「우리나라 주요 제조업 생산 및 공급망 지도」(2026.7)
전국 업종 현황,자동차부품,전국,생산,2014,97.3,조원,요약 '주요 제조업 현황',7,한국은행 「우리나라 주요 제조업 생산 및 공급망 지도」(2026.7)
전국 업종 현황,자동차부품,전국,생산,2019,101.3,조원,요약 '주요 제조업 현황',7,한국은행 「우리나라 주요 제조업 생산 및 공급망 지도」(2026.7)
전국 업종 현황,자동차부품,전국,생산,2024,138.7,조원,요약 '주요 제조업 현황',7,한국은행 「우리나라 주요 제조업 생산 및 공급망 지도」(2026.7)
전국 업종 현황,자동차부품,전국,생산 비중(제조업 대비),2014,6.5,%,요약 '주요 제조업 현황',7,한국은행 「우리나라 주요 제조업 생산 및 공급망 지도」(2026.7)
전국 업종 현황,자동차부품,전국,생산 비중(제조업 대비),2019,6.5,%,요약 '주요 제조업 현황',7,한국은행 「우리나라 주요 제조업 생산 및 공급망 지도」(2026.7)
전국 업종 현황,자동차부품,전국,생산 비중(제조업 대비),2024,6.6,%,요약 '주요 제조업 현황',7,한국은행 「우리나라 주요 제조업 생산 및 공급망 지도」(2026.7)
전국 업종 현황,자동차부품,전국,부가가치,2014,28.8,조원,요약 '주요 제조업 현황',7,한국은행 「우리나라 주요 제조업 생산 및 공급망 지도」(2026.7)
전국 업종 현황,자동차부품,전국,부가가치,2019,30.8,조원,요약 '주요 제조업 현황',7,한국은행 「우리나라 주요 제조업 생산 및 공급망 지도」(2026.7)
전국 업종 현황,자동차부품,전국,부가가치,2024,39.3,조원,요약 '주요 제조업 현황',7,한국은행 「우리나라 주요 제조업 생산 및 공급망 지도」(2026.7)
전국 업종 현황,자동차부품,전국,부가가치 비중(제조업 대비),2014,5.9,%,요약 '주요 제조업 현황',7,한국은행 「우리나라 주요 제조업 생산 및 공급망 지도」(2026.7)
전국 업종 현황,자동차부품,전국,부가가치 비중(제조업 대비),2019,5.5,%,요약 '주요 제조업 현황',7,한국은행 「우리나라 주요 제조업 생산 및 공급망 지도」(2026.7)
전국 업종 현황,자동차부품,전국,부가가치 비중(제조업 대비),2024,5.2,%,요약 '주요 제조업 현황',7,한국은행 「우리나라 주요 제조업 생산 및 공급망 지도」(2026.7)
전국 업종 현황,자동차부품,전국,고용,2014,24.7,만명,요약 '주요 제조업 현황',7,한국은행 「우리나라 주요 제조업 생산 및 공급망 지도」(2026.7)
전국 업종 현황,자동차부품,전국,고용,2019,24.0,만명,요약 '주요 제조업 현황',7,한국은행 「우리나라 주요 제조업 생산 및 공급망 지도」(2026.7)
전국 업종 현황,자동차부품,전국,고용,2024,23.9,만명,요약 '주요 제조업 현황',7,한국은행 「우리나라 주요 제조업 생산 및 공급망 지도」(2026.7)
전국 업종 현황,자동차부품,전국,고용 비중(제조업 대비),2014,8.5,%,요약 '주요 제조업 현황',7,한국은행 「우리나라 주요 제조업 생산 및 공급망 지도」(2026.7)
전국 업종 현황,자동차부품,전국,고용 비중(제조업 대비),2019,8.2,%,요약 '주요 제조업 현황',7,한국은행 「우리나라 주요 제조업 생산 및 공급망 지도」(2026.7)
전국 업종 현황,자동차부품,전국,고용 비중(제조업 대비),2024,7.9,%,요약 '주요 제조업 현황',7,한국은행 「우리나라 주요 제조업 생산 및 공급망 지도」(2026.7)
전국 업종 현황,자동차부품,전국,수출 비중(제조업 대비),2014,4.9,%,요약 '주요 제조업 현황',7,한국은행 「우리나라 주요 제조업 생산 및 공급망 지도」(2026.7)
전국 업종 현황,자동차부품,전국,수출 비중(제조업 대비),2019,4.2,%,요약 '주요 제조업 현황',7,한국은행 「우리나라 주요 제조업 생산 및 공급망 지도」(2026.7)
전국 업종 현황,자동차부품,전국,수출 비중(제조업 대비),2024,3.0,%,요약 '주요 제조업 현황',7,한국은행 「우리나라 주요 제조업 생산 및 공급망 지도」(2026.7)
전국 업종 현황,자동차부품,전국,사업체수,2014,4340,개,요약 '주요 제조업 현황',7,한국은행 「우리나라 주요 제조업 생산 및 공급망 지도」(2026.7)
전국 업종 현황,자동차부품,전국,사업체수,2019,4204,개,요약 '주요 제조업 현황',7,한국은행 「우리나라 주요 제조업 생산 및 공급망 지도」(2026.7)
전국 업종 현황,자동차부품,전국,사업체수,2024,4522,개,요약 '주요 제조업 현황',7,한국은행 「우리나라 주요 제조업 생산 및 공급망 지도」(2026.7)
전국 업종 현황,자동차부품,전국,사업체수 비중(제조업 대비),2014,6.3,%,요약 '주요 제조업 현황',7,한국은행 「우리나라 주요 제조업 생산 및 공급망 지도」(2026.7)
전국 업종 현황,자동차부품,전국,사업체수 비중(제조업 대비),2019,6.0,%,요약 '주요 제조업 현황',7,한국은행 「우리나라 주요 제조업 생산 및 공급망 지도」(2026.7)
전국 업종 현황,자동차부품,전국,사업체수 비중(제조업 대비),2024,6.1,%,요약 '주요 제조업 현황',7,한국은행 「우리나라 주요 제조업 생산 및 공급망 지도」(2026.7)
전국 업종 현황,조선,전국,생산,2014,64.2,조원,요약 '주요 제조업 현황',7,한국은행 「우리나라 주요 제조업 생산 및 공급망 지도」(2026.7)
전국 업종 현황,조선,전국,생산,2019,37.4,조원,요약 '주요 제조업 현황',7,한국은행 「우리나라 주요 제조업 생산 및 공급망 지도」(2026.7)
전국 업종 현황,조선,전국,생산,2024,57.6,조원,요약 '주요 제조업 현황',7,한국은행 「우리나라 주요 제조업 생산 및 공급망 지도」(2026.7)
전국 업종 현황,조선,전국,생산 비중(제조업 대비),2014,4.3,%,요약 '주요 제조업 현황',7,한국은행 「우리나라 주요 제조업 생산 및 공급망 지도」(2026.7)
전국 업종 현황,조선,전국,생산 비중(제조업 대비),2019,2.4,%,요약 '주요 제조업 현황',7,한국은행 「우리나라 주요 제조업 생산 및 공급망 지도」(2026.7)
전국 업종 현황,조선,전국,생산 비중(제조업 대비),2024,2.8,%,요약 '주요 제조업 현황',7,한국은행 「우리나라 주요 제조업 생산 및 공급망 지도」(2026.7)
전국 업종 현황,조선,전국,부가가치,2014,17.0,조원,요약 '주요 제조업 현황',7,한국은행 「우리나라 주요 제조업 생산 및 공급망 지도」(2026.7)
전국 업종 현황,조선,전국,부가가치,2019,11.9,조원,요약 '주요 제조업 현황',7,한국은행 「우리나라 주요 제조업 생산 및 공급망 지도」(2026.7)
전국 업종 현황,조선,전국,부가가치,2024,17.0,조원,요약 '주요 제조업 현황',7,한국은행 「우리나라 주요 제조업 생산 및 공급망 지도」(2026.7)
전국 업종 현황,조선,전국,부가가치 비중(제조업 대비),2014,3.5,%,요약 '주요 제조업 현황',7,한국은행 「우리나라 주요 제조업 생산 및 공급망 지도」(2026.7)
전국 업종 현황,조선,전국,부가가치 비중(제조업 대비),2019,2.1,%,요약 '주요 제조업 현황',7,한국은행 「우리나라 주요 제조업 생산 및 공급망 지도」(2026.7)
전국 업종 현황,조선,전국,부가가치 비중(제조업 대비),2024,2.3,%,요약 '주요 제조업 현황',7,한국은행 「우리나라 주요 제조업 생산 및 공급망 지도」(2026.7)
전국 업종 현황,조선,전국,고용,2014,14.6,만명,요약 '주요 제조업 현황',7,한국은행 「우리나라 주요 제조업 생산 및 공급망 지도」(2026.7)
전국 업종 현황,조선,전국,고용,2019,11.9,만명,요약 '주요 제조업 현황',7,한국은행 「우리나라 주요 제조업 생산 및 공급망 지도」(2026.7)
전국 업종 현황,조선,전국,고용,2024,13.8,만명,요약 '주요 제조업 현황',7,한국은행 「우리나라 주요 제조업 생산 및 공급망 지도」(2026.7)
전국 업종 현황,조선,전국,고용 비중(제조업 대비),2014,5.0,%,요약 '주요 제조업 현황',7,한국은행 「우리나라 주요 제조업 생산 및 공급망 지도」(2026.7)
전국 업종 현황,조선,전국,고용 비중(제조업 대비),2019,4.1,%,요약 '주요 제조업 현황',7,한국은행 「우리나라 주요 제조업 생산 및 공급망 지도」(2026.7)
전국 업종 현황,조선,전국,고용 비중(제조업 대비),2024,4.5,%,요약 '주요 제조업 현황',7,한국은행 「우리나라 주요 제조업 생산 및 공급망 지도」(2026.7)
전국 업종 현황,조선,전국,수출 비중(제조업 대비),2014,7.0,%,요약 '주요 제조업 현황',7,한국은행 「우리나라 주요 제조업 생산 및 공급망 지도」(2026.7)
전국 업종 현황,조선,전국,수출 비중(제조업 대비),2019,3.7,%,요약 '주요 제조업 현황',7,한국은행 「우리나라 주요 제조업 생산 및 공급망 지도」(2026.7)
전국 업종 현황,조선,전국,수출 비중(제조업 대비),2024,4.5,%,요약 '주요 제조업 현황',7,한국은행 「우리나라 주요 제조업 생산 및 공급망 지도」(2026.7)
전국 업종 현황,조선,전국,사업체수,2014,1463,개,요약 '주요 제조업 현황',7,한국은행 「우리나라 주요 제조업 생산 및 공급망 지도」(2026.7)
전국 업종 현황,조선,전국,사업체수,2019,1136,개,요약 '주요 제조업 현황',7,한국은행 「우리나라 주요 제조업 생산 및 공급망 지도」(2026.7)
전국 업종 현황,조선,전국,사업체수,2024,1301,개,요약 '주요 제조업 현황',7,한국은행 「우리나라 주요 제조업 생산 및 공급망 지도」(2026.7)
전국 업종 현황,조선,전국,사업체수 비중(제조업 대비),2014,2.1,%,요약 '주요 제조업 현황',7,한국은행 「우리나라 주요 제조업 생산 및 공급망 지도」(2026.7)
전국 업종 현황,조선,전국,사업체수 비중(제조업 대비),2019,1.6,%,요약 '주요 제조업 현황',7,한국은행 「우리나라 주요 제조업 생산 및 공급망 지도」(2026.7)
전국 업종 현황,조선,전국,사업체수 비중(제조업 대비),2024,1.8,%,요약 '주요 제조업 현황',7,한국은행 「우리나라 주요 제조업 생산 및 공급망 지도」(2026.7)
전국 업종 현황,철강,전국,생산,2014,138.6,조원,요약 '주요 제조업 현황',7,한국은행 「우리나라 주요 제조업 생산 및 공급망 지도」(2026.7)
전국 업종 현황,철강,전국,생산,2019,141.2,조원,요약 '주요 제조업 현황',7,한국은행 「우리나라 주요 제조업 생산 및 공급망 지도」(2026.7)
전국 업종 현황,철강,전국,생산,2024,182.1,조원,요약 '주요 제조업 현황',7,한국은행 「우리나라 주요 제조업 생산 및 공급망 지도」(2026.7)
전국 업종 현황,철강,전국,생산 비중(제조업 대비),2014,9.3,%,요약 '주요 제조업 현황',7,한국은행 「우리나라 주요 제조업 생산 및 공급망 지도」(2026.7)
전국 업종 현황,철강,전국,생산 비중(제조업 대비),2019,9.1,%,요약 '주요 제조업 현황',7,한국은행 「우리나라 주요 제조업 생산 및 공급망 지도」(2026.7)
전국 업종 현황,철강,전국,생산 비중(제조업 대비),2024,8.7,%,요약 '주요 제조업 현황',7,한국은행 「우리나라 주요 제조업 생산 및 공급망 지도」(2026.7)
전국 업종 현황,철강,전국,부가가치,2014,26.8,조원,요약 '주요 제조업 현황',7,한국은행 「우리나라 주요 제조업 생산 및 공급망 지도」(2026.7)
전국 업종 현황,철강,전국,부가가치,2019,30.9,조원,요약 '주요 제조업 현황',7,한국은행 「우리나라 주요 제조업 생산 및 공급망 지도」(2026.7)
전국 업종 현황,철강,전국,부가가치,2024,37.3,조원,요약 '주요 제조업 현황',7,한국은행 「우리나라 주요 제조업 생산 및 공급망 지도」(2026.7)
전국 업종 현황,철강,전국,부가가치 비중(제조업 대비),2014,5.5,%,요약 '주요 제조업 현황',7,한국은행 「우리나라 주요 제조업 생산 및 공급망 지도」(2026.7)
전국 업종 현황,철강,전국,부가가치 비중(제조업 대비),2019,5.5,%,요약 '주요 제조업 현황',7,한국은행 「우리나라 주요 제조업 생산 및 공급망 지도」(2026.7)
전국 업종 현황,철강,전국,부가가치 비중(제조업 대비),2024,5.0,%,요약 '주요 제조업 현황',7,한국은행 「우리나라 주요 제조업 생산 및 공급망 지도」(2026.7)
전국 업종 현황,철강,전국,고용,2014,14.4,만명,요약 '주요 제조업 현황',7,한국은행 「우리나라 주요 제조업 생산 및 공급망 지도」(2026.7)
전국 업종 현황,철강,전국,고용,2019,14.0,만명,요약 '주요 제조업 현황',7,한국은행 「우리나라 주요 제조업 생산 및 공급망 지도」(2026.7)
전국 업종 현황,철강,전국,고용,2024,14.9,만명,요약 '주요 제조업 현황',7,한국은행 「우리나라 주요 제조업 생산 및 공급망 지도」(2026.7)
전국 업종 현황,철강,전국,고용 비중(제조업 대비),2014,5.0,%,요약 '주요 제조업 현황',7,한국은행 「우리나라 주요 제조업 생산 및 공급망 지도」(2026.7)
전국 업종 현황,철강,전국,고용 비중(제조업 대비),2019,4.8,%,요약 '주요 제조업 현황',7,한국은행 「우리나라 주요 제조업 생산 및 공급망 지도」(2026.7)
전국 업종 현황,철강,전국,고용 비중(제조업 대비),2024,4.9,%,요약 '주요 제조업 현황',7,한국은행 「우리나라 주요 제조업 생산 및 공급망 지도」(2026.7)
전국 업종 현황,철강,전국,수출 비중(제조업 대비),2014,7.9,%,요약 '주요 제조업 현황',7,한국은행 「우리나라 주요 제조업 생산 및 공급망 지도」(2026.7)
전국 업종 현황,철강,전국,수출 비중(제조업 대비),2019,7.7,%,요약 '주요 제조업 현황',7,한국은행 「우리나라 주요 제조업 생산 및 공급망 지도」(2026.7)
전국 업종 현황,철강,전국,수출 비중(제조업 대비),2024,6.3,%,요약 '주요 제조업 현황',7,한국은행 「우리나라 주요 제조업 생산 및 공급망 지도」(2026.7)
전국 업종 현황,철강,전국,사업체수,2014,2876,개,요약 '주요 제조업 현황',7,한국은행 「우리나라 주요 제조업 생산 및 공급망 지도」(2026.7)
전국 업종 현황,철강,전국,사업체수,2019,2988,개,요약 '주요 제조업 현황',7,한국은행 「우리나라 주요 제조업 생산 및 공급망 지도」(2026.7)
전국 업종 현황,철강,전국,사업체수,2024,3202,개,요약 '주요 제조업 현황',7,한국은행 「우리나라 주요 제조업 생산 및 공급망 지도」(2026.7)
전국 업종 현황,철강,전국,사업체수 비중(제조업 대비),2014,4.2,%,요약 '주요 제조업 현황',7,한국은행 「우리나라 주요 제조업 생산 및 공급망 지도」(2026.7)
전국 업종 현황,철강,전국,사업체수 비중(제조업 대비),2019,4.3,%,요약 '주요 제조업 현황',7,한국은행 「우리나라 주요 제조업 생산 및 공급망 지도」(2026.7)
전국 업종 현황,철강,전국,사업체수 비중(제조업 대비),2024,4.4,%,요약 '주요 제조업 현황',7,한국은행 「우리나라 주요 제조업 생산 및 공급망 지도」(2026.7)
전국 업종 현황,석유정제,전국,생산,2014,137.8,조원,요약 '주요 제조업 현황',7,한국은행 「우리나라 주요 제조업 생산 및 공급망 지도」(2026.7)
전국 업종 현황,석유정제,전국,생산,2019,125.7,조원,요약 '주요 제조업 현황',7,한국은행 「우리나라 주요 제조업 생산 및 공급망 지도」(2026.7)
전국 업종 현황,석유정제,전국,생산,2024,178.4,조원,요약 '주요 제조업 현황',7,한국은행 「우리나라 주요 제조업 생산 및 공급망 지도」(2026.7)
전국 업종 현황,석유정제,전국,생산 비중(제조업 대비),2014,9.3,%,요약 '주요 제조업 현황',7,한국은행 「우리나라 주요 제조업 생산 및 공급망 지도」(2026.7)
전국 업종 현황,석유정제,전국,생산 비중(제조업 대비),2019,8.1,%,요약 '주요 제조업 현황',7,한국은행 「우리나라 주요 제조업 생산 및 공급망 지도」(2026.7)
전국 업종 현황,석유정제,전국,생산 비중(제조업 대비),2024,8.5,%,요약 '주요 제조업 현황',7,한국은행 「우리나라 주요 제조업 생산 및 공급망 지도」(2026.7)
전국 업종 현황,석유정제,전국,부가가치,2014,19.0,조원,요약 '주요 제조업 현황',7,한국은행 「우리나라 주요 제조업 생산 및 공급망 지도」(2026.7)
전국 업종 현황,석유정제,전국,부가가치,2019,24.2,조원,요약 '주요 제조업 현황',7,한국은행 「우리나라 주요 제조업 생산 및 공급망 지도」(2026.7)
전국 업종 현황,석유정제,전국,부가가치,2024,44.4,조원,요약 '주요 제조업 현황',7,한국은행 「우리나라 주요 제조업 생산 및 공급망 지도」(2026.7)
전국 업종 현황,석유정제,전국,부가가치 비중(제조업 대비),2014,3.9,%,요약 '주요 제조업 현황',7,한국은행 「우리나라 주요 제조업 생산 및 공급망 지도」(2026.7)
전국 업종 현황,석유정제,전국,부가가치 비중(제조업 대비),2019,4.3,%,요약 '주요 제조업 현황',7,한국은행 「우리나라 주요 제조업 생산 및 공급망 지도」(2026.7)
전국 업종 현황,석유정제,전국,부가가치 비중(제조업 대비),2024,5.9,%,요약 '주요 제조업 현황',7,한국은행 「우리나라 주요 제조업 생산 및 공급망 지도」(2026.7)
전국 업종 현황,석유정제,전국,고용,2014,1.0,만명,요약 '주요 제조업 현황',7,한국은행 「우리나라 주요 제조업 생산 및 공급망 지도」(2026.7)
전국 업종 현황,석유정제,전국,고용,2019,1.2,만명,요약 '주요 제조업 현황',7,한국은행 「우리나라 주요 제조업 생산 및 공급망 지도」(2026.7)
전국 업종 현황,석유정제,전국,고용,2024,1.2,만명,요약 '주요 제조업 현황',7,한국은행 「우리나라 주요 제조업 생산 및 공급망 지도」(2026.7)
전국 업종 현황,석유정제,전국,고용 비중(제조업 대비),2014,0.3,%,요약 '주요 제조업 현황',7,한국은행 「우리나라 주요 제조업 생산 및 공급망 지도」(2026.7)
전국 업종 현황,석유정제,전국,고용 비중(제조업 대비),2019,0.4,%,요약 '주요 제조업 현황',7,한국은행 「우리나라 주요 제조업 생산 및 공급망 지도」(2026.7)
전국 업종 현황,석유정제,전국,고용 비중(제조업 대비),2024,0.4,%,요약 '주요 제조업 현황',7,한국은행 「우리나라 주요 제조업 생산 및 공급망 지도」(2026.7)
전국 업종 현황,석유정제,전국,수출 비중(제조업 대비),2014,8.9,%,요약 '주요 제조업 현황',7,한국은행 「우리나라 주요 제조업 생산 및 공급망 지도」(2026.7)
전국 업종 현황,석유정제,전국,수출 비중(제조업 대비),2019,7.6,%,요약 '주요 제조업 현황',7,한국은행 「우리나라 주요 제조업 생산 및 공급망 지도」(2026.7)
전국 업종 현황,석유정제,전국,수출 비중(제조업 대비),2024,6.4,%,요약 '주요 제조업 현황',7,한국은행 「우리나라 주요 제조업 생산 및 공급망 지도」(2026.7)
전국 업종 현황,석유정제,전국,사업체수,2014,97,개,요약 '주요 제조업 현황',7,한국은행 「우리나라 주요 제조업 생산 및 공급망 지도」(2026.7)
전국 업종 현황,석유정제,전국,사업체수,2019,120,개,요약 '주요 제조업 현황',7,한국은행 「우리나라 주요 제조업 생산 및 공급망 지도」(2026.7)
전국 업종 현황,석유정제,전국,사업체수,2024,137,개,요약 '주요 제조업 현황',7,한국은행 「우리나라 주요 제조업 생산 및 공급망 지도」(2026.7)
전국 업종 현황,석유정제,전국,사업체수 비중(제조업 대비),2014,0.1,%,요약 '주요 제조업 현황',7,한국은행 「우리나라 주요 제조업 생산 및 공급망 지도」(2026.7)
전국 업종 현황,석유정제,전국,사업체수 비중(제조업 대비),2019,0.2,%,요약 '주요 제조업 현황',7,한국은행 「우리나라 주요 제조업 생산 및 공급망 지도」(2026.7)
전국 업종 현황,석유정제,전국,사업체수 비중(제조업 대비),2024,0.2,%,요약 '주요 제조업 현황',7,한국은행 「우리나라 주요 제조업 생산 및 공급망 지도」(2026.7)
전국 업종 현황,석유화학,전국,생산,2014,65.3,조원,요약 '주요 제조업 현황',7,한국은행 「우리나라 주요 제조업 생산 및 공급망 지도」(2026.7)
전국 업종 현황,석유화학,전국,생산,2019,97.2,조원,요약 '주요 제조업 현황',7,한국은행 「우리나라 주요 제조업 생산 및 공급망 지도」(2026.7)
전국 업종 현황,석유화학,전국,생산,2024,117.3,조원,요약 '주요 제조업 현황',7,한국은행 「우리나라 주요 제조업 생산 및 공급망 지도」(2026.7)
전국 업종 현황,석유화학,전국,생산 비중(제조업 대비),2014,4.4,%,요약 '주요 제조업 현황',7,한국은행 「우리나라 주요 제조업 생산 및 공급망 지도」(2026.7)
전국 업종 현황,석유화학,전국,생산 비중(제조업 대비),2019,6.3,%,요약 '주요 제조업 현황',7,한국은행 「우리나라 주요 제조업 생산 및 공급망 지도」(2026.7)
전국 업종 현황,석유화학,전국,생산 비중(제조업 대비),2024,5.6,%,요약 '주요 제조업 현황',7,한국은행 「우리나라 주요 제조업 생산 및 공급망 지도」(2026.7)
전국 업종 현황,석유화학,전국,부가가치,2014,13.3,조원,요약 '주요 제조업 현황',7,한국은행 「우리나라 주요 제조업 생산 및 공급망 지도」(2026.7)
전국 업종 현황,석유화학,전국,부가가치,2019,24.3,조원,요약 '주요 제조업 현황',7,한국은행 「우리나라 주요 제조업 생산 및 공급망 지도」(2026.7)
전국 업종 현황,석유화학,전국,부가가치,2024,25.1,조원,요약 '주요 제조업 현황',7,한국은행 「우리나라 주요 제조업 생산 및 공급망 지도」(2026.7)
전국 업종 현황,석유화학,전국,부가가치 비중(제조업 대비),2014,2.8,%,요약 '주요 제조업 현황',7,한국은행 「우리나라 주요 제조업 생산 및 공급망 지도」(2026.7)
전국 업종 현황,석유화학,전국,부가가치 비중(제조업 대비),2019,4.4,%,요약 '주요 제조업 현황',7,한국은행 「우리나라 주요 제조업 생산 및 공급망 지도」(2026.7)
전국 업종 현황,석유화학,전국,부가가치 비중(제조업 대비),2024,3.3,%,요약 '주요 제조업 현황',7,한국은행 「우리나라 주요 제조업 생산 및 공급망 지도」(2026.7)
전국 업종 현황,석유화학,전국,고용,2014,1.6,만명,요약 '주요 제조업 현황',7,한국은행 「우리나라 주요 제조업 생산 및 공급망 지도」(2026.7)
전국 업종 현황,석유화학,전국,고용,2019,4.4,만명,요약 '주요 제조업 현황',7,한국은행 「우리나라 주요 제조업 생산 및 공급망 지도」(2026.7)
전국 업종 현황,석유화학,전국,고용,2024,4.5,만명,요약 '주요 제조업 현황',7,한국은행 「우리나라 주요 제조업 생산 및 공급망 지도」(2026.7)
전국 업종 현황,석유화학,전국,고용 비중(제조업 대비),2014,0.6,%,요약 '주요 제조업 현황',7,한국은행 「우리나라 주요 제조업 생산 및 공급망 지도」(2026.7)
전국 업종 현황,석유화학,전국,고용 비중(제조업 대비),2019,1.5,%,요약 '주요 제조업 현황',7,한국은행 「우리나라 주요 제조업 생산 및 공급망 지도」(2026.7)
전국 업종 현황,석유화학,전국,고용 비중(제조업 대비),2024,1.5,%,요약 '주요 제조업 현황',7,한국은행 「우리나라 주요 제조업 생산 및 공급망 지도」(2026.7)
전국 업종 현황,석유화학,전국,수출 비중(제조업 대비),2014,8.4,%,요약 '주요 제조업 현황',7,한국은행 「우리나라 주요 제조업 생산 및 공급망 지도」(2026.7)
전국 업종 현황,석유화학,전국,수출 비중(제조업 대비),2019,7.9,%,요약 '주요 제조업 현황',7,한국은행 「우리나라 주요 제조업 생산 및 공급망 지도」(2026.7)
전국 업종 현황,석유화학,전국,수출 비중(제조업 대비),2024,6.0,%,요약 '주요 제조업 현황',7,한국은행 「우리나라 주요 제조업 생산 및 공급망 지도」(2026.7)
전국 업종 현황,석유화학,전국,사업체수,2014,251,개,요약 '주요 제조업 현황',7,한국은행 「우리나라 주요 제조업 생산 및 공급망 지도」(2026.7)
전국 업종 현황,석유화학,전국,사업체수,2019,716,개,요약 '주요 제조업 현황',7,한국은행 「우리나라 주요 제조업 생산 및 공급망 지도」(2026.7)
전국 업종 현황,석유화학,전국,사업체수,2024,806,개,요약 '주요 제조업 현황',7,한국은행 「우리나라 주요 제조업 생산 및 공급망 지도」(2026.7)
전국 업종 현황,석유화학,전국,사업체수 비중(제조업 대비),2014,0.4,%,요약 '주요 제조업 현황',7,한국은행 「우리나라 주요 제조업 생산 및 공급망 지도」(2026.7)
전국 업종 현황,석유화학,전국,사업체수 비중(제조업 대비),2019,1.0,%,요약 '주요 제조업 현황',7,한국은행 「우리나라 주요 제조업 생산 및 공급망 지도」(2026.7)
전국 업종 현황,석유화학,전국,사업체수 비중(제조업 대비),2024,1.1,%,요약 '주요 제조업 현황',7,한국은행 「우리나라 주요 제조업 생산 및 공급망 지도」(2026.7)
전국 업종 현황,기계장비,전국,생산,2014,102.4,조원,요약 '주요 제조업 현황',7,한국은행 「우리나라 주요 제조업 생산 및 공급망 지도」(2026.7)
전국 업종 현황,기계장비,전국,생산,2019,119.1,조원,요약 '주요 제조업 현황',7,한국은행 「우리나라 주요 제조업 생산 및 공급망 지도」(2026.7)
전국 업종 현황,기계장비,전국,생산,2024,149.8,조원,요약 '주요 제조업 현황',7,한국은행 「우리나라 주요 제조업 생산 및 공급망 지도」(2026.7)
전국 업종 현황,기계장비,전국,생산 비중(제조업 대비),2014,6.9,%,요약 '주요 제조업 현황',7,한국은행 「우리나라 주요 제조업 생산 및 공급망 지도」(2026.7)
전국 업종 현황,기계장비,전국,생산 비중(제조업 대비),2019,7.7,%,요약 '주요 제조업 현황',7,한국은행 「우리나라 주요 제조업 생산 및 공급망 지도」(2026.7)
전국 업종 현황,기계장비,전국,생산 비중(제조업 대비),2024,7.2,%,요약 '주요 제조업 현황',7,한국은행 「우리나라 주요 제조업 생산 및 공급망 지도」(2026.7)
전국 업종 현황,기계장비,전국,부가가치,2014,37.3,조원,요약 '주요 제조업 현황',7,한국은행 「우리나라 주요 제조업 생산 및 공급망 지도」(2026.7)
전국 업종 현황,기계장비,전국,부가가치,2019,44.9,조원,요약 '주요 제조업 현황',7,한국은행 「우리나라 주요 제조업 생산 및 공급망 지도」(2026.7)
전국 업종 현황,기계장비,전국,부가가치,2024,57.7,조원,요약 '주요 제조업 현황',7,한국은행 「우리나라 주요 제조업 생산 및 공급망 지도」(2026.7)
전국 업종 현황,기계장비,전국,부가가치 비중(제조업 대비),2014,7.7,%,요약 '주요 제조업 현황',7,한국은행 「우리나라 주요 제조업 생산 및 공급망 지도」(2026.7)
전국 업종 현황,기계장비,전국,부가가치 비중(제조업 대비),2019,8.1,%,요약 '주요 제조업 현황',7,한국은행 「우리나라 주요 제조업 생산 및 공급망 지도」(2026.7)
전국 업종 현황,기계장비,전국,부가가치 비중(제조업 대비),2024,7.7,%,요약 '주요 제조업 현황',7,한국은행 「우리나라 주요 제조업 생산 및 공급망 지도」(2026.7)
전국 업종 현황,기계장비,전국,고용,2014,31.9,만명,요약 '주요 제조업 현황',7,한국은행 「우리나라 주요 제조업 생산 및 공급망 지도」(2026.7)
전국 업종 현황,기계장비,전국,고용,2019,33.5,만명,요약 '주요 제조업 현황',7,한국은행 「우리나라 주요 제조업 생산 및 공급망 지도」(2026.7)
전국 업종 현황,기계장비,전국,고용,2024,34.2,만명,요약 '주요 제조업 현황',7,한국은행 「우리나라 주요 제조업 생산 및 공급망 지도」(2026.7)
전국 업종 현황,기계장비,전국,고용 비중(제조업 대비),2014,11.0,%,요약 '주요 제조업 현황',7,한국은행 「우리나라 주요 제조업 생산 및 공급망 지도」(2026.7)
전국 업종 현황,기계장비,전국,고용 비중(제조업 대비),2019,11.4,%,요약 '주요 제조업 현황',7,한국은행 「우리나라 주요 제조업 생산 및 공급망 지도」(2026.7)
전국 업종 현황,기계장비,전국,고용 비중(제조업 대비),2024,11.3,%,요약 '주요 제조업 현황',7,한국은행 「우리나라 주요 제조업 생산 및 공급망 지도」(2026.7)
전국 업종 현황,기계장비,전국,수출 비중(제조업 대비),2014,9.1,%,요약 '주요 제조업 현황',7,한국은행 「우리나라 주요 제조업 생산 및 공급망 지도」(2026.7)
전국 업종 현황,기계장비,전국,수출 비중(제조업 대비),2019,11.5,%,요약 '주요 제조업 현황',7,한국은행 「우리나라 주요 제조업 생산 및 공급망 지도」(2026.7)
전국 업종 현황,기계장비,전국,수출 비중(제조업 대비),2024,8.4,%,요약 '주요 제조업 현황',7,한국은행 「우리나라 주요 제조업 생산 및 공급망 지도」(2026.7)
전국 업종 현황,기계장비,전국,사업체수,2014,9521,개,요약 '주요 제조업 현황',7,한국은행 「우리나라 주요 제조업 생산 및 공급망 지도」(2026.7)
전국 업종 현황,기계장비,전국,사업체수,2019,9835,개,요약 '주요 제조업 현황',7,한국은행 「우리나라 주요 제조업 생산 및 공급망 지도」(2026.7)
전국 업종 현황,기계장비,전국,사업체수,2024,10275,개,요약 '주요 제조업 현황',7,한국은행 「우리나라 주요 제조업 생산 및 공급망 지도」(2026.7)
전국 업종 현황,기계장비,전국,사업체수 비중(제조업 대비),2014,13.9,%,요약 '주요 제조업 현황',7,한국은행 「우리나라 주요 제조업 생산 및 공급망 지도」(2026.7)
전국 업종 현황,기계장비,전국,사업체수 비중(제조업 대비),2019,14.1,%,요약 '주요 제조업 현황',7,한국은행 「우리나라 주요 제조업 생산 및 공급망 지도」(2026.7)
전국 업종 현황,기계장비,전국,사업체수 비중(제조업 대비),2024,14.0,%,요약 '주요 제조업 현황',7,한국은행 「우리나라 주요 제조업 생산 및 공급망 지도」(2026.7)
전국 업종 현황,전기장비,전국,생산,2014,67.6,조원,요약 '주요 제조업 현황',7,한국은행 「우리나라 주요 제조업 생산 및 공급망 지도」(2026.7)
전국 업종 현황,전기장비,전국,생산,2019,88.8,조원,요약 '주요 제조업 현황',7,한국은행 「우리나라 주요 제조업 생산 및 공급망 지도」(2026.7)
전국 업종 현황,전기장비,전국,생산,2024,141.2,조원,요약 '주요 제조업 현황',7,한국은행 「우리나라 주요 제조업 생산 및 공급망 지도」(2026.7)
전국 업종 현황,전기장비,전국,생산 비중(제조업 대비),2014,4.5,%,요약 '주요 제조업 현황',7,한국은행 「우리나라 주요 제조업 생산 및 공급망 지도」(2026.7)
전국 업종 현황,전기장비,전국,생산 비중(제조업 대비),2019,5.7,%,요약 '주요 제조업 현황',7,한국은행 「우리나라 주요 제조업 생산 및 공급망 지도」(2026.7)
전국 업종 현황,전기장비,전국,생산 비중(제조업 대비),2024,6.8,%,요약 '주요 제조업 현황',7,한국은행 「우리나라 주요 제조업 생산 및 공급망 지도」(2026.7)
전국 업종 현황,전기장비,전국,부가가치,2014,20.9,조원,요약 '주요 제조업 현황',7,한국은행 「우리나라 주요 제조업 생산 및 공급망 지도」(2026.7)
전국 업종 현황,전기장비,전국,부가가치,2019,29.5,조원,요약 '주요 제조업 현황',7,한국은행 「우리나라 주요 제조업 생산 및 공급망 지도」(2026.7)
전국 업종 현황,전기장비,전국,부가가치,2024,47.9,조원,요약 '주요 제조업 현황',7,한국은행 「우리나라 주요 제조업 생산 및 공급망 지도」(2026.7)
전국 업종 현황,전기장비,전국,부가가치 비중(제조업 대비),2014,4.3,%,요약 '주요 제조업 현황',7,한국은행 「우리나라 주요 제조업 생산 및 공급망 지도」(2026.7)
전국 업종 현황,전기장비,전국,부가가치 비중(제조업 대비),2019,5.3,%,요약 '주요 제조업 현황',7,한국은행 「우리나라 주요 제조업 생산 및 공급망 지도」(2026.7)
전국 업종 현황,전기장비,전국,부가가치 비중(제조업 대비),2024,6.4,%,요약 '주요 제조업 현황',7,한국은행 「우리나라 주요 제조업 생산 및 공급망 지도」(2026.7)
전국 업종 현황,전기장비,전국,고용,2014,17.7,만명,요약 '주요 제조업 현황',7,한국은행 「우리나라 주요 제조업 생산 및 공급망 지도」(2026.7)
전국 업종 현황,전기장비,전국,고용,2019,19.8,만명,요약 '주요 제조업 현황',7,한국은행 「우리나라 주요 제조업 생산 및 공급망 지도」(2026.7)
전국 업종 현황,전기장비,전국,고용,2024,21.3,만명,요약 '주요 제조업 현황',7,한국은행 「우리나라 주요 제조업 생산 및 공급망 지도」(2026.7)
전국 업종 현황,전기장비,전국,고용 비중(제조업 대비),2014,6.1,%,요약 '주요 제조업 현황',7,한국은행 「우리나라 주요 제조업 생산 및 공급망 지도」(2026.7)
전국 업종 현황,전기장비,전국,고용 비중(제조업 대비),2019,6.8,%,요약 '주요 제조업 현황',7,한국은행 「우리나라 주요 제조업 생산 및 공급망 지도」(2026.7)
전국 업종 현황,전기장비,전국,고용 비중(제조업 대비),2024,7.0,%,요약 '주요 제조업 현황',7,한국은행 「우리나라 주요 제조업 생산 및 공급망 지도」(2026.7)
전국 업종 현황,전기장비,전국,수출 비중(제조업 대비),2014,6.9,%,요약 '주요 제조업 현황',7,한국은행 「우리나라 주요 제조업 생산 및 공급망 지도」(2026.7)
전국 업종 현황,전기장비,전국,수출 비중(제조업 대비),2019,6.2,%,요약 '주요 제조업 현황',7,한국은행 「우리나라 주요 제조업 생산 및 공급망 지도」(2026.7)
전국 업종 현황,전기장비,전국,수출 비중(제조업 대비),2024,5.6,%,요약 '주요 제조업 현황',7,한국은행 「우리나라 주요 제조업 생산 및 공급망 지도」(2026.7)
전국 업종 현황,전기장비,전국,사업체수,2014,4275,개,요약 '주요 제조업 현황',7,한국은행 「우리나라 주요 제조업 생산 및 공급망 지도」(2026.7)
전국 업종 현황,전기장비,전국,사업체수,2019,4460,개,요약 '주요 제조업 현황',7,한국은행 「우리나라 주요 제조업 생산 및 공급망 지도」(2026.7)
전국 업종 현황,전기장비,전국,사업체수,2024,4896,개,요약 '주요 제조업 현황',7,한국은행 「우리나라 주요 제조업 생산 및 공급망 지도」(2026.7)
전국 업종 현황,전기장비,전국,사업체수 비중(제조업 대비),2014,6.2,%,요약 '주요 제조업 현황',7,한국은행 「우리나라 주요 제조업 생산 및 공급망 지도」(2026.7)
전국 업종 현황,전기장비,전국,사업체수 비중(제조업 대비),2019,6.4,%,요약 '주요 제조업 현황',7,한국은행 「우리나라 주요 제조업 생산 및 공급망 지도」(2026.7)
전국 업종 현황,전기장비,전국,사업체수 비중(제조업 대비),2024,6.7,%,요약 '주요 제조업 현황',7,한국은행 「우리나라 주요 제조업 생산 및 공급망 지도」(2026.7)
전국 업종 현황,전기장비,전국,사업체수,2014,2014,,요약 '주요 제조업 현황',7,한국은행 「우리나라 주요 제조업 생산 및 공급망 지도」(2026.7)
전국 업종 현황,전기장비,전국,사업체수,2019,2019,,요약 '주요 제조업 현황',7,한국은행 「우리나라 주요 제조업 생산 및 공급망 지도」(2026.7)
전국 업종 현황,전기장비,전국,사업체수,2024,2024,,요약 '주요 제조업 현황',7,한국은행 「우리나라 주요 제조업 생산 및 공급망 지도」(2026.7)
전국 업종 현황,전기장비,전국,생산,2014,1489.2,조원,요약 '주요 제조업 현황',7,한국은행 「우리나라 주요 제조업 생산 및 공급망 지도」(2026.7)
전국 업종 현황,전기장비,전국,생산,2019,1552.7,조원,요약 '주요 제조업 현황',7,한국은행 「우리나라 주요 제조업 생산 및 공급망 지도」(2026.7)
전국 업종 현황,전기장비,전국,생산,2024,2091.7,조원,요약 '주요 제조업 현황',7,한국은행 「우리나라 주요 제조업 생산 및 공급망 지도」(2026.7)
전국 업종 현황,전기장비,전국,부가가치,2014,484.5,조원,요약 '주요 제조업 현황',7,한국은행 「우리나라 주요 제조업 생산 및 공급망 지도」(2026.7)
전국 업종 현황,전기장비,전국,부가가치,2019,557.0,조원,요약 '주요 제조업 현황',7,한국은행 「우리나라 주요 제조업 생산 및 공급망 지도」(2026.7)
전국 업종 현황,전기장비,전국,부가가치,2024,749.1,조원,요약 '주요 제조업 현황',7,한국은행 「우리나라 주요 제조업 생산 및 공급망 지도」(2026.7)
전국 업종 현황,전기장비,전국,부가가치 비중(제조업 대비),2014,100,%,요약 '주요 제조업 현황',7,한국은행 「우리나라 주요 제조업 생산 및 공급망 지도」(2026.7)
전국 업종 현황,전기장비,전국,부가가치 비중(제조업 대비),2019,100,%,요약 '주요 제조업 현황',7,한국은행 「우리나라 주요 제조업 생산 및 공급망 지도」(2026.7)
전국 업종 현황,전기장비,전국,부가가치 비중(제조업 대비),2024,100,%,요약 '주요 제조업 현황',7,한국은행 「우리나라 주요 제조업 생산 및 공급망 지도」(2026.7)
전국 업종 현황,전기장비,전국,고용,2014,290.5,만명,요약 '주요 제조업 현황',7,한국은행 「우리나라 주요 제조업 생산 및 공급망 지도」(2026.7)
전국 업종 현황,전기장비,전국,고용,2019,292.8,만명,요약 '주요 제조업 현황',7,한국은행 「우리나라 주요 제조업 생산 및 공급망 지도」(2026.7)
전국 업종 현황,전기장비,전국,고용,2024,303.7,만명,요약 '주요 제조업 현황',7,한국은행 「우리나라 주요 제조업 생산 및 공급망 지도」(2026.7)
전국 업종 현황,전기장비,전국,고용 비중(제조업 대비),2014,100,%,요약 '주요 제조업 현황',7,한국은행 「우리나라 주요 제조업 생산 및 공급망 지도」(2026.7)
전국 업종 현황,전기장비,전국,고용 비중(제조업 대비),2019,100,%,요약 '주요 제조업 현황',7,한국은행 「우리나라 주요 제조업 생산 및 공급망 지도」(2026.7)
전국 업종 현황,전기장비,전국,고용 비중(제조업 대비),2024,100,%,요약 '주요 제조업 현황',7,한국은행 「우리나라 주요 제조업 생산 및 공급망 지도」(2026.7)
전국 업종 현황,전기장비,전국,수출 비중(제조업 대비),2014,100,%,요약 '주요 제조업 현황',7,한국은행 「우리나라 주요 제조업 생산 및 공급망 지도」(2026.7)
전국 업종 현황,전기장비,전국,수출 비중(제조업 대비),2019,100,%,요약 '주요 제조업 현황',7,한국은행 「우리나라 주요 제조업 생산 및 공급망 지도」(2026.7)
전국 업종 현황,전기장비,전국,수출 비중(제조업 대비),2024,100,%,요약 '주요 제조업 현황',7,한국은행 「우리나라 주요 제조업 생산 및 공급망 지도」(2026.7)
전국 업종 현황,전기장비,전국,사업체수,2014,68640,개,요약 '주요 제조업 현황',7,한국은행 「우리나라 주요 제조업 생산 및 공급망 지도」(2026.7)
전국 업종 현황,전기장비,전국,사업체수,2019,69639,개,요약 '주요 제조업 현황',7,한국은행 「우리나라 주요 제조업 생산 및 공급망 지도」(2026.7)
전국 업종 현황,전기장비,전국,사업체수,2024,73570,개,요약 '주요 제조업 현황',7,한국은행 「우리나라 주요 제조업 생산 및 공급망 지도」(2026.7)
전국 업종 현황,전기장비,전국,사업체수 비중(제조업 대비),2014,100,%,요약 '주요 제조업 현황',7,한국은행 「우리나라 주요 제조업 생산 및 공급망 지도」(2026.7)
전국 업종 현황,전기장비,전국,사업체수 비중(제조업 대비),2019,100,%,요약 '주요 제조업 현황',7,한국은행 「우리나라 주요 제조업 생산 및 공급망 지도」(2026.7)
전국 업종 현황,전기장비,전국,사업체수 비중(제조업 대비),2024,100,%,요약 '주요 제조업 현황',7,한국은행 「우리나라 주요 제조업 생산 및 공급망 지도」(2026.7)
권역 제조업 생산 비중,제조업 전체,수도권,생산 비중(전국 대비),2024,33.2,%,요약 '제조업의 권역간 분포',6,한국은행 「우리나라 주요 제조업 생산 및 공급망 지도」(2026.7)
권역 제조업 생산 비중,제조업 전체,대경권,생산 비중(전국 대비),2024,9.8,%,요약 '제조업의 권역간 분포',6,한국은행 「우리나라 주요 제조업 생산 및 공급망 지도」(2026.7)
권역 제조업 생산 비중,제조업 전체,충청권,생산 비중(전국 대비),2024,19.6,%,요약 '제조업의 권역간 분포',6,한국은행 「우리나라 주요 제조업 생산 및 공급망 지도」(2026.7)
권역 제조업 생산 비중,제조업 전체,동남권,생산 비중(전국 대비),2024,24.6,%,요약 '제조업의 권역간 분포',6,한국은행 「우리나라 주요 제조업 생산 및 공급망 지도」(2026.7)
권역 제조업 생산 비중,제조업 전체,호남권,생산 비중(전국 대비),2024,11.9,%,요약 '제조업의 권역간 분포',6,한국은행 「우리나라 주요 제조업 생산 및 공급망 지도」(2026.7)
