id,tag,source,as_of
c0033,venture,중소벤처기업부 벤처기업명단(공공데이터포털),2026-04
c0055,venture,중소벤처기업부 벤처기업명단(공공데이터포털),2026-04
c0058,prestar,대구광역시 스타기업·PRE-스타기업·3030기업 현황(공공데이터포털),2025-03
c0058,venture,중소벤처기업부 벤처기업명단(공공데이터포털),2026-04
c0091,k3030,대구광역시 스타기업·PRE-스타기업·3030기업 현황(공공데이터포털),2025-03
c0146,prestar,대구광역시 스타기업·PRE-스타기업·3030기업 현황(공공데이터포털),2025-03
c0168,venture,중소벤처기업부 벤처기업명단(공공데이터포털),2026-04
c0177,venture,중소벤처기업부 벤처기업명단(공공데이터포털),2026-04
c0178,venture,중소벤처기업부 벤처기업명단(공공데이터포털),2026-04
c0184,venture,중소벤처기업부 벤처기업명단(공공데이터포털),2026-04
c0190,venture,중소벤처기업부 벤처기업명단(공공데이터포털),2026-04
c0194,prestar,대구광역시 스타기업·PRE-스타기업·3030기업 현황(공공데이터포털),2025-03
c0196,star,대구광역시 스타기업·PRE-스타기업·3030기업 현황(공공데이터포털),2025-03
c0234,venture,중소벤처기업부 벤처기업명단(공공데이터포털),2026-04
c0245,k3030,대구광역시 스타기업·PRE-스타기업·3030기업 현황(공공데이터포털),2025-03
c0265,venture,중소벤처기업부 벤처기업명단(공공데이터포털),2026-04
c0273,prestar,대구광역시 스타기업·PRE-스타기업·3030기업 현황(공공데이터포털),2025-03
c0294,venture,중소벤처기업부 벤처기업명단(공공데이터포털),2026-04
c0295,venture,중소벤처기업부 벤처기업명단(공공데이터포털),2026-04
c0316,prestar,대구광역시 스타기업·PRE-스타기업·3030기업 현황(공공데이터포털),2025-03
c0329,star,대구광역시 스타기업·PRE-스타기업·3030기업 현황(공공데이터포털),2025-03
c0334,venture,중소벤처기업부 벤처기업명단(공공데이터포털),2026-04
c0347,venture,중소벤처기업부 벤처기업명단(공공데이터포털),2026-04
c0357,venture,중소벤처기업부 벤처기업명단(공공데이터포털),2026-04
c0389,k3030,대구광역시 스타기업·PRE-스타기업·3030기업 현황(공공데이터포털),2025-03
c0399,star,대구광역시 스타기업·PRE-스타기업·3030기업 현황(공공데이터포털),2025-03
c0399,venture,중소벤처기업부 벤처기업명단(공공데이터포털),2026-04
c0403,venture,중소벤처기업부 벤처기업명단(공공데이터포털),2026-04
c0404,venture,중소벤처기업부 벤처기업명단(공공데이터포털),2026-04
c0405,prestar,대구광역시 스타기업·PRE-스타기업·3030기업 현황(공공데이터포털),2025-03
c0405,venture,중소벤처기업부 벤처기업명단(공공데이터포털),2026-04
c0408,venture,중소벤처기업부 벤처기업명단(공공데이터포털),2026-04
c0409,venture,중소벤처기업부 벤처기업명단(공공데이터포털),2026-04
c0410,star,대구광역시 스타기업·PRE-스타기업·3030기업 현황(공공데이터포털),2025-03
c0410,venture,중소벤처기업부 벤처기업명단(공공데이터포털),2026-04
c0412,prestar,대구광역시 스타기업·PRE-스타기업·3030기업 현황(공공데이터포털),2025-03
c0412,venture,중소벤처기업부 벤처기업명단(공공데이터포털),2026-04
c0413,kmedi,대구경북첨단의료산업진흥재단 입주기업 현황(공공데이터포털),2026
c0413,venture,중소벤처기업부 벤처기업명단(공공데이터포털),2026-04
c0416,venture,중소벤처기업부 벤처기업명단(공공데이터포털),2026-04
c0417,prestar,대구광역시 스타기업·PRE-스타기업·3030기업 현황(공공데이터포털),2025-03
c0417,venture,중소벤처기업부 벤처기업명단(공공데이터포털),2026-04
c0418,venture,중소벤처기업부 벤처기업명단(공공데이터포털),2026-04
c0420,venture,중소벤처기업부 벤처기업명단(공공데이터포털),2026-04
c0425,prestar,대구광역시 스타기업·PRE-스타기업·3030기업 현황(공공데이터포털),2025-03
c0425,venture,중소벤처기업부 벤처기업명단(공공데이터포털),2026-04
c0431,venture,중소벤처기업부 벤처기업명단(공공데이터포털),2026-04
c0432,prestar,대구광역시 스타기업·PRE-스타기업·3030기업 현황(공공데이터포털),2025-03
c0438,venture,중소벤처기업부 벤처기업명단(공공데이터포털),2026-04
c0442,star,대구광역시 스타기업·PRE-스타기업·3030기업 현황(공공데이터포털),2025-03
c0442,venture,중소벤처기업부 벤처기업명단(공공데이터포털),2026-04
c0444,kmedi,대구경북첨단의료산업진흥재단 입주기업 현황(공공데이터포털),2026
c0444,star,대구광역시 스타기업·PRE-스타기업·3030기업 현황(공공데이터포털),2025-03
c0444,venture,중소벤처기업부 벤처기업명단(공공데이터포털),2026-04
c0448,kmedi,대구경북첨단의료산업진흥재단 입주기업 현황(공공데이터포털),2026
c0448,venture,중소벤처기업부 벤처기업명단(공공데이터포털),2026-04
c0449,venture,중소벤처기업부 벤처기업명단(공공데이터포털),2026-04
c0453,venture,중소벤처기업부 벤처기업명단(공공데이터포털),2026-04
c0456,venture,중소벤처기업부 벤처기업명단(공공데이터포털),2026-04
c0457,prestar,대구광역시 스타기업·PRE-스타기업·3030기업 현황(공공데이터포털),2025-03
c0457,venture,중소벤처기업부 벤처기업명단(공공데이터포털),2026-04
c0458,prestar,대구광역시 스타기업·PRE-스타기업·3030기업 현황(공공데이터포털),2025-03
c0458,venture,중소벤처기업부 벤처기업명단(공공데이터포털),2026-04
c0459,venture,중소벤처기업부 벤처기업명단(공공데이터포털),2026-04
c0466,kmedi,대구경북첨단의료산업진흥재단 입주기업 현황(공공데이터포털),2026
c0469,venture,중소벤처기업부 벤처기업명단(공공데이터포털),2026-04
c0470,star,대구광역시 스타기업·PRE-스타기업·3030기업 현황(공공데이터포털),2025-03
c0470,venture,중소벤처기업부 벤처기업명단(공공데이터포털),2026-04
c0471,venture,중소벤처기업부 벤처기업명단(공공데이터포털),2026-04
c0473,prestar,대구광역시 스타기업·PRE-스타기업·3030기업 현황(공공데이터포털),2025-03
c0473,venture,중소벤처기업부 벤처기업명단(공공데이터포털),2026-04
c0474,venture,중소벤처기업부 벤처기업명단(공공데이터포털),2026-04
c0475,venture,중소벤처기업부 벤처기업명단(공공데이터포털),2026-04
c0490,star,대구광역시 스타기업·PRE-스타기업·3030기업 현황(공공데이터포털),2025-03
c0491,k3030,대구광역시 스타기업·PRE-스타기업·3030기업 현황(공공데이터포털),2025-03
c0499,venture,중소벤처기업부 벤처기업명단(공공데이터포털),2026-04
c0509,venture,중소벤처기업부 벤처기업명단(공공데이터포털),2026-04
c0515,kmedi,대구경북첨단의료산업진흥재단 입주기업 현황(공공데이터포털),2026
c0516,venture,중소벤처기업부 벤처기업명단(공공데이터포털),2026-04
c0517,kmedi,대구경북첨단의료산업진흥재단 입주기업 현황(공공데이터포털),2026
c0517,venture,중소벤처기업부 벤처기업명단(공공데이터포털),2026-04
c0521,venture,중소벤처기업부 벤처기업명단(공공데이터포털),2026-04
c0537,venture,중소벤처기업부 벤처기업명단(공공데이터포털),2026-04
c0540,prestar,대구광역시 스타기업·PRE-스타기업·3030기업 현황(공공데이터포털),2025-03
c0540,venture,중소벤처기업부 벤처기업명단(공공데이터포털),2026-04
c0541,kmedi,대구경북첨단의료산업진흥재단 입주기업 현황(공공데이터포털),2026
c0542,kmedi,대구경북첨단의료산업진흥재단 입주기업 현황(공공데이터포털),2026
c0542,venture,중소벤처기업부 벤처기업명단(공공데이터포털),2026-04
c0544,kmedi,대구경북첨단의료산업진흥재단 입주기업 현황(공공데이터포털),2026
c0544,prestar,대구광역시 스타기업·PRE-스타기업·3030기업 현황(공공데이터포털),2025-03
c0544,venture,중소벤처기업부 벤처기업명단(공공데이터포털),2026-04
c0545,kmedi,대구경북첨단의료산업진흥재단 입주기업 현황(공공데이터포털),2026
c0545,prestar,대구광역시 스타기업·PRE-스타기업·3030기업 현황(공공데이터포털),2025-03
c0545,venture,중소벤처기업부 벤처기업명단(공공데이터포털),2026-04
c0547,kmedi,대구경북첨단의료산업진흥재단 입주기업 현황(공공데이터포털),2026
c0549,kmedi,대구경북첨단의료산업진흥재단 입주기업 현황(공공데이터포털),2026
c0549,venture,중소벤처기업부 벤처기업명단(공공데이터포털),2026-04
c0550,kmedi,대구경북첨단의료산업진흥재단 입주기업 현황(공공데이터포털),2026
c0552,kmedi,대구경북첨단의료산업진흥재단 입주기업 현황(공공데이터포털),2026
c0553,kmedi,대구경북첨단의료산업진흥재단 입주기업 현황(공공데이터포털),2026
c0554,kmedi,대구경북첨단의료산업진흥재단 입주기업 현황(공공데이터포털),2026
c0554,prestar,대구광역시 스타기업·PRE-스타기업·3030기업 현황(공공데이터포털),2025-03
c0554,venture,중소벤처기업부 벤처기업명단(공공데이터포털),2026-04
c0564,venture,중소벤처기업부 벤처기업명단(공공데이터포털),2026-04
c0566,star,대구광역시 스타기업·PRE-스타기업·3030기업 현황(공공데이터포털),2025-03
c0586,venture,중소벤처기업부 벤처기업명단(공공데이터포털),2026-04
c0594,k3030,대구광역시 스타기업·PRE-스타기업·3030기업 현황(공공데이터포털),2025-03
c0599,venture,중소벤처기업부 벤처기업명단(공공데이터포털),2026-04
c0621,k3030,대구광역시 스타기업·PRE-스타기업·3030기업 현황(공공데이터포털),2025-03
c0664,venture,중소벤처기업부 벤처기업명단(공공데이터포털),2026-04
c0676,venture,중소벤처기업부 벤처기업명단(공공데이터포털),2026-04
c0681,venture,중소벤처기업부 벤처기업명단(공공데이터포털),2026-04
c0701,venture,중소벤처기업부 벤처기업명단(공공데이터포털),2026-04
c0704,k3030,대구광역시 스타기업·PRE-스타기업·3030기업 현황(공공데이터포털),2025-03
c0725,k3030,대구광역시 스타기업·PRE-스타기업·3030기업 현황(공공데이터포털),2025-03
c0727,venture,중소벤처기업부 벤처기업명단(공공데이터포털),2026-04
c0740,prestar,대구광역시 스타기업·PRE-스타기업·3030기업 현황(공공데이터포털),2025-03
c0744,k3030,대구광역시 스타기업·PRE-스타기업·3030기업 현황(공공데이터포털),2025-03
c0747,k3030,대구광역시 스타기업·PRE-스타기업·3030기업 현황(공공데이터포털),2025-03
c0750,venture,중소벤처기업부 벤처기업명단(공공데이터포털),2026-04
c0751,venture,중소벤처기업부 벤처기업명단(공공데이터포털),2026-04
c0768,prestar,대구광역시 스타기업·PRE-스타기업·3030기업 현황(공공데이터포털),2025-03
c0777,k3030,대구광역시 스타기업·PRE-스타기업·3030기업 현황(공공데이터포털),2025-03
c0778,k3030,대구광역시 스타기업·PRE-스타기업·3030기업 현황(공공데이터포털),2025-03
c0785,k3030,대구광역시 스타기업·PRE-스타기업·3030기업 현황(공공데이터포털),2025-03
c0793,star,대구광역시 스타기업·PRE-스타기업·3030기업 현황(공공데이터포털),2025-03
c0793,venture,중소벤처기업부 벤처기업명단(공공데이터포털),2026-04
c0808,venture,중소벤처기업부 벤처기업명단(공공데이터포털),2026-04
c0812,k3030,대구광역시 스타기업·PRE-스타기업·3030기업 현황(공공데이터포털),2025-03
c0823,venture,중소벤처기업부 벤처기업명단(공공데이터포털),2026-04
c0824,venture,중소벤처기업부 벤처기업명단(공공데이터포털),2026-04
c0825,k3030,대구광역시 스타기업·PRE-스타기업·3030기업 현황(공공데이터포털),2025-03
c0826,venture,중소벤처기업부 벤처기업명단(공공데이터포털),2026-04
c0836,venture,중소벤처기업부 벤처기업명단(공공데이터포털),2026-04
c0838,venture,중소벤처기업부 벤처기업명단(공공데이터포털),2026-04
c0843,k3030,대구광역시 스타기업·PRE-스타기업·3030기업 현황(공공데이터포털),2025-03
c0917,venture,중소벤처기업부 벤처기업명단(공공데이터포털),2026-04
c0923,venture,중소벤처기업부 벤처기업명단(공공데이터포털),2026-04
c0932,star,대구광역시 스타기업·PRE-스타기업·3030기업 현황(공공데이터포털),2025-03
c0936,venture,중소벤처기업부 벤처기업명단(공공데이터포털),2026-04
c0948,venture,중소벤처기업부 벤처기업명단(공공데이터포털),2026-04
c0976,venture,중소벤처기업부 벤처기업명단(공공데이터포털),2026-04
c10018,venture,중소벤처기업부 벤처기업명단(공공데이터포털),2026-04
c10061,venture,중소벤처기업부 벤처기업명단(공공데이터포털),2026-04
c1009,k3030,대구광역시 스타기업·PRE-스타기업·3030기업 현황(공공데이터포털),2025-03
c10107,venture,중소벤처기업부 벤처기업명단(공공데이터포털),2026-04
c1011,venture,중소벤처기업부 벤처기업명단(공공데이터포털),2026-04
c10123,star,대구광역시 스타기업·PRE-스타기업·3030기업 현황(공공데이터포털),2025-03
c10129,star,대구광역시 스타기업·PRE-스타기업·3030기업 현황(공공데이터포털),2025-03
c10132,prestar,대구광역시 스타기업·PRE-스타기업·3030기업 현황(공공데이터포털),2025-03
c10135,venture,중소벤처기업부 벤처기업명단(공공데이터포털),2026-04
c10138,star,대구광역시 스타기업·PRE-스타기업·3030기업 현황(공공데이터포털),2025-03
c10138,venture,중소벤처기업부 벤처기업명단(공공데이터포털),2026-04
c10139,venture,중소벤처기업부 벤처기업명단(공공데이터포털),2026-04
c10142,venture,중소벤처기업부 벤처기업명단(공공데이터포털),2026-04
c10150,star,대구광역시 스타기업·PRE-스타기업·3030기업 현황(공공데이터포털),2025-03
c10150,venture,중소벤처기업부 벤처기업명단(공공데이터포털),2026-04
c10151,venture,중소벤처기업부 벤처기업명단(공공데이터포털),2026-04
c10153,venture,중소벤처기업부 벤처기업명단(공공데이터포털),2026-04
c10155,venture,중소벤처기업부 벤처기업명단(공공데이터포털),2026-04
c10193,k3030,대구광역시 스타기업·PRE-스타기업·3030기업 현황(공공데이터포털),2025-03
c10275,venture,중소벤처기업부 벤처기업명단(공공데이터포털),2026-04
c10292,venture,중소벤처기업부 벤처기업명단(공공데이터포털),2026-04
c10335,prestar,대구광역시 스타기업·PRE-스타기업·3030기업 현황(공공데이터포털),2025-03
c10342,venture,중소벤처기업부 벤처기업명단(공공데이터포털),2026-04
c1041,prestar,대구광역시 스타기업·PRE-스타기업·3030기업 현황(공공데이터포털),2025-03
c10410,star,대구광역시 스타기업·PRE-스타기업·3030기업 현황(공공데이터포털),2025-03
c10420,star,대구광역시 스타기업·PRE-스타기업·3030기업 현황(공공데이터포털),2025-03
c10424,prestar,대구광역시 스타기업·PRE-스타기업·3030기업 현황(공공데이터포털),2025-03
c10424,venture,중소벤처기업부 벤처기업명단(공공데이터포털),2026-04
c10428,prestar,대구광역시 스타기업·PRE-스타기업·3030기업 현황(공공데이터포털),2025-03
c10430,star,대구광역시 스타기업·PRE-스타기업·3030기업 현황(공공데이터포털),2025-03
c10430,venture,중소벤처기업부 벤처기업명단(공공데이터포털),2026-04
c10444,venture,중소벤처기업부 벤처기업명단(공공데이터포털),2026-04
c10451,k3030,대구광역시 스타기업·PRE-스타기업·3030기업 현황(공공데이터포털),2025-03
c10452,venture,중소벤처기업부 벤처기업명단(공공데이터포털),2026-04
c10458,venture,중소벤처기업부 벤처기업명단(공공데이터포털),2026-04
c10461,k3030,대구광역시 스타기업·PRE-스타기업·3030기업 현황(공공데이터포털),2025-03
c10461,star,대구광역시 스타기업·PRE-스타기업·3030기업 현황(공공데이터포털),2025-03
c10461,venture,중소벤처기업부 벤처기업명단(공공데이터포털),2026-04
c10464,k3030,대구광역시 스타기업·PRE-스타기업·3030기업 현황(공공데이터포털),2025-03
c10464,star,대구광역시 스타기업·PRE-스타기업·3030기업 현황(공공데이터포털),2025-03
c10464,venture,중소벤처기업부 벤처기업명단(공공데이터포털),2026-04
c10472,prestar,대구광역시 스타기업·PRE-스타기업·3030기업 현황(공공데이터포털),2025-03
c10472,venture,중소벤처기업부 벤처기업명단(공공데이터포털),2026-04
c10473,venture,중소벤처기업부 벤처기업명단(공공데이터포털),2026-04
c10476,venture,중소벤처기업부 벤처기업명단(공공데이터포털),2026-04
c10477,prestar,대구광역시 스타기업·PRE-스타기업·3030기업 현황(공공데이터포털),2025-03
c10477,venture,중소벤처기업부 벤처기업명단(공공데이터포털),2026-04
c10479,venture,중소벤처기업부 벤처기업명단(공공데이터포털),2026-04
c10481,venture,중소벤처기업부 벤처기업명단(공공데이터포털),2026-04
c10490,venture,중소벤처기업부 벤처기업명단(공공데이터포털),2026-04
c10494,star,대구광역시 스타기업·PRE-스타기업·3030기업 현황(공공데이터포털),2025-03
c10494,venture,중소벤처기업부 벤처기업명단(공공데이터포털),2026-04
c10509,venture,중소벤처기업부 벤처기업명단(공공데이터포털),2026-04
c10523,venture,중소벤처기업부 벤처기업명단(공공데이터포털),2026-04
c10525,star,대구광역시 스타기업·PRE-스타기업·3030기업 현황(공공데이터포털),2025-03
c10525,venture,중소벤처기업부 벤처기업명단(공공데이터포털),2026-04
c10540,venture,중소벤처기업부 벤처기업명단(공공데이터포털),2026-04
c10546,prestar,대구광역시 스타기업·PRE-스타기업·3030기업 현황(공공데이터포털),2025-03
c10551,prestar,대구광역시 스타기업·PRE-스타기업·3030기업 현황(공공데이터포털),2025-03
c10551,venture,중소벤처기업부 벤처기업명단(공공데이터포털),2026-04
c1056,venture,중소벤처기업부 벤처기업명단(공공데이터포털),2026-04
c10563,venture,중소벤처기업부 벤처기업명단(공공데이터포털),2026-04
c10570,venture,중소벤처기업부 벤처기업명단(공공데이터포털),2026-04
c10572,k3030,대구광역시 스타기업·PRE-스타기업·3030기업 현황(공공데이터포털),2025-03
c10599,k3030,대구광역시 스타기업·PRE-스타기업·3030기업 현황(공공데이터포털),2025-03
c1060,venture,중소벤처기업부 벤처기업명단(공공데이터포털),2026-04
c10603,star,대구광역시 스타기업·PRE-스타기업·3030기업 현황(공공데이터포털),2025-03
c10603,venture,중소벤처기업부 벤처기업명단(공공데이터포털),2026-04
c10613,venture,중소벤처기업부 벤처기업명단(공공데이터포털),2026-04
c10622,prestar,대구광역시 스타기업·PRE-스타기업·3030기업 현황(공공데이터포털),2025-03
c10640,venture,중소벤처기업부 벤처기업명단(공공데이터포털),2026-04
c10642,venture,중소벤처기업부 벤처기업명단(공공데이터포털),2026-04
c10652,venture,중소벤처기업부 벤처기업명단(공공데이터포털),2026-04
c10663,venture,중소벤처기업부 벤처기업명단(공공데이터포털),2026-04
c10671,venture,중소벤처기업부 벤처기업명단(공공데이터포털),2026-04
c10680,star,대구광역시 스타기업·PRE-스타기업·3030기업 현황(공공데이터포털),2025-03
c10684,venture,중소벤처기업부 벤처기업명단(공공데이터포털),2026-04
c10697,venture,중소벤처기업부 벤처기업명단(공공데이터포털),2026-04
c10702,venture,중소벤처기업부 벤처기업명단(공공데이터포털),2026-04
c10711,k3030,대구광역시 스타기업·PRE-스타기업·3030기업 현황(공공데이터포털),2025-03
c10711,star,대구광역시 스타기업·PRE-스타기업·3030기업 현황(공공데이터포털),2025-03
c1073,venture,중소벤처기업부 벤처기업명단(공공데이터포털),2026-04
c10736,venture,중소벤처기업부 벤처기업명단(공공데이터포털),2026-04
c10743,venture,중소벤처기업부 벤처기업명단(공공데이터포털),2026-04
c10765,star,대구광역시 스타기업·PRE-스타기업·3030기업 현황(공공데이터포털),2025-03
c10767,venture,중소벤처기업부 벤처기업명단(공공데이터포털),2026-04
c1078,venture,중소벤처기업부 벤처기업명단(공공데이터포털),2026-04
c10784,prestar,대구광역시 스타기업·PRE-스타기업·3030기업 현황(공공데이터포털),2025-03
c10784,venture,중소벤처기업부 벤처기업명단(공공데이터포털),2026-04
c10809,venture,중소벤처기업부 벤처기업명단(공공데이터포털),2026-04
c10839,venture,중소벤처기업부 벤처기업명단(공공데이터포털),2026-04
c10863,venture,중소벤처기업부 벤처기업명단(공공데이터포털),2026-04
c1088,k3030,대구광역시 스타기업·PRE-스타기업·3030기업 현황(공공데이터포털),2025-03
c1088,star,대구광역시 스타기업·PRE-스타기업·3030기업 현황(공공데이터포털),2025-03
c10901,venture,중소벤처기업부 벤처기업명단(공공데이터포털),2026-04
c10912,venture,중소벤처기업부 벤처기업명단(공공데이터포털),2026-04
c10914,venture,중소벤처기업부 벤처기업명단(공공데이터포털),2026-04
c10915,venture,중소벤처기업부 벤처기업명단(공공데이터포털),2026-04
c10931,venture,중소벤처기업부 벤처기업명단(공공데이터포털),2026-04
c10938,venture,중소벤처기업부 벤처기업명단(공공데이터포털),2026-04
c10940,venture,중소벤처기업부 벤처기업명단(공공데이터포털),2026-04
c10944,prestar,대구광역시 스타기업·PRE-스타기업·3030기업 현황(공공데이터포털),2025-03
c10944,venture,중소벤처기업부 벤처기업명단(공공데이터포털),2026-04
c10951,k3030,대구광역시 스타기업·PRE-스타기업·3030기업 현황(공공데이터포털),2025-03
c10951,star,대구광역시 스타기업·PRE-스타기업·3030기업 현황(공공데이터포털),2025-03
c10951,venture,중소벤처기업부 벤처기업명단(공공데이터포털),2026-04
c10973,k3030,대구광역시 스타기업·PRE-스타기업·3030기업 현황(공공데이터포털),2025-03
c10974,venture,중소벤처기업부 벤처기업명단(공공데이터포털),2026-04
c10975,prestar,대구광역시 스타기업·PRE-스타기업·3030기업 현황(공공데이터포털),2025-03
c10975,venture,중소벤처기업부 벤처기업명단(공공데이터포털),2026-04
c10979,venture,중소벤처기업부 벤처기업명단(공공데이터포털),2026-04
c1099,k3030,대구광역시 스타기업·PRE-스타기업·3030기업 현황(공공데이터포털),2025-03
c1099,venture,중소벤처기업부 벤처기업명단(공공데이터포털),2026-04
c1100,venture,중소벤처기업부 벤처기업명단(공공데이터포털),2026-04
c11007,venture,중소벤처기업부 벤처기업명단(공공데이터포털),2026-04
c11010,venture,중소벤처기업부 벤처기업명단(공공데이터포털),2026-04
c11024,k3030,대구광역시 스타기업·PRE-스타기업·3030기업 현황(공공데이터포털),2025-03
c11028,venture,중소벤처기업부 벤처기업명단(공공데이터포털),2026-04
c11038,venture,중소벤처기업부 벤처기업명단(공공데이터포털),2026-04
c11045,venture,중소벤처기업부 벤처기업명단(공공데이터포털),2026-04
c1105,venture,중소벤처기업부 벤처기업명단(공공데이터포털),2026-04
c11114,venture,중소벤처기업부 벤처기업명단(공공데이터포털),2026-04
c11127,venture,중소벤처기업부 벤처기업명단(공공데이터포털),2026-04
c11157,venture,중소벤처기업부 벤처기업명단(공공데이터포털),2026-04
c1258,venture,중소벤처기업부 벤처기업명단(공공데이터포털),2026-04
c1299,k3030,대구광역시 스타기업·PRE-스타기업·3030기업 현황(공공데이터포털),2025-03
c1440,venture,중소벤처기업부 벤처기업명단(공공데이터포털),2026-04
c1604,venture,중소벤처기업부 벤처기업명단(공공데이터포털),2026-04
c1610,venture,중소벤처기업부 벤처기업명단(공공데이터포털),2026-04
c1618,venture,중소벤처기업부 벤처기업명단(공공데이터포털),2026-04
c1621,venture,중소벤처기업부 벤처기업명단(공공데이터포털),2026-04
c1655,k3030,대구광역시 스타기업·PRE-스타기업·3030기업 현황(공공데이터포털),2025-03
c1685,venture,중소벤처기업부 벤처기업명단(공공데이터포털),2026-04
c1694,venture,중소벤처기업부 벤처기업명단(공공데이터포털),2026-04
c1762,venture,중소벤처기업부 벤처기업명단(공공데이터포털),2026-04
c1781,venture,중소벤처기업부 벤처기업명단(공공데이터포털),2026-04
c1796,venture,중소벤처기업부 벤처기업명단(공공데이터포털),2026-04
c1839,venture,중소벤처기업부 벤처기업명단(공공데이터포털),2026-04
c1847,venture,중소벤처기업부 벤처기업명단(공공데이터포털),2026-04
c1917,venture,중소벤처기업부 벤처기업명단(공공데이터포털),2026-04
c1920,venture,중소벤처기업부 벤처기업명단(공공데이터포털),2026-04
c1949,venture,중소벤처기업부 벤처기업명단(공공데이터포털),2026-04
c1951,venture,중소벤처기업부 벤처기업명단(공공데이터포털),2026-04
c2263,venture,중소벤처기업부 벤처기업명단(공공데이터포털),2026-04
c2329,prestar,대구광역시 스타기업·PRE-스타기업·3030기업 현황(공공데이터포털),2025-03
c2337,k3030,대구광역시 스타기업·PRE-스타기업·3030기업 현황(공공데이터포털),2025-03
c2577,prestar,대구광역시 스타기업·PRE-스타기업·3030기업 현황(공공데이터포털),2025-03
c2606,venture,중소벤처기업부 벤처기업명단(공공데이터포털),2026-04
c2607,venture,중소벤처기업부 벤처기업명단(공공데이터포털),2026-04
c2632,venture,중소벤처기업부 벤처기업명단(공공데이터포털),2026-04
c2651,venture,중소벤처기업부 벤처기업명단(공공데이터포털),2026-04
c2667,kmedi,대구경북첨단의료산업진흥재단 입주기업 현황(공공데이터포털),2026
c2667,prestar,대구광역시 스타기업·PRE-스타기업·3030기업 현황(공공데이터포털),2025-03
c2667,venture,중소벤처기업부 벤처기업명단(공공데이터포털),2026-04
c2674,star,대구광역시 스타기업·PRE-스타기업·3030기업 현황(공공데이터포털),2025-03
c2674,venture,중소벤처기업부 벤처기업명단(공공데이터포털),2026-04
c2675,venture,중소벤처기업부 벤처기업명단(공공데이터포털),2026-04
c2677,venture,중소벤처기업부 벤처기업명단(공공데이터포털),2026-04
c2681,venture,중소벤처기업부 벤처기업명단(공공데이터포털),2026-04
c2682,venture,중소벤처기업부 벤처기업명단(공공데이터포털),2026-04
c2727,k3030,대구광역시 스타기업·PRE-스타기업·3030기업 현황(공공데이터포털),2025-03
c2735,venture,중소벤처기업부 벤처기업명단(공공데이터포털),2026-04
c2752,venture,중소벤처기업부 벤처기업명단(공공데이터포털),2026-04
c2760,venture,중소벤처기업부 벤처기업명단(공공데이터포털),2026-04
c2848,venture,중소벤처기업부 벤처기업명단(공공데이터포털),2026-04
c2889,venture,중소벤처기업부 벤처기업명단(공공데이터포털),2026-04
c2893,venture,중소벤처기업부 벤처기업명단(공공데이터포털),2026-04
c2894,venture,중소벤처기업부 벤처기업명단(공공데이터포털),2026-04
c2899,venture,중소벤처기업부 벤처기업명단(공공데이터포털),2026-04
c2917,venture,중소벤처기업부 벤처기업명단(공공데이터포털),2026-04
c2966,venture,중소벤처기업부 벤처기업명단(공공데이터포털),2026-04
c3062,prestar,대구광역시 스타기업·PRE-스타기업·3030기업 현황(공공데이터포털),2025-03
c3062,venture,중소벤처기업부 벤처기업명단(공공데이터포털),2026-04
c3083,k3030,대구광역시 스타기업·PRE-스타기업·3030기업 현황(공공데이터포털),2025-03
c3083,venture,중소벤처기업부 벤처기업명단(공공데이터포털),2026-04
c3124,venture,중소벤처기업부 벤처기업명단(공공데이터포털),2026-04
c3134,venture,중소벤처기업부 벤처기업명단(공공데이터포털),2026-04
c3181,venture,중소벤처기업부 벤처기업명단(공공데이터포털),2026-04
c3184,k3030,대구광역시 스타기업·PRE-스타기업·3030기업 현황(공공데이터포털),2025-03
c3185,venture,중소벤처기업부 벤처기업명단(공공데이터포털),2026-04
c3204,venture,중소벤처기업부 벤처기업명단(공공데이터포털),2026-04
c3235,k3030,대구광역시 스타기업·PRE-스타기업·3030기업 현황(공공데이터포털),2025-03
c3276,k3030,대구광역시 스타기업·PRE-스타기업·3030기업 현황(공공데이터포털),2025-03
c3300,venture,중소벤처기업부 벤처기업명단(공공데이터포털),2026-04
c3305,k3030,대구광역시 스타기업·PRE-스타기업·3030기업 현황(공공데이터포털),2025-03
c3381,k3030,대구광역시 스타기업·PRE-스타기업·3030기업 현황(공공데이터포털),2025-03
c3408,venture,중소벤처기업부 벤처기업명단(공공데이터포털),2026-04
c3441,venture,중소벤처기업부 벤처기업명단(공공데이터포털),2026-04
c3458,venture,중소벤처기업부 벤처기업명단(공공데이터포털),2026-04
c3470,venture,중소벤처기업부 벤처기업명단(공공데이터포털),2026-04
c3480,venture,중소벤처기업부 벤처기업명단(공공데이터포털),2026-04
c3522,venture,중소벤처기업부 벤처기업명단(공공데이터포털),2026-04
c3704,venture,중소벤처기업부 벤처기업명단(공공데이터포털),2026-04
c3850,k3030,대구광역시 스타기업·PRE-스타기업·3030기업 현황(공공데이터포털),2025-03
c3851,venture,중소벤처기업부 벤처기업명단(공공데이터포털),2026-04
c3948,venture,중소벤처기업부 벤처기업명단(공공데이터포털),2026-04
c3983,venture,중소벤처기업부 벤처기업명단(공공데이터포털),2026-04
c3992,venture,중소벤처기업부 벤처기업명단(공공데이터포털),2026-04
c4029,venture,중소벤처기업부 벤처기업명단(공공데이터포털),2026-04
c4053,venture,중소벤처기업부 벤처기업명단(공공데이터포털),2026-04
c4068,venture,중소벤처기업부 벤처기업명단(공공데이터포털),2026-04
c4117,venture,중소벤처기업부 벤처기업명단(공공데이터포털),2026-04
c4165,prestar,대구광역시 스타기업·PRE-스타기업·3030기업 현황(공공데이터포털),2025-03
c4165,venture,중소벤처기업부 벤처기업명단(공공데이터포털),2026-04
c4282,venture,중소벤처기업부 벤처기업명단(공공데이터포털),2026-04
c4304,venture,중소벤처기업부 벤처기업명단(공공데이터포털),2026-04
c4309,venture,중소벤처기업부 벤처기업명단(공공데이터포털),2026-04
c4318,venture,중소벤처기업부 벤처기업명단(공공데이터포털),2026-04
c4319,prestar,대구광역시 스타기업·PRE-스타기업·3030기업 현황(공공데이터포털),2025-03
c4319,venture,중소벤처기업부 벤처기업명단(공공데이터포털),2026-04
c4324,venture,중소벤처기업부 벤처기업명단(공공데이터포털),2026-04
c4337,venture,중소벤처기업부 벤처기업명단(공공데이터포털),2026-04
c4360,venture,중소벤처기업부 벤처기업명단(공공데이터포털),2026-04
c4385,venture,중소벤처기업부 벤처기업명단(공공데이터포털),2026-04
c4399,venture,중소벤처기업부 벤처기업명단(공공데이터포털),2026-04
c4411,venture,중소벤처기업부 벤처기업명단(공공데이터포털),2026-04
c4413,venture,중소벤처기업부 벤처기업명단(공공데이터포털),2026-04
c4434,venture,중소벤처기업부 벤처기업명단(공공데이터포털),2026-04
c4440,venture,중소벤처기업부 벤처기업명단(공공데이터포털),2026-04
c4442,venture,중소벤처기업부 벤처기업명단(공공데이터포털),2026-04
c4443,venture,중소벤처기업부 벤처기업명단(공공데이터포털),2026-04
c4465,venture,중소벤처기업부 벤처기업명단(공공데이터포털),2026-04
c4477,star,대구광역시 스타기업·PRE-스타기업·3030기업 현황(공공데이터포털),2025-03
c4477,venture,중소벤처기업부 벤처기업명단(공공데이터포털),2026-04
c4488,prestar,대구광역시 스타기업·PRE-스타기업·3030기업 현황(공공데이터포털),2025-03
c4488,venture,중소벤처기업부 벤처기업명단(공공데이터포털),2026-04
c4497,prestar,대구광역시 스타기업·PRE-스타기업·3030기업 현황(공공데이터포털),2025-03
c4504,prestar,대구광역시 스타기업·PRE-스타기업·3030기업 현황(공공데이터포털),2025-03
c4512,venture,중소벤처기업부 벤처기업명단(공공데이터포털),2026-04
c4523,k3030,대구광역시 스타기업·PRE-스타기업·3030기업 현황(공공데이터포털),2025-03
c4526,k3030,대구광역시 스타기업·PRE-스타기업·3030기업 현황(공공데이터포털),2025-03
c4526,star,대구광역시 스타기업·PRE-스타기업·3030기업 현황(공공데이터포털),2025-03
c4528,venture,중소벤처기업부 벤처기업명단(공공데이터포털),2026-04
c4534,venture,중소벤처기업부 벤처기업명단(공공데이터포털),2026-04
c4541,star,대구광역시 스타기업·PRE-스타기업·3030기업 현황(공공데이터포털),2025-03
c4545,venture,중소벤처기업부 벤처기업명단(공공데이터포털),2026-04
c4556,prestar,대구광역시 스타기업·PRE-스타기업·3030기업 현황(공공데이터포털),2025-03
c4557,venture,중소벤처기업부 벤처기업명단(공공데이터포털),2026-04
c4567,venture,중소벤처기업부 벤처기업명단(공공데이터포털),2026-04
c4578,venture,중소벤처기업부 벤처기업명단(공공데이터포털),2026-04
c4579,venture,중소벤처기업부 벤처기업명단(공공데이터포털),2026-04
c4590,venture,중소벤처기업부 벤처기업명단(공공데이터포털),2026-04
c4603,venture,중소벤처기업부 벤처기업명단(공공데이터포털),2026-04
c4627,prestar,대구광역시 스타기업·PRE-스타기업·3030기업 현황(공공데이터포털),2025-03
c4627,venture,중소벤처기업부 벤처기업명단(공공데이터포털),2026-04
c4642,prestar,대구광역시 스타기업·PRE-스타기업·3030기업 현황(공공데이터포털),2025-03
c4665,k3030,대구광역시 스타기업·PRE-스타기업·3030기업 현황(공공데이터포털),2025-03
c4680,venture,중소벤처기업부 벤처기업명단(공공데이터포털),2026-04
c4688,k3030,대구광역시 스타기업·PRE-스타기업·3030기업 현황(공공데이터포털),2025-03
c4734,venture,중소벤처기업부 벤처기업명단(공공데이터포털),2026-04
c4756,venture,중소벤처기업부 벤처기업명단(공공데이터포털),2026-04
c4790,venture,중소벤처기업부 벤처기업명단(공공데이터포털),2026-04
c4887,venture,중소벤처기업부 벤처기업명단(공공데이터포털),2026-04
c4890,venture,중소벤처기업부 벤처기업명단(공공데이터포털),2026-04
c4961,venture,중소벤처기업부 벤처기업명단(공공데이터포털),2026-04
c4967,venture,중소벤처기업부 벤처기업명단(공공데이터포털),2026-04
c4975,venture,중소벤처기업부 벤처기업명단(공공데이터포털),2026-04
c4992,venture,중소벤처기업부 벤처기업명단(공공데이터포털),2026-04
c5066,venture,중소벤처기업부 벤처기업명단(공공데이터포털),2026-04
c5080,venture,중소벤처기업부 벤처기업명단(공공데이터포털),2026-04
c5088,k3030,대구광역시 스타기업·PRE-스타기업·3030기업 현황(공공데이터포털),2025-03
c5110,prestar,대구광역시 스타기업·PRE-스타기업·3030기업 현황(공공데이터포털),2025-03
c5110,venture,중소벤처기업부 벤처기업명단(공공데이터포털),2026-04
c5125,venture,중소벤처기업부 벤처기업명단(공공데이터포털),2026-04
c5133,venture,중소벤처기업부 벤처기업명단(공공데이터포털),2026-04
c5139,venture,중소벤처기업부 벤처기업명단(공공데이터포털),2026-04
c5151,venture,중소벤처기업부 벤처기업명단(공공데이터포털),2026-04
c5168,venture,중소벤처기업부 벤처기업명단(공공데이터포털),2026-04
c5174,k3030,대구광역시 스타기업·PRE-스타기업·3030기업 현황(공공데이터포털),2025-03
c5180,venture,중소벤처기업부 벤처기업명단(공공데이터포털),2026-04
c5201,venture,중소벤처기업부 벤처기업명단(공공데이터포털),2026-04
c5206,prestar,대구광역시 스타기업·PRE-스타기업·3030기업 현황(공공데이터포털),2025-03
c5207,venture,중소벤처기업부 벤처기업명단(공공데이터포털),2026-04
c5214,prestar,대구광역시 스타기업·PRE-스타기업·3030기업 현황(공공데이터포털),2025-03
c5214,venture,중소벤처기업부 벤처기업명단(공공데이터포털),2026-04
c5223,venture,중소벤처기업부 벤처기업명단(공공데이터포털),2026-04
c5227,venture,중소벤처기업부 벤처기업명단(공공데이터포털),2026-04
c5228,venture,중소벤처기업부 벤처기업명단(공공데이터포털),2026-04
c5233,prestar,대구광역시 스타기업·PRE-스타기업·3030기업 현황(공공데이터포털),2025-03
c5233,venture,중소벤처기업부 벤처기업명단(공공데이터포털),2026-04
c5235,prestar,대구광역시 스타기업·PRE-스타기업·3030기업 현황(공공데이터포털),2025-03
c5241,venture,중소벤처기업부 벤처기업명단(공공데이터포털),2026-04
c5244,venture,중소벤처기업부 벤처기업명단(공공데이터포털),2026-04
c5247,prestar,대구광역시 스타기업·PRE-스타기업·3030기업 현황(공공데이터포털),2025-03
c5247,venture,중소벤처기업부 벤처기업명단(공공데이터포털),2026-04
c5248,prestar,대구광역시 스타기업·PRE-스타기업·3030기업 현황(공공데이터포털),2025-03
c5248,venture,중소벤처기업부 벤처기업명단(공공데이터포털),2026-04
c5249,prestar,대구광역시 스타기업·PRE-스타기업·3030기업 현황(공공데이터포털),2025-03
c5249,venture,중소벤처기업부 벤처기업명단(공공데이터포털),2026-04
c5251,prestar,대구광역시 스타기업·PRE-스타기업·3030기업 현황(공공데이터포털),2025-03
c5251,venture,중소벤처기업부 벤처기업명단(공공데이터포털),2026-04
c5252,prestar,대구광역시 스타기업·PRE-스타기업·3030기업 현황(공공데이터포털),2025-03
c5252,venture,중소벤처기업부 벤처기업명단(공공데이터포털),2026-04
c5256,venture,중소벤처기업부 벤처기업명단(공공데이터포털),2026-04
c5263,prestar,대구광역시 스타기업·PRE-스타기업·3030기업 현황(공공데이터포털),2025-03
c5263,venture,중소벤처기업부 벤처기업명단(공공데이터포털),2026-04
c5266,star,대구광역시 스타기업·PRE-스타기업·3030기업 현황(공공데이터포털),2025-03
c5269,prestar,대구광역시 스타기업·PRE-스타기업·3030기업 현황(공공데이터포털),2025-03
c5269,venture,중소벤처기업부 벤처기업명단(공공데이터포털),2026-04
c5278,prestar,대구광역시 스타기업·PRE-스타기업·3030기업 현황(공공데이터포털),2025-03
c5278,venture,중소벤처기업부 벤처기업명단(공공데이터포털),2026-04
c5280,prestar,대구광역시 스타기업·PRE-스타기업·3030기업 현황(공공데이터포털),2025-03
c5280,venture,중소벤처기업부 벤처기업명단(공공데이터포털),2026-04
c5284,venture,중소벤처기업부 벤처기업명단(공공데이터포털),2026-04
c5285,venture,중소벤처기업부 벤처기업명단(공공데이터포털),2026-04
c5286,venture,중소벤처기업부 벤처기업명단(공공데이터포털),2026-04
c5287,star,대구광역시 스타기업·PRE-스타기업·3030기업 현황(공공데이터포털),2025-03
c5288,prestar,대구광역시 스타기업·PRE-스타기업·3030기업 현황(공공데이터포털),2025-03
c5288,venture,중소벤처기업부 벤처기업명단(공공데이터포털),2026-04
c5291,venture,중소벤처기업부 벤처기업명단(공공데이터포털),2026-04
c5296,venture,중소벤처기업부 벤처기업명단(공공데이터포털),2026-04
c5300,venture,중소벤처기업부 벤처기업명단(공공데이터포털),2026-04
c5302,venture,중소벤처기업부 벤처기업명단(공공데이터포털),2026-04
c5316,venture,중소벤처기업부 벤처기업명단(공공데이터포털),2026-04
c5317,venture,중소벤처기업부 벤처기업명단(공공데이터포털),2026-04
c5321,venture,중소벤처기업부 벤처기업명단(공공데이터포털),2026-04
c5337,star,대구광역시 스타기업·PRE-스타기업·3030기업 현황(공공데이터포털),2025-03
c5346,star,대구광역시 스타기업·PRE-스타기업·3030기업 현황(공공데이터포털),2025-03
c5346,venture,중소벤처기업부 벤처기업명단(공공데이터포털),2026-04
c5353,venture,중소벤처기업부 벤처기업명단(공공데이터포털),2026-04
c5358,venture,중소벤처기업부 벤처기업명단(공공데이터포털),2026-04
c5359,venture,중소벤처기업부 벤처기업명단(공공데이터포털),2026-04
c5371,k3030,대구광역시 스타기업·PRE-스타기업·3030기업 현황(공공데이터포털),2025-03
c5372,venture,중소벤처기업부 벤처기업명단(공공데이터포털),2026-04
c5393,venture,중소벤처기업부 벤처기업명단(공공데이터포털),2026-04
c5414,venture,중소벤처기업부 벤처기업명단(공공데이터포털),2026-04
c5432,k3030,대구광역시 스타기업·PRE-스타기업·3030기업 현황(공공데이터포털),2025-03
c5461,prestar,대구광역시 스타기업·PRE-스타기업·3030기업 현황(공공데이터포털),2025-03
c5464,venture,중소벤처기업부 벤처기업명단(공공데이터포털),2026-04
c5484,venture,중소벤처기업부 벤처기업명단(공공데이터포털),2026-04
c5491,venture,중소벤처기업부 벤처기업명단(공공데이터포털),2026-04
c5493,venture,중소벤처기업부 벤처기업명단(공공데이터포털),2026-04
c5497,venture,중소벤처기업부 벤처기업명단(공공데이터포털),2026-04
c5511,venture,중소벤처기업부 벤처기업명단(공공데이터포털),2026-04
c5525,k3030,대구광역시 스타기업·PRE-스타기업·3030기업 현황(공공데이터포털),2025-03
c5530,venture,중소벤처기업부 벤처기업명단(공공데이터포털),2026-04
c5534,venture,중소벤처기업부 벤처기업명단(공공데이터포털),2026-04
c5538,prestar,대구광역시 스타기업·PRE-스타기업·3030기업 현황(공공데이터포털),2025-03
c5539,venture,중소벤처기업부 벤처기업명단(공공데이터포털),2026-04
c5541,venture,중소벤처기업부 벤처기업명단(공공데이터포털),2026-04
c5552,venture,중소벤처기업부 벤처기업명단(공공데이터포털),2026-04
c5560,prestar,대구광역시 스타기업·PRE-스타기업·3030기업 현황(공공데이터포털),2025-03
c5560,venture,중소벤처기업부 벤처기업명단(공공데이터포털),2026-04
c5572,venture,중소벤처기업부 벤처기업명단(공공데이터포털),2026-04
c5588,star,대구광역시 스타기업·PRE-스타기업·3030기업 현황(공공데이터포털),2025-03
c5588,venture,중소벤처기업부 벤처기업명단(공공데이터포털),2026-04
c5598,venture,중소벤처기업부 벤처기업명단(공공데이터포털),2026-04
c5615,venture,중소벤처기업부 벤처기업명단(공공데이터포털),2026-04
c5621,venture,중소벤처기업부 벤처기업명단(공공데이터포털),2026-04
c5623,k3030,대구광역시 스타기업·PRE-스타기업·3030기업 현황(공공데이터포털),2025-03
c5626,prestar,대구광역시 스타기업·PRE-스타기업·3030기업 현황(공공데이터포털),2025-03
c5652,venture,중소벤처기업부 벤처기업명단(공공데이터포털),2026-04
c5658,venture,중소벤처기업부 벤처기업명단(공공데이터포털),2026-04
c5682,venture,중소벤처기업부 벤처기업명단(공공데이터포털),2026-04
c5685,venture,중소벤처기업부 벤처기업명단(공공데이터포털),2026-04
c5694,k3030,대구광역시 스타기업·PRE-스타기업·3030기업 현황(공공데이터포털),2025-03
c5699,k3030,대구광역시 스타기업·PRE-스타기업·3030기업 현황(공공데이터포털),2025-03
c5710,venture,중소벤처기업부 벤처기업명단(공공데이터포털),2026-04
c5731,venture,중소벤처기업부 벤처기업명단(공공데이터포털),2026-04
c5733,k3030,대구광역시 스타기업·PRE-스타기업·3030기업 현황(공공데이터포털),2025-03
c5733,star,대구광역시 스타기업·PRE-스타기업·3030기업 현황(공공데이터포털),2025-03
c5754,venture,중소벤처기업부 벤처기업명단(공공데이터포털),2026-04
c5758,k3030,대구광역시 스타기업·PRE-스타기업·3030기업 현황(공공데이터포털),2025-03
c5778,venture,중소벤처기업부 벤처기업명단(공공데이터포털),2026-04
c5782,venture,중소벤처기업부 벤처기업명단(공공데이터포털),2026-04
c5787,venture,중소벤처기업부 벤처기업명단(공공데이터포털),2026-04
c5789,k3030,대구광역시 스타기업·PRE-스타기업·3030기업 현황(공공데이터포털),2025-03
c5789,star,대구광역시 스타기업·PRE-스타기업·3030기업 현황(공공데이터포털),2025-03
c5795,venture,중소벤처기업부 벤처기업명단(공공데이터포털),2026-04
c5806,venture,중소벤처기업부 벤처기업명단(공공데이터포털),2026-04
c5808,venture,중소벤처기업부 벤처기업명단(공공데이터포털),2026-04
c5825,star,대구광역시 스타기업·PRE-스타기업·3030기업 현황(공공데이터포털),2025-03
c5825,venture,중소벤처기업부 벤처기업명단(공공데이터포털),2026-04
c5839,venture,중소벤처기업부 벤처기업명단(공공데이터포털),2026-04
c5848,venture,중소벤처기업부 벤처기업명단(공공데이터포털),2026-04
c5857,venture,중소벤처기업부 벤처기업명단(공공데이터포털),2026-04
c5861,venture,중소벤처기업부 벤처기업명단(공공데이터포털),2026-04
c5877,venture,중소벤처기업부 벤처기업명단(공공데이터포털),2026-04
c5881,prestar,대구광역시 스타기업·PRE-스타기업·3030기업 현황(공공데이터포털),2025-03
c5888,venture,중소벤처기업부 벤처기업명단(공공데이터포털),2026-04
c5893,prestar,대구광역시 스타기업·PRE-스타기업·3030기업 현황(공공데이터포털),2025-03
c5897,star,대구광역시 스타기업·PRE-스타기업·3030기업 현황(공공데이터포털),2025-03
c5897,venture,중소벤처기업부 벤처기업명단(공공데이터포털),2026-04
c5905,venture,중소벤처기업부 벤처기업명단(공공데이터포털),2026-04
c5917,venture,중소벤처기업부 벤처기업명단(공공데이터포털),2026-04
c5927,venture,중소벤처기업부 벤처기업명단(공공데이터포털),2026-04
c5929,venture,중소벤처기업부 벤처기업명단(공공데이터포털),2026-04
c5933,venture,중소벤처기업부 벤처기업명단(공공데이터포털),2026-04
c5940,venture,중소벤처기업부 벤처기업명단(공공데이터포털),2026-04
c5950,venture,중소벤처기업부 벤처기업명단(공공데이터포털),2026-04
c6002,venture,중소벤처기업부 벤처기업명단(공공데이터포털),2026-04
c6060,k3030,대구광역시 스타기업·PRE-스타기업·3030기업 현황(공공데이터포털),2025-03
c6060,venture,중소벤처기업부 벤처기업명단(공공데이터포털),2026-04
c6084,venture,중소벤처기업부 벤처기업명단(공공데이터포털),2026-04
c6091,venture,중소벤처기업부 벤처기업명단(공공데이터포털),2026-04
c6106,k3030,대구광역시 스타기업·PRE-스타기업·3030기업 현황(공공데이터포털),2025-03
c6158,k3030,대구광역시 스타기업·PRE-스타기업·3030기업 현황(공공데이터포털),2025-03
c6178,venture,중소벤처기업부 벤처기업명단(공공데이터포털),2026-04
c6247,k3030,대구광역시 스타기업·PRE-스타기업·3030기업 현황(공공데이터포털),2025-03
c6259,venture,중소벤처기업부 벤처기업명단(공공데이터포털),2026-04
c6264,k3030,대구광역시 스타기업·PRE-스타기업·3030기업 현황(공공데이터포털),2025-03
c6282,venture,중소벤처기업부 벤처기업명단(공공데이터포털),2026-04
c6286,venture,중소벤처기업부 벤처기업명단(공공데이터포털),2026-04
c6288,venture,중소벤처기업부 벤처기업명단(공공데이터포털),2026-04
c6295,venture,중소벤처기업부 벤처기업명단(공공데이터포털),2026-04
c6305,venture,중소벤처기업부 벤처기업명단(공공데이터포털),2026-04
c6311,k3030,대구광역시 스타기업·PRE-스타기업·3030기업 현황(공공데이터포털),2025-03
c6319,venture,중소벤처기업부 벤처기업명단(공공데이터포털),2026-04
c6324,venture,중소벤처기업부 벤처기업명단(공공데이터포털),2026-04
c6365,venture,중소벤처기업부 벤처기업명단(공공데이터포털),2026-04
c6381,venture,중소벤처기업부 벤처기업명단(공공데이터포털),2026-04
c6383,k3030,대구광역시 스타기업·PRE-스타기업·3030기업 현황(공공데이터포털),2025-03
c6390,venture,중소벤처기업부 벤처기업명단(공공데이터포털),2026-04
c6395,venture,중소벤처기업부 벤처기업명단(공공데이터포털),2026-04
c6424,k3030,대구광역시 스타기업·PRE-스타기업·3030기업 현황(공공데이터포털),2025-03
c6432,venture,중소벤처기업부 벤처기업명단(공공데이터포털),2026-04
c6435,k3030,대구광역시 스타기업·PRE-스타기업·3030기업 현황(공공데이터포털),2025-03
c6480,venture,중소벤처기업부 벤처기업명단(공공데이터포털),2026-04
c6482,venture,중소벤처기업부 벤처기업명단(공공데이터포털),2026-04
c6496,venture,중소벤처기업부 벤처기업명단(공공데이터포털),2026-04
c6519,venture,중소벤처기업부 벤처기업명단(공공데이터포털),2026-04
c6537,star,대구광역시 스타기업·PRE-스타기업·3030기업 현황(공공데이터포털),2025-03
c6539,venture,중소벤처기업부 벤처기업명단(공공데이터포털),2026-04
c6548,venture,중소벤처기업부 벤처기업명단(공공데이터포털),2026-04
c6552,star,대구광역시 스타기업·PRE-스타기업·3030기업 현황(공공데이터포털),2025-03
c6566,venture,중소벤처기업부 벤처기업명단(공공데이터포털),2026-04
c6569,prestar,대구광역시 스타기업·PRE-스타기업·3030기업 현황(공공데이터포털),2025-03
c6569,venture,중소벤처기업부 벤처기업명단(공공데이터포털),2026-04
c6574,venture,중소벤처기업부 벤처기업명단(공공데이터포털),2026-04
c6577,venture,중소벤처기업부 벤처기업명단(공공데이터포털),2026-04
c6584,prestar,대구광역시 스타기업·PRE-스타기업·3030기업 현황(공공데이터포털),2025-03
c6584,venture,중소벤처기업부 벤처기업명단(공공데이터포털),2026-04
c6595,venture,중소벤처기업부 벤처기업명단(공공데이터포털),2026-04
c6625,venture,중소벤처기업부 벤처기업명단(공공데이터포털),2026-04
c6629,venture,중소벤처기업부 벤처기업명단(공공데이터포털),2026-04
c6632,venture,중소벤처기업부 벤처기업명단(공공데이터포털),2026-04
c6643,venture,중소벤처기업부 벤처기업명단(공공데이터포털),2026-04
c6644,venture,중소벤처기업부 벤처기업명단(공공데이터포털),2026-04
c6645,venture,중소벤처기업부 벤처기업명단(공공데이터포털),2026-04
c6650,venture,중소벤처기업부 벤처기업명단(공공데이터포털),2026-04
c6653,venture,중소벤처기업부 벤처기업명단(공공데이터포털),2026-04
c6657,venture,중소벤처기업부 벤처기업명단(공공데이터포털),2026-04
c6666,venture,중소벤처기업부 벤처기업명단(공공데이터포털),2026-04
c6669,venture,중소벤처기업부 벤처기업명단(공공데이터포털),2026-04
c6678,prestar,대구광역시 스타기업·PRE-스타기업·3030기업 현황(공공데이터포털),2025-03
c6679,venture,중소벤처기업부 벤처기업명단(공공데이터포털),2026-04
c6688,venture,중소벤처기업부 벤처기업명단(공공데이터포털),2026-04
c6689,venture,중소벤처기업부 벤처기업명단(공공데이터포털),2026-04
c6698,prestar,대구광역시 스타기업·PRE-스타기업·3030기업 현황(공공데이터포털),2025-03
c6699,venture,중소벤처기업부 벤처기업명단(공공데이터포털),2026-04
c6700,venture,중소벤처기업부 벤처기업명단(공공데이터포털),2026-04
c6701,venture,중소벤처기업부 벤처기업명단(공공데이터포털),2026-04
c6727,venture,중소벤처기업부 벤처기업명단(공공데이터포털),2026-04
c6728,venture,중소벤처기업부 벤처기업명단(공공데이터포털),2026-04
c6746,venture,중소벤처기업부 벤처기업명단(공공데이터포털),2026-04
c6774,k3030,대구광역시 스타기업·PRE-스타기업·3030기업 현황(공공데이터포털),2025-03
c6774,star,대구광역시 스타기업·PRE-스타기업·3030기업 현황(공공데이터포털),2025-03
c6774,venture,중소벤처기업부 벤처기업명단(공공데이터포털),2026-04
c6852,venture,중소벤처기업부 벤처기업명단(공공데이터포털),2026-04
c6869,venture,중소벤처기업부 벤처기업명단(공공데이터포털),2026-04
c6873,venture,중소벤처기업부 벤처기업명단(공공데이터포털),2026-04
c6880,venture,중소벤처기업부 벤처기업명단(공공데이터포털),2026-04
c6896,venture,중소벤처기업부 벤처기업명단(공공데이터포털),2026-04
c6916,venture,중소벤처기업부 벤처기업명단(공공데이터포털),2026-04
c6939,venture,중소벤처기업부 벤처기업명단(공공데이터포털),2026-04
c6941,venture,중소벤처기업부 벤처기업명단(공공데이터포털),2026-04
c6956,prestar,대구광역시 스타기업·PRE-스타기업·3030기업 현황(공공데이터포털),2025-03
c6956,venture,중소벤처기업부 벤처기업명단(공공데이터포털),2026-04
c6962,venture,중소벤처기업부 벤처기업명단(공공데이터포털),2026-04
c6981,venture,중소벤처기업부 벤처기업명단(공공데이터포털),2026-04
c6982,venture,중소벤처기업부 벤처기업명단(공공데이터포털),2026-04
c6992,venture,중소벤처기업부 벤처기업명단(공공데이터포털),2026-04
c6995,venture,중소벤처기업부 벤처기업명단(공공데이터포털),2026-04
c7000,star,대구광역시 스타기업·PRE-스타기업·3030기업 현황(공공데이터포털),2025-03
c7000,venture,중소벤처기업부 벤처기업명단(공공데이터포털),2026-04
c7014,venture,중소벤처기업부 벤처기업명단(공공데이터포털),2026-04
c7018,k3030,대구광역시 스타기업·PRE-스타기업·3030기업 현황(공공데이터포털),2025-03
c7030,venture,중소벤처기업부 벤처기업명단(공공데이터포털),2026-04
c7098,star,대구광역시 스타기업·PRE-스타기업·3030기업 현황(공공데이터포털),2025-03
c7103,venture,중소벤처기업부 벤처기업명단(공공데이터포털),2026-04
c7109,venture,중소벤처기업부 벤처기업명단(공공데이터포털),2026-04
c7128,venture,중소벤처기업부 벤처기업명단(공공데이터포털),2026-04
c7133,venture,중소벤처기업부 벤처기업명단(공공데이터포털),2026-04
c7137,venture,중소벤처기업부 벤처기업명단(공공데이터포털),2026-04
c7147,venture,중소벤처기업부 벤처기업명단(공공데이터포털),2026-04
c7155,k3030,대구광역시 스타기업·PRE-스타기업·3030기업 현황(공공데이터포털),2025-03
c7155,prestar,대구광역시 스타기업·PRE-스타기업·3030기업 현황(공공데이터포털),2025-03
c7165,venture,중소벤처기업부 벤처기업명단(공공데이터포털),2026-04
c7252,star,대구광역시 스타기업·PRE-스타기업·3030기업 현황(공공데이터포털),2025-03
c7252,venture,중소벤처기업부 벤처기업명단(공공데이터포털),2026-04
c7262,k3030,대구광역시 스타기업·PRE-스타기업·3030기업 현황(공공데이터포털),2025-03
c7306,prestar,대구광역시 스타기업·PRE-스타기업·3030기업 현황(공공데이터포털),2025-03
c7306,venture,중소벤처기업부 벤처기업명단(공공데이터포털),2026-04
c7321,venture,중소벤처기업부 벤처기업명단(공공데이터포털),2026-04
c7327,k3030,대구광역시 스타기업·PRE-스타기업·3030기업 현황(공공데이터포털),2025-03
c7331,k3030,대구광역시 스타기업·PRE-스타기업·3030기업 현황(공공데이터포털),2025-03
c7353,venture,중소벤처기업부 벤처기업명단(공공데이터포털),2026-04
c7361,k3030,대구광역시 스타기업·PRE-스타기업·3030기업 현황(공공데이터포털),2025-03
c7374,venture,중소벤처기업부 벤처기업명단(공공데이터포털),2026-04
c7380,venture,중소벤처기업부 벤처기업명단(공공데이터포털),2026-04
c7382,k3030,대구광역시 스타기업·PRE-스타기업·3030기업 현황(공공데이터포털),2025-03
c7382,star,대구광역시 스타기업·PRE-스타기업·3030기업 현황(공공데이터포털),2025-03
c7393,venture,중소벤처기업부 벤처기업명단(공공데이터포털),2026-04
c7401,venture,중소벤처기업부 벤처기업명단(공공데이터포털),2026-04
c7406,venture,중소벤처기업부 벤처기업명단(공공데이터포털),2026-04
c7407,k3030,대구광역시 스타기업·PRE-스타기업·3030기업 현황(공공데이터포털),2025-03
c7428,venture,중소벤처기업부 벤처기업명단(공공데이터포털),2026-04
c7437,venture,중소벤처기업부 벤처기업명단(공공데이터포털),2026-04
c7441,k3030,대구광역시 스타기업·PRE-스타기업·3030기업 현황(공공데이터포털),2025-03
c7443,venture,중소벤처기업부 벤처기업명단(공공데이터포털),2026-04
c7444,venture,중소벤처기업부 벤처기업명단(공공데이터포털),2026-04
c7466,venture,중소벤처기업부 벤처기업명단(공공데이터포털),2026-04
c7468,k3030,대구광역시 스타기업·PRE-스타기업·3030기업 현황(공공데이터포털),2025-03
c7468,venture,중소벤처기업부 벤처기업명단(공공데이터포털),2026-04
c7469,k3030,대구광역시 스타기업·PRE-스타기업·3030기업 현황(공공데이터포털),2025-03
c7469,star,대구광역시 스타기업·PRE-스타기업·3030기업 현황(공공데이터포털),2025-03
c7472,k3030,대구광역시 스타기업·PRE-스타기업·3030기업 현황(공공데이터포털),2025-03
c7472,star,대구광역시 스타기업·PRE-스타기업·3030기업 현황(공공데이터포털),2025-03
c7480,k3030,대구광역시 스타기업·PRE-스타기업·3030기업 현황(공공데이터포털),2025-03
c7498,venture,중소벤처기업부 벤처기업명단(공공데이터포털),2026-04
c7500,venture,중소벤처기업부 벤처기업명단(공공데이터포털),2026-04
c7503,star,대구광역시 스타기업·PRE-스타기업·3030기업 현황(공공데이터포털),2025-03
c7511,venture,중소벤처기업부 벤처기업명단(공공데이터포털),2026-04
c7512,venture,중소벤처기업부 벤처기업명단(공공데이터포털),2026-04
c7526,venture,중소벤처기업부 벤처기업명단(공공데이터포털),2026-04
c7527,k3030,대구광역시 스타기업·PRE-스타기업·3030기업 현황(공공데이터포털),2025-03
c7527,star,대구광역시 스타기업·PRE-스타기업·3030기업 현황(공공데이터포털),2025-03
c7529,venture,중소벤처기업부 벤처기업명단(공공데이터포털),2026-04
c7533,k3030,대구광역시 스타기업·PRE-스타기업·3030기업 현황(공공데이터포털),2025-03
c7534,prestar,대구광역시 스타기업·PRE-스타기업·3030기업 현황(공공데이터포털),2025-03
c7543,venture,중소벤처기업부 벤처기업명단(공공데이터포털),2026-04
c7548,venture,중소벤처기업부 벤처기업명단(공공데이터포털),2026-04
c7553,venture,중소벤처기업부 벤처기업명단(공공데이터포털),2026-04
c7554,k3030,대구광역시 스타기업·PRE-스타기업·3030기업 현황(공공데이터포털),2025-03
c7566,venture,중소벤처기업부 벤처기업명단(공공데이터포털),2026-04
c7579,k3030,대구광역시 스타기업·PRE-스타기업·3030기업 현황(공공데이터포털),2025-03
c7581,k3030,대구광역시 스타기업·PRE-스타기업·3030기업 현황(공공데이터포털),2025-03
c7587,k3030,대구광역시 스타기업·PRE-스타기업·3030기업 현황(공공데이터포털),2025-03
c7592,prestar,대구광역시 스타기업·PRE-스타기업·3030기업 현황(공공데이터포털),2025-03
c7594,venture,중소벤처기업부 벤처기업명단(공공데이터포털),2026-04
c7605,k3030,대구광역시 스타기업·PRE-스타기업·3030기업 현황(공공데이터포털),2025-03
c7608,k3030,대구광역시 스타기업·PRE-스타기업·3030기업 현황(공공데이터포털),2025-03
c7617,k3030,대구광역시 스타기업·PRE-스타기업·3030기업 현황(공공데이터포털),2025-03
c7621,k3030,대구광역시 스타기업·PRE-스타기업·3030기업 현황(공공데이터포털),2025-03
c7624,k3030,대구광역시 스타기업·PRE-스타기업·3030기업 현황(공공데이터포털),2025-03
c7624,venture,중소벤처기업부 벤처기업명단(공공데이터포털),2026-04
c7659,venture,중소벤처기업부 벤처기업명단(공공데이터포털),2026-04
c7670,venture,중소벤처기업부 벤처기업명단(공공데이터포털),2026-04
c7671,venture,중소벤처기업부 벤처기업명단(공공데이터포털),2026-04
c7683,prestar,대구광역시 스타기업·PRE-스타기업·3030기업 현황(공공데이터포털),2025-03
c7683,venture,중소벤처기업부 벤처기업명단(공공데이터포털),2026-04
c7719,venture,중소벤처기업부 벤처기업명단(공공데이터포털),2026-04
c7721,k3030,대구광역시 스타기업·PRE-스타기업·3030기업 현황(공공데이터포털),2025-03
c7726,star,대구광역시 스타기업·PRE-스타기업·3030기업 현황(공공데이터포털),2025-03
c7732,venture,중소벤처기업부 벤처기업명단(공공데이터포털),2026-04
c7776,k3030,대구광역시 스타기업·PRE-스타기업·3030기업 현황(공공데이터포털),2025-03
c7795,venture,중소벤처기업부 벤처기업명단(공공데이터포털),2026-04
c7807,venture,중소벤처기업부 벤처기업명단(공공데이터포털),2026-04
c7809,k3030,대구광역시 스타기업·PRE-스타기업·3030기업 현황(공공데이터포털),2025-03
c7822,k3030,대구광역시 스타기업·PRE-스타기업·3030기업 현황(공공데이터포털),2025-03
c7837,k3030,대구광역시 스타기업·PRE-스타기업·3030기업 현황(공공데이터포털),2025-03
c7855,venture,중소벤처기업부 벤처기업명단(공공데이터포털),2026-04
c7856,venture,중소벤처기업부 벤처기업명단(공공데이터포털),2026-04
c7860,prestar,대구광역시 스타기업·PRE-스타기업·3030기업 현황(공공데이터포털),2025-03
c7860,venture,중소벤처기업부 벤처기업명단(공공데이터포털),2026-04
c7861,venture,중소벤처기업부 벤처기업명단(공공데이터포털),2026-04
c7863,venture,중소벤처기업부 벤처기업명단(공공데이터포털),2026-04
c7898,venture,중소벤처기업부 벤처기업명단(공공데이터포털),2026-04
c7929,k3030,대구광역시 스타기업·PRE-스타기업·3030기업 현황(공공데이터포털),2025-03
c7943,venture,중소벤처기업부 벤처기업명단(공공데이터포털),2026-04
c7949,k3030,대구광역시 스타기업·PRE-스타기업·3030기업 현황(공공데이터포털),2025-03
c7962,venture,중소벤처기업부 벤처기업명단(공공데이터포털),2026-04
c7970,k3030,대구광역시 스타기업·PRE-스타기업·3030기업 현황(공공데이터포털),2025-03
c7987,venture,중소벤처기업부 벤처기업명단(공공데이터포털),2026-04
c7988,venture,중소벤처기업부 벤처기업명단(공공데이터포털),2026-04
c8017,k3030,대구광역시 스타기업·PRE-스타기업·3030기업 현황(공공데이터포털),2025-03
c8019,k3030,대구광역시 스타기업·PRE-스타기업·3030기업 현황(공공데이터포털),2025-03
c8030,star,대구광역시 스타기업·PRE-스타기업·3030기업 현황(공공데이터포털),2025-03
c8040,k3030,대구광역시 스타기업·PRE-스타기업·3030기업 현황(공공데이터포털),2025-03
c8050,venture,중소벤처기업부 벤처기업명단(공공데이터포털),2026-04
c8057,k3030,대구광역시 스타기업·PRE-스타기업·3030기업 현황(공공데이터포털),2025-03
c8076,venture,중소벤처기업부 벤처기업명단(공공데이터포털),2026-04
c8082,venture,중소벤처기업부 벤처기업명단(공공데이터포털),2026-04
c8097,k3030,대구광역시 스타기업·PRE-스타기업·3030기업 현황(공공데이터포털),2025-03
c8097,star,대구광역시 스타기업·PRE-스타기업·3030기업 현황(공공데이터포털),2025-03
c8102,k3030,대구광역시 스타기업·PRE-스타기업·3030기업 현황(공공데이터포털),2025-03
c8104,venture,중소벤처기업부 벤처기업명단(공공데이터포털),2026-04
c8106,k3030,대구광역시 스타기업·PRE-스타기업·3030기업 현황(공공데이터포털),2025-03
c8112,k3030,대구광역시 스타기업·PRE-스타기업·3030기업 현황(공공데이터포털),2025-03
c8112,venture,중소벤처기업부 벤처기업명단(공공데이터포털),2026-04
c8126,venture,중소벤처기업부 벤처기업명단(공공데이터포털),2026-04
c8131,venture,중소벤처기업부 벤처기업명단(공공데이터포털),2026-04
c8133,star,대구광역시 스타기업·PRE-스타기업·3030기업 현황(공공데이터포털),2025-03
c8171,prestar,대구광역시 스타기업·PRE-스타기업·3030기업 현황(공공데이터포털),2025-03
c8172,venture,중소벤처기업부 벤처기업명단(공공데이터포털),2026-04
c8198,k3030,대구광역시 스타기업·PRE-스타기업·3030기업 현황(공공데이터포털),2025-03
c8209,k3030,대구광역시 스타기업·PRE-스타기업·3030기업 현황(공공데이터포털),2025-03
c8235,prestar,대구광역시 스타기업·PRE-스타기업·3030기업 현황(공공데이터포털),2025-03
c8246,k3030,대구광역시 스타기업·PRE-스타기업·3030기업 현황(공공데이터포털),2025-03
c8254,k3030,대구광역시 스타기업·PRE-스타기업·3030기업 현황(공공데이터포털),2025-03
c8261,venture,중소벤처기업부 벤처기업명단(공공데이터포털),2026-04
c8265,k3030,대구광역시 스타기업·PRE-스타기업·3030기업 현황(공공데이터포털),2025-03
c8265,venture,중소벤처기업부 벤처기업명단(공공데이터포털),2026-04
c8284,venture,중소벤처기업부 벤처기업명단(공공데이터포털),2026-04
c8293,k3030,대구광역시 스타기업·PRE-스타기업·3030기업 현황(공공데이터포털),2025-03
c8303,k3030,대구광역시 스타기업·PRE-스타기업·3030기업 현황(공공데이터포털),2025-03
c8303,prestar,대구광역시 스타기업·PRE-스타기업·3030기업 현황(공공데이터포털),2025-03
c8312,k3030,대구광역시 스타기업·PRE-스타기업·3030기업 현황(공공데이터포털),2025-03
c8328,k3030,대구광역시 스타기업·PRE-스타기업·3030기업 현황(공공데이터포털),2025-03
c8329,k3030,대구광역시 스타기업·PRE-스타기업·3030기업 현황(공공데이터포털),2025-03
c8335,star,대구광역시 스타기업·PRE-스타기업·3030기업 현황(공공데이터포털),2025-03
c8372,venture,중소벤처기업부 벤처기업명단(공공데이터포털),2026-04
c8374,venture,중소벤처기업부 벤처기업명단(공공데이터포털),2026-04
c8383,venture,중소벤처기업부 벤처기업명단(공공데이터포털),2026-04
c8426,venture,중소벤처기업부 벤처기업명단(공공데이터포털),2026-04
c8438,venture,중소벤처기업부 벤처기업명단(공공데이터포털),2026-04
c8448,k3030,대구광역시 스타기업·PRE-스타기업·3030기업 현황(공공데이터포털),2025-03
c8480,k3030,대구광역시 스타기업·PRE-스타기업·3030기업 현황(공공데이터포털),2025-03
c8503,k3030,대구광역시 스타기업·PRE-스타기업·3030기업 현황(공공데이터포털),2025-03
c8532,venture,중소벤처기업부 벤처기업명단(공공데이터포털),2026-04
c8548,k3030,대구광역시 스타기업·PRE-스타기업·3030기업 현황(공공데이터포털),2025-03
c8551,k3030,대구광역시 스타기업·PRE-스타기업·3030기업 현황(공공데이터포털),2025-03
c8552,venture,중소벤처기업부 벤처기업명단(공공데이터포털),2026-04
c8563,prestar,대구광역시 스타기업·PRE-스타기업·3030기업 현황(공공데이터포털),2025-03
c8585,venture,중소벤처기업부 벤처기업명단(공공데이터포털),2026-04
c8590,venture,중소벤처기업부 벤처기업명단(공공데이터포털),2026-04
c8591,venture,중소벤처기업부 벤처기업명단(공공데이터포털),2026-04
c8595,star,대구광역시 스타기업·PRE-스타기업·3030기업 현황(공공데이터포털),2025-03
c8595,venture,중소벤처기업부 벤처기업명단(공공데이터포털),2026-04
c8603,venture,중소벤처기업부 벤처기업명단(공공데이터포털),2026-04
c8606,venture,중소벤처기업부 벤처기업명단(공공데이터포털),2026-04
c8612,k3030,대구광역시 스타기업·PRE-스타기업·3030기업 현황(공공데이터포털),2025-03
c8612,star,대구광역시 스타기업·PRE-스타기업·3030기업 현황(공공데이터포털),2025-03
c8622,venture,중소벤처기업부 벤처기업명단(공공데이터포털),2026-04
c8626,venture,중소벤처기업부 벤처기업명단(공공데이터포털),2026-04
c8630,venture,중소벤처기업부 벤처기업명단(공공데이터포털),2026-04
c8631,venture,중소벤처기업부 벤처기업명단(공공데이터포털),2026-04
c8649,venture,중소벤처기업부 벤처기업명단(공공데이터포털),2026-04
c8656,venture,중소벤처기업부 벤처기업명단(공공데이터포털),2026-04
c8661,venture,중소벤처기업부 벤처기업명단(공공데이터포털),2026-04
c8666,venture,중소벤처기업부 벤처기업명단(공공데이터포털),2026-04
c8667,prestar,대구광역시 스타기업·PRE-스타기업·3030기업 현황(공공데이터포털),2025-03
c8670,venture,중소벤처기업부 벤처기업명단(공공데이터포털),2026-04
c8672,k3030,대구광역시 스타기업·PRE-스타기업·3030기업 현황(공공데이터포털),2025-03
c8681,venture,중소벤처기업부 벤처기업명단(공공데이터포털),2026-04
c8684,venture,중소벤처기업부 벤처기업명단(공공데이터포털),2026-04
c8689,star,대구광역시 스타기업·PRE-스타기업·3030기업 현황(공공데이터포털),2025-03
c8689,venture,중소벤처기업부 벤처기업명단(공공데이터포털),2026-04
c8691,venture,중소벤처기업부 벤처기업명단(공공데이터포털),2026-04
c8692,k3030,대구광역시 스타기업·PRE-스타기업·3030기업 현황(공공데이터포털),2025-03
c8692,star,대구광역시 스타기업·PRE-스타기업·3030기업 현황(공공데이터포털),2025-03
c8705,k3030,대구광역시 스타기업·PRE-스타기업·3030기업 현황(공공데이터포털),2025-03
c8705,star,대구광역시 스타기업·PRE-스타기업·3030기업 현황(공공데이터포털),2025-03
c8713,venture,중소벤처기업부 벤처기업명단(공공데이터포털),2026-04
c8727,prestar,대구광역시 스타기업·PRE-스타기업·3030기업 현황(공공데이터포털),2025-03
c8727,venture,중소벤처기업부 벤처기업명단(공공데이터포털),2026-04
c8731,venture,중소벤처기업부 벤처기업명단(공공데이터포털),2026-04
c8739,star,대구광역시 스타기업·PRE-스타기업·3030기업 현황(공공데이터포털),2025-03
c8739,venture,중소벤처기업부 벤처기업명단(공공데이터포털),2026-04
c8748,star,대구광역시 스타기업·PRE-스타기업·3030기업 현황(공공데이터포털),2025-03
c8759,venture,중소벤처기업부 벤처기업명단(공공데이터포털),2026-04
c8764,k3030,대구광역시 스타기업·PRE-스타기업·3030기업 현황(공공데이터포털),2025-03
c8787,k3030,대구광역시 스타기업·PRE-스타기업·3030기업 현황(공공데이터포털),2025-03
c8819,venture,중소벤처기업부 벤처기업명단(공공데이터포털),2026-04
c8890,venture,중소벤처기업부 벤처기업명단(공공데이터포털),2026-04
c8944,venture,중소벤처기업부 벤처기업명단(공공데이터포털),2026-04
c8952,prestar,대구광역시 스타기업·PRE-스타기업·3030기업 현황(공공데이터포털),2025-03
c8952,venture,중소벤처기업부 벤처기업명단(공공데이터포털),2026-04
c8982,k3030,대구광역시 스타기업·PRE-스타기업·3030기업 현황(공공데이터포털),2025-03
c9002,venture,중소벤처기업부 벤처기업명단(공공데이터포털),2026-04
c9015,venture,중소벤처기업부 벤처기업명단(공공데이터포털),2026-04
c9026,venture,중소벤처기업부 벤처기업명단(공공데이터포털),2026-04
c9051,venture,중소벤처기업부 벤처기업명단(공공데이터포털),2026-04
c9052,venture,중소벤처기업부 벤처기업명단(공공데이터포털),2026-04
c9065,venture,중소벤처기업부 벤처기업명단(공공데이터포털),2026-04
c9073,star,대구광역시 스타기업·PRE-스타기업·3030기업 현황(공공데이터포털),2025-03
c9076,venture,중소벤처기업부 벤처기업명단(공공데이터포털),2026-04
c9080,venture,중소벤처기업부 벤처기업명단(공공데이터포털),2026-04
c9087,venture,중소벤처기업부 벤처기업명단(공공데이터포털),2026-04
c9107,venture,중소벤처기업부 벤처기업명단(공공데이터포털),2026-04
c9150,venture,중소벤처기업부 벤처기업명단(공공데이터포털),2026-04
c9178,k3030,대구광역시 스타기업·PRE-스타기업·3030기업 현황(공공데이터포털),2025-03
c9187,k3030,대구광역시 스타기업·PRE-스타기업·3030기업 현황(공공데이터포털),2025-03
c9199,venture,중소벤처기업부 벤처기업명단(공공데이터포털),2026-04
c9218,k3030,대구광역시 스타기업·PRE-스타기업·3030기업 현황(공공데이터포털),2025-03
c9232,k3030,대구광역시 스타기업·PRE-스타기업·3030기업 현황(공공데이터포털),2025-03
c9241,venture,중소벤처기업부 벤처기업명단(공공데이터포털),2026-04
c9244,k3030,대구광역시 스타기업·PRE-스타기업·3030기업 현황(공공데이터포털),2025-03
c9244,star,대구광역시 스타기업·PRE-스타기업·3030기업 현황(공공데이터포털),2025-03
c9245,k3030,대구광역시 스타기업·PRE-스타기업·3030기업 현황(공공데이터포털),2025-03
c9268,k3030,대구광역시 스타기업·PRE-스타기업·3030기업 현황(공공데이터포털),2025-03
c9272,k3030,대구광역시 스타기업·PRE-스타기업·3030기업 현황(공공데이터포털),2025-03
c9283,star,대구광역시 스타기업·PRE-스타기업·3030기업 현황(공공데이터포털),2025-03
c9295,venture,중소벤처기업부 벤처기업명단(공공데이터포털),2026-04
c9299,k3030,대구광역시 스타기업·PRE-스타기업·3030기업 현황(공공데이터포털),2025-03
c9330,venture,중소벤처기업부 벤처기업명단(공공데이터포털),2026-04
c9357,k3030,대구광역시 스타기업·PRE-스타기업·3030기업 현황(공공데이터포털),2025-03
c9357,star,대구광역시 스타기업·PRE-스타기업·3030기업 현황(공공데이터포털),2025-03
c9357,venture,중소벤처기업부 벤처기업명단(공공데이터포털),2026-04
c9358,k3030,대구광역시 스타기업·PRE-스타기업·3030기업 현황(공공데이터포털),2025-03
c9400,star,대구광역시 스타기업·PRE-스타기업·3030기업 현황(공공데이터포털),2025-03
c9400,venture,중소벤처기업부 벤처기업명단(공공데이터포털),2026-04
c9429,k3030,대구광역시 스타기업·PRE-스타기업·3030기업 현황(공공데이터포털),2025-03
c9458,prestar,대구광역시 스타기업·PRE-스타기업·3030기업 현황(공공데이터포털),2025-03
c9458,venture,중소벤처기업부 벤처기업명단(공공데이터포털),2026-04
c9460,venture,중소벤처기업부 벤처기업명단(공공데이터포털),2026-04
c9477,prestar,대구광역시 스타기업·PRE-스타기업·3030기업 현황(공공데이터포털),2025-03
c9503,venture,중소벤처기업부 벤처기업명단(공공데이터포털),2026-04
c9527,venture,중소벤처기업부 벤처기업명단(공공데이터포털),2026-04
c9560,venture,중소벤처기업부 벤처기업명단(공공데이터포털),2026-04
c9567,k3030,대구광역시 스타기업·PRE-스타기업·3030기업 현황(공공데이터포털),2025-03
c9589,prestar,대구광역시 스타기업·PRE-스타기업·3030기업 현황(공공데이터포털),2025-03
c9591,venture,중소벤처기업부 벤처기업명단(공공데이터포털),2026-04
c9593,k3030,대구광역시 스타기업·PRE-스타기업·3030기업 현황(공공데이터포털),2025-03
c9593,star,대구광역시 스타기업·PRE-스타기업·3030기업 현황(공공데이터포털),2025-03
c9595,star,대구광역시 스타기업·PRE-스타기업·3030기업 현황(공공데이터포털),2025-03
c9598,star,대구광역시 스타기업·PRE-스타기업·3030기업 현황(공공데이터포털),2025-03
c9598,venture,중소벤처기업부 벤처기업명단(공공데이터포털),2026-04
c9599,prestar,대구광역시 스타기업·PRE-스타기업·3030기업 현황(공공데이터포털),2025-03
c9599,venture,중소벤처기업부 벤처기업명단(공공데이터포털),2026-04
c9603,k3030,대구광역시 스타기업·PRE-스타기업·3030기업 현황(공공데이터포털),2025-03
c9603,star,대구광역시 스타기업·PRE-스타기업·3030기업 현황(공공데이터포털),2025-03
c9603,venture,중소벤처기업부 벤처기업명단(공공데이터포털),2026-04
c9604,venture,중소벤처기업부 벤처기업명단(공공데이터포털),2026-04
c9605,prestar,대구광역시 스타기업·PRE-스타기업·3030기업 현황(공공데이터포털),2025-03
c9609,star,대구광역시 스타기업·PRE-스타기업·3030기업 현황(공공데이터포털),2025-03
c9609,venture,중소벤처기업부 벤처기업명단(공공데이터포털),2026-04
c9610,venture,중소벤처기업부 벤처기업명단(공공데이터포털),2026-04
c9613,venture,중소벤처기업부 벤처기업명단(공공데이터포털),2026-04
c9616,venture,중소벤처기업부 벤처기업명단(공공데이터포털),2026-04
c9624,venture,중소벤처기업부 벤처기업명단(공공데이터포털),2026-04
c9629,k3030,대구광역시 스타기업·PRE-스타기업·3030기업 현황(공공데이터포털),2025-03
c9629,star,대구광역시 스타기업·PRE-스타기업·3030기업 현황(공공데이터포털),2025-03
c9643,venture,중소벤처기업부 벤처기업명단(공공데이터포털),2026-04
c9647,prestar,대구광역시 스타기업·PRE-스타기업·3030기업 현황(공공데이터포털),2025-03
c9688,k3030,대구광역시 스타기업·PRE-스타기업·3030기업 현황(공공데이터포털),2025-03
c9691,prestar,대구광역시 스타기업·PRE-스타기업·3030기업 현황(공공데이터포털),2025-03
c9691,venture,중소벤처기업부 벤처기업명단(공공데이터포털),2026-04
c9705,star,대구광역시 스타기업·PRE-스타기업·3030기업 현황(공공데이터포털),2025-03
c9705,venture,중소벤처기업부 벤처기업명단(공공데이터포털),2026-04
c9712,venture,중소벤처기업부 벤처기업명단(공공데이터포털),2026-04
c9721,venture,중소벤처기업부 벤처기업명단(공공데이터포털),2026-04
c9733,star,대구광역시 스타기업·PRE-스타기업·3030기업 현황(공공데이터포털),2025-03
c9758,star,대구광역시 스타기업·PRE-스타기업·3030기업 현황(공공데이터포털),2025-03
c9761,venture,중소벤처기업부 벤처기업명단(공공데이터포털),2026-04
c9765,venture,중소벤처기업부 벤처기업명단(공공데이터포털),2026-04
c9799,venture,중소벤처기업부 벤처기업명단(공공데이터포털),2026-04
c9805,k3030,대구광역시 스타기업·PRE-스타기업·3030기업 현황(공공데이터포털),2025-03
c9814,prestar,대구광역시 스타기업·PRE-스타기업·3030기업 현황(공공데이터포털),2025-03
c9814,venture,중소벤처기업부 벤처기업명단(공공데이터포털),2026-04
c9823,venture,중소벤처기업부 벤처기업명단(공공데이터포털),2026-04
c9824,prestar,대구광역시 스타기업·PRE-스타기업·3030기업 현황(공공데이터포털),2025-03
c9824,venture,중소벤처기업부 벤처기업명단(공공데이터포털),2026-04
c9827,k3030,대구광역시 스타기업·PRE-스타기업·3030기업 현황(공공데이터포털),2025-03
c9827,star,대구광역시 스타기업·PRE-스타기업·3030기업 현황(공공데이터포털),2025-03
c9834,k3030,대구광역시 스타기업·PRE-스타기업·3030기업 현황(공공데이터포털),2025-03
c9834,venture,중소벤처기업부 벤처기업명단(공공데이터포털),2026-04
c9848,k3030,대구광역시 스타기업·PRE-스타기업·3030기업 현황(공공데이터포털),2025-03
c9848,star,대구광역시 스타기업·PRE-스타기업·3030기업 현황(공공데이터포털),2025-03
c9861,prestar,대구광역시 스타기업·PRE-스타기업·3030기업 현황(공공데이터포털),2025-03
c9861,venture,중소벤처기업부 벤처기업명단(공공데이터포털),2026-04
c9862,star,대구광역시 스타기업·PRE-스타기업·3030기업 현황(공공데이터포털),2025-03
c9862,venture,중소벤처기업부 벤처기업명단(공공데이터포털),2026-04
c9865,venture,중소벤처기업부 벤처기업명단(공공데이터포털),2026-04
c9875,k3030,대구광역시 스타기업·PRE-스타기업·3030기업 현황(공공데이터포털),2025-03
c9876,star,대구광역시 스타기업·PRE-스타기업·3030기업 현황(공공데이터포털),2025-03
c9876,venture,중소벤처기업부 벤처기업명단(공공데이터포털),2026-04
c9887,prestar,대구광역시 스타기업·PRE-스타기업·3030기업 현황(공공데이터포털),2025-03
c9897,venture,중소벤처기업부 벤처기업명단(공공데이터포털),2026-04
c9901,prestar,대구광역시 스타기업·PRE-스타기업·3030기업 현황(공공데이터포털),2025-03
c9902,venture,중소벤처기업부 벤처기업명단(공공데이터포털),2026-04
c9908,k3030,대구광역시 스타기업·PRE-스타기업·3030기업 현황(공공데이터포털),2025-03
c9917,venture,중소벤처기업부 벤처기업명단(공공데이터포털),2026-04
c9984,venture,중소벤처기업부 벤처기업명단(공공데이터포털),2026-04
c9987,venture,중소벤처기업부 벤처기업명단(공공데이터포털),2026-04
c9998,prestar,대구광역시 스타기업·PRE-스타기업·3030기업 현황(공공데이터포털),2025-03
x2213,prestar,대구광역시 스타기업·PRE-스타기업·3030기업 현황(공공데이터포털),2025-03
x2214,prestar,대구광역시 스타기업·PRE-스타기업·3030기업 현황(공공데이터포털),2025-03
x2214,venture,중소벤처기업부 벤처기업명단(공공데이터포털),2026-04
x2220,venture,중소벤처기업부 벤처기업명단(공공데이터포털),2026-04
x2299,venture,중소벤처기업부 벤처기업명단(공공데이터포털),2026-04
x2306,prestar,대구광역시 스타기업·PRE-스타기업·3030기업 현황(공공데이터포털),2025-03
x2320,venture,중소벤처기업부 벤처기업명단(공공데이터포털),2026-04
x2338,venture,중소벤처기업부 벤처기업명단(공공데이터포털),2026-04
x2347,star,대구광역시 스타기업·PRE-스타기업·3030기업 현황(공공데이터포털),2025-03
x2347,venture,중소벤처기업부 벤처기업명단(공공데이터포털),2026-04
x2370,venture,중소벤처기업부 벤처기업명단(공공데이터포털),2026-04
x2374,venture,중소벤처기업부 벤처기업명단(공공데이터포털),2026-04
x2383,venture,중소벤처기업부 벤처기업명단(공공데이터포털),2026-04
x2384,venture,중소벤처기업부 벤처기업명단(공공데이터포털),2026-04
x2396,venture,중소벤처기업부 벤처기업명단(공공데이터포털),2026-04
x2415,k3030,대구광역시 스타기업·PRE-스타기업·3030기업 현황(공공데이터포털),2025-03
x2415,venture,중소벤처기업부 벤처기업명단(공공데이터포털),2026-04
x2422,k3030,대구광역시 스타기업·PRE-스타기업·3030기업 현황(공공데이터포털),2025-03
x2426,star,대구광역시 스타기업·PRE-스타기업·3030기업 현황(공공데이터포털),2025-03
x2428,venture,중소벤처기업부 벤처기업명단(공공데이터포털),2026-04
x2435,venture,중소벤처기업부 벤처기업명단(공공데이터포털),2026-04
x2436,venture,중소벤처기업부 벤처기업명단(공공데이터포털),2026-04
x2448,k3030,대구광역시 스타기업·PRE-스타기업·3030기업 현황(공공데이터포털),2025-03
x2470,venture,중소벤처기업부 벤처기업명단(공공데이터포털),2026-04
x2474,prestar,대구광역시 스타기업·PRE-스타기업·3030기업 현황(공공데이터포털),2025-03
x2474,venture,중소벤처기업부 벤처기업명단(공공데이터포털),2026-04
x2477,k3030,대구광역시 스타기업·PRE-스타기업·3030기업 현황(공공데이터포털),2025-03
x2481,venture,중소벤처기업부 벤처기업명단(공공데이터포털),2026-04
x2494,prestar,대구광역시 스타기업·PRE-스타기업·3030기업 현황(공공데이터포털),2025-03
x2502,venture,중소벤처기업부 벤처기업명단(공공데이터포털),2026-04
x2505,venture,중소벤처기업부 벤처기업명단(공공데이터포털),2026-04
x2507,kmedi,대구경북첨단의료산업진흥재단 입주기업 현황(공공데이터포털),2026
x2507,star,대구광역시 스타기업·PRE-스타기업·3030기업 현황(공공데이터포털),2025-03
x2514,venture,중소벤처기업부 벤처기업명단(공공데이터포털),2026-04
x2515,venture,중소벤처기업부 벤처기업명단(공공데이터포털),2026-04
x2520,venture,중소벤처기업부 벤처기업명단(공공데이터포털),2026-04
x2521,venture,중소벤처기업부 벤처기업명단(공공데이터포털),2026-04
x2535,venture,중소벤처기업부 벤처기업명단(공공데이터포털),2026-04
x2556,venture,중소벤처기업부 벤처기업명단(공공데이터포털),2026-04
x2564,venture,중소벤처기업부 벤처기업명단(공공데이터포털),2026-04
x2571,venture,중소벤처기업부 벤처기업명단(공공데이터포털),2026-04
x2592,venture,중소벤처기업부 벤처기업명단(공공데이터포털),2026-04
x2615,venture,중소벤처기업부 벤처기업명단(공공데이터포털),2026-04
x2628,star,대구광역시 스타기업·PRE-스타기업·3030기업 현황(공공데이터포털),2025-03
x2628,venture,중소벤처기업부 벤처기업명단(공공데이터포털),2026-04
x2679,venture,중소벤처기업부 벤처기업명단(공공데이터포털),2026-04
x2683,kmedi,대구경북첨단의료산업진흥재단 입주기업 현황(공공데이터포털),2026
x2683,prestar,대구광역시 스타기업·PRE-스타기업·3030기업 현황(공공데이터포털),2025-03
x2688,venture,중소벤처기업부 벤처기업명단(공공데이터포털),2026-04
x2689,venture,중소벤처기업부 벤처기업명단(공공데이터포털),2026-04
x2694,venture,중소벤처기업부 벤처기업명단(공공데이터포털),2026-04
x2714,venture,중소벤처기업부 벤처기업명단(공공데이터포털),2026-04
x2724,prestar,대구광역시 스타기업·PRE-스타기업·3030기업 현황(공공데이터포털),2025-03
x2724,venture,중소벤처기업부 벤처기업명단(공공데이터포털),2026-04
x2730,venture,중소벤처기업부 벤처기업명단(공공데이터포털),2026-04
x2735,kmedi,대구경북첨단의료산업진흥재단 입주기업 현황(공공데이터포털),2026
x2735,prestar,대구광역시 스타기업·PRE-스타기업·3030기업 현황(공공데이터포털),2025-03
x2864,venture,중소벤처기업부 벤처기업명단(공공데이터포털),2026-04
x2870,prestar,대구광역시 스타기업·PRE-스타기업·3030기업 현황(공공데이터포털),2025-03
x2870,venture,중소벤처기업부 벤처기업명단(공공데이터포털),2026-04
x2872,kmedi,대구경북첨단의료산업진흥재단 입주기업 현황(공공데이터포털),2026
x2872,prestar,대구광역시 스타기업·PRE-스타기업·3030기업 현황(공공데이터포털),2025-03
x2872,venture,중소벤처기업부 벤처기업명단(공공데이터포털),2026-04
x2878,venture,중소벤처기업부 벤처기업명단(공공데이터포털),2026-04
x2889,venture,중소벤처기업부 벤처기업명단(공공데이터포털),2026-04
x2936,venture,중소벤처기업부 벤처기업명단(공공데이터포털),2026-04
x2943,venture,중소벤처기업부 벤처기업명단(공공데이터포털),2026-04
x2953,venture,중소벤처기업부 벤처기업명단(공공데이터포털),2026-04
x2957,prestar,대구광역시 스타기업·PRE-스타기업·3030기업 현황(공공데이터포털),2025-03
x2957,venture,중소벤처기업부 벤처기업명단(공공데이터포털),2026-04
x2980,venture,중소벤처기업부 벤처기업명단(공공데이터포털),2026-04
x2995,prestar,대구광역시 스타기업·PRE-스타기업·3030기업 현황(공공데이터포털),2025-03
x3005,venture,중소벤처기업부 벤처기업명단(공공데이터포털),2026-04
x3008,venture,중소벤처기업부 벤처기업명단(공공데이터포털),2026-04
x3018,venture,중소벤처기업부 벤처기업명단(공공데이터포털),2026-04
x3022,venture,중소벤처기업부 벤처기업명단(공공데이터포털),2026-04
x3026,venture,중소벤처기업부 벤처기업명단(공공데이터포털),2026-04
x3039,venture,중소벤처기업부 벤처기업명단(공공데이터포털),2026-04
x3046,venture,중소벤처기업부 벤처기업명단(공공데이터포털),2026-04
x3054,prestar,대구광역시 스타기업·PRE-스타기업·3030기업 현황(공공데이터포털),2025-03
x3054,venture,중소벤처기업부 벤처기업명단(공공데이터포털),2026-04
x3063,venture,중소벤처기업부 벤처기업명단(공공데이터포털),2026-04
x3066,venture,중소벤처기업부 벤처기업명단(공공데이터포털),2026-04
x3070,venture,중소벤처기업부 벤처기업명단(공공데이터포털),2026-04
x3076,star,대구광역시 스타기업·PRE-스타기업·3030기업 현황(공공데이터포털),2025-03
x3076,venture,중소벤처기업부 벤처기업명단(공공데이터포털),2026-04
x3082,venture,중소벤처기업부 벤처기업명단(공공데이터포털),2026-04
x3088,venture,중소벤처기업부 벤처기업명단(공공데이터포털),2026-04
x3097,venture,중소벤처기업부 벤처기업명단(공공데이터포털),2026-04
x3104,venture,중소벤처기업부 벤처기업명단(공공데이터포털),2026-04
x3106,venture,중소벤처기업부 벤처기업명단(공공데이터포털),2026-04
x3120,venture,중소벤처기업부 벤처기업명단(공공데이터포털),2026-04
x3141,venture,중소벤처기업부 벤처기업명단(공공데이터포털),2026-04
x3146,venture,중소벤처기업부 벤처기업명단(공공데이터포털),2026-04
x3157,prestar,대구광역시 스타기업·PRE-스타기업·3030기업 현황(공공데이터포털),2025-03
x3157,venture,중소벤처기업부 벤처기업명단(공공데이터포털),2026-04
x3161,venture,중소벤처기업부 벤처기업명단(공공데이터포털),2026-04
x3162,venture,중소벤처기업부 벤처기업명단(공공데이터포털),2026-04
x3167,venture,중소벤처기업부 벤처기업명단(공공데이터포털),2026-04
x3175,venture,중소벤처기업부 벤처기업명단(공공데이터포털),2026-04
x3178,venture,중소벤처기업부 벤처기업명단(공공데이터포털),2026-04
x3179,venture,중소벤처기업부 벤처기업명단(공공데이터포털),2026-04
x3183,venture,중소벤처기업부 벤처기업명단(공공데이터포털),2026-04
x3186,venture,중소벤처기업부 벤처기업명단(공공데이터포털),2026-04
x3190,venture,중소벤처기업부 벤처기업명단(공공데이터포털),2026-04
x3201,venture,중소벤처기업부 벤처기업명단(공공데이터포털),2026-04
x3204,kmedi,대구경북첨단의료산업진흥재단 입주기업 현황(공공데이터포털),2026
x3204,prestar,대구광역시 스타기업·PRE-스타기업·3030기업 현황(공공데이터포털),2025-03
x3204,venture,중소벤처기업부 벤처기업명단(공공데이터포털),2026-04
x3208,kmedi,대구경북첨단의료산업진흥재단 입주기업 현황(공공데이터포털),2026
x3208,venture,중소벤처기업부 벤처기업명단(공공데이터포털),2026-04
x3211,venture,중소벤처기업부 벤처기업명단(공공데이터포털),2026-04
x3224,prestar,대구광역시 스타기업·PRE-스타기업·3030기업 현황(공공데이터포털),2025-03
x3224,venture,중소벤처기업부 벤처기업명단(공공데이터포털),2026-04
x3225,venture,중소벤처기업부 벤처기업명단(공공데이터포털),2026-04
x3229,venture,중소벤처기업부 벤처기업명단(공공데이터포털),2026-04
x3238,venture,중소벤처기업부 벤처기업명단(공공데이터포털),2026-04
x3249,venture,중소벤처기업부 벤처기업명단(공공데이터포털),2026-04
x3255,venture,중소벤처기업부 벤처기업명단(공공데이터포털),2026-04
x3265,venture,중소벤처기업부 벤처기업명단(공공데이터포털),2026-04
x3271,venture,중소벤처기업부 벤처기업명단(공공데이터포털),2026-04
x3283,venture,중소벤처기업부 벤처기업명단(공공데이터포털),2026-04
x3288,venture,중소벤처기업부 벤처기업명단(공공데이터포털),2026-04
x3297,venture,중소벤처기업부 벤처기업명단(공공데이터포털),2026-04
x3308,venture,중소벤처기업부 벤처기업명단(공공데이터포털),2026-04
x3312,venture,중소벤처기업부 벤처기업명단(공공데이터포털),2026-04
x3315,venture,중소벤처기업부 벤처기업명단(공공데이터포털),2026-04
x3316,venture,중소벤처기업부 벤처기업명단(공공데이터포털),2026-04
x3317,venture,중소벤처기업부 벤처기업명단(공공데이터포털),2026-04
x3329,venture,중소벤처기업부 벤처기업명단(공공데이터포털),2026-04
x3330,venture,중소벤처기업부 벤처기업명단(공공데이터포털),2026-04
x3332,venture,중소벤처기업부 벤처기업명단(공공데이터포털),2026-04
x3344,venture,중소벤처기업부 벤처기업명단(공공데이터포털),2026-04
x3346,venture,중소벤처기업부 벤처기업명단(공공데이터포털),2026-04
x3350,venture,중소벤처기업부 벤처기업명단(공공데이터포털),2026-04
x3356,venture,중소벤처기업부 벤처기업명단(공공데이터포털),2026-04
x3363,prestar,대구광역시 스타기업·PRE-스타기업·3030기업 현황(공공데이터포털),2025-03
x3363,venture,중소벤처기업부 벤처기업명단(공공데이터포털),2026-04
x3372,venture,중소벤처기업부 벤처기업명단(공공데이터포털),2026-04
x3377,venture,중소벤처기업부 벤처기업명단(공공데이터포털),2026-04
x3383,prestar,대구광역시 스타기업·PRE-스타기업·3030기업 현황(공공데이터포털),2025-03
x3383,venture,중소벤처기업부 벤처기업명단(공공데이터포털),2026-04
x3391,venture,중소벤처기업부 벤처기업명단(공공데이터포털),2026-04
x3396,venture,중소벤처기업부 벤처기업명단(공공데이터포털),2026-04
x3402,venture,중소벤처기업부 벤처기업명단(공공데이터포털),2026-04
x3414,venture,중소벤처기업부 벤처기업명단(공공데이터포털),2026-04
x3416,venture,중소벤처기업부 벤처기업명단(공공데이터포털),2026-04
x3417,venture,중소벤처기업부 벤처기업명단(공공데이터포털),2026-04
x3420,venture,중소벤처기업부 벤처기업명단(공공데이터포털),2026-04
x3426,venture,중소벤처기업부 벤처기업명단(공공데이터포털),2026-04
x3436,venture,중소벤처기업부 벤처기업명단(공공데이터포털),2026-04
x3446,venture,중소벤처기업부 벤처기업명단(공공데이터포털),2026-04
x3452,venture,중소벤처기업부 벤처기업명단(공공데이터포털),2026-04
x3456,venture,중소벤처기업부 벤처기업명단(공공데이터포털),2026-04
x3464,venture,중소벤처기업부 벤처기업명단(공공데이터포털),2026-04
x3483,venture,중소벤처기업부 벤처기업명단(공공데이터포털),2026-04
x3484,prestar,대구광역시 스타기업·PRE-스타기업·3030기업 현황(공공데이터포털),2025-03
x3496,venture,중소벤처기업부 벤처기업명단(공공데이터포털),2026-04
x3497,venture,중소벤처기업부 벤처기업명단(공공데이터포털),2026-04
x3511,venture,중소벤처기업부 벤처기업명단(공공데이터포털),2026-04
x3516,venture,중소벤처기업부 벤처기업명단(공공데이터포털),2026-04
x3523,venture,중소벤처기업부 벤처기업명단(공공데이터포털),2026-04
x3524,venture,중소벤처기업부 벤처기업명단(공공데이터포털),2026-04
x3527,venture,중소벤처기업부 벤처기업명단(공공데이터포털),2026-04
x3528,venture,중소벤처기업부 벤처기업명단(공공데이터포털),2026-04
x3533,venture,중소벤처기업부 벤처기업명단(공공데이터포털),2026-04
x3561,venture,중소벤처기업부 벤처기업명단(공공데이터포털),2026-04
x3562,venture,중소벤처기업부 벤처기업명단(공공데이터포털),2026-04
x3570,venture,중소벤처기업부 벤처기업명단(공공데이터포털),2026-04
x3576,venture,중소벤처기업부 벤처기업명단(공공데이터포털),2026-04
x3578,venture,중소벤처기업부 벤처기업명단(공공데이터포털),2026-04
x3586,venture,중소벤처기업부 벤처기업명단(공공데이터포털),2026-04
x3594,venture,중소벤처기업부 벤처기업명단(공공데이터포털),2026-04
x3602,venture,중소벤처기업부 벤처기업명단(공공데이터포털),2026-04
x3605,venture,중소벤처기업부 벤처기업명단(공공데이터포털),2026-04
x3615,venture,중소벤처기업부 벤처기업명단(공공데이터포털),2026-04
x3619,venture,중소벤처기업부 벤처기업명단(공공데이터포털),2026-04
x3632,venture,중소벤처기업부 벤처기업명단(공공데이터포털),2026-04
x3634,kmedi,대구경북첨단의료산업진흥재단 입주기업 현황(공공데이터포털),2026
x3634,venture,중소벤처기업부 벤처기업명단(공공데이터포털),2026-04
x3638,venture,중소벤처기업부 벤처기업명단(공공데이터포털),2026-04
x3645,venture,중소벤처기업부 벤처기업명단(공공데이터포털),2026-04
x3651,venture,중소벤처기업부 벤처기업명단(공공데이터포털),2026-04
x3654,venture,중소벤처기업부 벤처기업명단(공공데이터포털),2026-04
x3655,venture,중소벤처기업부 벤처기업명단(공공데이터포털),2026-04
x3659,venture,중소벤처기업부 벤처기업명단(공공데이터포털),2026-04
x3660,venture,중소벤처기업부 벤처기업명단(공공데이터포털),2026-04
x3666,venture,중소벤처기업부 벤처기업명단(공공데이터포털),2026-04
x3668,venture,중소벤처기업부 벤처기업명단(공공데이터포털),2026-04
x3670,venture,중소벤처기업부 벤처기업명단(공공데이터포털),2026-04
x3675,venture,중소벤처기업부 벤처기업명단(공공데이터포털),2026-04
x3685,venture,중소벤처기업부 벤처기업명단(공공데이터포털),2026-04
x3686,venture,중소벤처기업부 벤처기업명단(공공데이터포털),2026-04
x3696,venture,중소벤처기업부 벤처기업명단(공공데이터포털),2026-04
x3698,venture,중소벤처기업부 벤처기업명단(공공데이터포털),2026-04
x3699,venture,중소벤처기업부 벤처기업명단(공공데이터포털),2026-04
x3717,venture,중소벤처기업부 벤처기업명단(공공데이터포털),2026-04
x3725,venture,중소벤처기업부 벤처기업명단(공공데이터포털),2026-04
x3728,venture,중소벤처기업부 벤처기업명단(공공데이터포털),2026-04
x3741,venture,중소벤처기업부 벤처기업명단(공공데이터포털),2026-04
x3742,venture,중소벤처기업부 벤처기업명단(공공데이터포털),2026-04
x3744,venture,중소벤처기업부 벤처기업명단(공공데이터포털),2026-04
x3745,venture,중소벤처기업부 벤처기업명단(공공데이터포털),2026-04
x3746,venture,중소벤처기업부 벤처기업명단(공공데이터포털),2026-04
x3748,venture,중소벤처기업부 벤처기업명단(공공데이터포털),2026-04
x3756,venture,중소벤처기업부 벤처기업명단(공공데이터포털),2026-04
x3757,venture,중소벤처기업부 벤처기업명단(공공데이터포털),2026-04
x3765,venture,중소벤처기업부 벤처기업명단(공공데이터포털),2026-04
x3772,venture,중소벤처기업부 벤처기업명단(공공데이터포털),2026-04
x3775,venture,중소벤처기업부 벤처기업명단(공공데이터포털),2026-04
x3779,venture,중소벤처기업부 벤처기업명단(공공데이터포털),2026-04
x3783,venture,중소벤처기업부 벤처기업명단(공공데이터포털),2026-04
x3786,venture,중소벤처기업부 벤처기업명단(공공데이터포털),2026-04
x3795,venture,중소벤처기업부 벤처기업명단(공공데이터포털),2026-04
x3796,venture,중소벤처기업부 벤처기업명단(공공데이터포털),2026-04
x3799,venture,중소벤처기업부 벤처기업명단(공공데이터포털),2026-04
x3800,venture,중소벤처기업부 벤처기업명단(공공데이터포털),2026-04
x3803,star,대구광역시 스타기업·PRE-스타기업·3030기업 현황(공공데이터포털),2025-03
x3803,venture,중소벤처기업부 벤처기업명단(공공데이터포털),2026-04
x3805,venture,중소벤처기업부 벤처기업명단(공공데이터포털),2026-04
x3806,venture,중소벤처기업부 벤처기업명단(공공데이터포털),2026-04
x3812,venture,중소벤처기업부 벤처기업명단(공공데이터포털),2026-04
x3814,venture,중소벤처기업부 벤처기업명단(공공데이터포털),2026-04
x3815,venture,중소벤처기업부 벤처기업명단(공공데이터포털),2026-04
x3822,venture,중소벤처기업부 벤처기업명단(공공데이터포털),2026-04
x3831,venture,중소벤처기업부 벤처기업명단(공공데이터포털),2026-04
x3833,venture,중소벤처기업부 벤처기업명단(공공데이터포털),2026-04
x3836,venture,중소벤처기업부 벤처기업명단(공공데이터포털),2026-04
x3837,venture,중소벤처기업부 벤처기업명단(공공데이터포털),2026-04
x3840,venture,중소벤처기업부 벤처기업명단(공공데이터포털),2026-04
x3850,venture,중소벤처기업부 벤처기업명단(공공데이터포털),2026-04
x3853,venture,중소벤처기업부 벤처기업명단(공공데이터포털),2026-04
x3871,k3030,대구광역시 스타기업·PRE-스타기업·3030기업 현황(공공데이터포털),2025-03
x3871,venture,중소벤처기업부 벤처기업명단(공공데이터포털),2026-04
x3874,venture,중소벤처기업부 벤처기업명단(공공데이터포털),2026-04
x3890,venture,중소벤처기업부 벤처기업명단(공공데이터포털),2026-04
x3891,venture,중소벤처기업부 벤처기업명단(공공데이터포털),2026-04
x3895,venture,중소벤처기업부 벤처기업명단(공공데이터포털),2026-04
x3900,venture,중소벤처기업부 벤처기업명단(공공데이터포털),2026-04
x3903,venture,중소벤처기업부 벤처기업명단(공공데이터포털),2026-04
x3909,venture,중소벤처기업부 벤처기업명단(공공데이터포털),2026-04
x3914,venture,중소벤처기업부 벤처기업명단(공공데이터포털),2026-04
x3934,venture,중소벤처기업부 벤처기업명단(공공데이터포털),2026-04
x3935,venture,중소벤처기업부 벤처기업명단(공공데이터포털),2026-04
x3936,venture,중소벤처기업부 벤처기업명단(공공데이터포털),2026-04
x3958,venture,중소벤처기업부 벤처기업명단(공공데이터포털),2026-04
x3967,venture,중소벤처기업부 벤처기업명단(공공데이터포털),2026-04
x3973,venture,중소벤처기업부 벤처기업명단(공공데이터포털),2026-04
x3977,venture,중소벤처기업부 벤처기업명단(공공데이터포털),2026-04
x3984,venture,중소벤처기업부 벤처기업명단(공공데이터포털),2026-04
x3998,venture,중소벤처기업부 벤처기업명단(공공데이터포털),2026-04
x4003,venture,중소벤처기업부 벤처기업명단(공공데이터포털),2026-04
x4005,venture,중소벤처기업부 벤처기업명단(공공데이터포털),2026-04
x4012,venture,중소벤처기업부 벤처기업명단(공공데이터포털),2026-04
x4016,venture,중소벤처기업부 벤처기업명단(공공데이터포털),2026-04
x4021,venture,중소벤처기업부 벤처기업명단(공공데이터포털),2026-04
x4026,venture,중소벤처기업부 벤처기업명단(공공데이터포털),2026-04
x4037,venture,중소벤처기업부 벤처기업명단(공공데이터포털),2026-04
x4043,venture,중소벤처기업부 벤처기업명단(공공데이터포털),2026-04
x4045,venture,중소벤처기업부 벤처기업명단(공공데이터포털),2026-04
x4051,venture,중소벤처기업부 벤처기업명단(공공데이터포털),2026-04
x4058,venture,중소벤처기업부 벤처기업명단(공공데이터포털),2026-04
x4076,venture,중소벤처기업부 벤처기업명단(공공데이터포털),2026-04
x4085,venture,중소벤처기업부 벤처기업명단(공공데이터포털),2026-04
x4088,venture,중소벤처기업부 벤처기업명단(공공데이터포털),2026-04
x4091,venture,중소벤처기업부 벤처기업명단(공공데이터포털),2026-04
x4094,venture,중소벤처기업부 벤처기업명단(공공데이터포털),2026-04
x4096,venture,중소벤처기업부 벤처기업명단(공공데이터포털),2026-04
x4103,venture,중소벤처기업부 벤처기업명단(공공데이터포털),2026-04
x4110,venture,중소벤처기업부 벤처기업명단(공공데이터포털),2026-04
x4119,venture,중소벤처기업부 벤처기업명단(공공데이터포털),2026-04
x4125,venture,중소벤처기업부 벤처기업명단(공공데이터포털),2026-04
x4132,venture,중소벤처기업부 벤처기업명단(공공데이터포털),2026-04
x4159,venture,중소벤처기업부 벤처기업명단(공공데이터포털),2026-04
x4163,venture,중소벤처기업부 벤처기업명단(공공데이터포털),2026-04
x4235,venture,중소벤처기업부 벤처기업명단(공공데이터포털),2026-04
x4238,kmedi,대구경북첨단의료산업진흥재단 입주기업 현황(공공데이터포털),2026
x4255,venture,중소벤처기업부 벤처기업명단(공공데이터포털),2026-04
x4266,venture,중소벤처기업부 벤처기업명단(공공데이터포털),2026-04
x4269,venture,중소벤처기업부 벤처기업명단(공공데이터포털),2026-04
x4273,venture,중소벤처기업부 벤처기업명단(공공데이터포털),2026-04
x4274,venture,중소벤처기업부 벤처기업명단(공공데이터포털),2026-04
x4278,venture,중소벤처기업부 벤처기업명단(공공데이터포털),2026-04
x4283,venture,중소벤처기업부 벤처기업명단(공공데이터포털),2026-04
x4344,venture,중소벤처기업부 벤처기업명단(공공데이터포털),2026-04
x4367,kmedi,대구경북첨단의료산업진흥재단 입주기업 현황(공공데이터포털),2026
x4535,prestar,대구광역시 스타기업·PRE-스타기업·3030기업 현황(공공데이터포털),2025-03
x4562,venture,중소벤처기업부 벤처기업명단(공공데이터포털),2026-04
x4574,prestar,대구광역시 스타기업·PRE-스타기업·3030기업 현황(공공데이터포털),2025-03
x4580,venture,중소벤처기업부 벤처기업명단(공공데이터포털),2026-04
x4594,prestar,대구광역시 스타기업·PRE-스타기업·3030기업 현황(공공데이터포털),2025-03
x4600,prestar,대구광역시 스타기업·PRE-스타기업·3030기업 현황(공공데이터포털),2025-03
x4604,venture,중소벤처기업부 벤처기업명단(공공데이터포털),2026-04
x4621,prestar,대구광역시 스타기업·PRE-스타기업·3030기업 현황(공공데이터포털),2025-03
x4686,star,대구광역시 스타기업·PRE-스타기업·3030기업 현황(공공데이터포털),2025-03
x4704,prestar,대구광역시 스타기업·PRE-스타기업·3030기업 현황(공공데이터포털),2025-03
x4731,prestar,대구광역시 스타기업·PRE-스타기업·3030기업 현황(공공데이터포털),2025-03
x4731,venture,중소벤처기업부 벤처기업명단(공공데이터포털),2026-04
x4746,prestar,대구광역시 스타기업·PRE-스타기업·3030기업 현황(공공데이터포털),2025-03
x4790,venture,중소벤처기업부 벤처기업명단(공공데이터포털),2026-04
x4871,prestar,대구광역시 스타기업·PRE-스타기업·3030기업 현황(공공데이터포털),2025-03
x4887,k3030,대구광역시 스타기업·PRE-스타기업·3030기업 현황(공공데이터포털),2025-03
x4952,prestar,대구광역시 스타기업·PRE-스타기업·3030기업 현황(공공데이터포털),2025-03
c0051,labfirm,참여 명단: 연구소기업,20260731
c0171,k3030,참여 명단: 3030기업,2025-03
c0195,star,참여 명단: 대구 스타기업,2025-03
c0401,labfirm,참여 명단: 연구소기업,20260731
c0402,k3030,참여 명단: 3030기업,2025-03
c0402,star,참여 명단: 대구 스타기업,2025-03
c0424,star,참여 명단: 대구 스타기업,2025-03
c0428,labfirm,참여 명단: 연구소기업,20260731
c0430,star,참여 명단: 대구 스타기업,2025-03
c0439,labfirm,참여 명단: 연구소기업,20260731
c0441,labfirm,참여 명단: 연구소기업,20260731
c0449,labfirm,참여 명단: 연구소기업,20260731
c0465,kmedi,참여 명단: 첨단의료복합단지 입주기업,20250531
c0499,prestar,참여 명단: Pre-스타기업,2025-03
c0529,prestar,참여 명단: Pre-스타기업,2025-03
c0540,kmedi,참여 명단: 첨단의료복합단지 입주기업,20250531
c0541,star,참여 명단: 대구 스타기업,2025-03
c0544,rfz,참여 명단: 규제자유특구 특구사업자,
c0546,kmedi,참여 명단: 첨단의료복합단지 입주기업,20250531
c0581,k3030,참여 명단: 3030기업,2025-03
c0600,k3030,참여 명단: 3030기업,2025-03
c0601,k3030,참여 명단: 3030기업,2025-03
c0611,k3030,참여 명단: 3030기업,2025-03
c0659,star,참여 명단: 대구 스타기업,2025-03
c0769,prestar,참여 명단: Pre-스타기업,2025-03
c0983,star,참여 명단: 대구 스타기업,2025-03
c10119,k3030,참여 명단: 3030기업,2025-03
c10119,star,참여 명단: 대구 스타기업,2025-03
c10130,star,참여 명단: 대구 스타기업,2025-03
c10142,prestar,참여 명단: Pre-스타기업,2025-03
c10143,star,참여 명단: 대구 스타기업,2025-03
c10174,star,참여 명단: 대구 스타기업,2025-03
c10181,k3030,참여 명단: 3030기업,2025-03
c10297,prestar,참여 명단: Pre-스타기업,2025-03
c10306,prestar,참여 명단: Pre-스타기업,2025-03
c10397,k3030,참여 명단: 3030기업,2025-03
c10397,star,참여 명단: 대구 스타기업,2025-03
c10412,k3030,참여 명단: 3030기업,2025-03
c10419,star,참여 명단: 대구 스타기업,2025-03
c10426,k3030,참여 명단: 3030기업,2025-03
c10429,motor,참여 명단: 모터 소부장 특화단지 앵커기업,2023-09
c10434,k3030,참여 명단: 3030기업,2025-03
c10453,motor,참여 명단: 모터 소부장 특화단지 앵커기업,2023-09
c10459,k3030,참여 명단: 3030기업,2025-03
c10459,star,참여 명단: 대구 스타기업,2025-03
c10469,k3030,참여 명단: 3030기업,2025-03
c10502,k3030,참여 명단: 3030기업,2025-03
c10502,star,참여 명단: 대구 스타기업,2025-03
c10511,k3030,참여 명단: 3030기업,2025-03
c10609,prestar,참여 명단: Pre-스타기업,2025-03
c10655,k3030,참여 명단: 3030기업,2025-03
c10664,k3030,참여 명단: 3030기업,2025-03
c10711,rfz,참여 명단: 규제자유특구 특구사업자,
c10720,motor,참여 명단: 모터 소부장 특화단지 앵커기업,2023-09
c10721,motor,참여 명단: 모터 소부장 특화단지 앵커기업,2023-09
c10733,k3030,참여 명단: 3030기업,2025-03
c10733,prestar,참여 명단: Pre-스타기업,2025-03
c10762,k3030,참여 명단: 3030기업,2025-03
c10763,k3030,참여 명단: 3030기업,2025-03
c10797,prestar,참여 명단: Pre-스타기업,2025-03
c10838,k3030,참여 명단: 3030기업,2025-03
c10903,k3030,참여 명단: 3030기업,2025-03
c10918,star,참여 명단: 대구 스타기업,2025-03
c10938,k3030,참여 명단: 3030기업,2025-03
c10942,k3030,참여 명단: 3030기업,2025-03
c10945,k3030,참여 명단: 3030기업,2025-03
c10950,k3030,참여 명단: 3030기업,2025-03
c10950,rfz,참여 명단: 규제자유특구 특구사업자,
c10950,star,참여 명단: 대구 스타기업,2025-03
c10956,k3030,참여 명단: 3030기업,2025-03
c11043,k3030,참여 명단: 3030기업,2025-03
c11056,star,참여 명단: 대구 스타기업,2025-03
c11057,star,참여 명단: 대구 스타기업,2025-03
c11058,star,참여 명단: 대구 스타기업,2025-03
c1473,prestar,참여 명단: Pre-스타기업,2025-03
c1656,k3030,참여 명단: 3030기업,2025-03
c1678,prestar,참여 명단: Pre-스타기업,2025-03
c1713,rfz,참여 명단: 규제자유특구 특구사업자,
c1830,star,참여 명단: 대구 스타기업,2025-03
c2000,k3030,참여 명단: 3030기업,2025-03
c2000,star,참여 명단: 대구 스타기업,2025-03
c2142,star,참여 명단: 대구 스타기업,2025-03
c2367,labfirm,참여 명단: 연구소기업,20260731
c2421,k3030,참여 명단: 3030기업,2025-03
c2612,kmedi,참여 명단: 첨단의료복합단지 입주기업,20250531
c2620,prestar,참여 명단: Pre-스타기업,2025-03
c2864,prestar,참여 명단: Pre-스타기업,2025-03
c2873,k3030,참여 명단: 3030기업,2025-03
c3002,k3030,참여 명단: 3030기업,2025-03
c3046,k3030,참여 명단: 3030기업,2025-03
c3148,k3030,참여 명단: 3030기업,2025-03
c3186,prestar,참여 명단: Pre-스타기업,2025-03
c3396,k3030,참여 명단: 3030기업,2025-03
c3526,star,참여 명단: 대구 스타기업,2025-03
c3650,k3030,참여 명단: 3030기업,2025-03
c3773,k3030,참여 명단: 3030기업,2025-03
c3885,labfirm,참여 명단: 연구소기업,20260731
c3984,star,참여 명단: 대구 스타기업,2025-03
c4264,k3030,참여 명단: 3030기업,2025-03
c4307,k3030,참여 명단: 3030기업,2025-03
c4307,star,참여 명단: 대구 스타기업,2025-03
c4403,k3030,참여 명단: 3030기업,2025-03
c4403,star,참여 명단: 대구 스타기업,2025-03
c4411,labfirm,참여 명단: 연구소기업,20260731
c4445,labfirm,참여 명단: 연구소기업,20260731
c4615,labfirm,참여 명단: 연구소기업,20260731
c4666,k3030,참여 명단: 3030기업,2025-03
c4667,k3030,참여 명단: 3030기업,2025-03
c4689,k3030,참여 명단: 3030기업,2025-03
c4700,labfirm,참여 명단: 연구소기업,20260731
c4753,k3030,참여 명단: 3030기업,2025-03
c4790,star,참여 명단: 대구 스타기업,2025-03
c4791,star,참여 명단: 대구 스타기업,2025-03
c4890,grfz,참여 명단: AI로봇 글로벌 혁신특구 특구사업자,2025-09
c4904,prestar,참여 명단: Pre-스타기업,2025-03
c4928,star,참여 명단: 대구 스타기업,2025-03
c5090,prestar,참여 명단: Pre-스타기업,2025-03
c5109,prestar,참여 명단: Pre-스타기업,2025-03
c5160,k3030,참여 명단: 3030기업,2025-03
c5227,labfirm,참여 명단: 연구소기업,20260731
c5284,prestar,참여 명단: Pre-스타기업,2025-03
c5286,rfz,참여 명단: 규제자유특구 특구사업자,
c5292,prestar,참여 명단: Pre-스타기업,2025-03
c5330,rfz,참여 명단: 규제자유특구 특구사업자,
c5353,labfirm,참여 명단: 연구소기업,20260731
c5502,rfz,참여 명단: 규제자유특구 특구사업자,
c5548,rfz,참여 명단: 규제자유특구 특구사업자,
c5571,k3030,참여 명단: 3030기업,2025-03
c5583,kmedi,참여 명단: 첨단의료복합단지 입주기업,20250531
c5615,motor,참여 명단: 모터 소부장 특화단지 앵커기업,2023-09
c5661,k3030,참여 명단: 3030기업,2025-03
c5688,motor,참여 명단: 모터 소부장 특화단지 앵커기업,2023-09
c5873,k3030,참여 명단: 3030기업,2025-03
c5873,prestar,참여 명단: Pre-스타기업,2025-03
c5896,k3030,참여 명단: 3030기업,2025-03
c5896,star,참여 명단: 대구 스타기업,2025-03
c5986,motor,참여 명단: 모터 소부장 특화단지 앵커기업,2023-09
c6193,k3030,참여 명단: 3030기업,2025-03
c6310,k3030,참여 명단: 3030기업,2025-03
c6312,k3030,참여 명단: 3030기업,2025-03
c6352,k3030,참여 명단: 3030기업,2025-03
c6390,star,참여 명단: 대구 스타기업,2025-03
c6395,prestar,참여 명단: Pre-스타기업,2025-03
c6489,k3030,참여 명단: 3030기업,2025-03
c6489,kmedi,참여 명단: 첨단의료복합단지 입주기업,20250531
c6514,k3030,참여 명단: 3030기업,2025-03
c6595,prestar,참여 명단: Pre-스타기업,2025-03
c6625,grfz,참여 명단: AI로봇 글로벌 혁신특구 특구사업자,2025-09
c6678,grfz,참여 명단: AI로봇 글로벌 혁신특구 특구사업자,2025-09
c6787,k3030,참여 명단: 3030기업,2025-03
c6911,rfz,참여 명단: 규제자유특구 특구사업자,
c6916,labfirm,참여 명단: 연구소기업,20260731
c6918,rfz,참여 명단: 규제자유특구 특구사업자,
c7007,labfirm,참여 명단: 연구소기업,20260731
c7090,k3030,참여 명단: 3030기업,2025-03
c7406,prestar,참여 명단: Pre-스타기업,2025-03
c7431,k3030,참여 명단: 3030기업,2025-03
c7432,k3030,참여 명단: 3030기업,2025-03
c7470,k3030,참여 명단: 3030기업,2025-03
c7470,star,참여 명단: 대구 스타기업,2025-03
c7537,labfirm,참여 명단: 연구소기업,20260731
c7543,rfz,참여 명단: 규제자유특구 특구사업자,
c7618,k3030,참여 명단: 3030기업,2025-03
c7727,star,참여 명단: 대구 스타기업,2025-03
c7735,labfirm,참여 명단: 연구소기업,20260731
c7739,rfz,참여 명단: 규제자유특구 특구사업자,
c7798,k3030,참여 명단: 3030기업,2025-03
c7811,rfz,참여 명단: 규제자유특구 특구사업자,
c7812,rfz,참여 명단: 규제자유특구 특구사업자,
c7813,rfz,참여 명단: 규제자유특구 특구사업자,
c7821,k3030,참여 명단: 3030기업,2025-03
c7854,k3030,참여 명단: 3030기업,2025-03
c8008,prestar,참여 명단: Pre-스타기업,2025-03
c8090,k3030,참여 명단: 3030기업,2025-03
c8090,star,참여 명단: 대구 스타기업,2025-03
c8208,k3030,참여 명단: 3030기업,2025-03
c8248,k3030,참여 명단: 3030기업,2025-03
c8294,k3030,참여 명단: 3030기업,2025-03
c8298,grfz,참여 명단: AI로봇 글로벌 혁신특구 특구사업자,2025-09
c8304,k3030,참여 명단: 3030기업,2025-03
c8304,prestar,참여 명단: Pre-스타기업,2025-03
c8365,kmedi,참여 명단: 첨단의료복합단지 입주기업,20250531
c8365,star,참여 명단: 대구 스타기업,2025-03
c8422,k3030,참여 명단: 3030기업,2025-03
c8422,star,참여 명단: 대구 스타기업,2025-03
c8450,k3030,참여 명단: 3030기업,2025-03
c8508,k3030,참여 명단: 3030기업,2025-03
c8569,prestar,참여 명단: Pre-스타기업,2025-03
c8603,kmedi,참여 명단: 첨단의료복합단지 입주기업,20250531
c8623,labfirm,참여 명단: 연구소기업,20260731
c8626,prestar,참여 명단: Pre-스타기업,2025-03
c8628,prestar,참여 명단: Pre-스타기업,2025-03
c8656,labfirm,참여 명단: 연구소기업,20260731
c8667,rfz,참여 명단: 규제자유특구 특구사업자,
c8717,k3030,참여 명단: 3030기업,2025-03
c8717,star,참여 명단: 대구 스타기업,2025-03
c8726,prestar,참여 명단: Pre-스타기업,2025-03
c8754,labfirm,참여 명단: 연구소기업,20260731
c8787,kmedi,참여 명단: 첨단의료복합단지 입주기업,20250531
c8918,k3030,참여 명단: 3030기업,2025-03
c9049,prestar,참여 명단: Pre-스타기업,2025-03
c9082,labfirm,참여 명단: 연구소기업,20260731
c9204,kmedi,참여 명단: 첨단의료복합단지 입주기업,20250531
c9204,star,참여 명단: 대구 스타기업,2025-03
c9257,k3030,참여 명단: 3030기업,2025-03
c9283,kmedi,참여 명단: 첨단의료복합단지 입주기업,20250531
c9284,kmedi,참여 명단: 첨단의료복합단지 입주기업,20250531
c9284,star,참여 명단: 대구 스타기업,2025-03
c9328,kmedi,참여 명단: 첨단의료복합단지 입주기업,20250531
c9328,star,참여 명단: 대구 스타기업,2025-03
c9416,k3030,참여 명단: 3030기업,2025-03
c9416,star,참여 명단: 대구 스타기업,2025-03
c9578,star,참여 명단: 대구 스타기업,2025-03
c9587,rfz,참여 명단: 규제자유특구 특구사업자,
c9598,kmedi,참여 명단: 첨단의료복합단지 입주기업,20250531
c9690,k3030,참여 명단: 3030기업,2025-03
c9756,k3030,참여 명단: 3030기업,2025-03
c9756,star,참여 명단: 대구 스타기업,2025-03
c9768,motor,참여 명단: 모터 소부장 특화단지 앵커기업,2023-09
c9801,k3030,참여 명단: 3030기업,2025-03
c9801,star,참여 명단: 대구 스타기업,2025-03
c9802,rfz,참여 명단: 규제자유특구 특구사업자,
c9811,k3030,참여 명단: 3030기업,2025-03
c9811,star,참여 명단: 대구 스타기업,2025-03
c9812,k3030,참여 명단: 3030기업,2025-03
c9823,star,참여 명단: 대구 스타기업,2025-03
c9826,k3030,참여 명단: 3030기업,2025-03
c9845,star,참여 명단: 대구 스타기업,2025-03
c9850,star,참여 명단: 대구 스타기업,2025-03
c9854,motor,참여 명단: 모터 소부장 특화단지 앵커기업,2023-09
c9862,rfz,참여 명단: 규제자유특구 특구사업자,
c9879,prestar,참여 명단: Pre-스타기업,2025-03
c9881,rfz,참여 명단: 규제자유특구 특구사업자,
c9888,k3030,참여 명단: 3030기업,2025-03
c9889,k3030,참여 명단: 3030기업,2025-03
c9894,k3030,참여 명단: 3030기업,2025-03
c9894,star,참여 명단: 대구 스타기업,2025-03
c9899,prestar,참여 명단: Pre-스타기업,2025-03
x2357,k3030,참여 명단: 3030기업,2025-03
x2359,rfz,참여 명단: 규제자유특구 특구사업자,
x2794,grfz,참여 명단: AI로봇 글로벌 혁신특구 특구사업자,2025-09
x2965,labfirm,참여 명단: 연구소기업,20260731
x2976,k3030,참여 명단: 3030기업,2025-03
x2976,star,참여 명단: 대구 스타기업,2025-03
x2980,labfirm,참여 명단: 연구소기업,20260731
x2981,kmedi,참여 명단: 첨단의료복합단지 입주기업,20250531
x3161,labfirm,참여 명단: 연구소기업,20260731
x3201,rfz,참여 명단: 규제자유특구 특구사업자,
x3211,kmedi,참여 명단: 첨단의료복합단지 입주기업,20250531
x3251,labfirm,참여 명단: 연구소기업,20260731
x3282,rfz,참여 명단: 규제자유특구 특구사업자,
x3315,labfirm,참여 명단: 연구소기업,20260731
x3368,kmedi,참여 명단: 첨단의료복합단지 입주기업,20250531
x3368,labfirm,참여 명단: 연구소기업,20260731
x3380,star,참여 명단: 대구 스타기업,2025-03
x3391,rfz,참여 명단: 규제자유특구 특구사업자,
x3554,k3030,참여 명단: 3030기업,2025-03
x3554,star,참여 명단: 대구 스타기업,2025-03
x3786,labfirm,참여 명단: 연구소기업,20260731
x3814,labfirm,참여 명단: 연구소기업,20260731
x3822,labfirm,참여 명단: 연구소기업,20260731
x3864,grfz,참여 명단: AI로봇 글로벌 혁신특구 특구사업자,2025-09
x3931,star,참여 명단: 대구 스타기업,2025-03
x4005,labfirm,참여 명단: 연구소기업,20260731
x4033,labfirm,참여 명단: 연구소기업,20260731
x4037,labfirm,참여 명단: 연구소기업,20260731
x4058,grfz,참여 명단: AI로봇 글로벌 혁신특구 특구사업자,2025-09
x4396,kmedi,참여 명단: 첨단의료복합단지 입주기업,20250531
x4431,grfz,참여 명단: AI로봇 글로벌 혁신특구 특구사업자,2025-09
x4446,grfz,참여 명단: AI로봇 글로벌 혁신특구 특구사업자,2025-09
x4446,prestar,참여 명단: Pre-스타기업,2025-03
x4552,prestar,참여 명단: Pre-스타기업,2025-03
x4562,kmedi,참여 명단: 첨단의료복합단지 입주기업,20250531
x4604,kmedi,참여 명단: 첨단의료복합단지 입주기업,20250531
x4652,rfz,참여 명단: 규제자유특구 특구사업자,
x4673,prestar,참여 명단: Pre-스타기업,2025-03
x4679,prestar,참여 명단: Pre-스타기업,2025-03
x4679,rfz,참여 명단: 규제자유특구 특구사업자,
x4731,kmedi,참여 명단: 첨단의료복합단지 입주기업,20250531
x4790,kmedi,참여 명단: 첨단의료복합단지 입주기업,20250531
x4800,labfirm,참여 명단: 연구소기업,20260731
x4813,labfirm,참여 명단: 연구소기업,20260731
x4817,kmedi,참여 명단: 첨단의료복합단지 입주기업,20250531
x4819,kmedi,참여 명단: 첨단의료복합단지 입주기업,20250531
x4825,kmedi,참여 명단: 첨단의료복합단지 입주기업,20250531
x4827,kmedi,참여 명단: 첨단의료복합단지 입주기업,20250531
x4831,kmedi,참여 명단: 첨단의료복합단지 입주기업,20250531
x4835,kmedi,참여 명단: 첨단의료복합단지 입주기업,20250531
x4836,kmedi,참여 명단: 첨단의료복합단지 입주기업,20250531
x4839,k3030,참여 명단: 3030기업,2025-03
x4839,kmedi,참여 명단: 첨단의료복합단지 입주기업,20250531
x4841,kmedi,참여 명단: 첨단의료복합단지 입주기업,20250531
x4842,kmedi,참여 명단: 첨단의료복합단지 입주기업,20250531
x4842,rfz,참여 명단: 규제자유특구 특구사업자,
x4843,kmedi,참여 명단: 첨단의료복합단지 입주기업,20250531
x4844,kmedi,참여 명단: 첨단의료복합단지 입주기업,20250531
x4845,kmedi,참여 명단: 첨단의료복합단지 입주기업,20250531
x4846,kmedi,참여 명단: 첨단의료복합단지 입주기업,20250531
x4847,kmedi,참여 명단: 첨단의료복합단지 입주기업,20250531
x4848,kmedi,참여 명단: 첨단의료복합단지 입주기업,20250531
x4849,kmedi,참여 명단: 첨단의료복합단지 입주기업,20250531
x4850,kmedi,참여 명단: 첨단의료복합단지 입주기업,20250531
x4851,kmedi,참여 명단: 첨단의료복합단지 입주기업,20250531
x4852,kmedi,참여 명단: 첨단의료복합단지 입주기업,20250531
x4853,kmedi,참여 명단: 첨단의료복합단지 입주기업,20250531
x4854,kmedi,참여 명단: 첨단의료복합단지 입주기업,20250531
x4854,labfirm,참여 명단: 연구소기업,20260731
x4856,kmedi,참여 명단: 첨단의료복합단지 입주기업,20250531
x4857,kmedi,참여 명단: 첨단의료복합단지 입주기업,20250531
x4858,kmedi,참여 명단: 첨단의료복합단지 입주기업,20250531
x4860,kmedi,참여 명단: 첨단의료복합단지 입주기업,20250531
x4862,kmedi,참여 명단: 첨단의료복합단지 입주기업,20250531
x4868,kmedi,참여 명단: 첨단의료복합단지 입주기업,20250531
x4869,kmedi,참여 명단: 첨단의료복합단지 입주기업,20250531
