corp_code,name,report_year,year,rnd_won,ratio_pct,unit,rcept_no,source_url,as_of
00102353,경창산업(주),2025,2023,5113048000,0.87,천원,20260323000235,https://dart.fss.or.kr/dsaf001/main.do?rcpNo=20260323000235,2026-10-05
00102353,경창산업(주),2025,2024,5458619000,0.92,천원,20260323000235,https://dart.fss.or.kr/dsaf001/main.do?rcpNo=20260323000235,2026-10-05
00102353,경창산업(주),2025,2025,6741635000,1.02,천원,20260323000235,https://dart.fss.or.kr/dsaf001/main.do?rcpNo=20260323000235,2026-10-05
00107224,(주)남선알미늄,2025,2023,489783000,0.31,천원,20260323001569,https://dart.fss.or.kr/dsaf001/main.do?rcpNo=20260323001569,2026-10-05
00107224,(주)남선알미늄,2025,2024,531965000,0.39,천원,20260323001569,https://dart.fss.or.kr/dsaf001/main.do?rcpNo=20260323001569,2026-10-05
00107224,(주)남선알미늄,2025,2025,369684000,0.32,천원,20260323001569,https://dart.fss.or.kr/dsaf001/main.do?rcpNo=20260323001569,2026-10-05
00107613,(주)이수페타시스,2025,2023,5257000000,0.91,백만원,20260323000847,https://dart.fss.or.kr/dsaf001/main.do?rcpNo=20260323000847,2026-10-05
00107613,(주)이수페타시스,2025,2024,6773000000,94.0,백만원,20260323000847,https://dart.fss.or.kr/dsaf001/main.do?rcpNo=20260323000847,2026-10-05
00107613,(주)이수페타시스,2025,2025,8395000000,0.9,백만원,20260323000847,https://dart.fss.or.kr/dsaf001/main.do?rcpNo=20260323000847,2026-10-05
00109286,(주)대동,2025,2023,19006779000,1.84,천원,20260318001552,https://dart.fss.or.kr/dsaf001/main.do?rcpNo=20260318001552,2026-10-05
00109286,(주)대동,2025,2024,21162815000,2.52,천원,20260318001552,https://dart.fss.or.kr/dsaf001/main.do?rcpNo=20260318001552,2026-10-05
00109286,(주)대동,2025,2025,21367820000,2.48,천원,20260318001552,https://dart.fss.or.kr/dsaf001/main.do?rcpNo=20260318001552,2026-10-05
00118965,(주)티에이치엔,2025,2023,13352000000,2.28,백만원,20260323001500,https://dart.fss.or.kr/dsaf001/main.do?rcpNo=20260323001500,2026-10-05
00118965,(주)티에이치엔,2025,2024,15982000000,2.45,백만원,20260323001500,https://dart.fss.or.kr/dsaf001/main.do?rcpNo=20260323001500,2026-10-05
00118965,(주)티에이치엔,2025,2025,17751000000,1.79,백만원,20260323001500,https://dart.fss.or.kr/dsaf001/main.do?rcpNo=20260323001500,2026-10-05
00125521,에스엘(주),2025,2023,171394201000,6.45,천원,20260318000781,https://dart.fss.or.kr/dsaf001/main.do?rcpNo=20260318000781,2026-10-05
00125521,에스엘(주),2025,2024,217004109000,8.09,천원,20260318000781,https://dart.fss.or.kr/dsaf001/main.do?rcpNo=20260318000781,2026-10-05
00125521,에스엘(주),2025,2025,250820771000,8.45,천원,20260318000781,https://dart.fss.or.kr/dsaf001/main.do?rcpNo=20260318000781,2026-10-05
00127802,삼익THK(주),2025,2023,3469630007,1.1,원,20260319001288,https://dart.fss.or.kr/dsaf001/main.do?rcpNo=20260319001288,2026-10-05
00127802,삼익THK(주),2025,2024,2625504136,0.9,원,20260319001288,https://dart.fss.or.kr/dsaf001/main.do?rcpNo=20260319001288,2026-10-05
00127802,삼익THK(주),2025,2025,1310935176,0.6,원,20260319001288,https://dart.fss.or.kr/dsaf001/main.do?rcpNo=20260319001288,2026-10-05
00129642,상신브레이크(주),2025,2023,16339000000,3.3,백만원,20260318001187,https://dart.fss.or.kr/dsaf001/main.do?rcpNo=20260318001187,2026-10-05
00129642,상신브레이크(주),2025,2024,16722000000,2.9,백만원,20260318001187,https://dart.fss.or.kr/dsaf001/main.do?rcpNo=20260318001187,2026-10-05
00129642,상신브레이크(주),2025,2025,18934000000,3.5,백만원,20260318001187,https://dart.fss.or.kr/dsaf001/main.do?rcpNo=20260318001187,2026-10-05
00131504,(주)서한,2025,2023,230000000,0.03,백만원,20260703000164,https://dart.fss.or.kr/dsaf001/main.do?rcpNo=20260703000164,2026-10-05
00131504,(주)서한,2025,2024,256000000,0.03,백만원,20260703000164,https://dart.fss.or.kr/dsaf001/main.do?rcpNo=20260703000164,2026-10-05
00131504,(주)서한,2025,2025,256000000,0.04,백만원,20260703000164,https://dart.fss.or.kr/dsaf001/main.do?rcpNo=20260703000164,2026-10-05
00132868,(주)우성머티리얼스,2025,2023,245834000,0.7,천원,20260318000501,https://dart.fss.or.kr/dsaf001/main.do?rcpNo=20260318000501,2026-10-05
00132868,(주)우성머티리얼스,2025,2024,291268000,1.1,천원,20260318000501,https://dart.fss.or.kr/dsaf001/main.do?rcpNo=20260318000501,2026-10-05
00132868,(주)우성머티리얼스,2025,2025,309735000,1.2,천원,20260318000501,https://dart.fss.or.kr/dsaf001/main.do?rcpNo=20260318000501,2026-10-05
00134316,(주)세원정공,2025,2023,3093902000,5.3,천원,20250922000199,https://dart.fss.or.kr/dsaf001/main.do?rcpNo=20250922000199,2026-10-05
00134316,(주)세원정공,2025,2024,1530001000,1.76,천원,20250922000199,https://dart.fss.or.kr/dsaf001/main.do?rcpNo=20250922000199,2026-10-05
00134316,(주)세원정공,2025,2025,2850938000,3.12,천원,20250922000199,https://dart.fss.or.kr/dsaf001/main.do?rcpNo=20250922000199,2026-10-05
00158024,케이비아이메탈(주),2025,2025,29229000,0.004,천원,20260319000983,https://dart.fss.or.kr/dsaf001/main.do?rcpNo=20260319000983,2026-10-05
00165103,(주)푸드웰,2025,2023,2142356000,0.94,천원,20260324000034,https://dart.fss.or.kr/dsaf001/main.do?rcpNo=20260324000034,2026-10-05
00165103,(주)푸드웰,2025,2024,2405961000,0.88,천원,20260324000034,https://dart.fss.or.kr/dsaf001/main.do?rcpNo=20260324000034,2026-10-05
00165103,(주)푸드웰,2025,2025,2926619000,0.91,천원,20260324000034,https://dart.fss.or.kr/dsaf001/main.do?rcpNo=20260324000034,2026-10-05
00174527,에이치에스화성(주),2025,2023,1706214000,0.19,천원,20260319000781,https://dart.fss.or.kr/dsaf001/main.do?rcpNo=20260319000781,2026-10-05
00174527,에이치에스화성(주),2025,2024,1913775000,0.31,천원,20260319000781,https://dart.fss.or.kr/dsaf001/main.do?rcpNo=20260319000781,2026-10-05
00174527,에이치에스화성(주),2025,2025,1866315000,0.28,천원,20260319000781,https://dart.fss.or.kr/dsaf001/main.do?rcpNo=20260319000781,2026-10-05
00202060,(주)구영테크,2025,2023,726683000,0.5,천원,20260316001359,https://dart.fss.or.kr/dsaf001/main.do?rcpNo=20260316001359,2026-10-05
00202060,(주)구영테크,2025,2024,1868218000,1.04,천원,20260316001359,https://dart.fss.or.kr/dsaf001/main.do?rcpNo=20260316001359,2026-10-05
00202060,(주)구영테크,2025,2025,2202929000,1.18,천원,20260316001359,https://dart.fss.or.kr/dsaf001/main.do?rcpNo=20260316001359,2026-10-05
00217743,화성밸브(주),2025,2023,1033000000,1.1,백만원,20260320000173,https://dart.fss.or.kr/dsaf001/main.do?rcpNo=20260320000173,2026-10-05
00217743,화성밸브(주),2025,2024,986000000,1.1,백만원,20260320000173,https://dart.fss.or.kr/dsaf001/main.do?rcpNo=20260320000173,2026-10-05
00217743,화성밸브(주),2025,2025,547000000,0.6,백만원,20260320000173,https://dart.fss.or.kr/dsaf001/main.do?rcpNo=20260320000173,2026-10-05
00261285,한국가스공사(주),2025,2023,32569000000,0.07,백만원,20260323001058,https://dart.fss.or.kr/dsaf001/main.do?rcpNo=20260323001058,2026-10-05
00261285,한국가스공사(주),2025,2024,35768000000,0.09,백만원,20260323001058,https://dart.fss.or.kr/dsaf001/main.do?rcpNo=20260323001058,2026-10-05
00261285,한국가스공사(주),2025,2025,33857000000,0.1,백만원,20260323001058,https://dart.fss.or.kr/dsaf001/main.do?rcpNo=20260323001058,2026-10-05
00308896,(주)셀피글로벌,2025,2023,635000000,2.03,백만원,20260323001695,https://dart.fss.or.kr/dsaf001/main.do?rcpNo=20260323001695,2026-10-05
00308896,(주)셀피글로벌,2025,2024,470000000,1.5,백만원,20260323001695,https://dart.fss.or.kr/dsaf001/main.do?rcpNo=20260323001695,2026-10-05
00308896,(주)셀피글로벌,2025,2025,689000000,2.09,백만원,20260323001695,https://dart.fss.or.kr/dsaf001/main.do?rcpNo=20260323001695,2026-10-05
00351092,삼보모터스(주),2025,2023,13498808312,3.26,원,20260323000719,https://dart.fss.or.kr/dsaf001/main.do?rcpNo=20260323000719,2026-10-05
00351092,삼보모터스(주),2025,2024,13809621046,3.12,원,20260323000719,https://dart.fss.or.kr/dsaf001/main.do?rcpNo=20260323000719,2026-10-05
00351092,삼보모터스(주),2025,2025,13929745668,2.8,원,20260323000719,https://dart.fss.or.kr/dsaf001/main.do?rcpNo=20260323000719,2026-10-05
00361381,(주)제이브이엠,2025,2023,8707271000,5.5,천원,20260323001116,https://dart.fss.or.kr/dsaf001/main.do?rcpNo=20260323001116,2026-10-05
00361381,(주)제이브이엠,2025,2024,9837493000,6.2,천원,20260323001116,https://dart.fss.or.kr/dsaf001/main.do?rcpNo=20260323001116,2026-10-05
00361381,(주)제이브이엠,2025,2025,10286225000,5.9,천원,20260323001116,https://dart.fss.or.kr/dsaf001/main.do?rcpNo=20260323001116,2026-10-05
00369833,유니온머티리얼(주),2025,2023,2628000000,2.26,백만원,20260318001126,https://dart.fss.or.kr/dsaf001/main.do?rcpNo=20260318001126,2026-10-05
00369833,유니온머티리얼(주),2025,2024,2571000000,2.37,백만원,20260318001126,https://dart.fss.or.kr/dsaf001/main.do?rcpNo=20260318001126,2026-10-05
00369833,유니온머티리얼(주),2025,2025,1738000000,1.71,백만원,20260318001126,https://dart.fss.or.kr/dsaf001/main.do?rcpNo=20260318001126,2026-10-05
00398701,(주)엘앤에프,2025,2023,29119000000,0.63,백만원,20260814000818,https://dart.fss.or.kr/dsaf001/main.do?rcpNo=20260814000818,2026-10-05
00398701,(주)엘앤에프,2025,2024,37714000000,1.98,백만원,20260814000818,https://dart.fss.or.kr/dsaf001/main.do?rcpNo=20260814000818,2026-10-05
00398701,(주)엘앤에프,2025,2025,33968000000,1.58,백만원,20260814000818,https://dart.fss.or.kr/dsaf001/main.do?rcpNo=20260814000818,2026-10-05
00411048,(주)에스앤에스텍,2025,2023,15379857000,10.2,천원,20260316000487,https://dart.fss.or.kr/dsaf001/main.do?rcpNo=20260316000487,2026-10-05
00411048,(주)에스앤에스텍,2025,2024,18780859000,10.7,천원,20260316000487,https://dart.fss.or.kr/dsaf001/main.do?rcpNo=20260316000487,2026-10-05
00411048,(주)에스앤에스텍,2025,2025,15650337000,6.4,천원,20260316000487,https://dart.fss.or.kr/dsaf001/main.do?rcpNo=20260316000487,2026-10-05
00428729,(주)대호에이엘,2025,2024,86917000,0.05,천원,20260324000005,https://dart.fss.or.kr/dsaf001/main.do?rcpNo=20260324000005,2026-10-05
00428729,(주)대호에이엘,2025,2025,459051000,0.2,천원,20260324000005,https://dart.fss.or.kr/dsaf001/main.do?rcpNo=20260324000005,2026-10-05
00442048,(주)아바텍,2025,2023,1003359000,1.32,천원,20260312001140,https://dart.fss.or.kr/dsaf001/main.do?rcpNo=20260312001140,2026-10-05
00442048,(주)아바텍,2025,2024,615136000,0.73,천원,20260312001140,https://dart.fss.or.kr/dsaf001/main.do?rcpNo=20260312001140,2026-10-05
00442048,(주)아바텍,2025,2025,791604000,0.98,천원,20260312001140,https://dart.fss.or.kr/dsaf001/main.do?rcpNo=20260312001140,2026-10-05
00573579,평화산업(주),2025,2023,14378000000,2.57,백만원,20260316000837,https://dart.fss.or.kr/dsaf001/main.do?rcpNo=20260316000837,2026-10-05
00573579,평화산업(주),2025,2024,15322000000,2.63,백만원,20260316000837,https://dart.fss.or.kr/dsaf001/main.do?rcpNo=20260316000837,2026-10-05
00573579,평화산업(주),2025,2025,16659000000,2.7,백만원,20260316000837,https://dart.fss.or.kr/dsaf001/main.do?rcpNo=20260316000837,2026-10-05
00573676,(주)메가젠임플란트,2025,2023,9944656000,4.57,천원,20260331000201,https://dart.fss.or.kr/dsaf001/main.do?rcpNo=20260331000201,2026-10-05
00573676,(주)메가젠임플란트,2025,2024,10582452000,4.86,천원,20260331000201,https://dart.fss.or.kr/dsaf001/main.do?rcpNo=20260331000201,2026-10-05
00573676,(주)메가젠임플란트,2025,2025,11443521000,4.08,천원,20260331000201,https://dart.fss.or.kr/dsaf001/main.do?rcpNo=20260331000201,2026-10-05
00577335,(주)대성하이텍,2025,2023,2223000000,2.4,백만원,20260323000925,https://dart.fss.or.kr/dsaf001/main.do?rcpNo=20260323000925,2026-10-05
00577335,(주)대성하이텍,2025,2024,2084000000,2.2,백만원,20260323000925,https://dart.fss.or.kr/dsaf001/main.do?rcpNo=20260323000925,2026-10-05
00577335,(주)대성하이텍,2025,2025,1718000000,1.8,백만원,20260323000925,https://dart.fss.or.kr/dsaf001/main.do?rcpNo=20260323000925,2026-10-05
00632793,전진바이오팜(주),2025,2023,447747000,2.86,천원,20260316001483,https://dart.fss.or.kr/dsaf001/main.do?rcpNo=20260316001483,2026-10-05
00632793,전진바이오팜(주),2025,2024,361752000,1.88,천원,20260316001483,https://dart.fss.or.kr/dsaf001/main.do?rcpNo=20260316001483,2026-10-05
00632793,전진바이오팜(주),2025,2025,438060000,3.2,천원,20260316001483,https://dart.fss.or.kr/dsaf001/main.do?rcpNo=20260316001483,2026-10-05
00693554,(주)티케이케미칼,2025,2023,900000000,0.22,백만원,20260323001373,https://dart.fss.or.kr/dsaf001/main.do?rcpNo=20260323001373,2026-10-05
00693554,(주)티케이케미칼,2025,2024,235000000,0.07,백만원,20260323001373,https://dart.fss.or.kr/dsaf001/main.do?rcpNo=20260323001373,2026-10-05
00693554,(주)티케이케미칼,2025,2025,130000000,0.04,백만원,20260323001373,https://dart.fss.or.kr/dsaf001/main.do?rcpNo=20260323001373,2026-10-05
01144569,(주)피엔티 엠에스,2025,2023,90000000,0.36,백만원,20260316000348,https://dart.fss.or.kr/dsaf001/main.do?rcpNo=20260316000348,2026-10-05
01144569,(주)피엔티 엠에스,2025,2024,132000000,0.5,백만원,20260316000348,https://dart.fss.or.kr/dsaf001/main.do?rcpNo=20260316000348,2026-10-05
01144569,(주)피엔티 엠에스,2025,2025,193000000,1.74,백만원,20260316000348,https://dart.fss.or.kr/dsaf001/main.do?rcpNo=20260316000348,2026-10-05
01211889,주식회사 이지스,2025,2023,3843778000,17.96,천원,20260320000003,https://dart.fss.or.kr/dsaf001/main.do?rcpNo=20260320000003,2026-10-05
01211889,주식회사 이지스,2025,2024,2065724000,6.82,천원,20260320000003,https://dart.fss.or.kr/dsaf001/main.do?rcpNo=20260320000003,2026-10-05
01211889,주식회사 이지스,2025,2025,2765977000,13.02,천원,20260320000003,https://dart.fss.or.kr/dsaf001/main.do?rcpNo=20260320000003,2026-10-05
01222016,(주)옥천당,2025,2023,2560000000,,백만원,20260428000755,https://dart.fss.or.kr/dsaf001/main.do?rcpNo=20260428000755,2026-10-05
01222016,(주)옥천당,2025,2024,2380000000,,백만원,20260428000755,https://dart.fss.or.kr/dsaf001/main.do?rcpNo=20260428000755,2026-10-05
01222016,(주)옥천당,2025,2025,2451000000,,백만원,20260428000755,https://dart.fss.or.kr/dsaf001/main.do?rcpNo=20260428000755,2026-10-05
01223219,에이에프더블류(주),2025,2023,783695000,10.25,천원,20260317000168,https://dart.fss.or.kr/dsaf001/main.do?rcpNo=20260317000168,2026-10-05
01223219,에이에프더블류(주),2025,2024,830969000,4.96,천원,20260317000168,https://dart.fss.or.kr/dsaf001/main.do?rcpNo=20260317000168,2026-10-05
01223219,에이에프더블류(주),2025,2025,1100606000,8.03,천원,20260317000168,https://dart.fss.or.kr/dsaf001/main.do?rcpNo=20260317000168,2026-10-05
01298806,주식회사  다원메닥스,2025,2023,3750000000,,백만원,20260413002972,https://dart.fss.or.kr/dsaf001/main.do?rcpNo=20260413002972,2026-10-05
01298806,주식회사  다원메닥스,2025,2024,4148000000,,백만원,20260413002972,https://dart.fss.or.kr/dsaf001/main.do?rcpNo=20260413002972,2026-10-05
01298806,주식회사  다원메닥스,2025,2025,3226000000,,백만원,20260413002972,https://dart.fss.or.kr/dsaf001/main.do?rcpNo=20260413002972,2026-10-05
01324165,주식회사 아스트로젠,2025,2023,4468835000,,천원,20260331000435,https://dart.fss.or.kr/dsaf001/main.do?rcpNo=20260331000435,2026-10-05
01324165,주식회사 아스트로젠,2025,2024,5414430000,,천원,20260331000435,https://dart.fss.or.kr/dsaf001/main.do?rcpNo=20260331000435,2026-10-05
01324165,주식회사 아스트로젠,2025,2025,5191894000,,천원,20260331000435,https://dart.fss.or.kr/dsaf001/main.do?rcpNo=20260331000435,2026-10-05
01381799,주식회사 엔도비전,2025,2023,781859000,6.58,천원,20260527000292,https://dart.fss.or.kr/dsaf001/main.do?rcpNo=20260527000292,2026-10-05
01381799,주식회사 엔도비전,2025,2024,1098166000,8.09,천원,20260527000292,https://dart.fss.or.kr/dsaf001/main.do?rcpNo=20260527000292,2026-10-05
01381799,주식회사 엔도비전,2025,2025,2017880000,10.18,천원,20260527000292,https://dart.fss.or.kr/dsaf001/main.do?rcpNo=20260527000292,2026-10-05
01455410,주식회사 파인메딕스,2025,2023,512000000,5.04,백만원,20260626000596,https://dart.fss.or.kr/dsaf001/main.do?rcpNo=20260626000596,2026-10-05
01455410,주식회사 파인메딕스,2025,2024,554000000,5.57,백만원,20260626000596,https://dart.fss.or.kr/dsaf001/main.do?rcpNo=20260626000596,2026-10-05
01455410,주식회사 파인메딕스,2025,2025,562000000,5.91,백만원,20260626000596,https://dart.fss.or.kr/dsaf001/main.do?rcpNo=20260626000596,2026-10-05
