corp_code,name,year,employees,regular,contract,male,female,avg_tenure,salary_total,avg_salary,avg_salary_reported,avg_method,unit_note,rows,rcept_no,source_url,as_of
00102353,경창산업(주),2023,1470,1161,309,1247,223,7.64,93551000000,63640136.05,63544897.96,총액÷직원 수,,2,20240319000364,https://dart.fss.or.kr/dsaf001/main.do?rcpNo=20240319000364,2026-10-05
00102353,경창산업(주),2024,1359,1200,159,1139,220,9.75,91037000000,66988226.64,66704930.1,총액÷직원 수,,2,20250319000380,https://dart.fss.or.kr/dsaf001/main.do?rcpNo=20250319000380,2026-10-05
00102353,경창산업(주),2025,1263,1173,90,1074,189,9.03,93943000000,74380839.27,71102137.77,총액÷직원 수,,2,20260323000235,https://dart.fss.or.kr/dsaf001/main.do?rcpNo=20260323000235,2026-10-05
00107224,(주)남선알미늄,2023,539,529,10,512,27,15.33,33806295000,62720398.89,62720300.56,총액÷직원 수,,6,20240604000282,https://dart.fss.or.kr/dsaf001/main.do?rcpNo=20240604000282,2026-10-05
00107224,(주)남선알미늄,2024,534,501,33,505,29,14.02,33544127000,62816717.23,62816767.79,총액÷직원 수,,6,20250320001238,https://dart.fss.or.kr/dsaf001/main.do?rcpNo=20250320001238,2026-10-05
00107224,(주)남선알미늄,2025,507,480,27,483,24,13.58,35436743000,69894956.61,69894938.86,총액÷직원 수,,8,20260323001569,https://dart.fss.or.kr/dsaf001/main.do?rcpNo=20260323001569,2026-10-05
00107613,(주)이수페타시스,2023,1108,971,137,1021,87,13.99,92835512000,83786563.18,83786533.39,총액÷직원 수,,2,20240321001149,https://dart.fss.or.kr/dsaf001/main.do?rcpNo=20240321001149,2026-10-05
00107613,(주)이수페타시스,2024,1186,1034,152,1100,86,13.69,107942470000,91013887.02,91014315.35,총액÷직원 수,,2,20250321001007,https://dart.fss.or.kr/dsaf001/main.do?rcpNo=20250321001007,2026-10-05
00107613,(주)이수페타시스,2025,1368,1060,308,1274,94,12.44,134730194000,98486983.92,98486979.53,총액÷직원 수,,2,20260323000847,https://dart.fss.or.kr/dsaf001/main.do?rcpNo=20260323000847,2026-10-05
00108940,대성홀딩스(주),2023,43,41,2,32,11,8.91,3025000000,70348837.21,73372093.02,총액÷직원 수,,4,20240319000714,https://dart.fss.or.kr/dsaf001/main.do?rcpNo=20240319000714,2026-10-05
00108940,대성홀딩스(주),2024,45,42,3,32,13,9.47,3151000000,70022222.22,72422222.22,총액÷직원 수,,4,20250320000999,https://dart.fss.or.kr/dsaf001/main.do?rcpNo=20250320000999,2026-10-05
00108940,대성홀딩스(주),2025,47,39,8,30,17,8.83,3438000000,73148936.17,72851063.83,총액÷직원 수,,4,20260319000799,https://dart.fss.or.kr/dsaf001/main.do?rcpNo=20260319000799,2026-10-05
00108977,(주)대구백화점,2023,143,136,7,54,89,16.52,5304000000,37090909.09,36818181.82,총액÷직원 수,,2,20240321000387,https://dart.fss.or.kr/dsaf001/main.do?rcpNo=20240321000387,2026-10-05
00108977,(주)대구백화점,2024,133,127,6,50,83,17.38,5112000000,38436090.23,38278195.49,총액÷직원 수,,2,20250321000349,https://dart.fss.or.kr/dsaf001/main.do?rcpNo=20250321000349,2026-10-05
00108977,(주)대구백화점,2025,127,122,5,46,81,18.36,4593000000,36165354.33,36055118.11,총액÷직원 수,,2,20260323000628,https://dart.fss.or.kr/dsaf001/main.do?rcpNo=20260323000628,2026-10-05
00109019,주식회사 아이엠뱅크,2023,3119,2855,240,1532,1587,16.14,348190000000,111635139.47,111700224.43,총액÷직원 수,,2,20240320001434,https://dart.fss.or.kr/dsaf001/main.do?rcpNo=20240320001434,2026-10-05
00109019,주식회사 아이엠뱅크,2024,3157,2793,324,1548,1609,15.88,331733000000,105078555.59,106884067.15,총액÷직원 수,,2,20250318001043,https://dart.fss.or.kr/dsaf001/main.do?rcpNo=20250318001043,2026-10-05
00109019,주식회사 아이엠뱅크,2025,3181,2740,400,1539,1642,16.05,371357000000,116742219.43,119611442.94,총액÷직원 수,,2,20260318001111,https://dart.fss.or.kr/dsaf001/main.do?rcpNo=20260318001111,2026-10-05
00109286,(주)대동,2023,1276,957,319,1210,66,10.74,93380256000,73182018.81,73181793.1,총액÷직원 수,,2,20240320002054,https://dart.fss.or.kr/dsaf001/main.do?rcpNo=20240320002054,2026-10-05
00109286,(주)대동,2024,1022,971,51,956,66,11.59,94326511000,92295999.02,92296258.32,총액÷직원 수,,2,20250318001356,https://dart.fss.or.kr/dsaf001/main.do?rcpNo=20250318001356,2026-10-05
00109286,(주)대동,2025,1106,1014,92,1043,63,10.91,92677054000,83794804.7,83794632.91,총액÷직원 수,,2,20260318001552,https://dart.fss.or.kr/dsaf001/main.do?rcpNo=20260318001552,2026-10-05
00110060,(주)대백저축은행,2023,15,13,1,8,7,13.47,835000000,55666666.67,56133333.33,총액÷직원 수,,2,20240328000952,https://dart.fss.or.kr/dsaf001/main.do?rcpNo=20240328000952,2026-10-05
00110060,(주)대백저축은행,2024,14,12,1,7,7,13.0,762000000,54428571.43,54500000.0,총액÷직원 수,,2,20250328000759,https://dart.fss.or.kr/dsaf001/main.do?rcpNo=20250328000759,2026-10-05
00110060,(주)대백저축은행,2025,14,12,1,7,7,14.0,815000000,58214285.71,58000000.0,총액÷직원 수,,2,20260330000503,https://dart.fss.or.kr/dsaf001/main.do?rcpNo=20260330000503,2026-10-05
00118965,(주)티에이치엔,2023,556,518,38,465,91,9.68,38228000000,68755395.68,68399280.58,총액÷직원 수,,2,20240320001057,https://dart.fss.or.kr/dsaf001/main.do?rcpNo=20240320001057,2026-10-05
00118965,(주)티에이치엔,2024,662,565,97,560,102,8.7,46453000000,70170694.86,70534743.2,총액÷직원 수,,2,20250319001022,https://dart.fss.or.kr/dsaf001/main.do?rcpNo=20250319001022,2026-10-05
00118965,(주)티에이치엔,2025,847,755,92,724,123,8.38,60222000000,71100354.19,71386068.48,총액÷직원 수,,2,20260323001500,https://dart.fss.or.kr/dsaf001/main.do?rcpNo=20260323001500,2026-10-05
00125521,에스엘(주),2023,4705,3994,711,4026,679,11.15,372413000000,79152603.61,78842933.05,총액÷직원 수,,4,20240318000589,https://dart.fss.or.kr/dsaf001/main.do?rcpNo=20240318000589,2026-10-05
00125521,에스엘(주),2024,4768,4172,596,4074,694,11.02,409544000000,85894295.3,85667785.23,총액÷직원 수,,4,20250318000826,https://dart.fss.or.kr/dsaf001/main.do?rcpNo=20250318000826,2026-10-05
00125521,에스엘(주),2025,4881,4387,494,4180,701,11.0,427666000000,87618520.79,87845523.46,총액÷직원 수,,4,20260318000781,https://dart.fss.or.kr/dsaf001/main.do?rcpNo=20260318000781,2026-10-05
00127802,삼익THK(주),2023,760,750,10,689,71,10.14,46192000000,60778947.37,60598684.21,총액÷직원 수,,2,20240314001617,https://dart.fss.or.kr/dsaf001/main.do?rcpNo=20240314001617,2026-10-05
00127802,삼익THK(주),2024,733,728,5,663,70,10.96,45227000000,61701227.83,61663028.65,총액÷직원 수,,2,20250313001328,https://dart.fss.or.kr/dsaf001/main.do?rcpNo=20250313001328,2026-10-05
00127802,삼익THK(주),2025,526,524,2,475,51,11.43,38308000000,72828897.34,59933460.08,총액÷직원 수,,2,20260319001288,https://dart.fss.or.kr/dsaf001/main.do?rcpNo=20260319001288,2026-10-05
00129642,상신브레이크(주),2023,646,631,15,596,50,12.59,49417000000,76496904.02,76065015.48,총액÷직원 수,,2,20240315000633,https://dart.fss.or.kr/dsaf001/main.do?rcpNo=20240315000633,2026-10-05
00129642,상신브레이크(주),2024,632,631,1,583,49,16.6,49626000000,78522151.9,82139240.51,총액÷직원 수,,2,20250314001195,https://dart.fss.or.kr/dsaf001/main.do?rcpNo=20250314001195,2026-10-05
00129642,상신브레이크(주),2025,622,616,6,575,47,17.06,51376000000,82598070.74,82413183.28,총액÷직원 수,,2,20260318001187,https://dart.fss.or.kr/dsaf001/main.do?rcpNo=20260318001187,2026-10-05
00131504,(주)서한,2023,429,329,100,402,27,5.49,26362078000,61450065.27,61449615.38,총액÷직원 수,,2,20240321000865,https://dart.fss.or.kr/dsaf001/main.do?rcpNo=20240321000865,2026-10-05
00131504,(주)서한,2024,385,311,74,364,21,5.57,27046134000,70249698.7,70250000.0,총액÷직원 수,,2,20250319000985,https://dart.fss.or.kr/dsaf001/main.do?rcpNo=20250319000985,2026-10-05
00131504,(주)서한,2025,378,277,101,348,30,6.13,25525471000,67527701.06,67527507.94,총액÷직원 수,,2,20260703000164,https://dart.fss.or.kr/dsaf001/main.do?rcpNo=20260703000164,2026-10-05
00132868,(주)우성머티리얼스,2023,59,59,0,46,13,6.76,2984470000,50584237.29,50583677.97,총액÷직원 수,,4,20240321001113,https://dart.fss.or.kr/dsaf001/main.do?rcpNo=20240321001113,2026-10-05
00132868,(주)우성머티리얼스,2024,39,39,0,30,9,8.13,1900061000,48719512.82,48718923.08,총액÷직원 수,,4,20250320000581,https://dart.fss.or.kr/dsaf001/main.do?rcpNo=20250320000581,2026-10-05
00132868,(주)우성머티리얼스,2025,36,36,0,25,11,9.28,1673862000,46496166.67,46494805.56,총액÷직원 수,,3,20260318000501,https://dart.fss.or.kr/dsaf001/main.do?rcpNo=20260318000501,2026-10-05
00134316,(주)세원정공,2023,180,180,0,175,5,15.75,12890076000,71611533.33,71856472.22,총액÷직원 수,,2,20230919000247,https://dart.fss.or.kr/dsaf001/main.do?rcpNo=20230919000247,2026-10-05
00134316,(주)세원정공,2024,185,185,0,179,6,15.56,11214651000,60619735.14,77047362.16,총액÷직원 수,,2,20250808000388,https://dart.fss.or.kr/dsaf001/main.do?rcpNo=20250808000388,2026-10-05
00134316,(주)세원정공,2025,199,199,0,193,6,15.03,15247409000,76620145.73,76472929.65,총액÷직원 수,,2,20250922000199,https://dart.fss.or.kr/dsaf001/main.do?rcpNo=20250922000199,2026-10-05
00155124,평화홀딩스(주),2023,83,83,0,67,16,11.28,5181000000,62421686.75,62337349.4,총액÷직원 수,,2,20240319000675,https://dart.fss.or.kr/dsaf001/main.do?rcpNo=20240319000675,2026-10-05
00155124,평화홀딩스(주),2024,89,89,0,72,17,10.33,6547000000,73561797.75,72651685.39,총액÷직원 수,,2,20250317000760,https://dart.fss.or.kr/dsaf001/main.do?rcpNo=20250317000760,2026-10-05
00155124,평화홀딩스(주),2025,87,87,0,70,17,10.43,6707000000,77091954.02,76724137.93,총액÷직원 수,,2,20260316000856,https://dart.fss.or.kr/dsaf001/main.do?rcpNo=20260316000856,2026-10-05
00155452,풍국주정공업(주),2023,51,51,0,45,6,12.59,2917029087,57196648.76,57196648.29,총액÷직원 수,,2,20240318000900,https://dart.fss.or.kr/dsaf001/main.do?rcpNo=20240318000900,2026-10-05
00155452,풍국주정공업(주),2024,50,50,0,45,5,10.2,2890959914,57819198.28,57819198.0,총액÷직원 수,,2,20250318001261,https://dart.fss.or.kr/dsaf001/main.do?rcpNo=20250318001261,2026-10-05
00155452,풍국주정공업(주),2025,49,49,0,44,5,11.33,2831226272,57780128.0,57780127.76,총액÷직원 수,,2,20260318001648,https://dart.fss.or.kr/dsaf001/main.do?rcpNo=20260318001648,2026-10-05
00158024,케이비아이메탈(주),2023,324,225,99,272,52,10.35,12664161000,39086916.67,39086660.49,총액÷직원 수,,6,20240320000568,https://dart.fss.or.kr/dsaf001/main.do?rcpNo=20240320000568,2026-10-05
00158024,케이비아이메탈(주),2024,324,224,100,273,51,10.65,13824604000,42668530.86,42668243.83,총액÷직원 수,,6,20250326001235,https://dart.fss.or.kr/dsaf001/main.do?rcpNo=20250326001235,2026-10-05
00158024,케이비아이메탈(주),2025,471,369,102,406,65,11.77,25892209000,54972842.89,54972305.73,총액÷직원 수,,8,20260319000983,https://dart.fss.or.kr/dsaf001/main.do?rcpNo=20260319000983,2026-10-05
00165103,(주)푸드웰,2023,178,172,6,102,76,9.48,9367036000,52623797.75,52623595.51,총액÷직원 수,,2,20240808000236,https://dart.fss.or.kr/dsaf001/main.do?rcpNo=20240808000236,2026-10-05
00165103,(주)푸드웰,2024,182,176,6,105,77,9.04,9204099000,50571972.53,50571961.54,총액÷직원 수,,2,20250321001761,https://dart.fss.or.kr/dsaf001/main.do?rcpNo=20250321001761,2026-10-05
00165103,(주)푸드웰,2025,188,183,5,109,79,9.52,9570413000,50906452.13,50906728.72,총액÷직원 수,,2,20260324000034,https://dart.fss.or.kr/dsaf001/main.do?rcpNo=20260324000034,2026-10-05
00166333,(주)화신테크,2023,8,8,0,6,2,12.52,514304000,64288000.0,64287750.0,총액÷직원 수,,2,20240401003450,https://dart.fss.or.kr/dsaf001/main.do?rcpNo=20240401003450,2026-10-05
00166333,(주)화신테크,2024,2,2,0,2,0,12.74,224840000,112420000.0,112420000.0,총액÷직원 수,,1,20250407001849,https://dart.fss.or.kr/dsaf001/main.do?rcpNo=20250407001849,2026-10-05
00167004,흥구석유(주),2023,66,29,37,62,4,7.83,2276768000,34496484.85,34496121.21,총액÷직원 수,,3,20240327000059,https://dart.fss.or.kr/dsaf001/main.do?rcpNo=20240327000059,2026-10-05
00167004,흥구석유(주),2024,63,31,32,57,6,8.24,2253710000,35773174.6,35772603.17,총액÷직원 수,,3,20250313000639,https://dart.fss.or.kr/dsaf001/main.do?rcpNo=20250313000639,2026-10-05
00167004,흥구석유(주),2025,54,26,28,49,5,8.52,2144072000,39705037.04,39704870.37,총액÷직원 수,,4,20260327000708,https://dart.fss.or.kr/dsaf001/main.do?rcpNo=20260327000708,2026-10-05
00174527,에이치에스화성(주),2023,419,328,91,374,45,8.14,25201000000,60145584.73,60324582.34,총액÷직원 수,,6,20240314001502,https://dart.fss.or.kr/dsaf001/main.do?rcpNo=20240314001502,2026-10-05
00174527,에이치에스화성(주),2024,386,317,69,345,41,8.47,28023000000,72598445.6,72308290.16,총액÷직원 수,,6,20250320001481,https://dart.fss.or.kr/dsaf001/main.do?rcpNo=20250320001481,2026-10-05
00174527,에이치에스화성(주),2025,364,266,98,319,45,7.89,24494000000,67291208.79,67214285.71,총액÷직원 수,,6,20260319000781,https://dart.fss.or.kr/dsaf001/main.do?rcpNo=20260319000781,2026-10-05
00175650,케이씨더블류 (주),2023,0,0,0,0,0,,0,,,가중,,2,20240319000518,https://dart.fss.or.kr/dsaf001/main.do?rcpNo=20240319000518,2026-10-05
00175650,케이씨더블류 (주),2024,0,0,0,0,0,,0,,,가중,,2,20250319000464,https://dart.fss.or.kr/dsaf001/main.do?rcpNo=20250319000464,2026-10-05
00175650,케이씨더블류 (주),2025,0,0,0,0,0,,0,,,가중,,2,20260319000442,https://dart.fss.or.kr/dsaf001/main.do?rcpNo=20260319000442,2026-10-05
00191287,대동금속(주),2023,132,129,3,130,2,12.55,11811733000,89482825.76,89482909.09,총액÷직원 수,,2,20240320000756,https://dart.fss.or.kr/dsaf001/main.do?rcpNo=20240320000756,2026-10-05
00191287,대동금속(주),2024,130,127,3,128,2,13.56,11651987000,89630669.23,89630276.92,총액÷직원 수,,2,20250318000643,https://dart.fss.or.kr/dsaf001/main.do?rcpNo=20250318000643,2026-10-05
00191287,대동금속(주),2025,128,122,6,126,2,14.31,12861301000,100478914.06,100479250.0,총액÷직원 수,,2,20260318000731,https://dart.fss.or.kr/dsaf001/main.do?rcpNo=20260318000731,2026-10-05
00202060,(주)구영테크,2023,344,344,0,331,13,7.1,17278589000,50228456.4,58330561.05,총액÷직원 수,,4,20240320001361,https://dart.fss.or.kr/dsaf001/main.do?rcpNo=20240320001361,2026-10-05
00202060,(주)구영테크,2024,375,375,0,137,238,7.08,22033739000,58756637.33,59699634.67,총액÷직원 수,,4,20250318000572,https://dart.fss.or.kr/dsaf001/main.do?rcpNo=20250318000572,2026-10-05
00202060,(주)구영테크,2025,375,344,31,357,18,7.74,23526116000,62736309.33,61456765.33,총액÷직원 수,,4,20260316001359,https://dart.fss.or.kr/dsaf001/main.do?rcpNo=20260316001359,2026-10-05
00204642,(주)티비씨,2023,117,103,14,100,17,19.59,13225000000,113034188.03,112931623.93,총액÷직원 수,,2,20240321001617,https://dart.fss.or.kr/dsaf001/main.do?rcpNo=20240321001617,2026-10-05
00204642,(주)티비씨,2024,119,99,20,100,19,19.55,12532000000,105310924.37,104890756.3,총액÷직원 수,,2,20250513000334,https://dart.fss.or.kr/dsaf001/main.do?rcpNo=20250513000334,2026-10-05
00204642,(주)티비씨,2025,114,91,22,95,19,19.03,12335000000,108201754.39,108166666.67,총액÷직원 수,,2,20260319000683,https://dart.fss.or.kr/dsaf001/main.do?rcpNo=20260319000683,2026-10-05
00217743,화성밸브(주),2023,232,203,29,182,50,6.18,8431377000,36342142.24,35798508.62,총액÷직원 수,,6,20240320000152,https://dart.fss.or.kr/dsaf001/main.do?rcpNo=20240320000152,2026-10-05
00217743,화성밸브(주),2024,237,234,3,188,49,8.81,8971045000,37852510.55,37852278.48,총액÷직원 수,,6,20250321001566,https://dart.fss.or.kr/dsaf001/main.do?rcpNo=20250321001566,2026-10-05
00217743,화성밸브(주),2025,236,233,3,185,51,9.18,9278061000,39313817.8,39313245.76,총액÷직원 수,,6,20260320000173,https://dart.fss.or.kr/dsaf001/main.do?rcpNo=20260320000173,2026-10-05
00261285,한국가스공사(주),2023,4163,4163,0,3590,573,16.28,378375202000,90890031.71,90890231.56,총액÷직원 수,,6,20240325000966,https://dart.fss.or.kr/dsaf001/main.do?rcpNo=20240325000966,2026-10-05
00261285,한국가스공사(주),2024,4216,4216,0,3600,616,16.39,375989858000,89181655.12,89181696.87,총액÷직원 수,,6,20250325000742,https://dart.fss.or.kr/dsaf001/main.do?rcpNo=20250325000742,2026-10-05
00261285,한국가스공사(주),2025,4289,4289,0,3654,635,16.54,427760235000,99734258.57,102075349.97,총액÷직원 수,,6,20260323001058,https://dart.fss.or.kr/dsaf001/main.do?rcpNo=20260323001058,2026-10-05
00288495,주식회사 에이치씨홈센타,2023,45,45,0,33,12,9.21,1762284000,39161866.67,39161577.78,총액÷직원 수,,4,20250106000359,https://dart.fss.or.kr/dsaf001/main.do?rcpNo=20250106000359,2026-10-05
00288495,주식회사 에이치씨홈센타,2024,44,44,0,31,13,9.97,1731964000,39362818.18,39362772.73,총액÷직원 수,,4,20250318000797,https://dart.fss.or.kr/dsaf001/main.do?rcpNo=20250318000797,2026-10-05
00288495,주식회사 에이치씨홈센타,2025,41,41,0,30,11,10.38,1745924000,42583512.2,42583658.54,총액÷직원 수,,4,20260323001089,https://dart.fss.or.kr/dsaf001/main.do?rcpNo=20260323001089,2026-10-05
00308896,(주)셀피글로벌,2023,99,99,0,78,21,6.45,4695498000,47429272.73,47429272.73,총액÷직원 수,,2,20241129002074,https://dart.fss.or.kr/dsaf001/main.do?rcpNo=20241129002074,2026-10-05
00308896,(주)셀피글로벌,2024,99,99,0,81,18,6.09,5349301000,54033343.43,52503363.64,총액÷직원 수,,2,20250811000476,https://dart.fss.or.kr/dsaf001/main.do?rcpNo=20250811000476,2026-10-05
00308896,(주)셀피글로벌,2025,105,105,0,86,19,6.15,5625331000,53574580.95,53574190.48,총액÷직원 수,,2,20260323001695,https://dart.fss.or.kr/dsaf001/main.do?rcpNo=20260323001695,2026-10-05
00351092,삼보모터스(주),2023,489,489,0,457,32,12.3,37579401049,76849490.9,76849490.43,총액÷직원 수,,2,20240321001493,https://dart.fss.or.kr/dsaf001/main.do?rcpNo=20240321001493,2026-10-05
00351092,삼보모터스(주),2024,808,808,0,487,321,10.17,39833544913,49298941.72,72945289.38,총액÷직원 수,,2,20250320001598,https://dart.fss.or.kr/dsaf001/main.do?rcpNo=20250320001598,2026-10-05
00351092,삼보모터스(주),2025,539,539,0,507,32,11.87,44750652781,83025329.83,83025330.22,총액÷직원 수,,2,20260323000719,https://dart.fss.or.kr/dsaf001/main.do?rcpNo=20260323000719,2026-10-05
00355335,(주)투에버,2023,32,32,0,21,11,7.97,1651299000,51603093.75,51603031.25,총액÷직원 수,,2,20240329001056,https://dart.fss.or.kr/dsaf001/main.do?rcpNo=20240329001056,2026-10-05
00355335,(주)투에버,2024,27,27,0,17,10,8.89,1488627000,55134333.33,55134259.26,총액÷직원 수,,2,20250328000787,https://dart.fss.or.kr/dsaf001/main.do?rcpNo=20250328000787,2026-10-05
00355335,(주)투에버,2025,19,19,0,12,7,7.79,1128095000,59373421.05,59373368.42,총액÷직원 수,,2,20260330000685,https://dart.fss.or.kr/dsaf001/main.do?rcpNo=20260330000685,2026-10-05
00361381,(주)제이브이엠,2023,320,293,27,287,33,9.03,19715000000,61609375.0,61865625.0,총액÷직원 수,,2,20240321001608,https://dart.fss.or.kr/dsaf001/main.do?rcpNo=20240321001608,2026-10-05
00361381,(주)제이브이엠,2024,317,307,10,284,33,9.84,18146000000,57242902.21,57646687.7,총액÷직원 수,,2,20250321001593,https://dart.fss.or.kr/dsaf001/main.do?rcpNo=20250321001593,2026-10-05
00361381,(주)제이브이엠,2025,322,300,22,291,31,10.0,21975000000,68245341.61,67555900.62,총액÷직원 수,,2,20260323001116,https://dart.fss.or.kr/dsaf001/main.do?rcpNo=20260323001116,2026-10-05
00369833,유니온머티리얼(주),2023,298,296,0,275,23,18.57,24040000000,80671140.94,80983221.48,총액÷직원 수,,6,20240320001765,https://dart.fss.or.kr/dsaf001/main.do?rcpNo=20240320001765,2026-10-05
00369833,유니온머티리얼(주),2024,247,247,0,225,22,19.18,19751000000,79963562.75,79850202.43,총액÷직원 수,,6,20250319000740,https://dart.fss.or.kr/dsaf001/main.do?rcpNo=20250319000740,2026-10-05
00369833,유니온머티리얼(주),2025,242,242,0,220,22,19.43,19860000000,82066115.7,82285123.97,총액÷직원 수,,6,20260318001126,https://dart.fss.or.kr/dsaf001/main.do?rcpNo=20260318001126,2026-10-05
00398701,(주)엘앤에프,2023,1782,1782,0,1636,146,3.35,123147208000,69106177.33,77944749.72,총액÷직원 수,,2,20240328001260,https://dart.fss.or.kr/dsaf001/main.do?rcpNo=20240328001260,2026-10-05
00398701,(주)엘앤에프,2024,1643,1643,0,1488,155,4.28,91060333000,55423209.37,57745698.11,총액÷직원 수,,2,20250311001260,https://dart.fss.or.kr/dsaf001/main.do?rcpNo=20250311001260,2026-10-05
00398701,(주)엘앤에프,2025,1924,1924,0,1766,158,4.32,104504744000,54316395.01,60433598.75,총액÷직원 수,,2,20260814000818,https://dart.fss.or.kr/dsaf001/main.do?rcpNo=20260814000818,2026-10-05
00404288,(주)아진엑스텍,2023,92,92,0,86,6,7.13,5437695000,59105380.43,59112152.17,총액÷직원 수,,2,20240318000676,https://dart.fss.or.kr/dsaf001/main.do?rcpNo=20240318000676,2026-10-05
00404288,(주)아진엑스텍,2024,92,92,0,85,7,6.93,5837736000,63453652.17,63456576.09,총액÷직원 수,,2,20250320000658,https://dart.fss.or.kr/dsaf001/main.do?rcpNo=20250320000658,2026-10-05
00404288,(주)아진엑스텍,2025,90,90,0,81,9,6.88,5804534000,64494822.22,64502700.0,총액÷직원 수,,2,20260323000265,https://dart.fss.or.kr/dsaf001/main.do?rcpNo=20260323000265,2026-10-05
00411048,(주)에스앤에스텍,2023,283,283,0,254,29,4.99,14206000000,50197879.86,50565371.02,총액÷직원 수,,2,20240315000401,https://dart.fss.or.kr/dsaf001/main.do?rcpNo=20240315000401,2026-10-05
00411048,(주)에스앤에스텍,2024,299,299,0,262,37,5.28,15790000000,52809364.55,52648829.43,총액÷직원 수,,2,20250317000263,https://dart.fss.or.kr/dsaf001/main.do?rcpNo=20250317000263,2026-10-05
00411048,(주)에스앤에스텍,2025,311,311,0,270,41,5.71,18295000000,58826366.56,58890675.24,총액÷직원 수,,2,20260316000487,https://dart.fss.or.kr/dsaf001/main.do?rcpNo=20260316000487,2026-10-05
00427137,(주)대구시민프로축구단,2023,23,17,6,18,5,6.17,992000000,43130434.78,43043478.26,총액÷직원 수,,2,20240325000955,https://dart.fss.or.kr/dsaf001/main.do?rcpNo=20240325000955,2026-10-05
00427137,(주)대구시민프로축구단,2024,24,15,9,17,7,6.34,981000000,40875000.0,,총액÷직원 수,,2,20250328002386,https://dart.fss.or.kr/dsaf001/main.do?rcpNo=20250328002386,2026-10-05
00427137,(주)대구시민프로축구단,2025,23,17,6,16,7,7.28,1036000000,45043478.26,44565217.39,총액÷직원 수,,2,20260330001641,https://dart.fss.or.kr/dsaf001/main.do?rcpNo=20260330001641,2026-10-05
00428729,(주)대호에이엘,2023,196,196,0,189,7,9.79,15134177000,77215188.78,77214928.57,총액÷직원 수,,2,20240320001502,https://dart.fss.or.kr/dsaf001/main.do?rcpNo=20240320001502,2026-10-05
00428729,(주)대호에이엘,2024,187,187,0,180,7,8.78,14707379000,78649085.56,78648930.48,총액÷직원 수,,2,20250711000353,https://dart.fss.or.kr/dsaf001/main.do?rcpNo=20250711000353,2026-10-05
00428729,(주)대호에이엘,2025,179,179,0,172,7,9.77,16255000000,90810055.87,90865921.79,총액÷직원 수,,2,20260324000005,https://dart.fss.or.kr/dsaf001/main.do?rcpNo=20260324000005,2026-10-05
00442048,(주)아바텍,2023,475,475,0,408,67,5.13,21363196000,44975149.47,44974650.53,총액÷직원 수,,2,20240312000754,https://dart.fss.or.kr/dsaf001/main.do?rcpNo=20240312000754,2026-10-05
00442048,(주)아바텍,2024,452,452,0,391,61,5.92,25779031000,57033254.42,49399053.1,총액÷직원 수,,2,20250404003533,https://dart.fss.or.kr/dsaf001/main.do?rcpNo=20250404003533,2026-10-05
00442048,(주)아바텍,2025,387,387,0,337,50,7.03,22088955000,57077403.1,57077405.68,총액÷직원 수,,2,20260312001140,https://dart.fss.or.kr/dsaf001/main.do?rcpNo=20260312001140,2026-10-05
00533924,(주)이브이첨단소재,2023,161,136,25,138,23,7.67,7897286000,49051465.84,49305000.0,총액÷직원 수,,2,20240321000554,https://dart.fss.or.kr/dsaf001/main.do?rcpNo=20240321000554,2026-10-05
00533924,(주)이브이첨단소재,2024,139,136,3,117,22,9.05,7876006000,56661913.67,56661935.25,총액÷직원 수,,2,20250320001712,https://dart.fss.or.kr/dsaf001/main.do?rcpNo=20250320001712,2026-10-05
00533924,(주)이브이첨단소재,2025,126,126,0,103,23,9.75,6524359000,51780626.98,51827182.54,총액÷직원 수,,2,20260324000012,https://dart.fss.or.kr/dsaf001/main.do?rcpNo=20260324000012,2026-10-05
00540605,(주)이월드,2023,363,222,144,195,168,9.93,15217544000,41921608.82,41921622.59,총액÷직원 수,,6,20240314000693,https://dart.fss.or.kr/dsaf001/main.do?rcpNo=20240314000693,2026-10-05
00540605,(주)이월드,2024,357,223,134,189,168,10.48,15240638000,42690862.75,42690778.71,총액÷직원 수,,6,20250313000580,https://dart.fss.or.kr/dsaf001/main.do?rcpNo=20250313000580,2026-10-05
00540605,(주)이월드,2025,310,203,107,171,139,12.01,14422745000,46524983.87,46524912.9,총액÷직원 수,,6,20260319000675,https://dart.fss.or.kr/dsaf001/main.do?rcpNo=20260319000675,2026-10-05
00568461,(주)에이치씨보광산업,2023,123,123,0,111,12,3.79,6126900362,49812198.07,49812197.76,총액÷직원 수,,6,20240320001441,https://dart.fss.or.kr/dsaf001/main.do?rcpNo=20240320001441,2026-10-05
00568461,(주)에이치씨보광산업,2024,114,114,0,107,7,4.46,5674607880,49777262.11,49777262.14,총액÷직원 수,,6,20250318001123,https://dart.fss.or.kr/dsaf001/main.do?rcpNo=20250318001123,2026-10-05
00568461,(주)에이치씨보광산업,2025,107,107,0,99,8,4.98,4598720112,42978692.64,42978689.03,총액÷직원 수,,6,20260323001053,https://dart.fss.or.kr/dsaf001/main.do?rcpNo=20260323001053,2026-10-05
00573579,평화산업(주),2023,786,734,52,743,43,12.88,42232000000,53730279.9,53879134.86,총액÷직원 수,,7,20240319000674,https://dart.fss.or.kr/dsaf001/main.do?rcpNo=20240319000674,2026-10-05
00573579,평화산업(주),2024,817,769,48,774,43,13.81,46628000000,57072215.42,57805385.56,총액÷직원 수,,7,20250317000667,https://dart.fss.or.kr/dsaf001/main.do?rcpNo=20250317000667,2026-10-05
00573579,평화산업(주),2025,833,761,63,793,40,16.52,49865000000,59861944.78,60243697.48,총액÷직원 수,,6,20260316000837,https://dart.fss.or.kr/dsaf001/main.do?rcpNo=20260316000837,2026-10-05
00573676,(주)메가젠임플란트,2023,716,716,0,535,181,3.35,41146937000,57467789.11,57468241.62,총액÷직원 수,,2,20240401004115,https://dart.fss.or.kr/dsaf001/main.do?rcpNo=20240401004115,2026-10-05
00573676,(주)메가젠임플란트,2024,763,763,0,575,188,3.87,47870188000,62739433.81,62739623.85,총액÷직원 수,,2,20250331003339,https://dart.fss.or.kr/dsaf001/main.do?rcpNo=20250331003339,2026-10-05
00573676,(주)메가젠임플란트,2025,782,782,0,590,192,4.41,51054743000,65287395.14,64868882.35,총액÷직원 수,,2,20260331000201,https://dart.fss.or.kr/dsaf001/main.do?rcpNo=20260331000201,2026-10-05
00577335,(주)대성하이텍,2023,297,286,11,262,35,7.76,17829894000,60033313.13,60033205.39,총액÷직원 수,,2,20240318000347,https://dart.fss.or.kr/dsaf001/main.do?rcpNo=20240318000347,2026-10-05
00577335,(주)대성하이텍,2024,287,261,26,251,36,7.75,16347647000,56960442.51,56960414.63,총액÷직원 수,,2,20250321001757,https://dart.fss.or.kr/dsaf001/main.do?rcpNo=20250321001757,2026-10-05
00577335,(주)대성하이텍,2025,286,257,29,247,39,8.59,17017769000,59502688.81,59502909.09,총액÷직원 수,,2,20260323000925,https://dart.fss.or.kr/dsaf001/main.do?rcpNo=20260323000925,2026-10-05
00620558,(주)루트케이,2023,54,54,0,43,11,6.68,2827086000,52353444.44,52352.89,총액÷직원 수,총액 천원 단위로 공시 → 원으로 바꿈,2,20240321001345,https://dart.fss.or.kr/dsaf001/main.do?rcpNo=20240321001345,2026-10-05
00620558,(주)루트케이,2024,46,46,0,34,12,7.07,2384854000,51844652.17,51844.35,총액÷직원 수,총액 천원 단위로 공시 → 원으로 바꿈,2,20250320001144,https://dart.fss.or.kr/dsaf001/main.do?rcpNo=20250320001144,2026-10-05
00620558,(주)루트케이,2025,43,43,0,32,11,7.7,2489464000,57894511.63,57894.56,총액÷직원 수,총액 천원 단위로 공시 → 원으로 바꿈,2,20260323000905,https://dart.fss.or.kr/dsaf001/main.do?rcpNo=20260323000905,2026-10-05
00632793,전진바이오팜(주),2023,42,42,0,27,15,,1312878000,31259000.0,31259071.43,총액÷직원 수,,2,20240321001488,https://dart.fss.or.kr/dsaf001/main.do?rcpNo=20240321001488,2026-10-05
00632793,전진바이오팜(주),2024,36,36,0,25,11,,1206705000,33519583.33,33519666.67,총액÷직원 수,,2,20250814003498,https://dart.fss.or.kr/dsaf001/main.do?rcpNo=20250814003498,2026-10-05
00632793,전진바이오팜(주),2025,57,30,27,31,26,,1548722000,27170561.4,27170736.84,총액÷직원 수,,2,20260316001483,https://dart.fss.or.kr/dsaf001/main.do?rcpNo=20260316001483,2026-10-05
00671376,(주)트리니티항공,2023,2886,2451,425,1424,1462,4.64,157843000000,54692654.19,54836798.34,총액÷직원 수,,4,20240321001328,https://dart.fss.or.kr/dsaf001/main.do?rcpNo=20240321001328,2026-10-05
00671376,(주)트리니티항공,2024,3805,3102,703,1807,1998,4.29,246687000000,64832325.89,64659395.53,총액÷직원 수,,4,20250321001231,https://dart.fss.or.kr/dsaf001/main.do?rcpNo=20250321001231,2026-10-05
00671376,(주)트리니티항공,2025,3380,3056,327,1768,1612,5.28,234097000000,69259467.46,69492307.69,총액÷직원 수,,2,20260430001376,https://dart.fss.or.kr/dsaf001/main.do?rcpNo=20260430001376,2026-10-05
00693554,(주)티케이케미칼,2023,339,331,8,292,47,20.34,33022000000,97410029.5,44474926.25,총액÷직원 수,,2,20240321001810,https://dart.fss.or.kr/dsaf001/main.do?rcpNo=20240321001810,2026-10-05
00693554,(주)티케이케미칼,2024,197,189,8,165,32,18.38,14562000000,73918781.73,59913705.58,총액÷직원 수,,2,20250321001887,https://dart.fss.or.kr/dsaf001/main.do?rcpNo=20250321001887,2026-10-05
00693554,(주)티케이케미칼,2025,162,153,9,136,26,18.26,11741000000,72475308.64,70185185.19,총액÷직원 수,,2,20260323001373,https://dart.fss.or.kr/dsaf001/main.do?rcpNo=20260323001373,2026-10-05
00759902,(주)우방,2023,158,129,29,141,17,5.62,10420000000,65949367.09,66063291.14,총액÷직원 수,,2,20240401003062,https://dart.fss.or.kr/dsaf001/main.do?rcpNo=20240401003062,2026-10-05
00759902,(주)우방,2024,139,121,18,124,15,6.75,10219000000,73517985.61,73733812.95,총액÷직원 수,,2,20250331004141,https://dart.fss.or.kr/dsaf001/main.do?rcpNo=20250331004141,2026-10-05
00759902,(주)우방,2025,104,98,6,93,11,6.87,9126000000,87750000.0,88096153.85,총액÷직원 수,,2,20260331004954,https://dart.fss.or.kr/dsaf001/main.do?rcpNo=20260331004954,2026-10-05
00765897,한국피아이엠(주),2023,86,82,2,58,28,5.53,4611222000,53618860.47,49894930.23,총액÷직원 수,,2,20240321000776,https://dart.fss.or.kr/dsaf001/main.do?rcpNo=20240321000776,2026-10-05
00765897,한국피아이엠(주),2024,90,87,3,66,24,6.11,4637113000,51523477.78,51523066.67,총액÷직원 수,,2,20250321001900,https://dart.fss.or.kr/dsaf001/main.do?rcpNo=20250321001900,2026-10-05
00765897,한국피아이엠(주),2025,90,84,6,66,24,6.26,4907999000,54533322.22,53104533.33,총액÷직원 수,,2,20260320001061,https://dart.fss.or.kr/dsaf001/main.do?rcpNo=20260320001061,2026-10-05
00787376,대성에너지(주),2023,403,396,7,373,30,19.85,32553000000,80776674.94,80585607.94,총액÷직원 수,,2,20240312000816,https://dart.fss.or.kr/dsaf001/main.do?rcpNo=20240312000816,2026-10-05
00787376,대성에너지(주),2024,406,396,10,380,26,20.05,34179000000,84184729.06,84039408.87,총액÷직원 수,,2,20250320001296,https://dart.fss.or.kr/dsaf001/main.do?rcpNo=20250320001296,2026-10-05
00787376,대성에너지(주),2025,383,376,7,356,27,,34891000000,91099216.71,90872062.66,총액÷직원 수,,2,20260318001167,https://dart.fss.or.kr/dsaf001/main.do?rcpNo=20260318001167,2026-10-05
00878915,(주)아이엠금융지주,2023,130,101,29,104,26,2.82,16250000000,125000000.0,126600000.0,총액÷직원 수,,2,20240430000805,https://dart.fss.or.kr/dsaf001/main.do?rcpNo=20240430000805,2026-10-05
00878915,(주)아이엠금융지주,2024,126,95,31,103,23,3.11,15777000000,125214285.71,131317460.32,총액÷직원 수,,2,20250318000693,https://dart.fss.or.kr/dsaf001/main.do?rcpNo=20250318000693,2026-10-05
00878915,(주)아이엠금융지주,2025,143,93,50,109,34,2.96,17425000000,121853146.85,127118881.12,총액÷직원 수,,2,20260515000720,https://dart.fss.or.kr/dsaf001/main.do?rcpNo=20260515000720,2026-10-05
01016886,(주)테크엔,2023,17,17,0,12,5,2.71,819000000,48176470.59,3705882.35,총액÷직원 수,,2,20240701000025,https://dart.fss.or.kr/dsaf001/main.do?rcpNo=20240701000025,2026-10-05
01016886,(주)테크엔,2024,5,5,0,4,1,2.8,190000000,38000000.0,38000000.0,총액÷직원 수,,2,20250408000609,https://dart.fss.or.kr/dsaf001/main.do?rcpNo=20250408000609,2026-10-05
01023211,와이제이링크(주),2024,90,88,2,65,25,3.26,4484196000,49824400.0,58546966.67,총액÷직원 수,,10,20250320001548,https://dart.fss.or.kr/dsaf001/main.do?rcpNo=20250320001548,2026-10-05
01023211,와이제이링크(주),2025,107,106,1,77,30,3.53,5405879000,50522233.64,50522121.5,총액÷직원 수,,10,20260319000950,https://dart.fss.or.kr/dsaf001/main.do?rcpNo=20260319000950,2026-10-05
01090471,(주)에스에프에이넥셀,2023,316,316,0,294,22,3.25,17268686000,54647740.51,54648132.91,총액÷직원 수,,2,20240321000790,https://dart.fss.or.kr/dsaf001/main.do?rcpNo=20240321000790,2026-10-05
01090471,(주)에스에프에이넥셀,2024,513,502,11,464,49,2.15,19159868000,37348670.57,37348245.61,총액÷직원 수,,2,20250807000242,https://dart.fss.or.kr/dsaf001/main.do?rcpNo=20250807000242,2026-10-05
01090471,(주)에스에프에이넥셀,2025,477,470,7,434,43,6.29,28845631000,60473020.96,60472664.57,총액÷직원 수,,2,20260320001352,https://dart.fss.or.kr/dsaf001/main.do?rcpNo=20260320001352,2026-10-05
01144569,(주)피엔티 엠에스,2023,51,51,0,41,10,3.36,2295000000,45000000.0,45235294.12,총액÷직원 수,,2,20240318000622,https://dart.fss.or.kr/dsaf001/main.do?rcpNo=20240318000622,2026-10-05
01144569,(주)피엔티 엠에스,2024,54,54,0,45,9,3.35,2726000000,50481481.48,50666666.67,총액÷직원 수,,2,20250814000169,https://dart.fss.or.kr/dsaf001/main.do?rcpNo=20250814000169,2026-10-05
01144569,(주)피엔티 엠에스,2025,49,49,0,42,7,3.93,2625000000,53571428.57,53428571.43,총액÷직원 수,,2,20260316000348,https://dart.fss.or.kr/dsaf001/main.do?rcpNo=20260316000348,2026-10-05
01179617,(주)한국비엔씨,2023,197,182,15,117,80,3.15,9952000000,50517766.5,50888324.87,총액÷직원 수,,8,20240321001661,https://dart.fss.or.kr/dsaf001/main.do?rcpNo=20240321001661,2026-10-05
01179617,(주)한국비엔씨,2024,266,225,41,146,120,3.04,12479000000,46913533.83,46755639.1,총액÷직원 수,,8,20250814003452,https://dart.fss.or.kr/dsaf001/main.do?rcpNo=20250814003452,2026-10-05
01179617,(주)한국비엔씨,2025,295,260,35,161,134,3.4,14518000000,49213559.32,49447457.63,총액÷직원 수,,8,20260408003166,https://dart.fss.or.kr/dsaf001/main.do?rcpNo=20260408003166,2026-10-05
01187494,주식회사 덴티스,2023,380,376,4,271,109,4.59,15875063000,41776481.58,41776639.47,총액÷직원 수,,2,20240320001892,https://dart.fss.or.kr/dsaf001/main.do?rcpNo=20240320001892,2026-10-05
01187494,주식회사 덴티스,2024,419,416,3,302,117,4.42,19148999000,45701668.26,45701684.96,총액÷직원 수,,2,20250319000812,https://dart.fss.or.kr/dsaf001/main.do?rcpNo=20250319000812,2026-10-05
01187494,주식회사 덴티스,2025,371,363,8,261,110,5.05,19666004000,53008097.04,53007975.74,총액÷직원 수,,2,20260330001698,https://dart.fss.or.kr/dsaf001/main.do?rcpNo=20260330001698,2026-10-05
01206717,(주)마이크로엔엑스,2023,67,59,8,44,23,4.86,2275133000,33957208.96,33957208.96,총액÷직원 수,,2,20240321000933,https://dart.fss.or.kr/dsaf001/main.do?rcpNo=20240321000933,2026-10-05
01206717,(주)마이크로엔엑스,2024,67,55,11,45,22,4.89,2441857000,36445626.87,36445537.31,총액÷직원 수,,2,20250321000889,https://dart.fss.or.kr/dsaf001/main.do?rcpNo=20250321000889,2026-10-05
01206717,(주)마이크로엔엑스,2025,61,50,9,39,22,6.0,2359238000,38676032.79,39933163.93,총액÷직원 수,,2,20260323000619,https://dart.fss.or.kr/dsaf001/main.do?rcpNo=20260323000619,2026-10-05
01211889,주식회사 이지스,2025,186,166,20,123,63,4.43,9722716000,52272666.67,4511048.39,총액÷직원 수,,2,20260320000003,https://dart.fss.or.kr/dsaf001/main.do?rcpNo=20260320000003,2026-10-05
01222016,(주)옥천당,2023,94,44,50,52,42,2.81,3961309000,42141585.11,42141085.11,총액÷직원 수,,2,20240429001146,https://dart.fss.or.kr/dsaf001/main.do?rcpNo=20240429001146,2026-10-05
01222016,(주)옥천당,2024,87,64,23,51,36,3.84,4104690000,47180344.83,46367241.38,총액÷직원 수,,2,20250430000451,https://dart.fss.or.kr/dsaf001/main.do?rcpNo=20250430000451,2026-10-05
01222016,(주)옥천당,2025,79,64,15,49,30,4.22,3963305000,50168417.72,48524405.06,총액÷직원 수,,2,20260428000755,https://dart.fss.or.kr/dsaf001/main.do?rcpNo=20260428000755,2026-10-05
01223219,에이에프더블류(주),2023,105,105,0,94,11,4.12,4732702000,45073352.38,45072952.38,총액÷직원 수,,4,20240320000335,https://dart.fss.or.kr/dsaf001/main.do?rcpNo=20240320000335,2026-10-05
01223219,에이에프더블류(주),2024,111,111,0,100,11,4.38,6323948000,56972504.5,56972612.61,총액÷직원 수,,4,20250318000018,https://dart.fss.or.kr/dsaf001/main.do?rcpNo=20250318000018,2026-10-05
01223219,에이에프더블류(주),2025,130,128,0,110,20,3.92,6398400000,49218461.54,49218415.38,총액÷직원 수,,4,20260317000168,https://dart.fss.or.kr/dsaf001/main.do?rcpNo=20260317000168,2026-10-05
01298806,주식회사  다원메닥스,2024,53,53,0,40,13,3.46,4181000000,78886792.45,78301886.79,총액÷직원 수,,4,20250331003011,https://dart.fss.or.kr/dsaf001/main.do?rcpNo=20250331003011,2026-10-05
01298806,주식회사  다원메닥스,2025,40,40,0,34,6,4.07,3339000000,83475000.0,83800000.0,총액÷직원 수,,4,20260413002972,https://dart.fss.or.kr/dsaf001/main.do?rcpNo=20260413002972,2026-10-05
01324165,주식회사 아스트로젠,2023,41,41,0,16,25,,2029919000,49510219.51,49509682.93,총액÷직원 수,,4,20240325000924,https://dart.fss.or.kr/dsaf001/main.do?rcpNo=20240325000924,2026-10-05
01324165,주식회사 아스트로젠,2024,36,36,0,14,22,2.57,1722311000,47841972.22,47842111.11,총액÷직원 수,,4,20250328002047,https://dart.fss.or.kr/dsaf001/main.do?rcpNo=20250328002047,2026-10-05
01324165,주식회사 아스트로젠,2025,34,34,0,12,22,3.0,1511601000,44458852.94,44458441.18,총액÷직원 수,,4,20260331000435,https://dart.fss.or.kr/dsaf001/main.do?rcpNo=20260331000435,2026-10-05
01381799,주식회사 엔도비전,2023,59,59,0,34,25,1.67,2410859000,40862016.95,40861983.05,총액÷직원 수,,4,20240429000263,https://dart.fss.or.kr/dsaf001/main.do?rcpNo=20240429000263,2026-10-05
01381799,주식회사 엔도비전,2024,45,45,0,24,21,2.74,1569889000,34886422.22,34886377.78,총액÷직원 수,,4,20250429000656,https://dart.fss.or.kr/dsaf001/main.do?rcpNo=20250429000656,2026-10-05
01381799,주식회사 엔도비전,2025,58,58,0,33,25,,2342669000,40390844.83,40391000.0,총액÷직원 수,,4,20260527000292,https://dart.fss.or.kr/dsaf001/main.do?rcpNo=20260527000292,2026-10-05
01455410,주식회사 파인메딕스,2024,74,67,7,36,38,4.32,2882070000,38946891.89,38947013.51,총액÷직원 수,,8,20250318000406,https://dart.fss.or.kr/dsaf001/main.do?rcpNo=20250318000406,2026-10-05
01455410,주식회사 파인메딕스,2025,77,73,0,42,35,5.04,3510808000,45594909.09,45594844.16,총액÷직원 수,,7,20260626000596,https://dart.fss.or.kr/dsaf001/main.do?rcpNo=20260626000596,2026-10-05
