corp_code,name,year,fs,revenue,operating_income,net_income,total_assets,total_liabilities,total_equity,unit,rcept_no,source_url,as_of,corp_cls,stock_code,induty_code,region
00102353,경창산업(주),2023,연결,667253963817,21036204670,8828533627,506737389227,356822542403,149914846824,원,20240319000364,https://dart.fss.or.kr/dsaf001/main.do?rcpNo=20240319000364,2026-10-05,코스닥,024910,30331,대구광역시 달서구
00102353,경창산업(주),2024,연결,638045034346,9641239878,3422323160,485474497481,343896888038,141577609443,원,20250319000380,https://dart.fss.or.kr/dsaf001/main.do?rcpNo=20250319000380,2026-10-05,코스닥,024910,30331,대구광역시 달서구
00102353,경창산업(주),2025,연결,705339667803,7343548529,-21541167890,491427943570,372501884371,118926059199,원,20260323000235,https://dart.fss.or.kr/dsaf001/main.do?rcpNo=20260323000235,2026-10-05,코스닥,024910,30331,대구광역시 달서구
00107224,(주)남선알미늄,2023,연결,310499187506,6445968577,-263740253,432707600573,129539387322,303168213251,원,20240604000282,https://dart.fss.or.kr/dsaf001/main.do?rcpNo=20240604000282,2026-10-05,유가증권,008350,24222,대구광역시 달성군
00107224,(주)남선알미늄,2024,연결,289539027472,4824753722,-26725073616,404717544888,107185227528,297532317360,원,20250320001238,https://dart.fss.or.kr/dsaf001/main.do?rcpNo=20250320001238,2026-10-05,유가증권,008350,24222,대구광역시 달성군
00107224,(주)남선알미늄,2025,연결,258921909120,-3265896897,3634987284,437277779372,153089502829,284188276543,원,20260323001569,https://dart.fss.or.kr/dsaf001/main.do?rcpNo=20260323001569,2026-10-05,유가증권,008350,24222,대구광역시 달성군
00107613,(주)이수페타시스,2023,연결,675332755709,62169058401,47723051484,626436318507,359658155215,266778163292,원,20240321001149,https://dart.fss.or.kr/dsaf001/main.do?rcpNo=20240321001149,2026-10-05,유가증권,007660,2622,대구광역시 달성군
00107613,(주)이수페타시스,2024,연결,836866961285,101878836049,74034111779,790136366426,462609658014,327526708412,원,20250321001007,https://dart.fss.or.kr/dsaf001/main.do?rcpNo=20250321001007,2026-10-05,유가증권,007660,2622,대구광역시 달성군
00107613,(주)이수페타시스,2025,연결,1088025119176,204724531402,160482561697,1289510030680,533312849236,756197181444,원,20260323000847,https://dart.fss.or.kr/dsaf001/main.do?rcpNo=20260323000847,2026-10-05,유가증권,007660,2622,대구광역시 달성군
00108940,대성홀딩스(주),2023,연결,1216816669863,9963570964,159418653042,1245982849279,686948614403,559034234876,원,20240319000714,https://dart.fss.or.kr/dsaf001/main.do?rcpNo=20240319000714,2026-10-05,유가증권,016710,715,대구광역시 중구
00108940,대성홀딩스(주),2024,연결,1212354718188,23297613824,44277575016,1249662505720,660560447178,589102058542,원,20250320000999,https://dart.fss.or.kr/dsaf001/main.do?rcpNo=20250320000999,2026-10-05,유가증권,016710,715,대구광역시 중구
00108940,대성홀딩스(주),2025,연결,1222634175867,28063138263,22316962886,1245621840622,632259129103,613362711519,원,20260319000799,https://dart.fss.or.kr/dsaf001/main.do?rcpNo=20260319000799,2026-10-05,유가증권,016710,715,대구광역시 중구
00108977,(주)대구백화점,2023,연결,,-15147326554,-29666182421,467423344729,269986052589,197437292140,원,20240321000387,https://dart.fss.or.kr/dsaf001/main.do?rcpNo=20240321000387,2026-10-05,유가증권,006370,47111,대구광역시 중구
00108977,(주)대구백화점,2024,연결,,-14996437410,-31258448492,432188136396,266183596847,166004539549,원,20250321000349,https://dart.fss.or.kr/dsaf001/main.do?rcpNo=20250321000349,2026-10-05,유가증권,006370,47111,대구광역시 중구
00108977,(주)대구백화점,2025,연결,,-14972843698,-32485571925,420746467837,283654388067,137092079770,원,20260323000628,https://dart.fss.or.kr/dsaf001/main.do?rcpNo=20260323000628,2026-10-05,유가증권,006370,47111,대구광역시 중구
00109019,주식회사 아이엠뱅크,2023,연결,,457151702758,363917146604,71446542105345,66690454968431,4756087136914,원,20240320001434,https://dart.fss.or.kr/dsaf001/main.do?rcpNo=20240320001434,2026-10-05,기타,005270,64121,대구광역시 수성구
00109019,주식회사 아이엠뱅크,2024,연결,,445556218237,365069353046,75318505042889,70270945159763,5047559883126,원,20250318001043,https://dart.fss.or.kr/dsaf001/main.do?rcpNo=20250318001043,2026-10-05,기타,005270,64121,대구광역시 수성구
00109019,주식회사 아이엠뱅크,2025,연결,,489240400685,389490109167,76104111552207,70838926944015,5265184608192,원,20260318001111,https://dart.fss.or.kr/dsaf001/main.do?rcpNo=20260318001111,2026-10-05,기타,005270,64121,대구광역시 수성구
00109286,(주)대동,2023,연결,1433390777280,65403445106,11919509695,1956376110942,1379316412077,577059698865,원,20240320002054,https://dart.fss.or.kr/dsaf001/main.do?rcpNo=20240320002054,2026-10-05,유가증권,000490,29210,대구광역시 달성군
00109286,(주)대동,2024,연결,1415582422216,18456574878,-45134481978,2132627316122,1531411970874,601215345248,원,20250318001356,https://dart.fss.or.kr/dsaf001/main.do?rcpNo=20250318001356,2026-10-05,유가증권,000490,29210,대구광역시 달성군
00109286,(주)대동,2025,연결,1484722098136,31224606429,-29871783649,2275000906820,1628494698079,646506208741,원,20260318001552,https://dart.fss.or.kr/dsaf001/main.do?rcpNo=20260318001552,2026-10-05,유가증권,000490,29210,대구광역시 달성군
00118965,(주)티에이치엔,2023,연결,586298306002,43062857026,27567226965,402977300428,284771236078,118206064350,원,20240320001057,https://dart.fss.or.kr/dsaf001/main.do?rcpNo=20240320001057,2026-10-05,유가증권,019180,289,대구광역시 달서구
00118965,(주)티에이치엔,2024,연결,651078994161,30963784763,33467756461,454354334361,306374015988,147980318373,원,20250319001022,https://dart.fss.or.kr/dsaf001/main.do?rcpNo=20250319001022,2026-10-05,유가증권,019180,289,대구광역시 달서구
00118965,(주)티에이치엔,2025,연결,989133894654,70059562137,68654027715,613083846458,386896552063,226187294395,원,20260323001500,https://dart.fss.or.kr/dsaf001/main.do?rcpNo=20260323001500,2026-10-05,유가증권,019180,289,대구광역시 달서구
00125521,에스엘(주),2023,연결,4838846695980,386185752873,349266124228,3235734467246,1226615063764,2009119403482,원,20240318000589,https://dart.fss.or.kr/dsaf001/main.do?rcpNo=20240318000589,2026-10-05,유가증권,005850,303,대구광역시 북구
00125521,에스엘(주),2024,연결,4973273970111,395164287548,381963573388,3698864220516,1301616145058,2397248075458,원,20250318000826,https://dart.fss.or.kr/dsaf001/main.do?rcpNo=20250318000826,2026-10-05,유가증권,005850,303,대구광역시 북구
00125521,에스엘(주),2025,연결,5239939345004,407099444958,320790309572,3997077723045,1345415829697,2651661893348,원,20260318000781,https://dart.fss.or.kr/dsaf001/main.do?rcpNo=20260318000781,2026-10-05,유가증권,005850,303,대구광역시 북구
00127802,삼익THK(주),2023,연결,315640474732,6935482797,985055837,473605961393,270907976513,202697984880,원,20240314001617,https://dart.fss.or.kr/dsaf001/main.do?rcpNo=20240314001617,2026-10-05,유가증권,004380,29141,대구광역시 달서구
00127802,삼익THK(주),2024,연결,304426059356,564892513,1533340639,463599405877,264770756288,198828649589,원,20250313001328,https://dart.fss.or.kr/dsaf001/main.do?rcpNo=20250313001328,2026-10-05,유가증권,004380,29141,대구광역시 달서구
00127802,삼익THK(주),2025,연결,222175005872,-35459793585,-44996713410,392780111552,235366960230,157413151322,원,20260319001288,https://dart.fss.or.kr/dsaf001/main.do?rcpNo=20260319001288,2026-10-05,유가증권,004380,29141,대구광역시 달서구
00129642,상신브레이크(주),2023,연결,575491184783,27544460360,14174122306,564873378508,353038164661,211835213847,원,20240315000633,https://dart.fss.or.kr/dsaf001/main.do?rcpNo=20240315000633,2026-10-05,유가증권,041650,303,대구광역시 달성군
00129642,상신브레이크(주),2024,연결,578555061212,20646142654,17388553000,591078392906,358440742250,232637650656,원,20250314001195,https://dart.fss.or.kr/dsaf001/main.do?rcpNo=20250314001195,2026-10-05,유가증권,041650,303,대구광역시 달성군
00129642,상신브레이크(주),2025,연결,542260553063,-1358122964,-12021082057,557807152421,338659199508,219147952913,원,20260318001187,https://dart.fss.or.kr/dsaf001/main.do?rcpNo=20260318001187,2026-10-05,유가증권,041650,303,대구광역시 달성군
00131504,(주)서한,2023,연결,621658295698,24232110451,8540380976,1127692671487,727534700894,400157970593,원,20240321000865,https://dart.fss.or.kr/dsaf001/main.do?rcpNo=20240321000865,2026-10-05,코스닥,011370,41112,대구광역시 수성구
00131504,(주)서한,2024,연결,749383130637,26460995446,19299386915,1385332111457,860420619473,524911491984,원,20250319000985,https://dart.fss.or.kr/dsaf001/main.do?rcpNo=20250319000985,2026-10-05,코스닥,011370,41112,대구광역시 수성구
00131504,(주)서한,2025,연결,645114465728,62554266987,28933183371,1229627196283,692797708080,536829488203,원,20260703000164,https://dart.fss.or.kr/dsaf001/main.do?rcpNo=20260703000164,2026-10-05,코스닥,011370,41112,대구광역시 수성구
00132868,(주)우성머티리얼스,2023,연결,33789509695,-9330409816,-42898920811,128439236485,101383849935,27055386550,원,20240321001113,https://dart.fss.or.kr/dsaf001/main.do?rcpNo=20240321001113,2026-10-05,유가증권,011300,13213,대구광역시 북구
00132868,(주)우성머티리얼스,2024,연결,25486891894,-10058669422,-32356567816,116893023052,85797260818,31095762234,원,20250320000581,https://dart.fss.or.kr/dsaf001/main.do?rcpNo=20250320000581,2026-10-05,유가증권,011300,13213,대구광역시 북구
00132868,(주)우성머티리얼스,2025,연결,24693017011,-2334614325,-7668669827,101326911828,70089050951,31237860877,원,20260318000501,https://dart.fss.or.kr/dsaf001/main.do?rcpNo=20260318000501,2026-10-05,유가증권,011300,13213,대구광역시 북구
00134316,(주)세원정공,2023,연결,159199457308,12037913130,-31272001756,674081857072,92873801552,581208055520,원,20230919000247,https://dart.fss.or.kr/dsaf001/main.do?rcpNo=20230919000247,2026-10-05,유가증권,021820,303,대구광역시 달서구
00134316,(주)세원정공,2024,연결,162533026895,19208271775,55006671008,725562845976,62735297261,662827548715,원,20250808000388,https://dart.fss.or.kr/dsaf001/main.do?rcpNo=20250808000388,2026-10-05,유가증권,021820,303,대구광역시 달서구
00134316,(주)세원정공,2025,연결,179353786749,17027924616,48754157191,779632174266,67597340884,712034833382,원,20250922000199,https://dart.fss.or.kr/dsaf001/main.do?rcpNo=20250922000199,2026-10-05,유가증권,021820,303,대구광역시 달서구
00155124,평화홀딩스(주),2023,연결,797052502774,16770674615,10947214569,560931482078,432409687812,128521794266,원,20240319000675,https://dart.fss.or.kr/dsaf001/main.do?rcpNo=20240319000675,2026-10-05,유가증권,010770,303,대구광역시 달성군
00155124,평화홀딩스(주),2024,연결,835189547389,28811212893,2433710312,533421606621,413487424502,119934182119,원,20250317000760,https://dart.fss.or.kr/dsaf001/main.do?rcpNo=20250317000760,2026-10-05,유가증권,010770,303,대구광역시 달성군
00155124,평화홀딩스(주),2025,연결,883676528085,34882064365,45167740118,558555295274,395878486536,162676808738,원,20260316000856,https://dart.fss.or.kr/dsaf001/main.do?rcpNo=20260316000856,2026-10-05,유가증권,010770,303,대구광역시 달성군
00155452,풍국주정공업(주),2023,연결,168467096763,11667462369,10826675534,193185248827,17230001935,175955246892,원,20240318000900,https://dart.fss.or.kr/dsaf001/main.do?rcpNo=20240318000900,2026-10-05,코스닥,023900,11121,대구광역시 달서구
00155452,풍국주정공업(주),2024,연결,156327300028,12499304649,10543602993,215238607323,29184892511,186053714812,원,20250318001261,https://dart.fss.or.kr/dsaf001/main.do?rcpNo=20250318001261,2026-10-05,코스닥,023900,11121,대구광역시 달서구
00155452,풍국주정공업(주),2025,연결,163520042927,16753616569,13406545078,223744587290,25579729287,198164858003,원,20260318001648,https://dart.fss.or.kr/dsaf001/main.do?rcpNo=20260318001648,2026-10-05,코스닥,023900,11121,대구광역시 달서구
00158024,케이비아이메탈(주),2023,연결,685035268666,7819137792,665696051,234401186980,112360099862,122041087118,원,20240320000568,https://dart.fss.or.kr/dsaf001/main.do?rcpNo=20240320000568,2026-10-05,코스닥,024840,242,대구광역시 달성군
00158024,케이비아이메탈(주),2024,연결,702691927333,17495103034,1639663391,257654613641,127304715705,130349897936,원,20250326001235,https://dart.fss.or.kr/dsaf001/main.do?rcpNo=20250326001235,2026-10-05,코스닥,024840,242,대구광역시 달성군
00158024,케이비아이메탈(주),2025,연결,758566539460,24344855274,1375050978,389288152677,248050389692,141237762985,원,20260319000983,https://dart.fss.or.kr/dsaf001/main.do?rcpNo=20260319000983,2026-10-05,코스닥,024840,242,대구광역시 달성군
00165103,(주)푸드웰,2023,연결,228487093117,8286725452,8183316059,220507295795,112285287768,108222008027,원,20240808000236,https://dart.fss.or.kr/dsaf001/main.do?rcpNo=20240808000236,2026-10-05,코스닥,005670,1030,대구광역시 달서구
00165103,(주)푸드웰,2024,연결,272990916857,13926410674,10944983833,236512472211,116716235832,119796236379,원,20250321001761,https://dart.fss.or.kr/dsaf001/main.do?rcpNo=20250321001761,2026-10-05,코스닥,005670,1030,대구광역시 달서구
00165103,(주)푸드웰,2025,연결,320327563488,18353038542,11994177686,238033339321,121880728360,116152610961,원,20260324000034,https://dart.fss.or.kr/dsaf001/main.do?rcpNo=20260324000034,2026-10-05,코스닥,005670,1030,대구광역시 달서구
00166333,(주)화신테크,2023,개별,0,-1514296006,-8752991701,31009316725,21119850364,9889466361,원,20240401003450,https://dart.fss.or.kr/dsaf001/main.do?rcpNo=20240401003450,2026-10-05,기타,086250,29293,대구광역시 북구
00166333,(주)화신테크,2024,개별,0,-2411383250,-4398810456,18595396078,13104740173,5490655905,원,20250407001849,https://dart.fss.or.kr/dsaf001/main.do?rcpNo=20250407001849,2026-10-05,기타,086250,29293,대구광역시 북구
00167004,흥구석유(주),2023,개별,126695388352,86981150,1129186202,91746920967,12651521692,79095399275,원,20240327000059,https://dart.fss.or.kr/dsaf001/main.do?rcpNo=20240327000059,2026-10-05,코스닥,024060,46712,대구광역시 중구
00167004,흥구석유(주),2024,개별,116852401318,-282773388,620410671,92926943729,14004200182,78922743547,원,20250313000639,https://dart.fss.or.kr/dsaf001/main.do?rcpNo=20250313000639,2026-10-05,코스닥,024060,46712,대구광역시 중구
00167004,흥구석유(주),2025,개별,107851699478,-994855488,158316728,92004183037,13568034703,78436148334,원,20260327000708,https://dart.fss.or.kr/dsaf001/main.do?rcpNo=20260327000708,2026-10-05,코스닥,024060,46712,대구광역시 중구
00174527,에이치에스화성(주),2023,연결,908068526965,25253673267,19208134783,991687669827,622246444215,369441225612,원,20240314001502,https://dart.fss.or.kr/dsaf001/main.do?rcpNo=20240314001502,2026-10-05,유가증권,002460,41112,대구광역시 수성구
00174527,에이치에스화성(주),2024,연결,612780034467,23733768464,13467749775,833478390833,450537649623,382940741210,원,20250320001481,https://dart.fss.or.kr/dsaf001/main.do?rcpNo=20250320001481,2026-10-05,유가증권,002460,41112,대구광역시 수성구
00174527,에이치에스화성(주),2025,연결,659478953752,43245443500,30907001990,742153231447,304276445287,437876786160,원,20260319000781,https://dart.fss.or.kr/dsaf001/main.do?rcpNo=20260319000781,2026-10-05,유가증권,002460,41112,대구광역시 수성구
00175650,케이씨더블류 (주),2023,연결,5916124880,-815232899,-1916943767,11846978186,11540133657,306844529,원,20240319000518,https://dart.fss.or.kr/dsaf001/main.do?rcpNo=20240319000518,2026-10-05,기타,068060,68112,대구광역시 달서구
00175650,케이씨더블류 (주),2024,연결,5228081902,-587437587,162697052,12680452153,6712655044,5967797109,원,20250319000464,https://dart.fss.or.kr/dsaf001/main.do?rcpNo=20250319000464,2026-10-05,기타,068060,68112,대구광역시 달서구
00175650,케이씨더블류 (주),2025,연결,4876442110,-1617531763,-8594096,10207901149,3893493422,6314407727,원,20260319000442,https://dart.fss.or.kr/dsaf001/main.do?rcpNo=20260319000442,2026-10-05,기타,068060,68112,대구광역시 달서구
00191287,대동금속(주),2023,개별,133065161759,1301329207,830402461,102674611649,50236316857,52438294792,원,20240320000756,https://dart.fss.or.kr/dsaf001/main.do?rcpNo=20240320000756,2026-10-05,코스닥,020400,24312,대구광역시 달성군
00191287,대동금속(주),2024,개별,99514130970,-6503287192,-5823383081,97333008386,51466413813,45866594573,원,20250318000643,https://dart.fss.or.kr/dsaf001/main.do?rcpNo=20250318000643,2026-10-05,코스닥,020400,24312,대구광역시 달성군
00191287,대동금속(주),2025,개별,101817187819,100414709,-1390413261,98820466184,55281141661,43539324523,원,20260318000731,https://dart.fss.or.kr/dsaf001/main.do?rcpNo=20260318000731,2026-10-05,코스닥,020400,24312,대구광역시 달성군
00202060,(주)구영테크,2023,연결,357438435431,28953283159,18644442897,317065956211,210493412482,106572543729,원,20240320001361,https://dart.fss.or.kr/dsaf001/main.do?rcpNo=20240320001361,2026-10-05,코스닥,053270,303,대구광역시 달성군
00202060,(주)구영테크,2024,연결,377361299120,28853581117,18215888025,384520058920,254019330410,130500728510,원,20250318000572,https://dart.fss.or.kr/dsaf001/main.do?rcpNo=20250318000572,2026-10-05,코스닥,053270,303,대구광역시 달성군
00202060,(주)구영테크,2025,연결,426181253496,24310734730,22566030710,710509062441,556537908510,153971153931,원,20260316001359,https://dart.fss.or.kr/dsaf001/main.do?rcpNo=20260316001359,2026-10-05,코스닥,053270,303,대구광역시 달성군
00204642,(주)티비씨,2023,연결,43505868968,4137402175,6194310171,134217378721,7854020250,126363358471,원,20240321001617,https://dart.fss.or.kr/dsaf001/main.do?rcpNo=20240321001617,2026-10-05,코스닥,033830,60210,대구광역시 수성구
00204642,(주)티비씨,2024,연결,40284018896,1456314716,3802312247,135621536292,7645164007,127976372285,원,20250513000334,https://dart.fss.or.kr/dsaf001/main.do?rcpNo=20250513000334,2026-10-05,코스닥,033830,60210,대구광역시 수성구
00204642,(주)티비씨,2025,연결,42691388395,1484573947,3799296059,137292302327,5961241021,131331061306,원,20260319000683,https://dart.fss.or.kr/dsaf001/main.do?rcpNo=20260319000683,2026-10-05,코스닥,033830,60210,대구광역시 수성구
00217743,화성밸브(주),2023,연결,91550544835,10029597192,8066489164,130325009989,41804329358,88520680631,원,20240320000152,https://dart.fss.or.kr/dsaf001/main.do?rcpNo=20240320000152,2026-10-05,코스닥,039610,29133,대구광역시 서구
00217743,화성밸브(주),2024,연결,91263944666,7963490108,7102994731,130853121273,36314952018,94538169255,원,20250321001566,https://dart.fss.or.kr/dsaf001/main.do?rcpNo=20250321001566,2026-10-05,코스닥,039610,29133,대구광역시 서구
00217743,화성밸브(주),2025,연결,81448684458,-1648107800,-1966197176,128787513223,34412736553,94374776670,원,20260320000173,https://dart.fss.or.kr/dsaf001/main.do?rcpNo=20260320000173,2026-10-05,코스닥,039610,29133,대구광역시 서구
00261285,한국가스공사(주),2023,연결,44555995015027,1553418857598,-747428633334,57254666338284,47428628235286,9826038102998,원,20240325000966,https://dart.fss.or.kr/dsaf001/main.do?rcpNo=20240325000966,2026-10-05,유가증권,036460,35200,대구광역시 동구
00261285,한국가스공사(주),2024,연결,38388740000000,3003363000000,1148985000000,57669637000000,46843281000000,10826356000000,원,20250325000742,https://dart.fss.or.kr/dsaf001/main.do?rcpNo=20250325000742,2026-10-05,유가증권,036460,35200,대구광역시 동구
00261285,한국가스공사(주),2025,연결,35727336000000,2101151000000,132251000000,53627847000000,42828922000000,10798925000000,원,20260323001058,https://dart.fss.or.kr/dsaf001/main.do?rcpNo=20260323001058,2026-10-05,유가증권,036460,35200,대구광역시 동구
00288495,주식회사 에이치씨홈센타,2023,연결,427496922550,39719633111,31027488204,444759073510,214316328169,230442745341,원,20250106000359,https://dart.fss.or.kr/dsaf001/main.do?rcpNo=20250106000359,2026-10-05,코스닥,060560,467,대구광역시 북구
00288495,주식회사 에이치씨홈센타,2024,연결,369039055143,12312167768,5798177352,487785641782,247386183081,240399458701,원,20250318000797,https://dart.fss.or.kr/dsaf001/main.do?rcpNo=20250318000797,2026-10-05,코스닥,060560,467,대구광역시 북구
00288495,주식회사 에이치씨홈센타,2025,연결,298824352914,-18513534433,-23844012309,496363938917,289168385077,207195553840,원,20260323001089,https://dart.fss.or.kr/dsaf001/main.do?rcpNo=20260323001089,2026-10-05,코스닥,060560,467,대구광역시 북구
00308896,(주)셀피글로벌,2023,연결,34548050084,2059022012,234658557,32935484067,14305660962,18629823105,원,20241129002074,https://dart.fss.or.kr/dsaf001/main.do?rcpNo=20241129002074,2026-10-05,코스닥,068940,26293,대구광역시 달서구
00308896,(주)셀피글로벌,2024,연결,33712530431,-1707181447,-1825289437,27979942852,10201129283,17778813569,원,20250811000476,https://dart.fss.or.kr/dsaf001/main.do?rcpNo=20250811000476,2026-10-05,코스닥,068940,26293,대구광역시 달서구
00308896,(주)셀피글로벌,2025,연결,35505883136,-3428445028,-10567028684,25777691812,15531322898,10246368914,원,20260323001695,https://dart.fss.or.kr/dsaf001/main.do?rcpNo=20260323001695,2026-10-05,코스닥,068940,26293,대구광역시 달서구
00351092,삼보모터스(주),2023,연결,1440557265080,51648116490,29804014257,1037465852411,718621177575,318844674836,원,20240321001493,https://dart.fss.or.kr/dsaf001/main.do?rcpNo=20240321001493,2026-10-05,코스닥,053700,303,대구광역시 달서구
00351092,삼보모터스(주),2024,연결,1570625502210,54271873657,43826664737,1209043218812,827595481304,381447737508,원,20250320001598,https://dart.fss.or.kr/dsaf001/main.do?rcpNo=20250320001598,2026-10-05,코스닥,053700,303,대구광역시 달서구
00351092,삼보모터스(주),2025,연결,1684582152379,61729555951,20266061263,1337854672855,918498055805,419356617050,원,20260323000719,https://dart.fss.or.kr/dsaf001/main.do?rcpNo=20260323000719,2026-10-05,코스닥,053700,303,대구광역시 달서구
00361381,(주)제이브이엠,2023,연결,157085342969,29770728060,26243571574,257522493174,78030231968,179492261206,원,20240321001608,https://dart.fss.or.kr/dsaf001/main.do?rcpNo=20240321001608,2026-10-05,코스닥,054950,29192,대구광역시 달서구
00361381,(주)제이브이엠,2024,연결,159434150636,30675011499,28844340035,284799777615,82463755191,202336022424,원,20250321001593,https://dart.fss.or.kr/dsaf001/main.do?rcpNo=20250321001593,2026-10-05,코스닥,054950,29192,대구광역시 달서구
00361381,(주)제이브이엠,2025,연결,173129219712,33276260919,28350804537,319127680911,85180325791,233947355120,원,20260323001116,https://dart.fss.or.kr/dsaf001/main.do?rcpNo=20260323001116,2026-10-05,코스닥,054950,29192,대구광역시 달서구
00369833,유니온머티리얼(주),2023,연결,116470234149,-4667933911,-18050286189,187088686775,123358030616,63730656159,원,20240320001765,https://dart.fss.or.kr/dsaf001/main.do?rcpNo=20240320001765,2026-10-05,유가증권,047400,23222,대구광역시 달서구
00369833,유니온머티리얼(주),2024,연결,108366485493,-16501073442,-46475655498,138270697101,122844808859,15425888242,원,20250319000740,https://dart.fss.or.kr/dsaf001/main.do?rcpNo=20250319000740,2026-10-05,유가증권,047400,23222,대구광역시 달서구
00369833,유니온머티리얼(주),2025,연결,101937090012,5429904795,2459943818,136395574481,116768817082,19626757399,원,20260318001126,https://dart.fss.or.kr/dsaf001/main.do?rcpNo=20260318001126,2026-10-05,유가증권,047400,23222,대구광역시 달서구
00398701,(주)엘앤에프,2023,연결,4644090367589,-222296651919,-194922089742,3351444610588,2241456006787,1109988603801,원,20240328001260,https://dart.fss.or.kr/dsaf001/main.do?rcpNo=20240328001260,2026-10-05,유가증권,066970,28202,대구광역시 달서구
00398701,(주)엘앤에프,2024,연결,1907478512809,-558685355192,-380729239417,2799831517733,2076483586372,723347931361,원,20250311001260,https://dart.fss.or.kr/dsaf001/main.do?rcpNo=20250311001260,2026-10-05,유가증권,066970,28202,대구광역시 달서구
00398701,(주)엘앤에프,2025,연결,2154938965103,-156849943423,-534701333152,3134104265112,2457280374466,676823890646,원,20260814000818,https://dart.fss.or.kr/dsaf001/main.do?rcpNo=20260814000818,2026-10-05,유가증권,066970,28202,대구광역시 달서구
00404288,(주)아진엑스텍,2023,개별,24884104476,-912692556,494231750,47733264369,4899866706,42833397663,원,20240318000676,https://dart.fss.or.kr/dsaf001/main.do?rcpNo=20240318000676,2026-10-05,코스닥,059120,2611,대구광역시 달서구
00404288,(주)아진엑스텍,2024,개별,25168306541,-4189061187,-2841785301,45119440348,4858629301,40260811047,원,20250320000658,https://dart.fss.or.kr/dsaf001/main.do?rcpNo=20250320000658,2026-10-05,코스닥,059120,2611,대구광역시 달서구
00404288,(주)아진엑스텍,2025,개별,24617900877,962725276,837150932,45229672958,3979700202,41249972756,원,20260323000265,https://dart.fss.or.kr/dsaf001/main.do?rcpNo=20260323000265,2026-10-05,코스닥,059120,2611,대구광역시 달서구
00411048,(주)에스앤에스텍,2023,연결,150320408224,25039402690,25854851119,256758748753,35959971560,220798777193,원,20240315000401,https://dart.fss.or.kr/dsaf001/main.do?rcpNo=20240315000401,2026-10-05,코스닥,101490,2629,대구광역시 달서구
00411048,(주)에스앤에스텍,2024,연결,176013891367,29478688017,30313647619,297031688485,50184639632,246847048853,원,20250317000263,https://dart.fss.or.kr/dsaf001/main.do?rcpNo=20250317000263,2026-10-05,코스닥,101490,2629,대구광역시 달서구
00411048,(주)에스앤에스텍,2025,연결,243733252593,50389752346,58092807910,393041682256,88783777330,304257904926,원,20260316000487,https://dart.fss.or.kr/dsaf001/main.do?rcpNo=20260316000487,2026-10-05,코스닥,101490,2629,대구광역시 달서구
00428729,(주)대호에이엘,2023,개별,181568717221,8359024150,3485683671,145877679821,51150337040,94727342781,원,20240320001502,https://dart.fss.or.kr/dsaf001/main.do?rcpNo=20240320001502,2026-10-05,유가증권,069460,24222,대구광역시 달성군
00428729,(주)대호에이엘,2024,개별,168532831254,5826923476,1395116723,150164209033,55481697890,94682511143,원,20250711000353,https://dart.fss.or.kr/dsaf001/main.do?rcpNo=20250711000353,2026-10-05,유가증권,069460,24222,대구광역시 달성군
00428729,(주)대호에이엘,2025,연결,215642472961,3471899198,-32498702771,169573525667,85168413963,84405111704,원,20260324000005,https://dart.fss.or.kr/dsaf001/main.do?rcpNo=20260324000005,2026-10-05,유가증권,069460,24222,대구광역시 달성군
00442048,(주)아바텍,2023,개별,75771249556,2199978697,4800902670,150203353465,7808788601,142394564864,원,20240312000754,https://dart.fss.or.kr/dsaf001/main.do?rcpNo=20240312000754,2026-10-05,코스닥,149950,26211,대구광역시 달서구
00442048,(주)아바텍,2024,개별,84545739299,5797381978,8896383643,154668851604,9463511764,145205339840,원,20250404003533,https://dart.fss.or.kr/dsaf001/main.do?rcpNo=20250404003533,2026-10-05,코스닥,149950,26211,대구광역시 달서구
00442048,(주)아바텍,2025,개별,80944405170,6148093789,6918864452,163284575024,11271716690,152012858334,원,20260312001140,https://dart.fss.or.kr/dsaf001/main.do?rcpNo=20260312001140,2026-10-05,코스닥,149950,26211,대구광역시 달서구
00533924,(주)이브이첨단소재,2023,연결,62797170564,-5770212015,1560226018,134413063622,13984078691,120428984931,원,20240321000554,https://dart.fss.or.kr/dsaf001/main.do?rcpNo=20240321000554,2026-10-05,코스닥,131400,2622,대구광역시 달서구
00533924,(주)이브이첨단소재,2024,연결,81920209500,2566102422,-8294278981,144037746838,28397342198,115640404640,원,20250320001712,https://dart.fss.or.kr/dsaf001/main.do?rcpNo=20250320001712,2026-10-05,코스닥,131400,2622,대구광역시 달서구
00533924,(주)이브이첨단소재,2025,연결,58957039857,-3175789091,-21574684330,136382252288,33728954687,102653297601,원,20260324000012,https://dart.fss.or.kr/dsaf001/main.do?rcpNo=20260324000012,2026-10-05,코스닥,131400,2622,대구광역시 달서구
00540605,(주)이월드,2023,개별,115275724966,7922828646,-9443187616,421666523743,186383287497,235283236246,원,20240314000693,https://dart.fss.or.kr/dsaf001/main.do?rcpNo=20240314000693,2026-10-05,유가증권,084680,331,대구광역시 달서구
00540605,(주)이월드,2024,개별,108453970504,-419841181,-20603307218,426903853313,192613813274,234290040039,원,20250313000580,https://dart.fss.or.kr/dsaf001/main.do?rcpNo=20250313000580,2026-10-05,유가증권,084680,331,대구광역시 달서구
00540605,(주)이월드,2025,개별,88727496688,-3177099947,-18636720380,405276070976,190430900842,214845170134,원,20260319000675,https://dart.fss.or.kr/dsaf001/main.do?rcpNo=20260319000675,2026-10-05,유가증권,084680,331,대구광역시 달서구
00568461,(주)에이치씨보광산업,2023,연결,85460172473,18912752031,16662368432,165717975257,70540296233,95177679024,원,20240320001441,https://dart.fss.or.kr/dsaf001/main.do?rcpNo=20240320001441,2026-10-05,코스닥,225530,239,대구광역시 북구
00568461,(주)에이치씨보광산업,2024,연결,63877146203,8863028851,5238946053,179145646984,79412181298,99733465686,원,20250318001123,https://dart.fss.or.kr/dsaf001/main.do?rcpNo=20250318001123,2026-10-05,코스닥,225530,239,대구광역시 북구
00568461,(주)에이치씨보광산업,2025,연결,38493462752,-4871625215,-2492104615,175263808874,83320266646,91943542228,원,20260323001053,https://dart.fss.or.kr/dsaf001/main.do?rcpNo=20260323001053,2026-10-05,코스닥,225530,239,대구광역시 북구
00573579,평화산업(주),2023,연결,564038964404,9937617006,3632456925,252411568748,209045458106,43366110642,원,20240319000674,https://dart.fss.or.kr/dsaf001/main.do?rcpNo=20240319000674,2026-10-05,유가증권,090080,303,대구광역시 달성군
00573579,평화산업(주),2024,연결,588377472367,14061353558,3833191318,232580292137,186505889950,46074402187,원,20250317000667,https://dart.fss.or.kr/dsaf001/main.do?rcpNo=20250317000667,2026-10-05,유가증권,090080,303,대구광역시 달성군
00573579,평화산업(주),2025,연결,626062341683,13342639921,15706368362,256001257575,193874818875,62126438700,원,20260316000837,https://dart.fss.or.kr/dsaf001/main.do?rcpNo=20260316000837,2026-10-05,유가증권,090080,303,대구광역시 달성군
00577335,(주)대성하이텍,2023,연결,92797688898,-6581048283,-7485693014,188870682626,114771598264,74099084362,원,20240318000347,https://dart.fss.or.kr/dsaf001/main.do?rcpNo=20240318000347,2026-10-05,코스닥,129920,29223,대구광역시 달성군
00577335,(주)대성하이텍,2024,연결,92831306875,-13136615453,-12510719210,186595686542,123969416116,62626270426,원,20250321001757,https://dart.fss.or.kr/dsaf001/main.do?rcpNo=20250321001757,2026-10-05,코스닥,129920,29223,대구광역시 달성군
00577335,(주)대성하이텍,2025,연결,95216185446,-2295340664,-6174743090,186030839262,123449059998,62581779264,원,20260323000925,https://dart.fss.or.kr/dsaf001/main.do?rcpNo=20260323000925,2026-10-05,코스닥,129920,29223,대구광역시 달성군
00620558,(주)루트케이,2023,연결,25375405459,-8807316159,-25742047377,142109874806,19769411721,122340463085,원,20240321001345,https://dart.fss.or.kr/dsaf001/main.do?rcpNo=20240321001345,2026-10-05,코스닥,195990,29223,대구광역시 달성군
00620558,(주)루트케이,2024,연결,31663085394,-10206548561,-15629483396,141262933199,33250998236,108011934963,원,20250320001144,https://dart.fss.or.kr/dsaf001/main.do?rcpNo=20250320001144,2026-10-05,코스닥,195990,29223,대구광역시 달성군
00620558,(주)루트케이,2025,연결,31922791800,-9281936003,-48919928977,74776905733,20748062660,54028843073,원,20260323000905,https://dart.fss.or.kr/dsaf001/main.do?rcpNo=20260323000905,2026-10-05,코스닥,195990,29223,대구광역시 달성군
00632793,전진바이오팜(주),2023,개별,15680552055,-1244871755,-6439821104,17703670101,11484009185,6219660916,원,20240321001488,https://dart.fss.or.kr/dsaf001/main.do?rcpNo=20240321001488,2026-10-05,코스닥,110020,2049,대구광역시 달서구
00632793,전진바이오팜(주),2024,개별,19272841086,1158262258,4346135759,18853293193,1191861555,17661431638,원,20250814003498,https://dart.fss.or.kr/dsaf001/main.do?rcpNo=20250814003498,2026-10-05,코스닥,110020,2049,대구광역시 달서구
00632793,전진바이오팜(주),2025,개별,13694344910,-342851662,-195814037,18509033933,1100905743,17408128190,원,20260316001483,https://dart.fss.or.kr/dsaf001/main.do?rcpNo=20260316001483,2026-10-05,코스닥,110020,2049,대구광역시 달서구
00671376,(주)트리니티항공,2023,연결,1348759428136,139411816543,99132288401,1283873353732,1126731302741,157142050991,원,20240321001328,https://dart.fss.or.kr/dsaf001/main.do?rcpNo=20240321001328,2026-10-05,유가증권,091810,511,대구광역시 중구
00671376,(주)트리니티항공,2024,연결,1536779555361,-12271128596,-65878206674,1562449951177,1480167986422,82281964755,원,20250321001231,https://dart.fss.or.kr/dsaf001/main.do?rcpNo=20250321001231,2026-10-05,유가증권,091810,511,대구광역시 중구
00671376,(주)트리니티항공,2025,연결,1798180813715,-265467968425,-338259764519,1872310061852,1820281660257,52028401595,원,20260430001376,https://dart.fss.or.kr/dsaf001/main.do?rcpNo=20260430001376,2026-10-05,유가증권,091810,511,대구광역시 중구
00693554,(주)티케이케미칼,2023,개별,416317359659,-32001572627,-8916267156,1372242761413,422880082353,949362679060,원,20240321001810,https://dart.fss.or.kr/dsaf001/main.do?rcpNo=20240321001810,2026-10-05,코스닥,104480,20501,대구광역시 북구
00693554,(주)티케이케미칼,2024,개별,339574686712,-1585026335,-112075735870,1486403612128,378280251620,1108123360508,원,20250321001887,https://dart.fss.or.kr/dsaf001/main.do?rcpNo=20250321001887,2026-10-05,코스닥,104480,20501,대구광역시 북구
00693554,(주)티케이케미칼,2025,개별,345756223802,2403179067,116509818824,1475543333684,248019018194,1227524315490,원,20260323001373,https://dart.fss.or.kr/dsaf001/main.do?rcpNo=20260323001373,2026-10-05,코스닥,104480,20501,대구광역시 북구
00759902,(주)우방,2023,연결,95409770567,-49865249175,-59445044494,590849438205,227431787347,363417650858,원,20240401003062,https://dart.fss.or.kr/dsaf001/main.do?rcpNo=20240401003062,2026-10-05,기타,,4111,대구광역시 북구
00759902,(주)우방,2024,연결,121378997664,-48816274141,-68861930262,728517465138,395828640624,332688824514,원,20250331004141,https://dart.fss.or.kr/dsaf001/main.do?rcpNo=20250331004141,2026-10-05,기타,,4111,대구광역시 북구
00759902,(주)우방,2025,연결,146706368983,-10629756110,1692252039,705659387232,355474616056,350184771176,원,20260331004954,https://dart.fss.or.kr/dsaf001/main.do?rcpNo=20260331004954,2026-10-05,기타,,4111,대구광역시 북구
00765897,한국피아이엠(주),2025,연결,36931110519,1455551263,-54237984,85889946272,28918236873,56971709399,원,20260320001061,https://dart.fss.or.kr/dsaf001/main.do?rcpNo=20260320001061,2026-10-05,코스닥,448900,303,대구광역시 달성군
00787376,대성에너지(주),2023,연결,999533749249,20391954237,14937263678,803198158498,483594707410,319603451088,원,20240312000816,https://dart.fss.or.kr/dsaf001/main.do?rcpNo=20240312000816,2026-10-05,유가증권,117580,35200,대구광역시 중구
00787376,대성에너지(주),2024,연결,995129899139,20476271942,17261222932,797405774074,468522956948,328882817126,원,20250320001296,https://dart.fss.or.kr/dsaf001/main.do?rcpNo=20250320001296,2026-10-05,유가증권,117580,35200,대구광역시 중구
00787376,대성에너지(주),2025,개별,1017938768125,30348573111,24619870264,791257168433,445537964210,345719204223,원,20260318001167,https://dart.fss.or.kr/dsaf001/main.do?rcpNo=20260318001167,2026-10-05,유가증권,117580,35200,대구광역시 중구
00878915,(주)아이엠금융지주,2023,연결,,534254826716,412181438046,93359783776425,87076229658301,6283554118124,원,20240430000805,https://dart.fss.or.kr/dsaf001/main.do?rcpNo=20240430000805,2026-10-05,유가증권,139130,64992,대구광역시 북구
00878915,(주)아이엠금융지주,2024,연결,,263433380414,201560238160,94148635110781,87942881715123,6205753395658,원,20250318000693,https://dart.fss.or.kr/dsaf001/main.do?rcpNo=20250318000693,2026-10-05,유가증권,139130,64992,대구광역시 북구
00878915,(주)아이엠금융지주,2025,연결,,583241000000,457486000000,98860713000000,92423945000000,6436768000000,원,20260515000720,https://dart.fss.or.kr/dsaf001/main.do?rcpNo=20260515000720,2026-10-05,유가증권,139130,64992,대구광역시 북구
01023211,와이제이링크(주),2024,연결,48533636570,-1266842685,394384071,115726215848,37544914420,78181301428,원,20250320001548,https://dart.fss.or.kr/dsaf001/main.do?rcpNo=20250320001548,2026-10-05,코스닥,209640,29299,대구광역시 달성군
01023211,와이제이링크(주),2025,연결,46072766900,-3472858128,-3101243499,123519529020,49029727634,74489801386,원,20260319000950,https://dart.fss.or.kr/dsaf001/main.do?rcpNo=20260319000950,2026-10-05,코스닥,209640,29299,대구광역시 달성군
01090471,(주)에스에프에이넥셀,2023,연결,310163525240,38942742837,28623638657,597029327289,331406985177,265622342112,원,20240321000790,https://dart.fss.or.kr/dsaf001/main.do?rcpNo=20240321000790,2026-10-05,코스닥,222080,292,대구광역시 동구
01090471,(주)에스에프에이넥셀,2024,연결,508540762515,59345580400,56177600698,733820121618,255080519088,478739602530,원,20250807000242,https://dart.fss.or.kr/dsaf001/main.do?rcpNo=20250807000242,2026-10-05,코스닥,222080,292,대구광역시 동구
01090471,(주)에스에프에이넥셀,2025,연결,407181174584,33510401320,28731605551,660203408842,152513726612,507689682230,원,20260320001352,https://dart.fss.or.kr/dsaf001/main.do?rcpNo=20260320001352,2026-10-05,코스닥,222080,292,대구광역시 동구
01144569,(주)피엔티 엠에스,2023,개별,25029807561,-1062362267,-2485154547,50901786770,26692069638,24209717132,원,20240318000622,https://dart.fss.or.kr/dsaf001/main.do?rcpNo=20240318000622,2026-10-05,코스닥,257370,292,대구광역시 달서구
01144569,(주)피엔티 엠에스,2024,개별,26217506855,1180029330,1441030335,56670110391,28522887724,28147222667,원,20250814000169,https://dart.fss.or.kr/dsaf001/main.do?rcpNo=20250814000169,2026-10-05,코스닥,257370,292,대구광역시 달서구
01144569,(주)피엔티 엠에스,2025,개별,11082330000,-2124801207,-7330579133,52886257303,31367633929,21518623374,원,20260316000348,https://dart.fss.or.kr/dsaf001/main.do?rcpNo=20260316000348,2026-10-05,코스닥,257370,292,대구광역시 달서구
01179617,(주)한국비엔씨,2023,연결,80997489681,6045988919,26116111831,236152384114,21945924187,214206459927,원,20240321001661,https://dart.fss.or.kr/dsaf001/main.do?rcpNo=20240321001661,2026-10-05,코스닥,256840,211,대구광역시 달서구
01179617,(주)한국비엔씨,2024,연결,89229997633,10705760232,13264766446,267074348028,30584078223,236490269805,원,20250814003452,https://dart.fss.or.kr/dsaf001/main.do?rcpNo=20250814003452,2026-10-05,코스닥,256840,211,대구광역시 달서구
01179617,(주)한국비엔씨,2025,연결,95899224534,1630469768,2046628725,277985647693,38449580498,239536067195,원,20260408003166,https://dart.fss.or.kr/dsaf001/main.do?rcpNo=20260408003166,2026-10-05,코스닥,256840,211,대구광역시 달서구
01187494,주식회사 덴티스,2023,연결,94334674935,428688410,2550399236,187639132340,130229959090,57409173250,원,20240320001892,https://dart.fss.or.kr/dsaf001/main.do?rcpNo=20240320001892,2026-10-05,코스닥,261200,271,대구광역시 달서구
01187494,주식회사 덴티스,2024,연결,114283327326,-446195829,2271211975,214246983989,156316552515,57930431474,원,20250319000812,https://dart.fss.or.kr/dsaf001/main.do?rcpNo=20250319000812,2026-10-05,코스닥,261200,271,대구광역시 달서구
01187494,주식회사 덴티스,2025,연결,114245201119,-10413973139,-16472552238,209108219675,163315134266,45793085409,원,20260330001698,https://dart.fss.or.kr/dsaf001/main.do?rcpNo=20260330001698,2026-10-05,코스닥,261200,271,대구광역시 달서구
01211889,주식회사 이지스,2025,개별,21250116427,-6798876860,-4807683600,67455823286,18527947100,48927876186,원,20260320000003,https://dart.fss.or.kr/dsaf001/main.do?rcpNo=20260320000003,2026-10-05,코스닥,261520,58221,대구광역시 수성구
01223219,에이에프더블류(주),2023,개별,6822097666,-4082720063,-3019611866,65756418573,2818399124,62938019449,원,20240320000335,https://dart.fss.or.kr/dsaf001/main.do?rcpNo=20240320000335,2026-10-05,코스닥,312610,242,대구광역시 달성군
01223219,에이에프더블류(주),2024,개별,15744037340,-6475847079,-5612828409,71248598554,13923407514,57325191040,원,20250318000018,https://dart.fss.or.kr/dsaf001/main.do?rcpNo=20250318000018,2026-10-05,코스닥,312610,242,대구광역시 달성군
01223219,에이에프더블류(주),2025,개별,13707979371,-9520851758,-10260326956,67396282298,20331418214,47064864084,원,20260317000168,https://dart.fss.or.kr/dsaf001/main.do?rcpNo=20260317000168,2026-10-05,코스닥,312610,242,대구광역시 달성군
01381799,주식회사 엔도비전,2025,연결,19831333366,3231277387,760413970,34869791529,38748250681,-3878459152,원,20260527000292,https://dart.fss.or.kr/dsaf001/main.do?rcpNo=20260527000292,2026-10-05,기타,,21309,대구광역시 동구
01455410,주식회사 파인메딕스,2024,연결,9960360985,-29192239,-24152328,26898440044,6114217920,20784222124,원,20250318000406,https://dart.fss.or.kr/dsaf001/main.do?rcpNo=20250318000406,2026-10-05,코스닥,387570,27199,대구광역시 동구
01455410,주식회사 파인메딕스,2025,연결,9522704304,-2580325297,-1877915520,25521054978,6517660100,19003394878,원,20260626000596,https://dart.fss.or.kr/dsaf001/main.do?rcpNo=20260626000596,2026-10-05,코스닥,387570,27199,대구광역시 동구
