corp_code,name,year,segment,product,use,share_pct,rcept_no,source_url,as_of
00102353,경창산업(주),2025,,AUTO T/M부품,"오토미션 HUB,DRUM류 부품",62.45,20260323000235,https://dart.fss.or.kr/dsaf001/main.do?rcpNo=20260323000235,2026-10-06
00102353,경창산업(주),2025,,ACTUATOR,DCT 미션부품,12.44,20260323000235,https://dart.fss.or.kr/dsaf001/main.do?rcpNo=20260323000235,2026-10-06
00102353,경창산업(주),2025,,CABLE,동력전달장치,1.4,20260323000235,https://dart.fss.or.kr/dsaf001/main.do?rcpNo=20260323000235,2026-10-06
00102353,경창산업(주),2025,,PEDAL,"BRAKE, APM 등",6.55,20260323000235,https://dart.fss.or.kr/dsaf001/main.do?rcpNo=20260323000235,2026-10-06
00102353,경창산업(주),2025,,LEVER,오토레버,7.32,20260323000235,https://dart.fss.or.kr/dsaf001/main.do?rcpNo=20260323000235,2026-10-06
00102353,경창산업(주),2025,,RESERVOIR TANK,오일저장용,0.05,20260323000235,https://dart.fss.or.kr/dsaf001/main.do?rcpNo=20260323000235,2026-10-06
00107224,(주)남선알미늄,2025,알미늄사업부문,AL조립품외,건축용자재,0.04,20260323001569,https://dart.fss.or.kr/dsaf001/main.do?rcpNo=20260323001569,2026-10-06
00107224,(주)남선알미늄,2025,알미늄사업부문,AL조립품외,건축용자재,3.53,20260323001569,https://dart.fss.or.kr/dsaf001/main.do?rcpNo=20260323001569,2026-10-06
00107224,(주)남선알미늄,2025,알미늄사업부문,AL형재,〃,53.51,20260323001569,https://dart.fss.or.kr/dsaf001/main.do?rcpNo=20260323001569,2026-10-06
00107224,(주)남선알미늄,2025,알미늄사업부문,AL조립품외,〃,42.03,20260323001569,https://dart.fss.or.kr/dsaf001/main.do?rcpNo=20260323001569,2026-10-06
00107224,(주)남선알미늄,2025,알미늄사업부문,부재료외,건축 자재외,0.88,20260323001569,https://dart.fss.or.kr/dsaf001/main.do?rcpNo=20260323001569,2026-10-06
00107224,(주)남선알미늄,2025,자동차사업부문,범퍼,자동차펌퍼,2.88,20260323001569,https://dart.fss.or.kr/dsaf001/main.do?rcpNo=20260323001569,2026-10-06
00107224,(주)남선알미늄,2025,자동차사업부문,범퍼,자동차펌퍼,94.46,20260323001569,https://dart.fss.or.kr/dsaf001/main.do?rcpNo=20260323001569,2026-10-06
00107224,(주)남선알미늄,2025,자동차사업부문,부재료 외,부재료 외,2.65,20260323001569,https://dart.fss.or.kr/dsaf001/main.do?rcpNo=20260323001569,2026-10-06
00107613,(주)이수페타시스,2025,PCB사업,PCB(인쇄회로기판),전자부품,,20260323000847,https://dart.fss.or.kr/dsaf001/main.do?rcpNo=20260323000847,2026-10-06
00107613,(주)이수페타시스,2025,PCB사업,PCB(인쇄회로기판),전자부품,,20260323000847,https://dart.fss.or.kr/dsaf001/main.do?rcpNo=20260323000847,2026-10-06
00108940,대성홀딩스(주),2025,경영관리본부,용역매출,,62.85,20260319000799,https://dart.fss.or.kr/dsaf001/main.do?rcpNo=20260319000799,2026-10-06
00108940,대성홀딩스(주),2025,IT사업부,"용역,통신서비스 등",,37.15,20260319000799,https://dart.fss.or.kr/dsaf001/main.do?rcpNo=20260319000799,2026-10-06
00108977,(주)대구백화점,2025,백화점부문,의류외,,,20260323000628,https://dart.fss.or.kr/dsaf001/main.do?rcpNo=20260323000628,2026-10-06
00108977,(주)대구백화점,2025,백화점부문,임대료외,,,20260323000628,https://dart.fss.or.kr/dsaf001/main.do?rcpNo=20260323000628,2026-10-06
00109019,주식회사 아이엠뱅크,2025,수신업무,"국고예금, 당좌예금, 가계당좌예금, 보통예금, 신자유저축예금,기업자유예금, 매일플러스(기업)통장, 어르신교통비통장, 직장인우대통장, 신사업자우대",,,20260318001111,https://dart.fss.or.kr/dsaf001/main.do?rcpNo=20260318001111,2026-10-06
00109019,주식회사 아이엠뱅크,2025,수신업무,"파랑새정기예금, 플러스정기예금, 자유적립식예금, 친환경녹색예금, 직장인우대예금, 신사업자우대예금, 자유만기회전예금, 복리회전예금, 환매조건부채권",,,20260318001111,https://dart.fss.or.kr/dsaf001/main.do?rcpNo=20260318001111,2026-10-06
00109019,주식회사 아이엠뱅크,2025,수신업무,"파랑새적금, 파랑새부금, 알찬여행적금, 친환경녹색적금, 평생저축(일반형), iM희망더하기적금, 성실모범납세자우대적금, iM자유적금, 신사업자우대",,,20260318001111,https://dart.fss.or.kr/dsaf001/main.do?rcpNo=20260318001111,2026-10-06
00109019,주식회사 아이엠뱅크,2025,수신업무,"주택청약종합저축, 청년 주택드림 청약통장",,,20260318001111,https://dart.fss.or.kr/dsaf001/main.do?rcpNo=20260318001111,2026-10-06
00109019,주식회사 아이엠뱅크,2025,수신업무,"뱅크라인통장, 맞춤통장, 사랑나눔통장, 대구어린이집결제전용통장, 하도급지킴이통장",,,20260318001111,https://dart.fss.or.kr/dsaf001/main.do?rcpNo=20260318001111,2026-10-06
00109019,주식회사 아이엠뱅크,2025,수신업무,"외화보통예금(글로벌외화종합통장), 외화MMDA, 외화정기예금, 외화회전복리예금, 외화통지예금, 포-유(For-You)자유적립 외화예금, 플러스-",,,20260318001111,https://dart.fss.or.kr/dsaf001/main.do?rcpNo=20260318001111,2026-10-06
00109019,주식회사 아이엠뱅크,2025,여신업무,"당좌대출, 팩토링, 무역어음 인수 및 할인, 상업어음할인, 운전자금대출, 시설자금대출, 일반자금대출, 적금관계대출, 급부금, 무역금융, 중소기업",,,20260318001111,https://dart.fss.or.kr/dsaf001/main.do?rcpNo=20260318001111,2026-10-06
00109019,주식회사 아이엠뱅크,2025,여신업무,"-주택담보대출 : iM주택담보대출, HYBRID 모기지론, 실버주택연금대출(역모기지론), 장기모기지론, 주택금융공사 U-모기지론(U-보금자리론)",,,20260318001111,https://dart.fss.or.kr/dsaf001/main.do?rcpNo=20260318001111,2026-10-06
00109019,주식회사 아이엠뱅크,2025,여신업무,"외화대출, 역외외화대출",,,20260318001111,https://dart.fss.or.kr/dsaf001/main.do?rcpNo=20260318001111,2026-10-06
00109019,주식회사 아이엠뱅크,2025,외국환 및 국제업무,"수출환어음매입(추심), 송금방식수출, 신용장발행 및 조건변경, L/G발급, 송금방식수입, 당발 및 타발송금, 외화현찰매매, T/C매입(추심), ",,,20260318001111,https://dart.fss.or.kr/dsaf001/main.do?rcpNo=20260318001111,2026-10-06
00109019,주식회사 아이엠뱅크,2025,외국환 및 국제업무,"외환딜링, 역외 투/융자, 외화자금 조달 및 운용, 외화파생상품",,,20260318001111,https://dart.fss.or.kr/dsaf001/main.do?rcpNo=20260318001111,2026-10-06
00109019,주식회사 아이엠뱅크,2025,유가증권업무,"통화안정증권, 국채, 정부보증채, 지방채, 사채, 주식, 기타유가증권, 외화증권, 역외외화증권",,,20260318001111,https://dart.fss.or.kr/dsaf001/main.do?rcpNo=20260318001111,2026-10-06
00109019,주식회사 아이엠뱅크,2025,보험신탁업무,"특정금전신탁(맞춤형상품), 데일리특정금전신탁(MMT)",,,20260318001111,https://dart.fss.or.kr/dsaf001/main.do?rcpNo=20260318001111,2026-10-06
00109019,주식회사 아이엠뱅크,2025,보험신탁업무,"AB미국그로스증권투자신탁(주식-재간접형), KB스타미국나스닥100인덱스증권자투자신탁(주식-파생형)(H), KB스타중기국공채증권자투자신탁(채권),",,,20260318001111,https://dart.fss.or.kr/dsaf001/main.do?rcpNo=20260318001111,2026-10-06
00109019,주식회사 아이엠뱅크,2025,보험신탁업무,"iM뱅크 ISA고수익홈런형, iM뱅크 ISA중수익캐치형, iM뱅크 ISA저수익홀드형",,,20260318001111,https://dart.fss.or.kr/dsaf001/main.do?rcpNo=20260318001111,2026-10-06
00109019,주식회사 아이엠뱅크,2025,보험신탁업무,"연금신탁(소득공제), 퇴직연금(근로자퇴직금지급)",,,20260318001111,https://dart.fss.or.kr/dsaf001/main.do?rcpNo=20260318001111,2026-10-06
00109019,주식회사 아이엠뱅크,2025,보험신탁업무,"(무)보너스주는하이브리드연금보험, (무)평생플러스연금보험, 교보하이브리드연금보험, 삼성 플래티넘행복연금보험, 스마트하이브리드연금보험 등",,,20260318001111,https://dart.fss.or.kr/dsaf001/main.do?rcpNo=20260318001111,2026-10-06
00109019,주식회사 아이엠뱅크,2025,보험신탁업무,"(무)흥국생명 안심케어보험, (무)백년친구 안심보험, 푸본현대 상해보험 안심픽, iM 프리미엄 안심보험(무), iM프리미엄 건강보험(무), (무",,,20260318001111,https://dart.fss.or.kr/dsaf001/main.do?rcpNo=20260318001111,2026-10-06
00109019,주식회사 아이엠뱅크,2025,신용카드업무,"-개인신용카드 : iM 트래블 카드,iM K-패스 카드, iM LIVING카드,iM스카이패스V2 Gold, iM 스카이패스V2 Silver, i",,,20260318001111,https://dart.fss.or.kr/dsaf001/main.do?rcpNo=20260318001111,2026-10-06
00109019,주식회사 아이엠뱅크,2025,내국환업무,"외부환 : 당행,타행 고객간 자금수수(본지점환, 타행환) / 내부환 : 당행 본지점간 자금수수(전금, 역환)",,,20260318001111,https://dart.fss.or.kr/dsaf001/main.do?rcpNo=20260318001111,2026-10-06
00109286,(주)대동,2025,사업부문,품 목,구체적용도,,20260318001552,https://dart.fss.or.kr/dsaf001/main.do?rcpNo=20260318001552,2026-10-06
00109286,(주)대동,2025,농기계,트랙터외,농작물경작,,20260318001552,https://dart.fss.or.kr/dsaf001/main.do?rcpNo=20260318001552,2026-10-06
00109286,(주)대동,2025,주물제품,실린더헤드외,농기계용 외,,20260318001552,https://dart.fss.or.kr/dsaf001/main.do?rcpNo=20260318001552,2026-10-06
00118965,(주)티에이치엔,2025,자동차부품,WIRE HARNESS,자동차용전장품,,20260323001500,https://dart.fss.or.kr/dsaf001/main.do?rcpNo=20260323001500,2026-10-06
00118965,(주)티에이치엔,2025,자동차부품,WIRE HARNESS,자동차용전장품,,20260323001500,https://dart.fss.or.kr/dsaf001/main.do?rcpNo=20260323001500,2026-10-06
00125521,에스엘(주),2025,자동차부품,"LAMP PARTS 및 기타Electrification PARTS 외 및 기타미러, 금형, 전자 및 기타","자동차부품자동차부품미러, 금형전자 외",,20260318000781,https://dart.fss.or.kr/dsaf001/main.do?rcpNo=20260318000781,2026-10-06
00127802,삼익THK(주),2025,"자동화기기 및부품, 기타조립금속품제조",LM시스템,기계 및 설비부품,44.06,20260319001288,https://dart.fss.or.kr/dsaf001/main.do?rcpNo=20260319001288,2026-10-06
00127802,삼익THK(주),2025,"자동화기기 및부품, 기타조립금속품제조",메카트로시스템,기계 및 설비부품,34.83,20260319001288,https://dart.fss.or.kr/dsaf001/main.do?rcpNo=20260319001288,2026-10-06
00127802,삼익THK(주),2025,"자동화기기 및부품, 기타조립금속품제조",줄,기계 및 설비부품,1.83,20260319001288,https://dart.fss.or.kr/dsaf001/main.do?rcpNo=20260319001288,2026-10-06
00129642,상신브레이크(주),2025,제동 부문,PAD,,73.5,20260318001187,https://dart.fss.or.kr/dsaf001/main.do?rcpNo=20260318001187,2026-10-06
00129642,상신브레이크(주),2025,제동 부문,LINING,,4.2,20260318001187,https://dart.fss.or.kr/dsaf001/main.do?rcpNo=20260318001187,2026-10-06
00129642,상신브레이크(주),2025,제동 부문,SHOE ASSEMBLY,,5.9,20260318001187,https://dart.fss.or.kr/dsaf001/main.do?rcpNo=20260318001187,2026-10-06
00129642,상신브레이크(주),2025,제동 부문,BRAKE ASSEMBLY,,7.0,20260318001187,https://dart.fss.or.kr/dsaf001/main.do?rcpNo=20260318001187,2026-10-06
00129642,상신브레이크(주),2025,제동 부문,AXLE ASSEMBLY,,9.2,20260318001187,https://dart.fss.or.kr/dsaf001/main.do?rcpNo=20260318001187,2026-10-06
00129642,상신브레이크(주),2025,제동 부문,기타(세탁기 및 부산물외),,28.9,20260318001187,https://dart.fss.or.kr/dsaf001/main.do?rcpNo=20260318001187,2026-10-06
00129642,상신브레이크(주),2025,설비 부문,제동제품 제조 전용 설비,,0.9,20260318001187,https://dart.fss.or.kr/dsaf001/main.do?rcpNo=20260318001187,2026-10-06
00129642,상신브레이크(주),2025,내부 거래 및 연결조정,내부 거래 및 연결조정,,,20260318001187,https://dart.fss.or.kr/dsaf001/main.do?rcpNo=20260318001187,2026-10-06
00131504,(주)서한,2025,건설부문,건축공사 건설용역,,30.85,20260703000164,https://dart.fss.or.kr/dsaf001/main.do?rcpNo=20260703000164,2026-10-06
00131504,(주)서한,2025,건설부문,토목공사 건설용역,,11.72,20260703000164,https://dart.fss.or.kr/dsaf001/main.do?rcpNo=20260703000164,2026-10-06
00131504,(주)서한,2025,건설부문,아파트 분양사업,,56.01,20260703000164,https://dart.fss.or.kr/dsaf001/main.do?rcpNo=20260703000164,2026-10-06
00131504,(주)서한,2025,건설부문,분양제비용 외,,1.42,20260703000164,https://dart.fss.or.kr/dsaf001/main.do?rcpNo=20260703000164,2026-10-06
00132868,(주)우성머티리얼스,2025,폴리에스터 F직물제조,가공단,"의류, 비의류(커텐,침대카바)등의 제조",,20260318000501,https://dart.fss.or.kr/dsaf001/main.do?rcpNo=20260318000501,2026-10-06
00132868,(주)우성머티리얼스,2025,도매업,원 단염 료,직물제조,,20260318000501,https://dart.fss.or.kr/dsaf001/main.do?rcpNo=20260318000501,2026-10-06
00132868,(주)우성머티리얼스,2025,부동산업,관리비임대료,오피스텔,,20260318000501,https://dart.fss.or.kr/dsaf001/main.do?rcpNo=20260318000501,2026-10-06
00134316,(주)세원정공,2025,자동차 차체 부품,(FRONT PILLAR DASH PNL ASS'Y COWL CROSS 등),주1)참조,,20250922000199,https://dart.fss.or.kr/dsaf001/main.do?rcpNo=20250922000199,2026-10-06
00134316,(주)세원정공,2025,자동차 차체 부품,금 형,차체부품생산치구,,20250922000199,https://dart.fss.or.kr/dsaf001/main.do?rcpNo=20250922000199,2026-10-06
00134316,(주)세원정공,2025,자동차 차체 부품,총 매 출 합 계,총 매 출 합 계,,20250922000199,https://dart.fss.or.kr/dsaf001/main.do?rcpNo=20250922000199,2026-10-06
00134316,(주)세원정공,2025,자동차 차체 부품,차감매출(매출처원재료매입분),차감매출(매출처원재료매입분),,20250922000199,https://dart.fss.or.kr/dsaf001/main.do?rcpNo=20250922000199,2026-10-06
00134316,(주)세원정공,2025,순 매 출 합 계,순 매 출 합 계,순 매 출 합 계,,20250922000199,https://dart.fss.or.kr/dsaf001/main.do?rcpNo=20250922000199,2026-10-06
00155452,풍국주정공업(주),2025,주정 사업부,주정외,주류 제조용 외,34.0,20260318001648,https://dart.fss.or.kr/dsaf001/main.do?rcpNo=20260318001648,2026-10-06
00155452,풍국주정공업(주),2025,산업용가스 사업부,탄산가스,용접용 외,28.0,20260318001648,https://dart.fss.or.kr/dsaf001/main.do?rcpNo=20260318001648,2026-10-06
00155452,풍국주정공업(주),2025,수소가스 사업부,수소외,"표면처리,연료용외",41.0,20260318001648,https://dart.fss.or.kr/dsaf001/main.do?rcpNo=20260318001648,2026-10-06
00158024,케이비아이메탈(주),2025,CORE사업,CORE,"자동차,전자제품용",30.21,20260319000983,https://dart.fss.or.kr/dsaf001/main.do?rcpNo=20260319000983,2026-10-06
00158024,케이비아이메탈(주),2025,CORE사업,전장품,"자동차용Blow motor, Alternator외",69.79,20260319000983,https://dart.fss.or.kr/dsaf001/main.do?rcpNo=20260319000983,2026-10-06
00165103,(주)푸드웰,2025,제조,만두류건강식품 및 건강기능식품잼/시럽과실 냉동품/퓨레음료제품가정간편식음료베이스통조림기타제품,식용,,20260324000034,https://dart.fss.or.kr/dsaf001/main.do?rcpNo=20260324000034,2026-10-06
00166333,(주)화신테크,2024,부 문,품목 구체적용도,품목 구체적용도,,20250407001849,https://dart.fss.or.kr/dsaf001/main.do?rcpNo=20250407001849,2026-10-06
00166333,(주)화신테크,2024,금형,자동차 차체 및 샤시판넬 금형,자동차 차체 및 샤시판넬 금형,,20250407001849,https://dart.fss.or.kr/dsaf001/main.do?rcpNo=20250407001849,2026-10-06
00166333,(주)화신테크,2024,금형,자동차 샤시 PIPE용 금형,자동차 샤시 PIPE용 금형,,20250407001849,https://dart.fss.or.kr/dsaf001/main.do?rcpNo=20250407001849,2026-10-06
00166333,(주)화신테크,2024,금형,작업폐주물 판매,작업폐주물 판매,,20250407001849,https://dart.fss.or.kr/dsaf001/main.do?rcpNo=20250407001849,2026-10-06
00167004,흥구석유(주),2025,도.소매,상품총매출(석유류),,,20260327000708,https://dart.fss.or.kr/dsaf001/main.do?rcpNo=20260327000708,2026-10-06
00174527,에이치에스화성(주),2025,건 축,"관급시설물 공사, 민간상업용 건물, 아파트 등",,,20260319000781,https://dart.fss.or.kr/dsaf001/main.do?rcpNo=20260319000781,2026-10-06
00174527,에이치에스화성(주),2025,토 목,"도로,교량,터널, 지하철, 상하수도 등",,,20260319000781,https://dart.fss.or.kr/dsaf001/main.do?rcpNo=20260319000781,2026-10-06
00174527,에이치에스화성(주),2025,분 양,"아파트사업,부동산업 등",,,20260319000781,https://dart.fss.or.kr/dsaf001/main.do?rcpNo=20260319000781,2026-10-06
00175650,케이씨더블류 (주),2025,종속회사,"RESERVOIR TANK, LEVER, PEDAL",,,20260319000442,https://dart.fss.or.kr/dsaf001/main.do?rcpNo=20260319000442,2026-10-06
00191287,대동금속(주),2025,,실린더헤드,상용차용,43.7,20260318000731,https://dart.fss.or.kr/dsaf001/main.do?rcpNo=20260318000731,2026-10-06
00202060,(주)구영테크,2025,사업부문,품목,구체적용도,,20260316001359,https://dart.fss.or.kr/dsaf001/main.do?rcpNo=20260316001359,2026-10-06
00202060,(주)구영테크,2025,자동차부품,시트부품,자동차의 의자에 들어가는 프레임 및 기타 관련 부품,,20260316001359,https://dart.fss.or.kr/dsaf001/main.do?rcpNo=20260316001359,2026-10-06
00202060,(주)구영테크,2025,자동차부품,브라켓,"자동차의 내부 각종 장치들 간의 고정, 지지하는 부품",,20260316001359,https://dart.fss.or.kr/dsaf001/main.do?rcpNo=20260316001359,2026-10-06
00202060,(주)구영테크,2025,자동차부품,오일팬,엔진 하부의 엔진 오일을 저장해 두는 부품,,20260316001359,https://dart.fss.or.kr/dsaf001/main.do?rcpNo=20260316001359,2026-10-06
00202060,(주)구영테크,2025,자동차부품,힌지,"자동차의 차체와 도어, 후드 등과 연결시켜 주는 부품",,20260316001359,https://dart.fss.or.kr/dsaf001/main.do?rcpNo=20260316001359,2026-10-06
00202060,(주)구영테크,2025,자동차부품,롤러암,자동차의 차체와 슬라이딩 도어를 연결시켜 주는 부품,,20260316001359,https://dart.fss.or.kr/dsaf001/main.do?rcpNo=20260316001359,2026-10-06
00202060,(주)구영테크,2025,자동차부품,전동화,전기자동차의 배터리케이스 및 그외 부품,,20260316001359,https://dart.fss.or.kr/dsaf001/main.do?rcpNo=20260316001359,2026-10-06
00204642,(주)티비씨,2025,,방송광고,,,20260319000683,https://dart.fss.or.kr/dsaf001/main.do?rcpNo=20260319000683,2026-10-06
00204642,(주)티비씨,2025,,방송협찬,,,20260319000683,https://dart.fss.or.kr/dsaf001/main.do?rcpNo=20260319000683,2026-10-06
00204642,(주)티비씨,2025,,기타방송수익,,,20260319000683,https://dart.fss.or.kr/dsaf001/main.do?rcpNo=20260319000683,2026-10-06
00204642,(주)티비씨,2025,,"공연, 행사, 교육 사업 등",,,20260319000683,https://dart.fss.or.kr/dsaf001/main.do?rcpNo=20260319000683,2026-10-06
00217743,화성밸브(주),2025,제조업,엘 피 지용기용밸브,내용적3ℓ이상 120ℓ이하의 액화석유(계)가스의 가정용용기에 사용.용기에 가스를 공급또는 차단하는 기능,,20260320000173,https://dart.fss.or.kr/dsaf001/main.do?rcpNo=20260320000173,2026-10-06
00217743,화성밸브(주),2025,제조업,나 사 식밸 브,가스화학약품석유냉온수등을 배관에서 공급차단할수 있는 밸브,,20260320000173,https://dart.fss.or.kr/dsaf001/main.do?rcpNo=20260320000173,2026-10-06
00217743,화성밸브(주),2025,제조업,플 랜 지 식 밸 브,가스화학약품석유냉온수등을 배관에서 공급차단할수 있는 밸브,,20260320000173,https://dart.fss.or.kr/dsaf001/main.do?rcpNo=20260320000173,2026-10-06
00217743,화성밸브(주),2025,제조업,매 몰용접형밸브,도시가스의 주배관 관로공사에 사용되는 대구경 밸브,,20260320000173,https://dart.fss.or.kr/dsaf001/main.do?rcpNo=20260320000173,2026-10-06
00217743,화성밸브(주),2025,제조업,버터플라이밸브,밸브 관내 원판 형상의 밸브 본체를 돌려 관로의 유량을 조절하는 밸브,,20260320000173,https://dart.fss.or.kr/dsaf001/main.do?rcpNo=20260320000173,2026-10-06
00261285,한국가스공사(주),2025,가스 도입 및 판매사업,도시가스 및 발전용천연가스 등,,,20260323001058,https://dart.fss.or.kr/dsaf001/main.do?rcpNo=20260323001058,2026-10-06
00261285,한국가스공사(주),2025,기타사업,공사 및 용역 서비스,,,20260323001058,https://dart.fss.or.kr/dsaf001/main.do?rcpNo=20260323001058,2026-10-06
00261285,한국가스공사(주),2025,기타사업,"원유,가스 등",,,20260323001058,https://dart.fss.or.kr/dsaf001/main.do?rcpNo=20260323001058,2026-10-06
00261285,한국가스공사(주),2025,단순합계,단순합계,,,20260323001058,https://dart.fss.or.kr/dsaf001/main.do?rcpNo=20260323001058,2026-10-06
00288495,주식회사 에이치씨홈센타,2025,건축자재 도소매,"타일, 위생금구 등",,31.93,20260323001089,https://dart.fss.or.kr/dsaf001/main.do?rcpNo=20260323001089,2026-10-06
00288495,주식회사 에이치씨홈센타,2025,레저,"수영장,헬스클럽,사우나 등",,20.08,20260323001089,https://dart.fss.or.kr/dsaf001/main.do?rcpNo=20260323001089,2026-10-06
00288495,주식회사 에이치씨홈센타,2025,비금융지주업,지주회사 수입배당금,,47.99,20260323001089,https://dart.fss.or.kr/dsaf001/main.do?rcpNo=20260323001089,2026-10-06
00308896,(주)셀피글로벌,2025,카드사업부,"카 드, chip",신용카드제조,95.2,20260323001695,https://dart.fss.or.kr/dsaf001/main.do?rcpNo=20260323001695,2026-10-06
00308896,(주)셀피글로벌,2025,카드사업부,자 재,-,0.9,20260323001695,https://dart.fss.or.kr/dsaf001/main.do?rcpNo=20260323001695,2026-10-06
00308896,(주)셀피글로벌,2025,카드사업부,Service 외,-,3.9,20260323001695,https://dart.fss.or.kr/dsaf001/main.do?rcpNo=20260323001695,2026-10-06
00351092,삼보모터스(주),2025,Auto Part,Plate,Auto Transmission 구동,7.45,20260323000719,https://dart.fss.or.kr/dsaf001/main.do?rcpNo=20260323000719,2026-10-06
00351092,삼보모터스(주),2025,Pipe Part,Water/Heater 등,"Air,Water,Oil 등 이송",26.54,20260323000719,https://dart.fss.or.kr/dsaf001/main.do?rcpNo=20260323000719,2026-10-06
00351092,삼보모터스(주),2025,플라스틱부품,"BUMPER,I/P,PILLAR 등","자동차 내,외장 플라스틱",63.45,20260323000719,https://dart.fss.or.kr/dsaf001/main.do?rcpNo=20260323000719,2026-10-06
00351092,삼보모터스(주),2025,금형,금형,자동차 부품 제작용 금형,2.56,20260323000719,https://dart.fss.or.kr/dsaf001/main.do?rcpNo=20260323000719,2026-10-06
00355335,(주)투에버,2025,인터넷쇼핑몰,생필품외,,,20260330000685,https://dart.fss.or.kr/dsaf001/main.do?rcpNo=20260330000685,2026-10-06
00361381,(주)제이브이엠,2025,약국자동화시스템,조제/관리시스템,조제/관리시스템 제품,47.9,20260323001116,https://dart.fss.or.kr/dsaf001/main.do?rcpNo=20260323001116,2026-10-06
00361381,(주)제이브이엠,2025,약국자동화시스템,주요소모품 외,MRO 외,42.1,20260323001116,https://dart.fss.or.kr/dsaf001/main.do?rcpNo=20260323001116,2026-10-06
00361381,(주)제이브이엠,2025,약국자동화시스템,기타상품,기타상품,10.0,20260323001116,https://dart.fss.or.kr/dsaf001/main.do?rcpNo=20260323001116,2026-10-06
00369833,유니온머티리얼(주),2025,사업,품목,,,20260318001126,https://dart.fss.or.kr/dsaf001/main.do?rcpNo=20260318001126,2026-10-06
00369833,유니온머티리얼(주),2025,사업,품목,,,20260318001126,https://dart.fss.or.kr/dsaf001/main.do?rcpNo=20260318001126,2026-10-06
00369833,유니온머티리얼(주),2025,페라이트,모터용자석 외,,,20260318001126,https://dart.fss.or.kr/dsaf001/main.do?rcpNo=20260318001126,2026-10-06
00369833,유니온머티리얼(주),2025,세라믹,절삭공구 외,,,20260318001126,https://dart.fss.or.kr/dsaf001/main.do?rcpNo=20260318001126,2026-10-06
00398701,(주)엘앤에프,2025,(주)엘앤에프 및 종속회사,양극활물질외,2차전지용 양극활물질,100.0,20260814000818,https://dart.fss.or.kr/dsaf001/main.do?rcpNo=20260814000818,2026-10-06
00404288,(주)아진엑스텍,2025,GMC,CAMC 시리즈,"반도체 장비 및 스마트폰 장비에 적용 가능한 모션제어 칩 개발, 공급",,20260323000265,https://dart.fss.or.kr/dsaf001/main.do?rcpNo=20260323000265,2026-10-06
00404288,(주)아진엑스텍,2025,GMC,모듈형 타입,"반도체 장비 및 스마트폰 장비에 적용 가능한 모션제어 모듈(보드, 카드등) 개발, 공급",,20260323000265,https://dart.fss.or.kr/dsaf001/main.do?rcpNo=20260323000265,2026-10-06
00404288,(주)아진엑스텍,2025,GMC,일체형 타입,"반도체 장비 및 스마트폰 장비에 적용 가능한 모션제어 모듈(보드, 카드등) 개발, 공급",,20260323000265,https://dart.fss.or.kr/dsaf001/main.do?rcpNo=20260323000265,2026-10-06
00404288,(주)아진엑스텍,2025,GMC,EtherNet/IP,"반도체 장비 및 스마트폰 장비에 적용 가능한 모션제어 모듈(보드, 카드등) 개발, 공급",,20260323000265,https://dart.fss.or.kr/dsaf001/main.do?rcpNo=20260323000265,2026-10-06
00404288,(주)아진엑스텍,2025,GMC,RTEX,"반도체 장비 및 스마트폰 장비에 적용 가능한 모션제어 모듈(보드, 카드등) 개발, 공급",,20260323000265,https://dart.fss.or.kr/dsaf001/main.do?rcpNo=20260323000265,2026-10-06
00404288,(주)아진엑스텍,2025,GMC,Mechatrolink,"반도체 장비 및 스마트폰 장비에 적용 가능한 모션제어 모듈(보드, 카드등) 개발, 공급",,20260323000265,https://dart.fss.or.kr/dsaf001/main.do?rcpNo=20260323000265,2026-10-06
00404288,(주)아진엑스텍,2025,GMC,SSCNET,"반도체 장비 및 스마트폰 장비에 적용 가능한 모션제어 모듈(보드, 카드등) 개발, 공급",,20260323000265,https://dart.fss.or.kr/dsaf001/main.do?rcpNo=20260323000265,2026-10-06
00404288,(주)아진엑스텍,2025,GMC,PLCworks,"반도체 장비 및 스마트폰 장비에 적용 가능한 모션제어 시스템 개발, 공급",,20260323000265,https://dart.fss.or.kr/dsaf001/main.do?rcpNo=20260323000265,2026-10-06
00404288,(주)아진엑스텍,2025,GMC,소프트웨어 패키지(EZ시리즈),모션제어 시스템에 설치되는 소프트웨어 팩키지로 사용자 함수를 제공,,20260323000265,https://dart.fss.or.kr/dsaf001/main.do?rcpNo=20260323000265,2026-10-06
00404288,(주)아진엑스텍,2025,GMC,전용 제어시스템,"특정 고객 회사의 요구에 맞추어 전용 모션제어 시스템 개발, 공급",,20260323000265,https://dart.fss.or.kr/dsaf001/main.do?rcpNo=20260323000265,2026-10-06
00404288,(주)아진엑스텍,2025,RMC 등,범용 로봇제어장치,"제조 지원용 로봇전용제어기 개발, 공급",,20260323000265,https://dart.fss.or.kr/dsaf001/main.do?rcpNo=20260323000265,2026-10-06
00404288,(주)아진엑스텍,2025,RMC 등,산업용 로봇,"산업용 로봇 조립, 공급",,20260323000265,https://dart.fss.or.kr/dsaf001/main.do?rcpNo=20260323000265,2026-10-06
00411048,(주)에스앤에스텍,2025,블랭크마스크 사업,반도체 및 FPD용 블랭크마스크 제조,,,20260316000487,https://dart.fss.or.kr/dsaf001/main.do?rcpNo=20260316000487,2026-10-06
00411048,(주)에스앤에스텍,2025,신기술사업금융업,투자 활동,,,20260316000487,https://dart.fss.or.kr/dsaf001/main.do?rcpNo=20260316000487,2026-10-06
00411048,(주)에스앤에스텍,2025,바이오 및 과학 기술서비스업,부동산임대 및 컨설팅,,,20260316000487,https://dart.fss.or.kr/dsaf001/main.do?rcpNo=20260316000487,2026-10-06
00428729,(주)대호에이엘,2025,알미늄판재,AL CIRCLE,주방용품,13.15,20260324000005,https://dart.fss.or.kr/dsaf001/main.do?rcpNo=20260324000005,2026-10-06
00428729,(주)대호에이엘,2025,알미늄판재,AL COIL,전기.전자.자동차등,79.16,20260324000005,https://dart.fss.or.kr/dsaf001/main.do?rcpNo=20260324000005,2026-10-06
00428729,(주)대호에이엘,2025,알미늄판재,"임가공,상품",철도차량 구조물등,7.69,20260324000005,https://dart.fss.or.kr/dsaf001/main.do?rcpNo=20260324000005,2026-10-06
00442048,(주)아바텍,2025,,"Glass Slimming,ITO 코팅 및 Metal 코팅/프린팅",,,20260312001140,https://dart.fss.or.kr/dsaf001/main.do?rcpNo=20260312001140,2026-10-06
00442048,(주)아바텍,2025,,적층세라믹콘덴서(MLCC),,,20260312001140,https://dart.fss.or.kr/dsaf001/main.do?rcpNo=20260312001140,2026-10-06
00533924,(주)이브이첨단소재,2025,,단 면,,15.38,20260324000012,https://dart.fss.or.kr/dsaf001/main.do?rcpNo=20260324000012,2026-10-06
00533924,(주)이브이첨단소재,2025,,양 면,,77.8,20260324000012,https://dart.fss.or.kr/dsaf001/main.do?rcpNo=20260324000012,2026-10-06
00533924,(주)이브이첨단소재,2025,,Multi,,0.29,20260324000012,https://dart.fss.or.kr/dsaf001/main.do?rcpNo=20260324000012,2026-10-06
00533924,(주)이브이첨단소재,2025,,R F,,0.0,20260324000012,https://dart.fss.or.kr/dsaf001/main.do?rcpNo=20260324000012,2026-10-06
00533924,(주)이브이첨단소재,2025,,ACTVISION,,1.65,20260324000012,https://dart.fss.or.kr/dsaf001/main.do?rcpNo=20260324000012,2026-10-06
00533924,(주)이브이첨단소재,2025,,ACTVISION 기타,,3.59,20260324000012,https://dart.fss.or.kr/dsaf001/main.do?rcpNo=20260324000012,2026-10-06
00540605,(주)이월드,2025,사업부,품 목,,,20260319000675,https://dart.fss.or.kr/dsaf001/main.do?rcpNo=20260319000675,2026-10-06
00540605,(주)이월드,2025,테마파크사업부,시설이용료 외,,,20260319000675,https://dart.fss.or.kr/dsaf001/main.do?rcpNo=20260319000675,2026-10-06
00540605,(주)이월드,2025,테마파크사업부,식음료,,,20260319000675,https://dart.fss.or.kr/dsaf001/main.do?rcpNo=20260319000675,2026-10-06
00540605,(주)이월드,2025,테마파크사업부,수수료 외,,,20260319000675,https://dart.fss.or.kr/dsaf001/main.do?rcpNo=20260319000675,2026-10-06
00540605,(주)이월드,2025,쥬얼리사업부,쥬얼리 및 악세사리 등,,,20260319000675,https://dart.fss.or.kr/dsaf001/main.do?rcpNo=20260319000675,2026-10-06
00540605,(주)이월드,2025,쥬얼리사업부,판매보조용품 등,,,20260319000675,https://dart.fss.or.kr/dsaf001/main.do?rcpNo=20260319000675,2026-10-06
00568461,(주)에이치씨보광산업,2025,,"P.C제품 2차 제품, R/C제조, 아스콘 용",,,20260323001053,https://dart.fss.or.kr/dsaf001/main.do?rcpNo=20260323001053,2026-10-06
00568461,(주)에이치씨보광산업,2025,,투수콘크리트 숏크리트 2차 제품 아스콘 용,,,20260323001053,https://dart.fss.or.kr/dsaf001/main.do?rcpNo=20260323001053,2026-10-06
00568461,(주)에이치씨보광산업,2025,,"투수콘크리트, 숏크리트, 2차 제품, 아스콘 용",,,20260323001053,https://dart.fss.or.kr/dsaf001/main.do?rcpNo=20260323001053,2026-10-06
00568461,(주)에이치씨보광산업,2025,,"P.C제품 2차 제품, R/C제조 용",,,20260323001053,https://dart.fss.or.kr/dsaf001/main.do?rcpNo=20260323001053,2026-10-06
00568461,(주)에이치씨보광산업,2025,,도로포장 기층(보조기층) 용,,,20260323001053,https://dart.fss.or.kr/dsaf001/main.do?rcpNo=20260323001053,2026-10-06
00573579,평화산업(주),2025,자동차부품,방진제품,진동방지,,20260316000837,https://dart.fss.or.kr/dsaf001/main.do?rcpNo=20260316000837,2026-10-06
00573579,평화산업(주),2025,자동차부품,에어서스펜션,진동방지,,20260316000837,https://dart.fss.or.kr/dsaf001/main.do?rcpNo=20260316000837,2026-10-06
00573579,평화산업(주),2025,자동차부품,호스제품,배관,,20260316000837,https://dart.fss.or.kr/dsaf001/main.do?rcpNo=20260316000837,2026-10-06
00573579,평화산업(주),2025,특수차량부품,기재생략,기재생략,,20260316000837,https://dart.fss.or.kr/dsaf001/main.do?rcpNo=20260316000837,2026-10-06
00573676,(주)메가젠임플란트,2025,,"치과용임플란트, 체어 외","임플란트, 체어",77.2,20260331000201,https://dart.fss.or.kr/dsaf001/main.do?rcpNo=20260331000201,2026-10-06
00573676,(주)메가젠임플란트,2025,,치과용기자재,치과기자재판매,15.1,20260331000201,https://dart.fss.or.kr/dsaf001/main.do?rcpNo=20260331000201,2026-10-06
00573676,(주)메가젠임플란트,2025,,"A/S 서비스, 인테리어","A/S 서비스, 인테리어",6.8,20260331000201,https://dart.fss.or.kr/dsaf001/main.do?rcpNo=20260331000201,2026-10-06
00573676,(주)메가젠임플란트,2025,,치과용프로그램,진단프로그램,0.4,20260331000201,https://dart.fss.or.kr/dsaf001/main.do?rcpNo=20260331000201,2026-10-06
00573676,(주)메가젠임플란트,2025,,교육 외,교육 외,0.5,20260331000201,https://dart.fss.or.kr/dsaf001/main.do?rcpNo=20260331000201,2026-10-06
00577335,(주)대성하이텍,2025,,제품명,,,20260323000925,https://dart.fss.or.kr/dsaf001/main.do?rcpNo=20260323000925,2026-10-06
00577335,(주)대성하이텍,2025,,정밀부품,,,20260323000925,https://dart.fss.or.kr/dsaf001/main.do?rcpNo=20260323000925,2026-10-06
00577335,(주)대성하이텍,2025,,스위스턴자동선반,,,20260323000925,https://dart.fss.or.kr/dsaf001/main.do?rcpNo=20260323000925,2026-10-06
00577335,(주)대성하이텍,2025,,컴팩트머시닝 센터,,,20260323000925,https://dart.fss.or.kr/dsaf001/main.do?rcpNo=20260323000925,2026-10-06
00577335,(주)대성하이텍,2025,,매출총계,,,20260323000925,https://dart.fss.or.kr/dsaf001/main.do?rcpNo=20260323000925,2026-10-06
00620558,(주)루트케이,2025,,품 목,제품설명,,20260323000905,https://dart.fss.or.kr/dsaf001/main.do?rcpNo=20260323000905,2026-10-06
00620558,(주)루트케이,2025,,품 목,제품설명,,20260323000905,https://dart.fss.or.kr/dsaf001/main.do?rcpNo=20260323000905,2026-10-06
00632793,전진바이오팜(주),2025,,제품/상품,,14.19,20260316001483,https://dart.fss.or.kr/dsaf001/main.do?rcpNo=20260316001483,2026-10-06
00632793,전진바이오팜(주),2025,,상품 외,,0.31,20260316001483,https://dart.fss.or.kr/dsaf001/main.do?rcpNo=20260316001483,2026-10-06
00671376,(주)트리니티항공,2025,항공유(원)주),국내 (원/Gallon),,,20260430001376,https://dart.fss.or.kr/dsaf001/main.do?rcpNo=20260430001376,2026-10-06
00671376,(주)트리니티항공,2025,항공유(원)주),국제 (USD),,,20260430001376,https://dart.fss.or.kr/dsaf001/main.do?rcpNo=20260430001376,2026-10-06
00693554,(주)티케이케미칼,2025,화학부문,PET-Chip,,91.7,20260323001373,https://dart.fss.or.kr/dsaf001/main.do?rcpNo=20260323001373,2026-10-06
00693554,(주)티케이케미칼,2025,건설부문,아파트,,6.1,20260323001373,https://dart.fss.or.kr/dsaf001/main.do?rcpNo=20260323001373,2026-10-06
00693554,(주)티케이케미칼,2025,전자부문,터치스크린패널,,2.2,20260323001373,https://dart.fss.or.kr/dsaf001/main.do?rcpNo=20260323001373,2026-10-06
00759902,(주)우방,2025,사업 부문,주 요 제 품,,,20260331004954,https://dart.fss.or.kr/dsaf001/main.do?rcpNo=20260331004954,2026-10-06
00759902,(주)우방,2025,건 축,"자체, 재개발, 재건축 등의 주택공사 등",,,20260331004954,https://dart.fss.or.kr/dsaf001/main.do?rcpNo=20260331004954,2026-10-06
00759902,(주)우방,2025,건 축,"관급시설물, 상업용, 병원, 공장신축 등",,,20260331004954,https://dart.fss.or.kr/dsaf001/main.do?rcpNo=20260331004954,2026-10-06
00759902,(주)우방,2025,토 목,"도로, 교량, 댐, 상ㆍ하수도처리시설 등",,,20260331004954,https://dart.fss.or.kr/dsaf001/main.do?rcpNo=20260331004954,2026-10-06
00787376,대성에너지(주),2025,도시가스,도시가스,,,20260318001167,https://dart.fss.or.kr/dsaf001/main.do?rcpNo=20260318001167,2026-10-06
00787376,대성에너지(주),2025,도시가스,기타매출,,,20260318001167,https://dart.fss.or.kr/dsaf001/main.do?rcpNo=20260318001167,2026-10-06
00878915,(주)아이엠금융지주,2025,,파생상품평가 및 거래이익,,,20260515000720,https://dart.fss.or.kr/dsaf001/main.do?rcpNo=20260515000720,2026-10-06
00878915,(주)아이엠금융지주,2025,,이자수익,,,20260515000720,https://dart.fss.or.kr/dsaf001/main.do?rcpNo=20260515000720,2026-10-06
00878915,(주)아이엠금융지주,2025,,상각후원가측정금융자산평가 및 처분이익,,,20260515000720,https://dart.fss.or.kr/dsaf001/main.do?rcpNo=20260515000720,2026-10-06
00878915,(주)아이엠금융지주,2025,,외환거래이익,,,20260515000720,https://dart.fss.or.kr/dsaf001/main.do?rcpNo=20260515000720,2026-10-06
00878915,(주)아이엠금융지주,2025,,기타의영업수익,,,20260515000720,https://dart.fss.or.kr/dsaf001/main.do?rcpNo=20260515000720,2026-10-06
00878915,(주)아이엠금융지주,2025,,영업수익합계,,,20260515000720,https://dart.fss.or.kr/dsaf001/main.do?rcpNo=20260515000720,2026-10-06
00878915,(주)아이엠금융지주,2025,,법인세차감전순이익(손실),,,20260515000720,https://dart.fss.or.kr/dsaf001/main.do?rcpNo=20260515000720,2026-10-06
00878915,(주)아이엠금융지주,2025,,당기순이익(손실),,,20260515000720,https://dart.fss.or.kr/dsaf001/main.do?rcpNo=20260515000720,2026-10-06
01016886,(주)테크엔,2024,,다운라이트설비,"가정, 사무실, 학교, 관공서, 일반기업 등의 실내에서 형광등 및 백열등기구 대체용으로 사용하는 LED다운라이트",,20250408000609,https://dart.fss.or.kr/dsaf001/main.do?rcpNo=20250408000609,2026-10-06
01016886,(주)테크엔,2024,,실내조명등,"가정, 사무실, 학교, 관공서, 일반기업 등의 실내에서 형광등 및 백열등기구 대체용으로 사용하는 LED실내조명등",,20250408000609,https://dart.fss.or.kr/dsaf001/main.do?rcpNo=20250408000609,2026-10-06
01016886,(주)테크엔,2024,,거주로조명설비,주택가를 이동하는 보행자의 식별성을 용이하게 하고 보행자의 안전을 목적으로 설치하는 LED보안등,,20250408000609,https://dart.fss.or.kr/dsaf001/main.do?rcpNo=20250408000609,2026-10-06
01016886,(주)테크엔,2024,,도로조명설비,"도로를 주행하는 차량의 시야를 확보하고 자동차 운전자가 도로를 안전하게 주행할 수 있도록 설치하는 LED가로등, 터널등",,20250408000609,https://dart.fss.or.kr/dsaf001/main.do?rcpNo=20250408000609,2026-10-06
01016886,(주)테크엔,2024,,투광조명,"어떤 범위의 방향으로 고광도가 얻어지도록하여 건축물의 외부나 동상, 기념비, 경기장 등을 돋보이게 하기 위해 설치하는 LED투광등기구",,20250408000609,https://dart.fss.or.kr/dsaf001/main.do?rcpNo=20250408000609,2026-10-06
01016886,(주)테크엔,2024,,경관조명,"건물, 교량, 등주 등과 같은 구조물에 부착하여 구조물의 형상을 나타내거나 장식을 위하여 사용되는 LED경관조명",,20250408000609,https://dart.fss.or.kr/dsaf001/main.do?rcpNo=20250408000609,2026-10-06
01016886,(주)테크엔,2024,,신재생에너지가로등,태양광을 전기에너지로 변환하여 축전지에 저장 후 야간에 가로등 및 보안등 조명으로 사용하는 태양광가로등,,20250408000609,https://dart.fss.or.kr/dsaf001/main.do?rcpNo=20250408000609,2026-10-06
01016886,(주)테크엔,2024,,태양광발전,건물 태양광 발전 설비를 통한 발전 매출,,20250408000609,https://dart.fss.or.kr/dsaf001/main.do?rcpNo=20250408000609,2026-10-06
01016886,(주)테크엔,2024,,미세먼지등기구,미세먼지 공기청정기와 실내등이 결합된 특허 제품,,20250408000609,https://dart.fss.or.kr/dsaf001/main.do?rcpNo=20250408000609,2026-10-06
01023211,와이제이링크(주),2025,사업부문,주요 품목,사용용도 등,,20260319000950,https://dart.fss.or.kr/dsaf001/main.do?rcpNo=20260319000950,2026-10-06
01023211,와이제이링크(주),2025,제품매출,Conveyor,"- SMT 라인에서 장비들을 연결시켜 주는 장비- PCB의 이송 방향 및 위치 설정, 회전, 클린 및 게이트 기능 등 PCB의 흐름과 관련한 작",,20260319000950,https://dart.fss.or.kr/dsaf001/main.do?rcpNo=20260319000950,2026-10-06
01023211,와이제이링크(주),2025,제품매출,Loader/Unloader,- SMT 라인 첫단과 마지막단에 위치하여 MagazineRack에 적재되어 있는 PCB를 다음 장비로 공급하거나 전단 장비에서 이송되는 PCB,,20260319000950,https://dart.fss.or.kr/dsaf001/main.do?rcpNo=20260319000950,2026-10-06
01023211,와이제이링크(주),2025,제품매출,Buffer,- 장비 간의 처리 속도차를 보상하여 양호하게 양공정간의 장비를 결합하는 장비,,20260319000950,https://dart.fss.or.kr/dsaf001/main.do?rcpNo=20260319000950,2026-10-06
01023211,와이제이링크(주),2025,제품매출,Laser Marking,"- 장비 내부에 Co2 Laser head가 X, Y축으로 움직이며 Marking Zone으로 이동하여 물리적, 화학적 손상 없이 PCB 혹은 ",,20260319000950,https://dart.fss.or.kr/dsaf001/main.do?rcpNo=20260319000950,2026-10-06
01023211,와이제이링크(주),2025,제품매출,Router,- 부품실장 완료된 PCB를 낱장의 모듈로 커팅하는 장비,,20260319000950,https://dart.fss.or.kr/dsaf001/main.do?rcpNo=20260319000950,2026-10-06
01023211,와이제이링크(주),2025,제품매출,Smart FactorySolution,"- 실시간 상태 모니터링, 실시간 유지보수, 실시간 공정 변경, 실시간 추적 관리, 양방향 데이터통신, 보안 관리 등을 수행하는 시스템",,20260319000950,https://dart.fss.or.kr/dsaf001/main.do?rcpNo=20260319000950,2026-10-06
01023211,와이제이링크(주),2025,매출 총계,매출 총계,매출 총계,,20260319000950,https://dart.fss.or.kr/dsaf001/main.do?rcpNo=20260319000950,2026-10-06
01090471,(주)에스에프에이넥셀,2025,,Calender(Roll Press),"(1)주요 용도- 전극물질이 코팅된 전극판에 압력을 가해 고밀도 전극 형성(2) 특징 및 기능- 전극물질이 코팅된 양, 음극 극판을 소재 특성에",,20260320001352,https://dart.fss.or.kr/dsaf001/main.do?rcpNo=20260320001352,2026-10-06
01090471,(주)에스에프에이넥셀,2025,,Coater,"(1)주요 용도- 활물질, 바인더, 도전재 등의 전극물질 혼합 슬러리를 전극판에 일정 두께로 도포후 열풍 등의 공정기술을 적용하여 건조(2)특징",,20260320001352,https://dart.fss.or.kr/dsaf001/main.do?rcpNo=20260320001352,2026-10-06
01090471,(주)에스에프에이넥셀,2025,,Slitter,(1)주요 용도- 전극판 원판을 전지완제품 요구 사양으로 reel을 사용하여 절단(2)특징 및 기능- 절단폭의 정밀 관리와 절단 부위 품질 관리,,20260320001352,https://dart.fss.or.kr/dsaf001/main.do?rcpNo=20260320001352,2026-10-06
01090471,(주)에스에프에이넥셀,2025,,증착 및검사ㆍ측정장비,"(1)주요 용도- 디스플레이 증착 및 검사ㆍ측정장비, 증착 공정장비(2) 특징 및 기능- 고객사의 니즈에 맞게 주문제작방식- 고객사의 생산성을 ",,20260320001352,https://dart.fss.or.kr/dsaf001/main.do?rcpNo=20260320001352,2026-10-06
01144569,(주)피엔티 엠에스,2025,구분,품목,제 품 설 명,,20260316000348,https://dart.fss.or.kr/dsaf001/main.do?rcpNo=20260316000348,2026-10-06
01144569,(주)피엔티 엠에스,2025,2차전지 분리막 생산설비,분리막연신설비,- 2차 전지의 주요 구성요소인 분리막을 생산할 수 있는 설비 - 분리막의 원료인 PE 및 OIL을 투입하는 단계에서부터 최종 분리막 완성 단계,,20260316000348,https://dart.fss.or.kr/dsaf001/main.do?rcpNo=20260316000348,2026-10-06
01144569,(주)피엔티 엠에스,2025,2차전지 분리막 생산설비,분리막연신설비,- 2차 전지의 주요 구성요소인 분리막을 생산할 수 있는 설비 - 분리막의 원료인 PE 및 OIL을 투입하는 단계에서부터 최종 분리막 완성 단계,,20260316000348,https://dart.fss.or.kr/dsaf001/main.do?rcpNo=20260316000348,2026-10-06
01144569,(주)피엔티 엠에스,2025,2차전지 분리막 생산설비,분리막 추출기ㆍ건조기,- 습식분리막 생산시 오일을 추출해내어 기공을 생성하는 장비 (탱크 내 순환 및 온도 유지 → MC 추출 능력을 극대화함) - 추출공정 후 MC,,20260316000348,https://dart.fss.or.kr/dsaf001/main.do?rcpNo=20260316000348,2026-10-06
01144569,(주)피엔티 엠에스,2025,2차전지 분리막 생산설비,분리막 추출기ㆍ건조기,- 습식분리막 생산시 오일을 추출해내어 기공을 생성하는 장비 (탱크 내 순환 및 온도 유지 → MC 추출 능력을 극대화함) - 추출공정 후 MC,,20260316000348,https://dart.fss.or.kr/dsaf001/main.do?rcpNo=20260316000348,2026-10-06
01144569,(주)피엔티 엠에스,2025,2차전지 분리막 생산설비,분리막 코팅기,- 분리막 필름에 코팅처리를 하여 내열도를 향상시켜 2차전지의 안정성을 높이는 설 비로 분리막 라인 뒤에 추가로 설치하여 분리막 코팅공정에 사용,,20260316000348,https://dart.fss.or.kr/dsaf001/main.do?rcpNo=20260316000348,2026-10-06
01144569,(주)피엔티 엠에스,2025,2차전지 분리막 생산설비,분리막 코팅기,- 분리막 필름에 코팅처리를 하여 내열도를 향상시켜 2차전지의 안정성을 높이는 설 비로 분리막 라인 뒤에 추가로 설치하여 분리막 코팅공정에 사용,,20260316000348,https://dart.fss.or.kr/dsaf001/main.do?rcpNo=20260316000348,2026-10-06
01144569,(주)피엔티 엠에스,2025,2차전지 분리막 생산설비,전극 코팅기,"- 전극(양극, 음극) 제조용으로 양극재, 음극재를 각각 코팅하는 설비- 코팅 후, 건조는 여러 Zone의 Dry oven으로 구성되며, 각 D",,20260316000348,https://dart.fss.or.kr/dsaf001/main.do?rcpNo=20260316000348,2026-10-06
01144569,(주)피엔티 엠에스,2025,2차전지 분리막 생산설비,전극 코팅기,"- 전극(양극, 음극) 제조용으로 양극재, 음극재를 각각 코팅하는 설비- 코팅 후, 건조는 여러 Zone의 Dry oven으로 구성되며, 각 D",,20260316000348,https://dart.fss.or.kr/dsaf001/main.do?rcpNo=20260316000348,2026-10-06
01144569,(주)피엔티 엠에스,2025,디스플레이설비,Auto Clave,"- LCD 또는 OLED 제조공정에서 유리와 필름, 유리와 유리 사이에 남아있는 기포에 압 력을 가하여 제거하는 장비",,20260316000348,https://dart.fss.or.kr/dsaf001/main.do?rcpNo=20260316000348,2026-10-06
01144569,(주)피엔티 엠에스,2025,디스플레이설비,Auto Clave,"- LCD 또는 OLED 제조공정에서 유리와 필름, 유리와 유리 사이에 남아있는 기포에 압 력을 가하여 제거하는 장비",,20260316000348,https://dart.fss.or.kr/dsaf001/main.do?rcpNo=20260316000348,2026-10-06
01144569,(주)피엔티 엠에스,2025,디스플레이설비,편광필름연신설비,- TAC필름 및 PVA필름을 이용하여 편광필름을 제조하는 설비로 전처리 설비부터 검사 설비에 이르기까지 전체 라인을 제조함,,20260316000348,https://dart.fss.or.kr/dsaf001/main.do?rcpNo=20260316000348,2026-10-06
01144569,(주)피엔티 엠에스,2025,디스플레이설비,편광필름연신설비,- TAC필름 및 PVA필름을 이용하여 편광필름을 제조하는 설비로 전처리 설비부터 검사 설비에 이르기까지 전체 라인을 제조함,,20260316000348,https://dart.fss.or.kr/dsaf001/main.do?rcpNo=20260316000348,2026-10-06
01179617,(주)한국비엔씨,2025,,품 목,,,20260408003166,https://dart.fss.or.kr/dsaf001/main.do?rcpNo=20260408003166,2026-10-06
01179617,(주)한국비엔씨,2025,,"미용성형용제품군(필러류, 화장품, 보툴리눔 톡신 등)",,,20260408003166,https://dart.fss.or.kr/dsaf001/main.do?rcpNo=20260408003166,2026-10-06
01179617,(주)한국비엔씨,2025,,"수술/시술용제품군(유착/창상피복재, 조직보충재 등)",,,20260408003166,https://dart.fss.or.kr/dsaf001/main.do?rcpNo=20260408003166,2026-10-06
01179617,(주)한국비엔씨,2025,,"미용 의료기기( PICO, DUAL HI, 홈뷰티 디바이스 등)",,,20260408003166,https://dart.fss.or.kr/dsaf001/main.do?rcpNo=20260408003166,2026-10-06
01179617,(주)한국비엔씨,2025,,의약품,,,20260408003166,https://dart.fss.or.kr/dsaf001/main.do?rcpNo=20260408003166,2026-10-06
01179617,(주)한국비엔씨,2025,,화장품,,,20260408003166,https://dart.fss.or.kr/dsaf001/main.do?rcpNo=20260408003166,2026-10-06
01179617,(주)한국비엔씨,2025,,의약품,,,20260408003166,https://dart.fss.or.kr/dsaf001/main.do?rcpNo=20260408003166,2026-10-06
01179617,(주)한국비엔씨,2025,,시약 및 시험기기,,,20260408003166,https://dart.fss.or.kr/dsaf001/main.do?rcpNo=20260408003166,2026-10-06
01179617,(주)한국비엔씨,2025,,분석 및 실험서비스 외,,,20260408003166,https://dart.fss.or.kr/dsaf001/main.do?rcpNo=20260408003166,2026-10-06
01187494,주식회사 덴티스,2025,,임플란트,"Fixture의 나사형태, Fixture의 표면처리방식, Abutment 연결방식에 의해 구분",74.2,20260330001698,https://dart.fss.or.kr/dsaf001/main.do?rcpNo=20260330001698,2026-10-06
01187494,주식회사 덴티스,2025,,의료용 조명등,LUVIS 브랜드로 출시되어 있으며 LUVIS 라인업은 치과용 진료등과 수술용 무영등으로 구분,17.9,20260330001698,https://dart.fss.or.kr/dsaf001/main.do?rcpNo=20260330001698,2026-10-06
01187494,주식회사 덴티스,2025,,치과용 3D프린터,ZENITH 브랜드로 출시되어 있으며 라인업은 SLA 방식의 ZENITH U와 DLP방식의 ZENITH D 모델로 구분,5.5,20260330001698,https://dart.fss.or.kr/dsaf001/main.do?rcpNo=20260330001698,2026-10-06
01187494,주식회사 덴티스,2025,,바이오,치과용 합성골이식재와 치과용 차단막으로 구성,2.4,20260330001698,https://dart.fss.or.kr/dsaf001/main.do?rcpNo=20260330001698,2026-10-06
01206717,(주)마이크로엔엑스,2025,,고위험성감염체면역검사시약,,,20260323000619,https://dart.fss.or.kr/dsaf001/main.do?rcpNo=20260323000619,2026-10-06
01206717,(주)마이크로엔엑스,2025,,치과용임플란트,,,20260323000619,https://dart.fss.or.kr/dsaf001/main.do?rcpNo=20260323000619,2026-10-06
01206717,(주)마이크로엔엑스,2025,,감염체진단면역검사시약,,,20260323000619,https://dart.fss.or.kr/dsaf001/main.do?rcpNo=20260323000619,2026-10-06
01206717,(주)마이크로엔엑스,2025,,고위험성감염체유전자검사시약,,,20260323000619,https://dart.fss.or.kr/dsaf001/main.do?rcpNo=20260323000619,2026-10-06
01206717,(주)마이크로엔엑스,2025,,범용초음파영상진단장치,,,20260323000619,https://dart.fss.or.kr/dsaf001/main.do?rcpNo=20260323000619,2026-10-06
01206717,(주)마이크로엔엑스,2025,,조직수복용생체재료,,,20260323000619,https://dart.fss.or.kr/dsaf001/main.do?rcpNo=20260323000619,2026-10-06
01206717,(주)마이크로엔엑스,2025,,치과용임플란트시술기구,,,20260323000619,https://dart.fss.or.kr/dsaf001/main.do?rcpNo=20260323000619,2026-10-06
01206717,(주)마이크로엔엑스,2025,,매일착용소프트콘택트렌즈,,,20260323000619,https://dart.fss.or.kr/dsaf001/main.do?rcpNo=20260323000619,2026-10-06
01206717,(주)마이크로엔엑스,2025,,의료영상획득장치,,,20260323000619,https://dart.fss.or.kr/dsaf001/main.do?rcpNo=20260323000619,2026-10-06
01206717,(주)마이크로엔엑스,2025,,개인용온열기,,,20260323000619,https://dart.fss.or.kr/dsaf001/main.do?rcpNo=20260323000619,2026-10-06
01206717,(주)마이크로엔엑스,2025,,일반,,,20260323000619,https://dart.fss.or.kr/dsaf001/main.do?rcpNo=20260323000619,2026-10-06
01211889,주식회사 이지스,2025,,품목,,,20260320000003,https://dart.fss.or.kr/dsaf001/main.do?rcpNo=20260320000003,2026-10-06
01211889,주식회사 이지스,2025,,구축 용역,,,20260320000003,https://dart.fss.or.kr/dsaf001/main.do?rcpNo=20260320000003,2026-10-06
01211889,주식회사 이지스,2025,,구독 서비스,,,20260320000003,https://dart.fss.or.kr/dsaf001/main.do?rcpNo=20260320000003,2026-10-06
01211889,주식회사 이지스,2025,,유지보수 용역,,,20260320000003,https://dart.fss.or.kr/dsaf001/main.do?rcpNo=20260320000003,2026-10-06
01211889,주식회사 이지스,2025,,용역매출 소계,,,20260320000003,https://dart.fss.or.kr/dsaf001/main.do?rcpNo=20260320000003,2026-10-06
01211889,주식회사 이지스,2025,,호텔 및 임대수입 등,,,20260320000003,https://dart.fss.or.kr/dsaf001/main.do?rcpNo=20260320000003,2026-10-06
01222016,(주)옥천당,2025,한의사업부문,MSO지원서비스,,,20260428000755,https://dart.fss.or.kr/dsaf001/main.do?rcpNo=20260428000755,2026-10-06
01222016,(주)옥천당,2025,한의사업부문,규격한약재,,,20260428000755,https://dart.fss.or.kr/dsaf001/main.do?rcpNo=20260428000755,2026-10-06
01222016,(주)옥천당,2025,한의사업부문,포장재,,,20260428000755,https://dart.fss.or.kr/dsaf001/main.do?rcpNo=20260428000755,2026-10-06
01222016,(주)옥천당,2025,한의사업부문,의료기기,,,20260428000755,https://dart.fss.or.kr/dsaf001/main.do?rcpNo=20260428000755,2026-10-06
01223219,에이에프더블류(주),2025,,"용해로 알루미늄소재를 녹인후 주조를 통하여 제품형상을 만들어 열처리, 함침 등을 통하여 자동차 부품을 가공하는 것으로 구성되어 있습니다.",,,20260317000168,https://dart.fss.or.kr/dsaf001/main.do?rcpNo=20260317000168,2026-10-06
01223219,에이에프더블류(주),2025,,"CNC가공(Computer Numerical Control)등의 공정을 거쳐 제작되는 시추용장비,Casing/Drill Rod Socket등의 ",,,20260317000168,https://dart.fss.or.kr/dsaf001/main.do?rcpNo=20260317000168,2026-10-06
01223219,에이에프더블류(주),2025,,"태양광 발전매출,Sample매출, 용역매출, 부산물매출로 구성되어있습니다.",,,20260317000168,https://dart.fss.or.kr/dsaf001/main.do?rcpNo=20260317000168,2026-10-06
01223219,에이에프더블류(주),2025,,상품매출등으로 구성되어있습니다.,,,20260317000168,https://dart.fss.or.kr/dsaf001/main.do?rcpNo=20260317000168,2026-10-06
01298806,주식회사  다원메닥스,2025,의료기기,BNCT시스템,,,20260413002972,https://dart.fss.or.kr/dsaf001/main.do?rcpNo=20260413002972,2026-10-06
01298806,주식회사  다원메닥스,2025,의약품,붕소의약품,,,20260413002972,https://dart.fss.or.kr/dsaf001/main.do?rcpNo=20260413002972,2026-10-06
01298806,주식회사  다원메닥스,2025,소프트웨어,TPS,,,20260413002972,https://dart.fss.or.kr/dsaf001/main.do?rcpNo=20260413002972,2026-10-06
01324165,주식회사 아스트로젠,2025,,비임상 시험 진행 중(26년 임상 진입 목표),,,20260331000435,https://dart.fss.or.kr/dsaf001/main.do?rcpNo=20260331000435,2026-10-06
01324165,주식회사 아스트로젠,2025,,비임상 시험 진행 중(26년 임상 진입 목표),,,20260331000435,https://dart.fss.or.kr/dsaf001/main.do?rcpNo=20260331000435,2026-10-06
01324165,주식회사 아스트로젠,2025,,비임상 시험 진행 중(26년 임상 진입 목표),,,20260331000435,https://dart.fss.or.kr/dsaf001/main.do?rcpNo=20260331000435,2026-10-06
01324165,주식회사 아스트로젠,2025,,비임상 시험 진행 중중국 L/O 완료(24년 3월),,,20260331000435,https://dart.fss.or.kr/dsaf001/main.do?rcpNo=20260331000435,2026-10-06
01324165,주식회사 아스트로젠,2025,,비임상 시험 진행 중중국 L/O 완료(23년 9월),,,20260331000435,https://dart.fss.or.kr/dsaf001/main.do?rcpNo=20260331000435,2026-10-06
01324165,주식회사 아스트로젠,2025,,비임상 시험 진행 중(26년 L/O 패키지 준비 목표),,,20260331000435,https://dart.fss.or.kr/dsaf001/main.do?rcpNo=20260331000435,2026-10-06
01381799,주식회사 엔도비전,2025,구분,품 목,,,20260527000292,https://dart.fss.or.kr/dsaf001/main.do?rcpNo=20260527000292,2026-10-06
01381799,주식회사 엔도비전,2025,바이오제품,국소지혈드레싱 외,,,20260527000292,https://dart.fss.or.kr/dsaf001/main.do?rcpNo=20260527000292,2026-10-06
01381799,주식회사 엔도비전,2025,의료기기,척추관절 내시경 의료기기,,,20260527000292,https://dart.fss.or.kr/dsaf001/main.do?rcpNo=20260527000292,2026-10-06
01381799,주식회사 엔도비전,2025,매출총계,매출총계,,,20260527000292,https://dart.fss.or.kr/dsaf001/main.do?rcpNo=20260527000292,2026-10-06
01455410,주식회사 파인메딕스,2025,"- 일본, 독일, 미국 등 주요 거점 국가 5개국 선정해 집중 공략(국가별중장기 연매출 30억~50억원 목표","- 일본, 독일, 미국 등 주요 거점 국가 5개국 선정해 집중 공략(국가별중장기 연매출 30억~50억원 목표) - 대형 글로벌 업체와 ODM/O",,,20260626000596,https://dart.fss.or.kr/dsaf001/main.do?rcpNo=20260626000596,2026-10-06
01455410,주식회사 파인메딕스,2025,"- 경쟁력 우수 제품(나이프, FNA(B)) 신규 모델 지속 출시 - 시장 선도 혁신형 제품 출시(지혈제품,","- 경쟁력 우수 제품(나이프, FNA(B)) 신규 모델 지속 출시 - 시장 선도 혁신형 제품 출시(지혈제품, 마킹 시스템 등)",,,20260626000596,https://dart.fss.or.kr/dsaf001/main.do?rcpNo=20260626000596,2026-10-06
01455410,주식회사 파인메딕스,2025,"- 해외 의료진 교육 프로그램 강화(국내, 해외 현지 프로그램 다양화)","- 해외 의료진 교육 프로그램 강화(국내, 해외 현지 프로그램 다양화)",,,20260626000596,https://dart.fss.or.kr/dsaf001/main.do?rcpNo=20260626000596,2026-10-06
