대구시 실국,부서,대구시 세부사업,대구시 2026(천원),대구시 2025(천원),출처,부처,국비 사업,코드,국비 2026(백만원),유사도,판정,대구시 상태
미래혁신성장실,ABB산업과,데이터기반행정 운영,9680,113400,ai,행정안전부,데이터기반행정활성화(정보화),2046-503,10478,0.74,확인 필요,계속
미래혁신성장실,ABB산업과,공공데이터 이용 활성화 지원,63250,132000,ai,행정안전부,공공데이터개방및이용활성화지원(정보화),2046-502,40662,0.89,확실,계속
원스톱기업투자센터,투자유치과,지역투자촉진,614623,8013360,budget_motie,산업통상부,지역투자촉진,3363-306,251347,1.0,확실,계속
경제국,섬유패션과,안경 소공인 특화지원센터 사업보조(국가직접지원),150000,150000,smba,중소벤처기업부,소공인특화지원,4131-318,,0.9,확실,계속
경제국,섬유패션과,주얼리 소공인 특화지원센터 사업보조,40000,40000,smba,중소벤처기업부,소공인특화지원,4131-318,,0.9,확실,계속
경제국,경제정책관,중소기업 육성 지원,501349,435392,smba,중소벤처기업부,중소기업 재기지원,5133-301,14966,0.75,확인 필요,계속
경제국,경제정책관,지역산업마케팅지원(지역산업온라인마케팅지원사업)(1단계전환),,,smba,중소벤처기업부,마케팅지원사업,4835-305,24944,0.9,확실,계속
경제국,고용노동정책과,취약근로자 교육 및 법률구조상담 지원사업,98550,98550,ai,법무부,법률구조,,38935,0.9,확실,계속
경제국,민생경제과,소공인 특화지원센터 운영지원(국가직접지원),60000,60000,smba,중소벤처기업부,소공인특화지원,4131-318,,0.9,확실,계속
경제국,산단진흥과,산업단지 환경정비,100000,100000,ai,산업통상부,산업단지환경조성,3333-305,409920,0.75,확인 필요,계속
경제국,산단진흥과,산업단지 조성,,,ai,산업통상부,산업단지환경조성,3333-305,409920,0.86,확실,계속
