no,ministry,bureau,name,code,account,new_or_continue,support_type,subsidy_rate,executor,beneficiary,period,total_cost,budget_2025,budget_2026,cost_5y,budget_nums,daegu_mention,region_scope,purpose,history,basis,page,source,volume
1,중소벤처기업부,,신용보증기금출연,1231-881,일반회계,,,,신용보증기금,법인 및 개인기업,년 계속 ’76 ~,,100000,80000,"1,005,000 83,700 80,000 100,000 80,000","80,000|100,000|80,000|80,000|20,000|20|80,000|80,000",,,,"월 신용보증기금 창립 - ’76.6 : 월 기술보증기금 설치 - ’86.12 : 월 기술보증기금을 별도 법인으로 분리 - ’89.4 : 외환위기 극복을 위한 각종 특례보증제도 시행 - ’98 : 중소·중견기업 - ’03 : 보증 시행 P-CBO 금융위기 극복을 위한 보증총량 확대 및 각종 특례보증제도 시행 - ’09 : 회사채 시장 안정화를 위한 시장안정 - ’13 : 보증 시행 P-CBO 자동차부품산업 지원을 위한 자동차부품산업지원보증 시행 - ’19 : 코로나 피해 확산 방지 및 기업의 경영애로 해소와 금융시장안정 지원을 위해 - ’20 : 19 코로나 특례보증 소상공인 차 금융지원 코로나 피해 대응 보증 등을 시행 19 , 2 , 19 P-CBO 코로나 경제위기 대응 지속을 위해 코로나 위기극복 · 수출기업 · 버스업체 - ’21 : 19 19 · 코로나 연착륙 특례보증 등을 시행 19 코로나 피해 소상공인의 영업회복·경쟁력 제고를 위한 코로나 경제회복 - ’22 : 19 19",,41,국가AI전략위 AI 예산사업 통합 설명자료(2026.3),예산
2,중소벤처기업부,,기술보증기금출연,1231-882,일반회계,,,,기술보증기금,중소·벤처기업,년 계속 ’89 ~,,110000,60000,"112,000 - 20,000 110,000 60,000","20,000|40,000|110,000|90,000|60,000|50,000|45|20,000",,,,기술보증기금법 제정 월 : (‘86.12 ) - 36 - □ 주요내용,,47,국가AI전략위 AI 예산사업 통합 설명자료(2026.3),예산
3,중소벤처기업부,,매출채권보험계정출연,1232-301,일반회계,,,,신용보증기금,중소기업 및 평균 매출액 천억원 미만 중견기업,년 계속 ‘97 ~,,20000,27000,"55,000 35,000 - 20,000 27,000","20,000|20,000|40,000|27,000|7,000|35|20,000|20,000",,전국,,"월 약속어음 거래 안정화에 대한 지원 정책으로 어음보험 제도 개발⋅도입 - (’97. 4 ) 근거법 「소기업 및 소상공인 지원을 위한 특별조치법」 < : > 월 기업 간 신용 거래에 따른 연쇄도산 위험 방지 및 경영 불안 해소를 - (’04. 3 ) 위해 보험 가입 대상을 기존의 어음에서 외상매출금까지 확대하여 매출채권보험 도입 월 설치 근거법 이전 「중소기업진흥 및 제품구매촉진에 관한 법률」 및 - (’08. 3 ) ( ) 보험 가입 대상 확대 매출액 억원 이하 → 억원 이하 ( 150 300 ) 월 매출채권보험 가입 대상 기업을 종전 매출액 억원 이하에서 전체 - (’11. 7 ) 300 중소기업으로 확대하여 매출채권보험 이용 활성화 월 보험 관련 연관성이 적은 일부 업종 주류도매업 귀금속도매업 소매업 등 을 - (’15. 6 ) ( , , ) 제외한 전 업종으로 가입 대상 업종을 확대하여 보험 가입의 사각지대 해소 월 「중견기업법 시행령」개정 중견기업 진입후 년 내 조항 삭제 ",,53,국가AI전략위 AI 예산사업 통합 설명자료(2026.3),예산
4,중소벤처기업부,,ICT 융합스마트공장보급·확산,2111-303,일반회계,,,,중소기업기술정보진흥원 한국로봇산업진흥원 한국생산기술연구원,중소․중견기업,계속 ‘15~,,286923,402056,"346,637 167,091 219,054 286,923 402,056","219,054|236,076|286,923|436,556|402,056|115,133|40|219,054",,,,"전국상의 회장단 경제 단체장 간담회 에서 「제조업혁신 전략」발표 - ‘ ( 5 ) ’ 3.0 (‘14.6.26) -「제조업혁신 전략」의 핵심과제로 스마트공장 보급․확산 추진 3.0 제 차 무역투자진흥회의 에서 「제조업 혁신 전략 실행대책」발표 - ‘ 7 ’ 3.0 (‘15.3.19) 제 차 핵심개혁과제 점검회의 - ' 1 에서 상반기 추진상황 점검 (’15.6.25)’ 중소기업 정책간담회 에서「스마트 제조혁신비전 」발표 - ‘ ’ 2025 (‘17.4.20) 국정과제 - ( 차 산업혁명 대응을 위한 제조업 부흥 ) 38-1 4 (‘17.7.19) * ‘22년까지 스마트공장 2만개 보급․확산을 통한 제조기업 경쟁력 확보 및 고부가가치 일자리 창출 지원 - 중소기업정보화역량강화 세부사업에서 생산현장디지털화 내역사업 이관 (‘18) - 스마트공장 확산 및 고도화 전략 발표 차위 대한민국 혁신성장 보고대회 (4 , ‘18.3.8), VIP보고 중소기업 스마트 제조혁신 전략 발표 (‘18.5",,59,국가AI전략위 AI 예산사업 통합 설명자료(2026.3),예산
5,중소벤처기업부,,중소기업 스마트서비스 지원,2111-304,일반회계,,,,중소기업기술정보진흥원,중소기업,년 계속 ’20 ~,,10888,10888,"10,888 10,888 10,888 10,888 10,888","10,888|10,888|10,888|32,588|10,888|10,888|10,888|10,888",,전국,,"사업 시작년도 추진배경 부처별 중점과제 대통령 공약사항 등 - , , , - 서비스산업 혁신 전략 관계부처 합동 경제활력대책회의 (‘19.6.26, , ) - 중소기업 스마트서비스 지원 사업 신설 년 (’20 ) - 「한국판 뉴딜」 종합 계획 관계부처 합동 (’20.7.14, ) - 서비스산업 코로나 대응 발전전략 관계부처 합동 19 (‘21.3.3, )",,74,국가AI전략위 AI 예산사업 통합 설명자료(2026.3),예산
6,중소벤처기업부,,데이터 인프라구축 정보화 ( ),2111-305,일반회계,,,,( ),국내 중소ㆍ중견기업,계속 ‘20 ~,,5836,5922,5,"6,900|5,836|5,836|7,400|5,922|86|1|6,900",,,,스마트공장 확산 및 고도화 전략 - (’18.3) 데이터 산업 활성화 전략 - (’18.6) 중소기업 스마트 제조혁신 전략 - (’18.12) 플랫폼 경제 추진성과 및 향후 확산 방안 - (’19.6) 한국판 뉴딜 - (’20.5) ‧데이터 기반 중소기업 제조혁신 고도화 전략 - AI (’20.7) 국정과제 중소기업 정책을 민간주도 혁신성장 의 관점에서 재설계 - ( ) 31 “ ” (’22.5.3) * ‘제조 디지털 전환 클라우드 플랫폼(DTaaS)’구축 및 스마트공장(미래형 선도 스마트공장 등) 추가보급 - ‘ 新 디지털 제조혁신 추진전략 발표 ’ (’23.9.18) - ‘ 스마트제조 혁신 생태계 고도화 방안 발표 ’ (’24.10.2) - ‘AI 기반 스마트제조혁신 전략 발표 3.0 ’ (‘25.10.24.),,80,국가AI전략위 AI 예산사업 통합 설명자료(2026.3),예산
7,중소벤처기업부,,혁신제품 지정사업,2111-308,일반회계,,,,중소기업기술정보진흥원,중소기업,년 계속 2021 ~,,400,400,"1,000 1,000 400 400 400",400|400|400|400|400|400|400|400,,전국,,"사업 시작년도 추진배경 부처별 중점과제 대통령 공약사항 등 - , , , 년 정부혁신 종합추진계획에 새로운 가치를 창출·실현하는 공공구매 - (’19.2) ’19 ‘ 조달 혁신 을 신규 과제로 포함 ’ 혁신지향 공공조달 방안 관계부처 합동 보고 국무회의 - (’19.7) ’ ‘ ( ) * 중기부는 4대 추진전략 중 ‘혁신성 평가를 통한 구매 활성화’를 위해 ‘20년 우수연구개발 혁신제품 지정제도 시범추진 - (‘19.9) 우수연구개발 혁신제품에 대한 수의계약 절차 마련 기재부 고시 ( ) * 계약예규-정부입찰·계약 집행기준 ’제6장 우수연구개발 혁신제품에 대한 수의계약 절차’ * 「국가를 당사자로 하는 계약에 관한 법률 시행령」제26조제1항제5호사목 * 「지방자치단체를 당사자로 하는 계약에 관한 법률 시행령」제25조제1항제8호다목 - (’20.2) 중소벤처기업부 우수연구개발 혁신제품 지정지침 고시 제정 - (‘20.10) 혁신제품 수의계약 근거법령 개정 국가계약법→조달사업법 ( ) ",,87,국가AI전략위 AI 예산사업 통합 설명자료(2026.3),예산
8,중소벤처기업부,,지역특화 제조데이터 활성화,2111-312,일반회계,,,,중소기업기술정보진흥원,지역 중소·중견기업,년 계속 ‘22 ~,,6000,6000,"2,000 2,000 2,000 6,000 6,000","2,000|6,000|6,000|40,000|6,000|2,000|2,000|2,000",Y,지역지정,,"월 인공지능 국가전략 - (’19.12 ) ※ AI와 데이터를 기반으로 스마트공장 고도화 추진 - (‘20.7 월 ⋅데이터 기반 중소기업 제조혁신 고도화 전략 ) AI ※ 5G, 빅데이터, AI를 활용하여 제조혁신을 더욱 고도화 추진 월 지역특화 제조데이터 활성화 사업 신규 컨소시엄 경기 선정 - (’22.3 ) ( ) 월 지역특화 제조데이터 활성화 사업 신규컨소시엄 대구 울산 충북 선정 - (‘25.5 ) ( , , )",,93,국가AI전략위 AI 예산사업 통합 설명자료(2026.3),예산
9,중소벤처기업부,,기술혁신기반조성,2131-302,일반회계,,,,사 중소기업기술혁신협회 사 한국경영혁신중소기업협회,중소기업,계속 ‘01 ~,,16521,43366,5,"16,121|16,521|16,521|170,191|43,366|26,845|162|16,121",,전국,,"중소기업의 기술력이 국가 경쟁력의 핵심 요소로 등장함에 따라 일반 중소기업의 - , 기술혁신 선도를 위해 기술혁신형 중소기업의 발굴·육성 필요성 제기 ․ 년부터 선진국의 평가기법을 도입하여 기술혁신형 중소기업 육성사업 을 ’01 ‘ ’ , 년부터는 경영혁신형 중소기업 육성사업 을 추진 ‘06 ’ ‘ ․ 기술혁신대전은 혁신기술 및 신제품 전시 유공자 포상을 통한 중소기업의 기술 , 혁신 의욕 고취와 성과확산을 위하여 년부터 매년 개최 ’00 ․ 중소기업의 경영혁신을 촉진하기 위하여 중소기업 기술혁신촉진법 개정 (‘22.1.) 으로 경영혁신 우수사례 발굴 및 성과 확산 행사를 년부터 지원 ’23 - 90 -",,99,국가AI전략위 AI 예산사업 통합 설명자료(2026.3),예산
10,중소벤처기업부,,R&D 사업화 계정 출연,2131-306,일반회계,,,,기술보증기금,중소기업 공공연구기관,년 2026 ~,,0,50000,"- - - - 50,000","50,000|50,000|50,000|50,000|17,800|30,610|1,590|1",,전국,,"-그간 정부의 기술사업화 노력에도 불구 전용 금융기능 및 지원 인프라 부족으로 , 중소기업 사업화 성과가 수준으로 년간 50% 지속 5 (’19~‘23) -이에 자율성 높은 혁신 금융 기반 , 사업화 금융지원 도입 및 인프라 개선을 R&D 통해 정부 성과의 중소기업 활용 촉진을 위한 지원 필요 R&D * 국정과제 35-2번 ’R&D 사업화로 기업성장 촉진’ 관련 - 108 -",,118,국가AI전략위 AI 예산사업 통합 설명자료(2026.3),예산
11,중소벤처기업부,,중소기업기술혁신개발 (R&D),2134-302,일반회계,,,,(R&D),주관기관 중소기업 참여기관 필요시 중소기업 대학 연구기관 등,- 계속 일몰관리혁신 `97 ~ ( ),,344385,494242,"283,300 302,919 288,112 344,385 494,242","288,112|344,385|344,385|494,242|494,242|149,857|43|288,112",,전국,,"년 중소기업의 기술개발촉진 및 기술력 향상을 위해 「중소기업 기술혁신개발사업」 - ’97 : 신설 직접 수행 ( ) 년 국정과제 중소기업 성장 희망사다리 구축 중소기업의 세계화 지원 경제혁신 - ‘14 : “ ( - )”, “ 개년 계획 투자자금 선순환 정착 창조경제 실현계획 벤처․중소기업의 3 ( )”, “ ( 글로벌 시장 개척지원 의 세부과제로 포함 )” 년 일본 수출규제에 따른 중소기업 피해 최소화 및 글로벌 경쟁력 강화를 위해 - ’19 : 혁신형기업기술개발 內 글로벌도약과제 신설 년 일몰관리혁신사업 재기획된 사업으로 년 주기의 성과평가를 통한 계속 - ‘20 : 5 지원여부 결정에 따라 성과지향형 사업으로 변화 년 코로나 위기 극복과 포스트코로나 시대 선도를 위해 중점전략분야 한국판뉴딜 - ‘21 : ( , 등 지원 강화 BIG3, 4IR ) 년 그린벤처 유망기업 과제 시장확대형 내내역과제 를 기후대응기금으로 이관 - ‘22 : ( ) 년 일몰관리혁신사업 중간평가결과 계속 ",,125,국가AI전략위 AI 예산사업 통합 설명자료(2026.3),예산
12,중소벤처기업부,,창업성장기술개발 (R&D),2134-309,일반회계,,,,중소기업기술정보진흥원 창업성장사업실 ( ),중소기업,년 계속 일몰관리혁신,,2025,2026,2022 2023 2024 2025 2026,"531,683|596,010|596,010|786,419|786,419|190,409|31|531,683",,전국,,"지경부와 중기청은 각각 신기술보육사업 과 창업기업 공동기술개발사업 을 - (‘08) ’ ‘ ’BI ‘ 운영 창업기업의, 투자와 사업화 촉진 유도 R&D 일몰관리혁신에 따른 사업 구조조정을 통해 기존 내역사업 종료 및 사업체계 개편 - (`20) 사회문제해결 미래 대 신산업 및 소재·부품·장비 분야 기술창업기업 지원 - (`21) , 3 확대 등 기술창업기업 다각화 지원 R&D 민간 지역 창업혁신주체 연계 지원 디지털‧백신 등 중소기업 미래 전략분야 집중 지원 - (’22) ( ) , 민간 주도형 지원 및 미래 신산업 딥테크 기술보유 창업기업 중점 지원 - (‘23) R&D ( ) 지역특화 글로벌 여성참여 등 다양한 수요 맞춤형 - (‘24) , , 지원 및 민간역량을 R&D 활용한 딥테크 기업 지원 확대 혁신 아이디어 및 도약기술 지원을 통한 스타트업의 과감한 도전 기회 제공 - (‘25) 및 민간과 정부 협력을 통한 글로벌 혁신기업 육성 - 122 - □ 주요내용",,132,국가AI전략위 AI 예산사업 통합 설명자료(2026.3),예산
13,중소벤처기업부,,스마트 제조혁신 기술개발사업 (R&D),2134-377,일반회계,,,,중소기업기술정보진흥원,중소기업,‘22~‘26,,51690,23326,"33,057 32,176 43,665 51,690 23,326","43,665|51,690|51,690|23,326|23,326|28,364|54|43,665",,전국,,"사업 시작년도 추진배경 부처별 중점과제 대통령 공약사항 등 - , , , -산업부 등 타부처 사업의 일몰 도래 에 따라 범부처 중기부·과기부 후속사업으로 R&D * ( ) 스마트 제조혁신 기술개발사업 기획 (‘19.12) - 128 - * ➊ (‘20년 종료) 범부처GigaKOREA사업(과기부), 스마트공장제조핵심기술개발(산업부), 산업현장핵심기술수시개발(산업부) ➋ (’21년 종료) 스마트공장용중소기업보급형로봇개발지원사업(산업부), 스마트공장협업패키지기술개발(산업부) ➌ (‘22년 종료) 현장수요형스마트공장기술개발(중기부) - ‘20 년 예비타당성 조사결과 시행 “ ”(AHP 0.736) 확정 (‘20.11 월) § 사업비 총액 : 4,341억원(정부 3,288억원(직접사업비 3,160억원*) / 민간 1,053억원) * ➊첨단제조 1,114억원 ➋유연생산 1,460억원 ➌현장적용 586억원 * 예비타당성 조사 신청(2월) → 예타 대상선정(3월) → 종합평가(10월) → 최종의결",,138,국가AI전략위 AI 예산사업 통합 설명자료(2026.3),예산
14,중소벤처기업부,,중소기업기술정보진흥원 기획평가관리비 일반 ( )(R&D),2134-422,일반회계,,,,( ),중소기업기술정보진흥원,년 계속,,39817,39803,"39,626 39,872 38,644 39,817 39,803","38,644|39,817|39,817|39,817|39,803|14|0|38,644",,전국,,,,147,국가AI전략위 AI 예산사업 통합 설명자료(2026.3),예산
15,중소벤처기업부,,디지털기반중소제조산재예방기술개발 (R&D),2134-473,일반회계,,,,중소기업기술정보진흥원,중소기업,년 년,,1650,7700,"1,650 7,700","1,650|1,650|7,700|7,700|6,050|366|1,650|1,650",,전국,,제 차 재난 및 안전관리 기술개발 종합계획 발표 관계부처 합동 - (‘22.9) 4 ( ) 중소기업의 안전관리 역량 향상을 집중적으로 지원하는 중대재해 감축로 - (‘22.11) 드맵 발표 고용노동부 ( ) 자기규율예방체계 확립을 위한 참여·협력 기반의 종합지원 실시 내용을 - (‘23.2) 담은 산업안전보건감독 종합계획 발표 고용노동부 ( ) 중대재해 취약분야 기업 지원대책 발표 관계부처 합동 - (‘23.12) ( ) 중재대해처벌법의 인 미만 사업장으로 확대 시행 - (‘24.1) 50 산업안전 디지털 기술개발사업 신규기획 중소벤처기업부 - (‘24.5) ( ),,153,국가AI전략위 AI 예산사업 통합 설명자료(2026.3),예산
16,중소벤처기업부,,중소기업 수출 핵심품목 탄소감축 기술개발 (R&D),2134-474,일반회계,,,,(R&D),중소기업,- ‘26 ~ ’30,,2025,2026,2022 2023 2024 2025 2026,"5,000|5,000|5,000|5,000|5,000|1|2|148",,전국,,"년 글로벌 탄소규제에 대한 중소기업 맞춤형 - (’24 ) 사전기획 추진 R&D 년 철강 알루미늄 분야 탄소감축 핵심품목 개 도출 - (’25 ) , (18 )",,159,국가AI전략위 AI 예산사업 통합 설명자료(2026.3),예산
17,중소벤처기업부,,민관공동기술사업화 (R&D),2134-485,일반회계,,,,기관명,중소기업,년 계속,,48788,129912,"- - 24,160 48,788 129,912","24,160|48,788|48,788|129,912|129,912|81,124|166|24,160",,전국,,년 중기청과 국방부간 「국방기술개발협약」 체결을 통해 구매조건부신제품 - '02 ‘ 개발사업 시범 실시 ’ 년 신규예산 반영 억원 - '03 (40 ) 년 민간 대기업 참여 종전 공기업만 참여 로 사업영역을 민간부문으로 확대 - ’05 ( ) 년 구매조건부사업 내 민·관 - '08 협력펀드과제 신설 ‘ R&D ’ 년 구매조건부사업의 민·관 협력펀드과제 를 민·관 협력펀드과제 으로 신설·운영 - '11 ‘ R&D ’ ‘ R&D ’ 년 구매조건부신제품개발사업 內 중소기업이 수요처에 과제를 제안하는 기업 - '11 제안과제 신설 - 년 신기술제품 공공구매촉진방안 중 기술개발제품 우선구매제도 확대 방안 '13 ‘ ’ 등에 상용화기술개발사업 반영 년 국가계약법 시행령에 구매조건부신제품개발사업 및 민·관공동투자기술개발 - '14 사업 개발제품의 수의계약 근거 마련 년 네트워크형 기술개발사업 내역사업 신설 - ’17 년 - ’19 활용 상용화기술개발사업 예타 면제 사업 추진 결정 (Tech-Br,,164,국가AI전략위 AI 예산사업 통합 설명자료(2026.3),예산
18,중소벤처기업부,,투·융자연계기술개발 (R&D),2134-486,일반회계,,,,중소기업기술정보진흥원,주관기관 중소기업 참여기관 필요시 중소기업 대학 연구기관 등,- 계속 ’22 ~,,184810,457041,"31,999 61,194 110,933 184,810 457,041","110,933|174,810|184,810|457,041|457,041|272,231|147|110,933",,전국,,"년 기술혁신개발사업 등 주요 사업 일몰관리혁신 지정에 따라 기존 내역사업의 구조조 - ‘20 : , 정과 시장확대형 내역 및 민간투자연계 내내역 신설 ’ ( ) ( )‘ 년 투자형 확대 방안 중기부 에 따라 운영사 구조 방식 를 적용한 전용 - ‘21 : R&D (’21.8, ) , (TIPS ) 트랙이 신설되어 지원 방식은 다변화 R&D 년 투자형 정책사업을 스케일업 팁스 방식 로 본격 브랜드화하고 추천 스 - ‘22 : R&D ’ ‘(TIPS ) , VC ( 케일업 팁스 ·기업신청 민간투자연계 방식으로 지원 확대 ) ( ) R&D 년 중소벤처기업이 혁신적 에 도전할 수 있도록 중소벤처기업 중심 고위험·고성과 - ‘23 : R&D 프로젝트 및 융자연계형 추진R&D (DCP) 년 딥테크 챌린지 프로젝트 혁신도전형 사업군 지정 및 스케일업 팁스 융자 - ‘24 : (DCP) ’ R&D ‘ , 연계형 지원확대 등 전략성 강화 * DCP·스케일업 팁스 개편방향에 따른, 글로벌 트랙 신설하",,171,국가AI전략위 AI 예산사업 통합 설명자료(2026.3),예산
19,중소벤처기업부,,표준공정 기반 공정최적화 기술개발 (R&D),2134-487,일반회계,,,,중소기업기술정보진흥원,중소 제조기업,년 `26~`30,,0,3000,"3,000","3,000|3,000|3,000|3,000|1,750|1,250|1|240",,지역지정,,"사업 시작년도 추진배경 부처별 중점과제 대통령 공약사항 등 - , , , ㅇ 공약 및 시책 구 분 세 부 내 용 (35) 미래 신기술로 성장하고 글로벌로 도약하는 중소기업 국정과제 - 35-3 뿌리부터 첨단까지 AX 대전환으로 생산성 혁신 (2. 성장 – 2. 성장 기반구축) - 18. 중소기업의 디지털 전환으로 경쟁력을 강화하고 안전한 일터로 만들겠습니다. ㅇ 탄소중립 팩토리, 안전한 휴먼팩토리 등 스마트공장 3.0 추진 공약 - 기존 스마트공장을 선진형 스마트공장으로 고도화 - 마이제조데이터 중심의 중소기업 스마트 제조혁신 생태계 구축 ㅇ 금형‧열처리‧주조 등 국가핵심 제조뿌리산업 지원 강화 - 공정자동화‧지능화 등 스마트화 지원, 현장인력 부족 애로 해소 스마트제조 혁신생태계 (전략3) 시장친화적 스마트제조 인프라 확충 고도화방안 ㅇ (1) 민간이 주도하는 제조데이터·AI활용 기반 확충 (‘24. 경제 장관회의)",,178,국가AI전략위 AI 예산사업 통합 설명자료(2026.3),예산
20,중소벤처기업부,,중소제조 특화 Multi AI Agent 개발 (R&D),2134-488,일반회계,,,,중소기업기술정보진흥원,중소기업 주관·공동 컨소시엄,‘26~’28,,0,3600,"- - - - 3,600","3,600|3,600|3,600|3,600|3,600|1|2|173",,전국,,"사업 시작년도 추진배경 부처별 중점과제 대통령 공약사항 등 - , , , - 스마트 제조혁신 기술개발사업 선행사업 예타 통과 년 및 사업 시작 (R&D, ) (‘20 ) 년 년 (‘22 ~’26 ) - 스마트제조혁신 생태계 고도화 방안 발표 (‘24.10) - 스마트제조혁신 기본계획 발표 (‘24.12) - 인공지능 창업기업 스타트업 육성을 통한 인공지능 활용·확산 방안 발표 (AI) ( ) (AI) (‘25.2) - 스마트제조혁신기술개발사업 후속 사업으로 중소제조 특화 R&D Multi AI Agent 개발사업 기획 착수 (‘25.3) - AI에이전트 전문가회의을 통한 기업·학계 등 현장의견 수렴 (’25.4) - 다부처 협업형 사업 중기부 산업부 으로 부처간 협의 R&D ( - ) (’25.5) 국정과제 - ( 뿌리부터 첨단까지 대전환으로 생산성 혁신 ) 35-3. AX (’25.8)",,184,국가AI전략위 AI 예산사업 통합 설명자료(2026.3),예산
21,중소벤처기업부,,중소기업정보화역량강화 정보화 ( ),2135-503,일반회계,,,,( ),중소기업,계속 ’02 ~,,200,200,"3,245 1,500 250 200 200",250|200|200|200|200|250|250|250,,전국,,"사업 시작년도 추진배경 부처별 중점과제 대통령 공약사항 등 - , , , 년 중소기업기술혁신촉진법에 추진 근거마련 제 조 제 조 - ’01 : ( 18 , 19 ) 년 중소기업 정보화촉진 추진전략 수립 중장기대책 마련 - ’03 : 년 클라우드 기반 정보화지원을 위해 경영혁신플랫폼 구축사업 도입 - ’13 : ‘ ’ 년 경영혁신플랫폼 시스템 오픈 - ’14 : ‘ ’ 년 경영혁신플랫폼 운영 종료 중소기업정보화수준조사만 수행 - ‘23 : ’ ‘ ( ) - 180 -",,191,국가AI전략위 AI 예산사업 통합 설명자료(2026.3),예산
22,중소벤처기업부,,중소기업기술정보진흥원운영 (R&D),2136-501,일반회계,,,,(R&D),중소기업기술정보진흥원,계속 ‘02~,,8032,8785,"6,321 6,622 7,359 8,032 8,785","7,359|8,032|8,032|8,785|8,785|753|9|7,359",,전국,,◦ 2002. 01 : 중소기업정보화경영원 개원 ◦ 2002. 06 : 중소기업 기술진흥 전문기관 지정 ◦ 2006. 03 : 중소기업기술정보진흥원 개칭 ◦ 2009. 01 : 위탁집행형 준정부기관 지정 ◦ 2013. 03 : 기관 이전 서울→대전 ( ) ◦ 2014. 12 : 중소기업 지원사업 전문기관 일원화 R&D ◦ 2019. 05 : 부설 스마트제조혁신추진단 설립 ◦ 2021. 05 : 기관 이전 대전→세종 ( ) ◦ 2022. 01 : 지역특화산업육성사업 전문기관 지정 ◦ 2023. 02 : 기타공공기관 변경 지정,,196,국가AI전략위 AI 예산사업 통합 설명자료(2026.3),예산
23,중소벤처기업부,,수출지원기반활용사업,3131-301,일반회계,,,,중소벤처기업진흥공단,내수 및 수출 중소기업,년 계속 ’99 ~,,217360,150203,"107,509 119,710 111,860 217,360 150,203","111,838|127,560|217,360|180,000|150,203|67,157|30|111,860",,전국,,"사업 시작년도 추진배경 부처별 중점과제 대통령 공약사항 등 - , , , -대통령 지시사항으로 내수기업의 수출기업화 사업 본격 추진 경축사 후속대책 (99.8.15 ) -수출 중소․중견기업 지원확대방안 보고 무투회의 (‘13.4, ) -중소기업 해외진출 활성화 방안 중국 내수시장 진출전략 중소기업 온라인 (‘13.5), (‘13.9), 수출 활성화 방안 마련 대외경장회의 등 (B2C) (’13.11) ( ) -국정과제 및 경제혁신 개년 계획 에 반영 * (‘13.3) 3 ** (‘15) * 중소기업 세계화 지원, 중소기업 성장 희망사다리 구축, 중소중견기업 수출경쟁력 강화 ** 성장단계별 한국형 히든챔피언 육성 전략 마련 - ｢고성장기업 육성 계획｣ 수립(‘14.5) 및 시범사업 월 * (‘14.7 ~) - ’15년~ , 고성장기업 전용 수출지원 프로그램 도입 월 현재 (’15.1 ~ ) - 산업부 및 중기부 수출지원사업에 수출바우처 도입 월 현재 * (’17.1 ~ ) * (수출바",,201,국가AI전략위 AI 예산사업 통합 설명자료(2026.3),예산
24,중소벤처기업부,,중소기업해외시장진출,3133-301,일반회계,,,,중소기업중앙회,중소기업,년 계속 ‘98 ~,,92058,93572,"88,647 91,584 91,499 92,058 93,572","91,466|82,058|92,058|100,755|93,572|1,514|1|91,499",,전국,,"사업 시작년도 추진배경 부처별 중점과제 대통령 공약사항 등 - , , , < 수출컨소시엄 > ㅇ 중소기업의 해외전시회 및 시장개척단 지원방침 확정 (‘98.7월, 제2차 무역투자진흥확대회의) ㅇ 한미 FTA체결 및 수출시장 다변화를 위한 글로벌 전략품목 집중육성을 위해 품목별 유망시장 파견 확대지원(‘08년) ㅇ 중소기업의 현지시장파견 뿐 아니라 사전 시장조사 및 사후관리에 대한 필요성 제기에 따라 수출컨소시엄 형태의 해외시장공동개척을 위한 새 로운 사업 실시(’08년, 41개 유망품목 지정) ㅇ 글로벌시장 진출의지와 잠재력을 갖춘 중소‧중견기업을 발굴하여 지원 하는 “세계적 전문 중견기업 육성전략” 보고(‘10.3, 대통령주재 비상경 제대책회의) ㅇ 수출 중소중견기업 지원확대방안 보고(‘13.4, 대통령 주재 무투회의) ㅇ 해외 전시·상담회 확대개편을 통한 경제활력방안 보고(‘19.5월, 경제활력 대책회의) ㅇ 기존 제품전시 수준을 넘어 프리미엄 비즈니스 공간인 ‘프리미엄 한국관’",,207,국가AI전략위 AI 예산사업 통합 설명자료(2026.3),예산
25,중소벤처기업부,,국제 중소기업 협력 ODA,3133-305,일반회계,,,,이노비즈협회,한국 및 수원국 중소기업,’22~,,19792,10289,"2,720 5,548 10,227 19,792 10,289","10,227|19,792|19,792|17,042|10,289|9,503|48|10,227",,전국,,"-중소벤처기업부는 년부터 사업을 최초 시행하여 개 내역사업 년 개 ’22 ODA (2 * ), ‘23 5 내역사업 년 개 내역사업 년 현재 개 내역사업 계속 개 운영 중 ** , ’24 8 *** , ‘25 6 ( 6 ) -중소기업·스타트업 분야 국제협력 개도국 경제발전 및 우리기업의 진출을 지원하기 , 위해 중점협력국인 라오스 인도네시아 베트남 콜롬비아에 사업추진 , , , ODA",,222,국가AI전략위 AI 예산사업 통합 설명자료(2026.3),예산
26,중소벤처기업부,,중소벤처분야 다자협력촉진,3133-307,일반회계,,,,중소벤처기업부,역내 중소기업·스타트업,년 년 ’25 ~‘26,,1580,365,"- - - 1,580 365","1,580|1,580|2,600|365|1,215|77|1,580|1,580",,전국,,"사업 시작년도 추진배경 부처별 중점과제 대통령 공약사항 등 - , , , ㅇ 사업 시작년도 : 2025년 ㅇ 추진배경 : APEC 운영 규범에 따라 ‘26년 상반기 실무회의는 한국 개최 순서 ㅇ 국정과제 : 35번) 미래 신기술로 성장하고, 글로벌로 도약하는 중소기업 □ 주요내용",,234,국가AI전략위 AI 예산사업 통합 설명자료(2026.3),예산
27,중소벤처기업부,,지역특구제도 운영,3335-304,일반회계,,,,한국산업기술진흥원,특구사업자 등,- 계속 ’19~,,2025,2026,2022 2023 2024 2025 2026,"12,385|18,395|18,395|39,680|23,120|4,725|25|12,385",,,,"사업 시작년도 추진배경 부처별 중점과제 대통령 공약사항 등 - , , , ▪ 규제자유특구 ( ) 「규제자유특구 및 지역특화발전특구에 관한 규제특례법」 지역특구법 개정안 국회 - ( ) 의결 월 규제자유특구 도입 근거를 마련 (‘18.9 , ) 지역특구법 개정안 공포 - 월 (‘18.10 ) 지역특구법 개정안 및 하위법령 시행 월 - (‘19.4 ) 차 규제자유특구 개 지정 월 - 1 7 (‘19.7 ) 차 규제자유특구 개 지정 월 - 2 7 (‘19.11 ) 차 규제자유특구 개 지정 월 - 3 9 (‘20.7 ) 차 규제자유특구 개 지정 월 - 4 4 (‘20.11 ) 차 규제자유특구 개 지정 월 - 5 4 (‘21.7 ) 차 규제자유특구 개 지정 월 - 6 1 (‘21.11 ) 차 규제자유특구 개 지정 월 - 7 3 (‘22.8 ) 차 규제자유특구 개 지정 월 - 8 4 (‘23.5 ) ｢규제자유특구 및 지역특화발전특구에 관한 규제특례법 시행령」제 조의 우선허용·사후 - 2 2( ",,239,국가AI전략위 AI 예산사업 통합 설명자료(2026.3),예산
28,중소벤처기업부,,대ㆍ중소기업 동반성장 생태계 구축,4231-301,일반회계,,,,"상생협력정책과 불공정거래개선과 ,",중소기업․소상공인 등,년 계속 ‘04 ~,,17844,20115,"15,969 16,406 14,670 17,844 20,115","14,658|17,844|17,844|24,698|20,115|2,271|12|14,670",,전국,,"-대·중소기업협력재단 설립 및 출범 ('04.12.27) - ｢상생협력법｣을 제정하여 사업에 대한 법적근거 마련 (’06.3) - ‘대·중소기업 동반성장 추진대책 발표 국민경제대책회의 ’ (’10.9, ) - ‘중소·중견기업 생산성 혁신전략을 통해 대·중소기업 생산성혁신 파트너십 사업 추진 보고 ’ (’10.10) - ｢판로지원법｣ 개정하여 소모성자재납품 중소기업에 대한 지원근거 마련 (’11.7) - 중소소모성자재납품업 종합지원센터 설치 및 운영 (’12.1) - 공정거래법 등 개 법률 의무고발요청제도 시행 5 (’14.1) - ｢상생협력법｣개정에 따른 대·중소기업·농어업협력재단으로 기관명칭 변경 (’17.1) - ｢상생협력법｣ 내 상생협력기금 근거 마련 및 동법 시행령 개정 (’17.11) (‘18.5) - ｢생계형적합업종법｣ 제정 및 시행 (‘18.6) (’18.12) - ｢상생협력법｣ 내 상생결제의 법적근거 마련 및 상생결제 의무화 시행 (’18.3) (’18.9) - ｢상생",,247,국가AI전략위 AI 예산사업 통합 설명자료(2026.3),예산
29,중소벤처기업부,,여성기업육성,4234-302,일반회계,,,,재 여성기업종합지원센터 한국여성경제인협회,여성 예비 창업자 및 여성기업,- 년 계속 1999 ~,,10485,11737,"8,818 10,105 10,485 10,485 11,737","10,485|10,485|10,485|10,437|11,737|1,252|11|10,485",,지역지정,,월 「여성기업지원에 관한 법률」 제정 및 - ’99.2 추경예산 억원 편성을 통해 여성기업 육성사업 추진 (100 ) 월 공공기관의 여성기업제품 우선구매 공공구매 의무화 - ‘14.1 ( ) 월 여성기업의 정의 변경 소유 또는 경영 → 소유하고 경영 - ’16.1 (‘ ’ ‘ ’) 월 홈쇼핑 지원사업 개시 및 일자리 플랫폼 구축·운영 - ’17.1~11 TV 월 경기북부 여성기업종합지원센터 개소 개로 확대 - ’17.12 (17 ) 월 미래여성경제인육성사업 신설 - ‘23.1 월 펨테크산업육성사업 신설 - ‘26.1 - 243 -,,253,국가AI전략위 AI 예산사업 통합 설명자료(2026.3),예산
30,중소벤처기업부,,장애인기업 육성,4234-303,일반회계,,,,재단법인 장애인기업 종합지원센터,장애인 예비창업자 장애인기업,- ∼ 계속 ‘07,,10597,13801,"12,875 10,347 10,517 10,597 13,801","10,517|10,597|10,597|13,601|13,801|3,204|30|10,517",,지역지정,,"-「장애인기업활동촉진법」제정 이후 년부터 지원예산을 확보하여 장애인의 (‘05.7) ‘07 창업과 장애인기업 활동 인프라 구축 -제 차 개년 1 장애인기업활동촉진 기본계획 대전략 개 세부추진과제 5 (2024~2028) (4 , 28 ) 수립을 통해 장애인 창업과 기업의 지속성장 도모 - 252 -",,262,국가AI전략위 AI 예산사업 통합 설명자료(2026.3),예산
31,중소벤처기업부,,원스톱기업애로종합지원,4834-305,일반회계,,,,직접,중소기업 소상공인,중소기업콜센터운영 ～계속 기업애로전문가상담 ～계속,,10997,11066,"9,563 9,798 9,506 10,997 11,066","9,506|10,997|10,997|11,066|11,066|69|0|9,506",,전국,,"사업 시작년도 추진배경 부처별 중점과제 대통령 공약사항 등 - , , , 중소기업 종합상담 콜센터 고객지원센터 개소 - ( ) (‘05.10) 비즈니스지원단이 상담부터 현장클리닉을 지원하는 원스톱지원체계 구축 - (‘09.1) 중소기업청 산하 개 기관 콜센터를 통합하여 중소기업통합콜센터 구축 - 6 1357 (‘15.1)",,270,국가AI전략위 AI 예산사업 통합 설명자료(2026.3),예산
32,중소벤처기업부,,중소기업 혁신바우처 지원사업,4835-301,일반회계,,,,중소벤처기업진흥공단,중소기업,년 계속 ‘99 ~,,61386,65234,5,"55,805|61,386|61,386|69,296|65,234|3,848|6|55,805",,전국,,"- 중소기업의 경영․기술혁신 촉진 및 생산성향상 제고를 위해 경영 기술 등에 대한 , 컨설팅을 지원 년 (’99 ) -중소기업 경쟁력 강화 종합대책 대통령 보고 의 일환으로 쿠폰지원방식 도입 년 (‘04.7, ) e- (’05 ) - 국정과제 선정 년 및 추진 중점 지식기반 서비스산업 육성 (‘08 ) : [ ] 1-4-3( ) * 초기 지식기반 시장창출을 위해 쿠폰제컨설팅 지원사업, 지식서비스 바우처사업 도입 등 공공 부문의 정책사업 발굴‧확대 - 컨설팅 분야 서비스산업 선진화 방안 수립 월 대통령 보고 ‘ ’ (‘09.5 , ) <10개 분야에 대한 서비스산업 선진화 방안(‘09.5, 재정부) : 컨설팅분야 VIP 보고> - 전문 컨설턴트 양성을 위한 ‘컨설팅 대학원’ 설립․운영(4개) - 국내 중소기업의 수요증가 등에 대응하기 위해 중소기업컨설팅 지원 사업을 강화 등 - 쿠폰제 사업에서 창업컨설팅을 분리하여 보육 투자 창업 컨설팅 등 창업지원 기능을 , , 통합･네트워크화 비즈",,276,국가AI전략위 AI 예산사업 통합 설명자료(2026.3),예산
33,중소벤처기업부,,마케팅지원사업,4835-305,일반회계,,,,한국중소벤처기업유통원,｢중소기업기본법｣ 제 조 규정에 의한 중소기업,년 계속,,21827,24944,"26,458 26,248 26,677 21,827 24,944","26,568|21,827|21,827|43,700|24,944|3,117|14|26,677",,전국,,"사업 시작년도 추진배경 부처별 중점과제 대통령 공약사항 등 - , , , 년 중소기업 공동상표 지원 - ‘96 년 중소기업제품 홍보 지원 - ’06 년 중소기업 공동 콜센터 시범 설치․운영 - ‘06 ’ A/S ‘ 년 중소기업 공동 콜센터 본격 시행 - ’07 ‘ A/S ’ 년 공동 콜센터와 공공구매 센터를 통합하여 중소기업 공동 센터 설치 - ‘09 A/S A/S A/S 년 중소기업 공동 센터 확대 - ’13 A/S 년 창조혁신제품 통합유통플랫폼 구축․운영사업 추진 - ‘16 년 중소기업 공동브랜드 브랜드 런칭 - ’19 ‘ K’ 년 년 대한민국 동행축제 舊 대한민국동행세일 추진 - ‘20 ~ ’25 ( ) 년 체험‧문화‧관광‧산업 융합의 복합 공간 뷰티 클러스터 추진 - ’26 K- - 275 -",,284,국가AI전략위 AI 예산사업 통합 설명자료(2026.3),예산
34,중소벤처기업부,,공공구매제도운영,4835-307,일반회계,,,,한국중소벤처기업유통원,국가 및 지방자치단체 공공기관 공공기관에 납품예정인 중소기업자,년 계속,,5703,6545,"7,967 7,728 5,722 5,703 6,545","5,704|5,703|5,703|6,703|6,545|842|14|5,722",,전국,,"사업 시작년도 추진배경 부처별 중점과제 대통령 공약사항 등 - , , , 년 공공구매 활성화를 위한 중소기업자간 경쟁제도 도입 - 2006 년 공공구매종합정보망 운영 - 2006 년 직접생산확인제도 도입 - 2007 년 성능보험제도 확대 및 원가계산비용 지원사업 등 현장대책회의 보고 - 2008 년 조합추천 소액수의계약제도 도입 - 2009 년 중소기업자간 경쟁제품 신규 지정 - 2012 년 중소기업자와의 우선조달계약제도 도입 - 2013 년 입찰절차중지명령제도 시행 - 2014 년 소액 입찰에 대한 최저가 낙찰제 원칙 완화 - 2015 년 기술개발제품 구매율 달성 의무화 - 2016 (10%) 년 기술개발제품 시범구매제도 도입 - 2018 년 국정현안점검회의 상생협력 멘토제도 도입방안 발표 - 2019 , 년 대중소기업 상생협력 촉진에 관한 법률 및 중소기업제품 구매촉진 및 판로 - 2020 지원에 관한 법률 개정 년 공공조달 상생협력지원제도 도입 - 2020 년 기술개발제품 구매",,292,국가AI전략위 AI 예산사업 통합 설명자료(2026.3),예산
35,중소벤처기업부,,중소기업협동조합육성,4837-301,일반회계,,,,중소기업중앙회,중소기업·소상공인 및 중소기업협동조합,- 년 계속 1963 ~,,16957,17508,"17,269 17,031 16,480 16,957 17,508","16,480|16,957|16,957|17,508|17,508|551|3|16,480",,전국,,,,302,국가AI전략위 AI 예산사업 통합 설명자료(2026.3),예산
36,중소벤처기업부,,중소기업 규제영향평가 및 옴부즈만 운영,4838-301,일반회계,,,,중소벤처기업연구원,중소기업 소상공인,계속 ‘09 ~,,4193,3908,"3,942 4,188 3,928 4,193 3,908","3,928|4,193|4,193|4,223|3,908|285|6|3,928",,전국,,"-대한상의 등에서 동 제도 관련 해외사례 소개 및 제도 도입 필요성 제기 (’07) -중소기업 규제개선을 위한 제도 도입방안 보고 대통령 업무보고 (‘08.3, ) -｢행정규제기본법｣에 따른 지침 개정으로 중소기업규제영향평가 근거 마련 및 * ｢중소기업기본법｣ 개정으로 옴부즈만 근거 마련 국가경쟁력 강화위원회 ** (‘08.8, ) * 총리실 규제영향분석 지침 개정(‘08.12) ** 중소기업 옴부즈만 법적근거 반영(‘09.3, 중소기업기본법 개정) - ｢행정규제기본법｣에 따른 중소기업 규제영향평가 제도 시행 및 중소기업 ‘ ’ (‘09.1.1) 연구원 규제영향평가센터 설립 및 영향분석 위탁 ’ ‘ (’09~) - ｢중소기업기본법 개정｣ 옴부즈만 지원 사무기구 설치 근거 마련 업무범위를 (‘13.8) : , 기존규제 정비 및 애로사항 해결까지 확대 - ｢행정규제기본법｣ 개정 으로 소상공인 보호를 위해 규제차등화 의무화 * (’18.4) * 제8조의3(소상공인 등에 대한 규제 형평) ",,313,국가AI전략위 AI 예산사업 통합 설명자료(2026.3),예산
37,중소벤처기업부,,중소기업조사연구평가,4838-471,일반회계,,,,중소벤처기업연구원,중소기업 일반국민,계속 ’00 ~,,14404,15846,"13,671 13,896 14,241 14,404 15,846","14,237|14,404|14,404|15,846|15,846|1,442|10|14,241",,전국,,"- 중소벤처기업연구원 운영 ▪ 중소기업 간담회에서 중소기업연구원 기능강화 건의 CEO (‘04.5) ▪ 중소기업 경쟁력 강화 종합대책에서 연구원 기능강화 위해 매년 기본연구비 보조 (‘04.7) ▪ 중소기업 전문연구평가기관 지정 년마다 재지정 (‘12.2~, 3 ) ▪ 중소기업연구원 기타공공기관 지정 (‘15.1) ▪ 중소벤처기업연구원 설립 법적근거 마련 중소기업기본법 개정 (‘20.12, ) ▪ 중소벤처기업연구원 설립 중소벤처기업연구원 법정기관화 (‘21.6, ) 중소기업실태조사 및 통계기반 구축 - ▪ 년 월 상공부 위촉으로 중소기업은행이 처음 년 기준 중소기업실태조사 1967 8 (1966 ) 실시 년 중소기업실태조사까지 중소기업은행이 조사담당 (1981 ) ▪ 년 중소기업협동조합중앙회로 업무 이관 위탁 제 차 년 기준 실태조사 실시 1982 ( ), 16 (1981 ) ▪ 년 제 차 년 기준 실태조사부터 통계청 지정통계 승인 승인번호 제 호 1999 33 (1998 ) ( 1",,320,국가AI전략위 AI 예산사업 통합 설명자료(2026.3),예산
38,중소벤처기업부,,중소기업통합관리시스템 운영 정보화 ( ),4839-472,일반회계,,,,( ) -,중앙정부․지자체의 중소기업 지원사업 담당자 중소기업‧소상공인 등,- 년 계속 ’15 ~,,4042,4068,- 5,"4,205|4,042|4,042|5,491|4,068|26|0|4,205",,전국,,"-중소기업 정책정보시스템 시스템 서비스 개시 (SPi ) (’06.7.) -중소기업 정책정보시스템 브랜드 → 기업마당 로 개편 SPi Bizinfo( ) (’08.10.) -중소기업 지원사업 통합관리시스템 차 구축 월 1 (’13.9~12 ) -부처․지자체 중소기업 지원사업 및 지원이력 정보 통합 정책분석기능 고도화 등 , 중소기업지원사업 통합관리시스템 차 구축 월 2 (’14.5~12 ) -수요자 맞춤형 정보제공을 위한 중소기업통합관리시스템 과 기업마당 연계 등 “ ” “ ” 통합관리시스템 차 구축 월 3 (‘15.6~12 ) -중소기업통합관리시스템 지원이력 기반의 對기업 맞춤형서비스 제공 (‘16.1~)",,334,국가AI전략위 AI 예산사업 통합 설명자료(2026.3),예산
39,중소벤처기업부,,창업저변확대,5132-301,,,,,창업진흥원,청소년 예비 창업자 등,년 계속,,20318,24830,"42,042 24,059 23,018 20,318 24,830","23,018|20,318|20,318|21,218|24,830|4,512|22|23,018",,,,"년 정부 국정과제 중 세부과제로 초‧중‧고 및 대학에서 기업가정신 교육과 - ‘13 ‘ 창업교육 을 실시․지원 ’ 년부터 시작한 도전 스타트업 은 개별 운영되었던 각 부처 창업 경진대회를 - ‘16 ’ ! K- ‘ 합동 운영하는 협업방식으로 년 개 부처에서 년 개 부처가 협업에 참여 ‘16 4 ’24 10 - 년 창업정보시스템을 창업넷 으로 통합하여 년 경제장관회의를 통해 타 ’13 ‘ ’ , ’15 부처 및 민간 등 창업정보 종합제공을 위하여 으로 개편 ‘K-Startup’ 년 월 민생토론회 이후 스타트업의 신속한 법률·규제애로 해소를 위해 - ‘24 2 , 스타트업 온라인 법률지원시스템 구축 및 서비스 시행 - 334 -",,340,국가AI전략위 AI 예산사업 통합 설명자료(2026.3),예산
40,중소벤처기업부,,창업사업화지원,5132-302,일반회계,,,,창업진흥원,예비창업자 및 창업·벤처기업,년 계속 ‘09 ~,,403567,461838,5,"359,131|403,567|457,567|491,667|461,838|4,271|0|359,131",,,,"- 이명박정부 국정과제 로 아이디어상업화센터 설립 및 창조적 아이디어상업화 (2-5-25) 지원을 통한 창업촉진 추진 (‘09) - 박근혜정부 국정과제로 창업기획사를 통한 유망 창업자 발굴･육성 추진 (’13) - 예비창업자의 인턴십 경험 후 성공적 창업 유도를 위한 사업화지원과 창업실패 자의 재도전을 위한 인프라 구축을 경제 개발 개년 계획에 포함 3 (‘14) - 문재인정부 국정과제로 성장단계별 지원으로 혁신창업을 활성화하여 기술창업자 육성 추진 (’17) - 청년 일자리 대책의 일환으로 기술혁신 기반 예비창업자의 사업화를 지원하는 기술혁신형 창업기업 지원사업 현 예비창업패키지 신설 ‘ ( , )’ (’18) - 창업기업 성장단계별 지원체계 구축을 위하여 예비 초기 도약 단계의 사업화 , , 지원사업을 하나의 세부사업으로 통폐합 (’19~) - 제 벤처붐 확산 전략 등에 따라 차산업혁명 분야 시스템반도체 바이오헬스 미래차 2 4 ( , , ) 및 비대면 분야 등을 중점 육성산업으",,353,국가AI전략위 AI 예산사업 통합 설명자료(2026.3),예산
41,중소벤처기업부,,민관협력창업자육성,5132-304,일반회계,,,,창업진흥원,창업ㆍ벤처기업,년 ∼ 계속 ‘13,,208281,239856,"130,335 186,469 206,506 208,281 239,856","206,506|208,281|208,281|249,381|239,856|31,575|15|206,506",,,,"사업 시작년도 추진배경 부처별 중점과제 대통령 공약사항 등 - , , , 체계를 - TIPS → → 로 고도화하고 년까지 Pre-TIPS 개 TIPS Post-TIPS ’22 TIPS 500 , Post-TIPS 개 수준으로 단계적 확대 50 를 지역창업 지원에 특화 제 벤처붐 대책 , Pre-TIPS (‘19.3, 2 ) 대기업 스타트업 상생협력 플랫폼 운영방안 마련 - ‘ - 월 비상경제중앙대책본부 ’ (’20.10 , ) □ 주요내용",,363,국가AI전략위 AI 예산사업 통합 설명자료(2026.3),예산
42,중소벤처기업부,,K- 바이오 랩허브 구축사업 (R&D),5132-314,일반회계,,,,(R&D) 중소기업기술정보진흥원,의약바이오 중소기업,- 년 ‘23 ~ ’31,,1561,6963,"- 1,513 971 1,561 6,963","971|1,561|1,561|9,863|6,963|5,402|346|971",,전국,,"ㅇ 분야 벤처·스타트업 년 중점 추진방안 제 차 혁신성장 빅 (‘21.1) BIG3 회의 ‘21 “ 2 3(BIG3) 분야 벤처·스타트업 중점 추진방안 - (BIG3 산업은 가장 왕성하게 진입 활동하는 ) BIG3 분야 그간 핵심 벤처기업 개 선정 월 및 전용 프로그램 도입 등 중점지원 , 250 (’20.6 ) R&D ㅇ 분야 산업별 중점 추진과제 제 차 혁신성장 (’21.3) BIG3 추진회의 개최 ” 6 BIG3 “ 바이오 랩센트럴 구축 방안 바이오 스타트업·벤처의 성장과 글로벌 진출을 위한 - (K- ) 충분한 연구장비·시설 구축을 중심으로 오픈이노베이션 활성화 등 지원체계 구축 ㅇ 바이오 랩허브 구축 을 위한 최적의 후보지 및 구축·운용 계획을 제안한 (’21.7.9) ’K- ‘ 최적의 부지 인천 송도 선정 확정 추진일정 사업공고 → 유치의향서 접수 → 사업설명회 → 사업 - ( ) (5.12) (5.25) (5.27) 계획서 접수 → 서류·현장평가 → 발표평가 및 선정결과",,372,국가AI전략위 AI 예산사업 통합 설명자료(2026.3),예산
43,중소벤처기업부,,중소기업 재기지원,5133-301,일반회계,,,,창업진흥원,예비 재창업기업,- ’15~,,16629,14966,"16,838 16,846 16,629 16,629 14,966","16,629|16,629|16,629|14,966|14,966|1,663|10|16,629",,,,"벤처창업 및 성장촉진대책 을 통해 재도전 프로그램 운영계획 대통령 보고 비상 - ‘ ’ ( 경제대책회의 , ‘09.11.26) 청년기술․지식창업촉진 대책 을 통해 재도전 벤처기업 자금지원 프로그램 운영 - ‘ ’ 계획 등 보고 국가고용전략회의 ( , ‘10.8.19) 벤처․창업 자금생태계 선순환 방안 대책을 통해 재도전 환경 개선 발표 경제 - ‘ ’ ( 관계장관회의 , ‘13.5.15) 선순환 기업생태계 조성을 위한 중소기업 재도전종합대책 발표 경제관계장관회의 - ‘ ’ ( , ‘13.10.30) - 371 - - ( 예비 재창업자의 재창업 교육부터 사업화까지 체계적으로 지원·육성하는 ｢재도전 ) 성공패키지｣ 신설 (‘15) - 창의·혁신·기술형 기업의 재기를 지원하기 위한 재기지원 활성화 방안 발표 경 ‘ ’ ( 제관계장관회의 , ‘15.10.14) - 재창업자 특성에 따라 교육전문기관 운영 보육공간 마련 등 재도전성공 , (Rcamp) 패키지 프로그램 강화 (‘16.3) - 재",,382,국가AI전략위 AI 예산사업 통합 설명자료(2026.3),예산
44,중소벤처기업부,,창업생태계활성화지원,5134-301,일반회계,,,,) 창업진흥원,전 국민,년 계속 ‘14 ~,,87238,69290,"129,493","77,424|87,238|87,238|91,338|69,290|17,948|20|77,424",,전국,,"사업 시작년도 추진배경 부처별 중점과제 대통령 공약사항 등 - , , , 인 창조기업 활성화 전략 수립 및 인 창조기업 지원센터 설치 개 - '09. 3. ‘1 ’ 1 (21 ) 시니어 창업·재취업 촉진대책 마련 고용및사회안전망대책 제 차 회의 - '10.6. ( TF 49 ) 「 인 창조기업 육성에 관한 법률」제정 - '11. 10. 1 시니어 기술창업센터 로 사업명 변경 및 창업진흥원으로 이관 - '14.1. ‘ ’ 판교 창조경제밸리 조성 개발계획 발표 경제정책방향 - '14. 7. ‘ ’ ( ) 관계부처 합동 판교 창조경제밸리 조성 마스터플랜 발표 - '15. 6. ‘ ’ 「메이커운동 활성화 방안」 - ’15. 7. 제 차 민관협의회 안건 (‘15.7.3., 4 ) - 379 - 개 혁신센터 출범 완료 - ’15. 7. 17 「메이커운동 활성화 추진 계획」 - ‘16. 9. 국무회의 안건 (’16. 9. 5, ) 대선공약 메이커 스페이스로 인 제조기업 시대 조성 - ’17. 4",,388,국가AI전략위 AI 예산사업 통합 설명자료(2026.3),예산
45,중소벤처기업부,,글로벌창업생태계촉진,5134-311,일반회계,,,,창업진흥원,예비창업자 및 창업ž벤처기업,계속 2011 ~,,50410,23325,"15,905 15,915 20,025 50,410 23,325","20,025|50,410|50,410|25,825|23,325|27,085|53|20,025",,,,"사업 시작년도 추진배경 부처별 중점과제 대통령 공약사항 등 - , , , ㅇ 『창업성과 점검 및 글로벌 창업 촉진대책』 후속조치의 일환으로 실리콘 ’11.8 ‘ 밸리 진출 지원 프로그램을 시범 운영 ’ ㅇ 년부터 창업 시부터 세계시장을 겨냥하는 본 글로벌 ’12 위해 현지 (Born Global) , 액셀러레이터와 투자유치 네트워킹 등 추진 , ㅇ 년에는 외국인 창업프로그램 년에는 ‘14 등 유망 창업기업의 해외진출을 , ’16 TIPS 위한 프로그램 신규 도입 ㅇ 년에는 미래부 유사 사업과 중기부 글로벌 액셀러레이팅 사업과 통폐합 글로벌 ’18 ( 진출 지원 창업진흥원 외국인 기술창업 ( ), (NIPA)) ㅇ 년 글로벌 피칭경진대회 지원사업 및 ’19 국가간 교류·협력프로그램을 K-Ground 신규 운영 ㅇ 년 해외 투자유치를 지원하기 위한 투자 액셀러레이팅 을 시범 운영하고 ’20 ‘ ’ 개사 지원 개사가 건의 투자유치 20 , 4체결 성과 창출 7 MOU ㅇ 글로벌 창업대국으",,399,국가AI전략위 AI 예산사업 통합 설명자료(2026.3),예산
46,중소벤처기업부,,그린창업생태계기반구축,5134-600,일반회계,,,,창업진흥원,전 국민,년 2020 ~,,13505,22500,5,"17,404|13,505|13,505|22,500|22,500|8,995|66|13,505",,전국,,월 한국판 뉴딜 종합계획의 일환으로 그린스타트업타운 조성 추진 - ‘20. 7 국정과제 - ( 중소기업 정책을 민간주도 혁신성장 관점에서 재설계 지역 중소 31-6) ( 기업 미래 먹거리 발굴 및 혁신성장 생태계 조성 ) * 그린창업생태계기반구축 사업이 지역 중소기업 미래 먹거리 발굴 및 혁신성장 생태계 조성(주관 부처 중소벤처기업부) 과제에 포함 - 395 -,,405,국가AI전략위 AI 예산사업 통합 설명자료(2026.3),예산
47,중소벤처기업부,,벤처기업경쟁력강화,5231-301,일반회계,,,,사 벤처기업협회,예비벤처창업자 중소·벤처기업 소셜벤처기업,년 계속 2009 ~,,6282,6202,"7,122 6,796 6,179 6,282 6,202","6,179|6,282|6,282|7,132|6,202|80|1|6,179",,,,"년 벤처기업 건전화 방안의 일환으로 벤처기업협회 중심의 자율규제 및 사후 - (’02 ) 관리방안이 수립되어 민간기능 활성화 추진 년 벤처기업경쟁력강화사업 이 신기술창업 인프라구축사업 의 세부사업으로 도입 - (’04 ) ‘ ’ ‘ ’ 년 벤처기업법의 유효기간이 연장 년 되면서 시장개척을 위한 마케팅 지원 - (’07 ) (10 ) , 조달시장 진출지원 벤처기업 글로벌화 지원 지방벤처기업 및 여성벤처기업 , , 활성화 중심 추진 월 벤처창업 및 성장촉진 대책 수립 비상경제대책회의 보고 - (’09.11 ) ( , BH ) 월 벤처기업법 유효기간을 년 연장 - (’16.12 ) 까지 효력 10 (‘27.12.31. ) 월 민간중심의 벤처생태계 혁신대책 발표 - (‘18.1 ) “ ” · 민간주도 벤처기업확인제도 개편 입법예고 → 국회의결 : (‘18.5) (‘20.1) → 공포 (’20.2.11) → 벤처확인기관 지정 및 시범운영 → 시행 (’20.6~‘21.1) (‘21.2.12) ",,412,국가AI전략위 AI 예산사업 통합 설명자료(2026.3),예산
48,중소벤처기업부,,벤처캐피탈선진화,5231-302,일반회계,,,,한국벤처캐피탈협회,벤처기업 창업기업 엔젤투자자 벤처투자회사 및 창업기획자,- 년 계속 ‘04 ~,,3533,4956,"2,533 2,955 2,786 3,533 4,956","2,786|3,533|3,533|11,106|4,956|1,423|40|2,786",,,,"사업 시작년도 추진배경 부처별 중점과제 대통령 공약사항 등 - , , , 벤처투자활성화 - ‧ 년 중소벤처기업에 벤처캐피탈 자금 유입을 촉진하기 위한 중소기업 투자유치 (‘04 ) 지원사업 실시 ‧ 년 벤처활성화 보완대책 경제정책조정회의 에서 산·학·연·해외 와의 (‘05 ) (‘05.6) VC 네트워크 구축 등을 통해 투자유치기반 강화 추진 ‧ 년 제 차 국민경제대책회의 창업성과점검 및 글로벌창업 촉진대책 대통령 (‘11 ) 85 “ ” 보고로 추진 ‧ 년 월 창업초기기업에 대한 엔젤투자자의 자금 유입 촉진을 위한 엔젤투자 (‘11 ) 5 유치지원 사업 계획 수립 ‧ 년 일반엔젤을 리딩하여 엔젤투자를 활성화할 전문엔젤투자자제도 도입 (‘14 ) (’14.7) 벤처투자정보센터 펀드운용사 평가‧검사 - , ‧ 년 벤처기업 활성화 대책 경제장관간담회 (‘04 ) 시 창투사 평가로 퇴출요건을 (‘04.12) , 강화하여 건전한 벤처캐피탈시장 마련 강조 ‧ 년 창업투자회사 공시시스템 구축‧",,421,국가AI전략위 AI 예산사업 통합 설명자료(2026.3),예산
49,중소벤처기업부,,벤처투자종합정보시스템 구축 정보화 ( ),5231-307,일반회계,,,,한국벤처캐피탈협회,국민 창업‧벤처기업 창업투자회사 및 창업기획자 전문개인투자자,년 계속,,881,881,"3,816 1,300 881 881 881","48,107|52,347|52,347|62,042|52,876|529|1|48,185",,전국,,"- 422 - ‧ 년 중소기업 창업투자회사 인력‧재무상태 등 정보 공시시스템 (‘05 ) 구축 (DIVA) ‧ 년 엔젤투자 활성화를 위한 엔젤투자지원센터 (‘12 ) 구축 ’ (KBAN)‘ ‧ 년 벤처투자자 등록‧신청 및 보고 통계관리를 위한 벤처투자정보시스템 (‘16 ) , ‘ ’(VICS) 및 개인소득공제시스템 구축 ‘ ’ ‧ 년 창업기획자 인력‧재무상태 등 정보 공시시스템 (‘17 ) 구축 (DIAA) ‧ 년 「벤처투자촉진법」에 정부의 벤처투자종합관리시스템 구축‧운영 근거 마련 (‘20 ) (’20.8) ‧ 년 ｢기술기반 벤처‧스타트업 복합금융 지원방안 (‘21 ) 제 차 비경중대본 ｣ (‘21.1.13, 26 ) 추진과제에 벤처투자종합포털 등 구축 반영 ‧ 년 벤처투자종합관리시스템 구축을 위한 정보화전략계획 수립 (‘21 ) (ISP) (’21.5)",,433,국가AI전략위 AI 예산사업 통합 설명자료(2026.3),예산
50,중소벤처기업부,,인력유입인프라조성,5431-302,,,,,중소벤처기업진흥공단,중소기업 중소기업 근로자 고등학생 및 대학생 등,년 계속 ‘05 ~,,19347,10440,"279,792 211,174 123,339 19,347 10,440","1,556|1,556|2,903|2,776|1,220|78|1,556|1,556",,전국,,"-｢중소기업 인력수급 불일치 해소 대책｣ (’13.9, 국무회의 ) * 중소기업 장기재직자 성과보상기금 도입 - ｢VIP 업무보고 및 국정 핵심과제｣ 채택 (’14.2) * 중소기업 핵심인력 성과보상기금 시행(’14.8) - ｢경제혁신 개년 계획｣ 세부 실행과제 채택 3 (’14.2) * 중소기업 핵심인력 성과보상기금 도입 등을 통해 핵심인력 장기재직 유도 - ｢중소기업 핵심인력 성과보상기금｣ 출범 * 내일채움공제 상품 출시 (’14.8) - ｢중소기업 인력지원 특별법｣ 개정 (’16.1) * 정부 및 지자체 성과보상기금 출연근거 마련 - ｢중견기업 성장촉진 및 경쟁력 강화에 관한 특별법｣ 개정 (’16.5) * 중견기업 공제사업 참여근거 마련 - ｢청년 일자리 대책｣ ｢청년고용 촉진 방안｣ 과제 반영 , (’18.3) * 청년재직자 내일채움공제 신설(’18.6) - ｢중소기업 인력지원 특별법｣ 개정 (’18.12) * 기금명칭 변경 : 중소기업 청년근로자 및 핵심인력 성과보상기금 ",,447,국가AI전략위 AI 예산사업 통합 설명자료(2026.3),예산
51,중소벤처기업부,,중소기업연구인력지원 (R&D),5461-301,일반회계,,,,(R&D) 중소기업기술정보진흥원,중소기업 연구인력 등,년 계속 `10 ~,,34065,34065,"35,865 35,865 34,365 34,065 34,065","28,219|30,386|30,386|32,390|31,939|1,553|5|28,655",,전국,,"년 중소기업 석‧박사급 연구인력 고용지원 시행 산업부 - `04 : ‘ ’ ( ) 년 기술인재지원사업 시행 산업부 - ‘10 : ‘ ’ ( ) * 고경력연구인력을출연연소속으로채용하여중소‧중견기업에파견(“비상경제대책회의(제37차, 제51차)” 보고 - `14 년 기술혁신형 중소중견기업 인력지원 으로 통합‧개편 : ‘ ’ * (기존) 석‧박사급 연구인력 고용지원, 기술인재지원사업 → (변경) 기술혁신형 중소중견 기업 인력지원으로 개편 - `16 년 정부 유사‧중복사업 조정에 따라 미래부‧중기청 연구인력사업을 산업부로 : , 이관 및 기술혁신형 중소중견기업 인력지원 으로 통폐합 ‘ ’ * 퇴직과학기술자활용 중소기업 기술혁신역량확충(미래부), 초․중급기술개발인력 지원(중기청) - ‘17 년 정부조직 개편에 따라 산업부에서 중기부로 이관 : * 기술혁신형중소기업연구인력지원, 산업전문인력역량강화(기업연계형), 산업주도형기술교육혁신(산업인턴) - ‘19 년 이관사업 통합하여 중소기업연구인력지원사",,465,국가AI전략위 AI 예산사업 통합 설명자료(2026.3),예산
52,중소벤처기업부,,중소벤처행정정보화,7232-503,일반회계,,,,중소기업기술정보진흥원,중소벤처·소상공인,계속사업,,11156,13944,"9,320 7,807 6,928 11,156 13,944","6,909|11,156|11,156|14,147|13,944|2,788|25|6,928",,,,- 대민정보시스템 통합운영체계 구축 - (’15.04) 정보시스템 통폐합을 위한 정보시스템 합리화 계획 수립 - (‘17.02) 정보시스템 합리화 용역 추진 - (’18.06) 대민정보시스템 통합 완료 ISP - (‘19.01) 대민정보시스템 통합운영체계 구축 단계 사업 추진 1 - (’20.01) 대민정보시스템 통합운영체계 구축 단계 사업 추진 2 - (’20.07) 디지털정부혁신 과제 선정 행안부 ( ) - (’20.08) 대민정보시스템 통합운영체계 중소벤처 서비스 개시 ‘ 24’ - (’21.01) 대민정보시스템 통합운영체계 구축 단계 사업 추진 3 - (’22.01) 대민정보시스템 통합운영체계 구축 단계 사업 추진 4 - (‘22.12) 디지털플랫폼정부위원회 중소기업 통합플랫폼 선도과제 선정 ‘ ‘ - (‘23.01) 대민정보시스템 통합운영체계 고도화 및 운영 유지보수 단계로 전환 - (‘23.12) ’ 중소기업 통합플랫폼 용역 추진 ‘ ISP - (‘24.01~) 대민정보시,,481,국가AI전략위 AI 예산사업 통합 설명자료(2026.3),예산
53,중소벤처기업부,,행정효율성증진및능력개발사업,7233-301,일반회계,,,,혁신행정담당관,중소벤처기업부 직원,년 계속 ’05 ~,,4076,4182,"2,494 2,494 4,052 4,076 4,182","3,931|4,076|4,076|4,182|4,182|106|2|4,052",,,,"사업 시작년도 추진배경 부처별 중점과제 대통령 공약사항 등 - , , , ▪ 창의실용 행정문화 조성 년 행정자치부 혁신관리기본계획 에 의거 전 부처 공통과제로 혁신교육 - 2005 : “ ” 등을 처음으로 실시 년 혁신관리 에서 변화관리 로 변경하여 각 부처별 자체실정에 맞게 변화 - 2008 : “ ” “ ” 관리 계획 수립․시행 년 투명하고 유능한 서비스 정부 구현을 위해 정부 기본계획 수립·시행 - 2013 : 3.0 년 적극행정위원회 자체평가위원회 공공기관 경영실적 평가위원회 운영 - 2019 : , , 등 행정효율성 증진을 위한 위원회 운영 년 적극행정 우수사례 경진대회 국정과제‧자체평가‧적극행정 및 공공기관 - 2023 : , 경영평가 관련 위원회 운영 년 중기부 혁신 워크숍 및 정부혁신 어벤져스 워크숍 진행 적극행정‧자체 - 2024 : , 평가‧공공기관 평가위원회 운영 년 중기부 혁신 워크숍 및 정부혁신 어벤져스 워크숍 진행 적극행정 경진 - 2025 : , 대회 개최",,488,국가AI전략위 AI 예산사업 통합 설명자료(2026.3),예산
54,중소벤처기업부,,관사구입및임차,7241-304,일반회계,,,,-,중소벤처기업부 직원,년 계속,,710,1297,"485 264 345 710 1,297","345|710|710|992|1,297|587|82|345",,,,"- 사업 시작년도 년 : ‘94 - 추진배경 비연고 무주택 독신 및 원거리 직원에 대한 편안한 주거환경 제공 : ,",,495,국가AI전략위 AI 예산사업 통합 설명자료(2026.3),예산
55,중소벤처기업부,,청사시설관리,7241-306,일반회계,,,,-,중소벤처기업부,광주청 관리 년 계속 ( ) ‘19 ~,,6293,6573,"8,898 6,863 6,288 6,293 6,573","6,075|6,293|6,293|6,592|6,573|280|4|6,288",,지역지정,,"- 488 - - ( 광주청 관리 ) 년 통합청사 국회 예산 안 최종확정 * ’15 : ( ) 년 년 월 통합청사 사업승인 설계 시공 준공 등 * ‘16 ~ ’19 10 : , , , 년 월 통합청사 입주 * ‘19 11 : 년 월 관리비용 지원 * ’20 1 ~ : - ( 충남청 관리 ) 년 월 충남청 신설 최종확정 * ‘19 11 : 년 월 년 월 충남청 개청 준비 * ’19 12 ~ ‘20 3 : 년 월 충남청 개청 * ’20 3 : 년 월 충남청 관리비 및 임차비용 지원 * ‘21 1 ~ : - ( 세종청사 관리 ) 중앙행정기관 등의 이전계획 변경 고시 행안부 * ‘21.01.15. : ( ) 임차청사 면적 확정 ㎡ * ’21.01.21. : (9,379 ) 청사 이전 예비비 예산 배정 * ‘21.02.15. : 임차건물 계약 세종파이낸스센터 차 * ’21.05.03. : ( 3 ) 임차건물 입주 세종파이낸스센터 차 * ’21.07.01. : ( 3 ) 년 월 세종청사 관리비",,499,국가AI전략위 AI 예산사업 통합 설명자료(2026.3),예산
56,중소벤처기업부,,중소벤처기업창업및진흥기금 전출,8420-881,일반회계,,,,중소벤처기업진흥공단,중소벤처기업진흥공단,년 계속 ‘79 ~,,1792941,1851937,"1,181,963 1,164,214 1,524,368 1,792,941 1,851,937","1,444,384|1,457,941|1,792,941|2,122,556|1,851,937|58,996|3|1,524,368",,,,,,504,국가AI전략위 AI 예산사업 통합 설명자료(2026.3),예산
57,중소벤처기업부,,소상공인시장진흥기금 전출,8420-882,일반회계,,,,중소벤처기업부 :,소상공인시장진흥공단,-,,3825610,2196360,"41,159,672 569,974 1,635,049 3,825,610 2,196,360","1,635,049|1,526,924|3,825,610|2,185,442|2,196,360|1,629,250|42|1,635,049",,,,,,508,국가AI전략위 AI 예산사업 통합 설명자료(2026.3),예산
58,중소벤처기업부,,중소기업기술혁신개발 (R&D),2134-302,소재부품장비,,,,(R&D),주관기관 중소기업 공동기관 필요시 중소기업 대학 연구기관 등,년 `20 ~ `27,,25692,7275,"107,249 104,619 40,604 25,692 7,275","40,604|25,692|25,692|7,275|7,275|18,417|71|40,604",,전국,,"년 소재부품장비산업 경쟁력강화를 위한 소부장 특별법 개정 월 에 따 - ’19 : (`19.12 ) 라 중소기업기술혁신개발사업 內 시장확대형 및 시장대응형과제 중 소부 , 장과제를 소부장 특별회계로 편성 년 중소기업 성장기반 분야를 대외 의존도가 높은 소·부·장 분야 중심으로 - ‘20 : 개편하여 시급한 요소기술 자립도 제고 및 일몰관리혁신사업 재기획된 사업으로 년 주기의 성과평가를 통한 계속 지원여부 결정에 따라 성과 5 지향형 사업으로 변화 년 강소 선정기업 전용과제 년 억원 및 부처간 중기부 과기부 산업 - ‘21 : 100 (4 , 20 ) ( , , 부 함께달리기 지원과제 신설 소부장 지원품목 확대 등 전략성 강화 ) , 년 소부장 핵심품목 확대 대 분야 개 품목→ 대 분야 개 품목 및 지 - `22 : (9 99 9 104 ) 원 사각지대 해소를 위해 소부장일반 내역사업 內 재도약과제 신설 자 , 금집행·관리의 효율성 제고를 위해 협약연도와 회계연도 일치 년 소부장 핵심",,516,국가AI전략위 AI 예산사업 통합 설명자료(2026.3),예산
59,중소벤처기업부,,중소기업기술정보진흥원 기획평가관리비 소특 ( )(R&D),2134-354,소재부품장비,,,,( ),중소기업기술정보진흥원,년 계속,,3341,3318,"4,465 4,341 3,282 3,341 3,318","20,196|18,500|18,500|17,644|856|4|1|31",,전국,,,,522,국가AI전략위 AI 예산사업 통합 설명자료(2026.3),예산
60,중소벤처기업부,,지역특화산업육성 자율 ( ),3336-301,지역균형발전,,,,( ),대전테크노파크,년 년,,0,3594,- 5,"3,594|3,594|3,594|3,594|1|2|4|2",,지역지정,,(대전테크노파크 조성사업 ) 대전바이오창업원 구축 기획 및 타당성 용역 완료 - (’22.12.) 중앙재정투자심사 조건부 승인 부지매매 계약 완료 - (’23.03.) 조달청 맞춤형 서비스 약정 - (’23.05.) 도시계획 시설용역 및 설계용역 공고 및 계약 등 추진 - (’23.07.) 기본 및 실시설계 완료 - (’23.12.) 설계 적정성 및 경제성 검토 완료 - (’24.07.) 건축 인·허가 완료 - (’24.10.) 공종별 공사 입찰 공고 - (’24.12.) 시공사 선정 계약 절차 진행 및 착공 - (’25.03.) - (’25.06.) ( ),,537,국가AI전략위 AI 예산사업 통합 설명자료(2026.3),예산
61,중소벤처기업부,,전통시장 주차환경 개선사업 자율 ( ),4154-301,지역균형발전,,,,지방자치단체,전통시장 및 상점가 골목형상점가 상권활성화구역,소진기금으로 편성 계속,,46985,41652,"39,744 66,172 60,041 46,985 41,652","60,041|46,985|46,985|41,652|41,652|5,333|11|60,041",,,,"- 재래시장 활성화대책 수립지시 대통령( 국무회의시 , '00.2.8 ) - 「중소기업의구조개선과재래시장활성화를위한특별조치법」제정 ('02.1.26) 년 산자부 대통령 업무보고시 재래시장환경개선 및 경영합리화 지원노력 강화 지시 - '04 "" "" ('04.2.2) 재래시장 혁신대책 대통령보고 시 재래시장 환경개선지원 확대 및 경영혁신 촉진 지시 - "" "" ('04.3.5) - 재래시장육성을위한특별법 제정 ('04.10.22) - 재래시장 및 상점가 육성을 위한 특별법 전부개정 및 시행 ('06.4.28) ('06.10.29) - 재래시장 활성화 종합계획 수립 ('06.5.2) - 재래시장 정책 보완과제 검토 지시 대통령 ( 수석보좌관회의 , ‘07.3.12 ) - 재래시장 정책성과 및 보완과제 보고 대통령 주재 ( , ‘07.6.27) - “재래시장 활성화와 영세상인 보호 국정과제 선정 ” (‘08.3) - 전통시장 및 상점가 육성을 위한 특별법 개정 (‘13.1) - 지역발전 특별",,543,국가AI전략위 AI 예산사업 통합 설명자료(2026.3),예산
62,중소벤처기업부,,상권활성화 사업 자율 ( ),4154-305,지역균형발전,,,,지자체,상권활성화구역 및 자율상권구역 내 소상공인 등,계속 ‘18 ~,,22381,24138,,"24,855|22,381|22,381|24,138|24,138|1,757|7|24,857",,,,,,550,국가AI전략위 AI 예산사업 통합 설명자료(2026.3),예산
63,중소벤처기업부,,지식산업센터 자율 ( ),5153-303,지역균형발전,,,,지방자치단체,지식산업센터 입주기업,년 계속 ’12 ~,,85699,94817,"48,804 123,408 63,770 85,699 94,817","63,770|85,699|85,699|94,817|94,817|9,118|10|63,770",Y,지역지정,,"월 고위당정회의 에서 비수도권 지역 지식산업센터 건립 필요성 제기 - ’09.9 ‘ ’ 월 지식산업센터 건립 사전타당성 용역 실시 산업연구원 - ’10.4~11 ( ) * ’11년 예산국회에서 부산(북구), 대구(북구), 광주(동구) 등 3개 지역 센터 건립을 위한 예산(299억원) 반영 - ’14.6~11 월 지식산업센터 추가 건립 사전타당성 용역 실시 산업연구원 ( ) * ’14년 예산국회에서 대구(수성), 대전(동구), 경남(진주) 등 3개 지역 센터 건립을 위한 조사설계비 반영 월 예산국회에서 대구 달서 충북 청주 전주 덕진 등 개 지역 센터건립을 위한 - ’15.12 ( ), ( ), ( ) 3 조사설계비 반영 월 예산국회에서 경북 포항 울산 남구 전주 완산 등 개 지역 센터건립을 위한 - ’16.12 ( ), ( ), ( ) 3 조사설계비 반영 월 예산국회에서 부산 남구 충남 천안 전남 고흥 강원 원주 등 개 지역 센터 - ’17.12 ( ), ( ), ( ), ( ) 4",,555,국가AI전략위 AI 예산사업 통합 설명자료(2026.3),예산
64,중소벤처기업부,,산학연 Collabo R&D(R&D),2151-302,지역균형발전,,,,중소기업기술정보진흥원,중소기업 대학 및 연구기관,년 년 2019 ~ 2028,,56966,39420,,"27,143|56,966|56,966|39,420|39,420|17,546|30|27,143",,전국,,"년 공업기반기술개발사업의 일환으로 산학연협력기술개발사업 추진 - ‘93 년 중소기업청 개청으로 산업부에서 중소기업청으로 업무 이관 - ‘96 년 년제 대학의 참여와 전국 컨소시엄제 도입으로 국공립연구기관 참여 - ‘98 2 년 산학연협력 지원사업 추진 - ‘06 년 전문연 및 출연연 중소기업 전담조직을 활용한 - ‘13 지원 R&D 년 산학연협력기술개발사업 內 내내역사업으로 산연전용 사업 신설 - ‘14 ’ ‘ 년 일몰평가에 따라 산학연협력기술개발사업 년 일몰 결정 - ‘16 , `19 월 산학연 - ‘17.12 사업 예비타당성 조사 대상사업 선정 년 차 기술성평가 통과 “ Collabo R&D ” (17 3 ) 월 산학연 - ‘18.8 “사업 예비타당성 조사 통과 타당성 확보 Collabo R&D ” ( ) 월 국가연구개발사업 자체평가 결과 보통 상위평가 결과 적절 판정 - ‘22.5 “ ”, “ ”",,561,국가AI전략위 AI 예산사업 통합 설명자료(2026.3),예산
65,중소벤처기업부,,중소기업기술정보진흥원 기획평가관리비 지특 ( )(R&D),2151-310,일반회계,,,,( ),중소기업기술정보진흥원,년 계속,,7618,7586,"8,072 7,955 7,514 7,618 7,586","7,514|7,618|7,618|7,586|7,586|32|0|7,514",,전국,,,,568,국가AI전략위 AI 예산사업 통합 설명자료(2026.3),예산
66,중소벤처기업부,,지역특화산업육성,3336-302,지역균형발전,,,,지역혁신정책과,지역 중소기업,년 계속 ‘13 ~,,85081,84681,5,"80,181|85,081|85,081|84,681|84,681|400|0|80,181",,전국,,"- ‘17.10 : 지역 자율적 산업 구조조정을 통해 개 시·도 주력산업을 개에서 개로 14 63 48 조정하고 융·복합산업 비중확대 년 제 차 지역경제위원회 , (’17 1 ) - ‘18.02 : 국가균형발전 비전과 전략 「지역산업 대 혁신」에 주력산업기반 지역스타 3 기업 육성 지원 추진 - ‘20.11 : 비수도권 지역주력산업을 개편하고 지역을 대표하는 혁신 선도기업 육성 , 비전 제시 ｢지역혁신 중소기업 육성전략｣ ( ) - ‘21.01 : 한국판 뉴딜 정책에 부합토록 개 비수도권 지역별 주력산업을 디지털 14 뉴딜 그린 뉴딜 관련으로 개편하여 고부가가치 추진 중기부 지역혁신 , ( , 중소기업 육성전략 ) - `22.01 : 지역중소기업육성 및 혁신촉진 등에 관한 법률 시행에 따라 지역 (`22.1.28.) 혁신 선도기업 육성계획 수립 및 기업 선정·지원 - `23.02 : “ 지역주력산업 개편 및 육성방향 비상경제장관회의 지역중소기업 ”(’23.2, ), “ 혁신성장 촉진",,574,국가AI전략위 AI 예산사업 통합 설명자료(2026.3),예산
67,중소벤처기업부,,지역혁신선도기업육성 (R&D),3336-341,지역균형발전,,,,중소기업기술정보진흥원,주관기관 지역 중소기업 공동개발기관 대학 기업 연구소 등,년 ’25~’29(5 ),,21560,96939,5,"21,560|21,560|96,939|96,939|75,379|349|21,560|21,560",,전국,,"비수도권 지역주력산업을 개편하고 지역을 대표하는 혁신 선도기업 육성 - ’20.11 : , 비전 제시 ｢지역혁신 중소기업 육성전략｣ ( ) 개 비수도권 지역별 주력산업을 디지털 뉴딜 그린 뉴딜 관련으로 개편 - ’21.01 : 14 , 하여 고부가가치 추진 중기부 지역혁신 중소기업 육성전략 ( , ) 지역중소기업육성 및 혁신촉진 등에 관한 법률 - ’22.01 : 시행에 따라 지역 (’22.1.28.) 혁신 선도기업 육성계획 수립 및 기업 선정·지원 국정과제 - ’22.07 : < 지역 중소기업 미래 먹거리 발굴 및 혁신성장 생태계 조성 31-6> 국정과제 지역기업 글로벌 혁신성장 생태계 조성 < 117-4> 지역주력산업 개편 및 육성방향 - ’23.02 : “ 비상경제장관회의 ”(’23.2, ) 지역중소기업 혁신성장 촉진방안 “ 비상경제장관회의 발표 ”(’23.4, ) * 주요내용 : 지역 주력산업 개편 및 산업별 맞춤형 중소기업 육성 전략 추진 - ’24.08 : 지역혁신선도기업",,582,국가AI전략위 AI 예산사업 통합 설명자료(2026.3),예산
68,중소벤처기업부,,중소기업 밀집지역 위기대응 기반구축,3336-347,지역균형발전,,,,한국테크노파크진흥회,지역중소기업 밀집지역 및 밀집지역 내 중소기업,년 계속,,3783,3793,"3,295 5,310 3,295 3,783 3,793","3,295|3,783|3,783|3,793|3,793|10|0|3,295",Y,전국,,"지방 낙후 산업단지를 활성화하여 지역균형발전과 지역경제활성화를 도모 - (‘95.3) 하고자 지방중소기업 특별지원지역 제도 도입 ’ ‘ 경영위기 재난 등으로 위기에 처한 중기·소상공인 밀집지역 지원을 위해 - (‘20.3) , 중소기업특별지원지역 제도 개편·시행 ’ ‘ 중진법 개정 (’20.3.24. ) 중소기업 밀집지역을 대상으로 지역중소기업 경영상황 등에 대한 위기징 - (‘21.4) 후를 상시 모니터링하고 선제적으로 대응하기 위한 단계별 위기대응 체계 구축 운영 근거 마련 지역기업법률 안 산자위 전체회의 의결 ( ( ) , ’21.4.23) 「지역중소기업 육성 및 혁신촉진 등에 관한 법률」 시행 - (‘22.1) (’22.1.28) 년 개 테크노파크 강원‧경북‧대구‧부산‧전남테크노파크 에 지역중소기업 위기 - (‘22 ) 5 ( ) 지원센터를 구축하여 년 중소기업 밀집지역 위기대응 시스템 구축사업 시범 운영 ’22 년 개 시·도 테크노파크에 지역중소기업 위기지원센터를 확대 설치",,589,국가AI전략위 AI 예산사업 통합 설명자료(2026.3),예산
69,중소벤처기업부,,규제자유특구혁신사업육성 (R&D),3339-305,지역균형발전,,,,한국산업기술진흥원,지역 중소기업 대학 연구소 등,- 계속 ’20~,,30857,25101,"76,892 45,829 19,619 30,857 25,101","19,619|30,857|30,857|32,155|25,101|5,756|18|19,619",Y,전국,,"사업 시작년도 추진배경 부처별 중점과제 대통령 공약사항 등 - , , , <규제자유특구혁신사업육성 (R&D)> -「규제자유특구 및 지역특화발전특구에 관한 규제특례법」개정안 국회 의결 월 (‘18.9 , 규제자유특구를 도입 근거를 마련 ) - 지역특구법 개정안 공포 월 (‘18.10 ) - 지역특구법 개정안 및 하위법령 시행 (‘19.4 월) - 1 차 규제자유특구 개 지정 월 7 * (‘19.7 ) * 부산(블록체인), 대구(스마트웰니스), 세종(자율주행), 강원(디지털헬스케어), 충북(스마트안전제어), 경북(차세대배터리리사이클), 전남(e-모빌리티) - 2 차 규제자유특구 개 지정 7 * (‘19.11 월 ) * 경남(무인선박), 광주(무인저속특장차), 울산(수소그린모빌리티), 전남(에너지신산업), 전북(친환경 자동차), 제주(전기차충전서비스), 대전(바이오메디컬) - 3 차 규제자유특구 개 지정 9 * (‘20.7 월 ) * 강원(액화수소산업), 경북(산업용Hemp), 대구(이동",,598,국가AI전략위 AI 예산사업 통합 설명자료(2026.3),예산
70,중소벤처기업부,,규제자유특구혁신사업육성,3339-306,지역균형발전,,,,한국산업기술진흥원,지역 중소기업 대학 연구소 등,년 계속,,8926,8492,"25,375 15,607 9,918 8,926 8,492","9,918|8,926|8,926|8,926|8,492|434|4|9,918",Y,전국,,"-「규제자유특구 및 지역특화발전특구에 관한 규제특례법」개정안 국회 의결 월 (‘18.9 , 규제자유특구를 도입 근거를 마련 ) - 지역특구법 개정안 공포 월 (‘18.10 ) - 지역특구법 개정안 및 하위법령 시행 (‘19.4 월) - 1 차 규제자유특구 개 지정 월 7 * (‘19.7 ) * 부산(블록체인), 대구(스마트웰니스), 세종(자율주행), 강원(디지털헬스케어), 충북(스마트안전제어), 경북(차세대배터리리사이클), 전남(e-모빌리티) - 2 차 규제자유특구 개 지정 7 * (‘19.11 월 ) * 경남(무인선박), 광주(무인저속특장차), 울산(수소그린모빌리티), 전남(에너지신산업), 전북(친환경 자동차), 제주(전기차충전서비스), 대전(바이오메디컬) - 3 차 규제자유특구 개 지정 9 * (‘20.7 월 ) * 강원(액화수소산업), 경북(산업용Hemp), 대구(이동식협동로봇), 대전(바이오메디컬_추가)), 부산(블 록체인_추가), 부산(해양모빌리티), 울산(게놈서비스산업),",,607,국가AI전략위 AI 예산사업 통합 설명자료(2026.3),예산
71,중소벤처기업부,,규제자유특구실증기반조성 (R&D),3339-310,지역균형발전,,,,(R&D),지역 중소기업 대학 연구소 등,- 계속 ‘20~,,10261,16426,"19,178 9,039 4,961 10,261 16,426","4,961|10,261|10,261|16,426|16,426|6,165|60|4,961",Y,전국,,"사업 시작년도 추진배경 부처별 중점과제 대통령 공약사항 등 - , , , <규제자유특구실증기반조성 (R&D)> 「규제자유특구 및 지역특화발전특구에 관한 규제특례법」개정안 국회 의결 월 - (‘18.9 , 규제자유특구를 도입 근거를 마련 ) -지역특구법 개정안 공포 월 (‘18.10 ) -지역특구법 개정안 및 하위법령 시행 월 (‘19.4 ) 차 규제자유특구 개 지정 월 - 1 7 * (‘19.7 ) * 부산(블록체인), 대구(스마트웰니스), 세종(자율주행), 강원(디지털헬스케어), 충북(스마트안전제어), 경북(차세대배터리리사이클), 전남(e-모빌리티) - 2 차 규제자유특구 개 지정7 * (‘19.11 월 ) * 경남(무인선박), 광주(무인저속특장차), 울산(수소그린모빌리티), 전남(에너지신산업), 전북(친환경 자동차), 제주(전기차충전서비스), 대전(바이오메디컬) - 3 차 규제자유특구 개 지정9 * (‘20.7 월 ) * 강원(액화수소산업), 경북(산업용Hemp), 대구(이동식협",,616,국가AI전략위 AI 예산사업 통합 설명자료(2026.3),예산
72,중소벤처기업부,,창업인프라지원,5153-301,지역균형발전,,,,한국창업보육협회,창업보육센터 입주기업 예비창업자 및 창업기업,년 ～ 계속 ‘98,,7110,7110,"61,058 12,793 8,468 7,110 7,110","8,464|7,110|7,110|7,110|7,110|8,468|8,468|8,464",,,,"사업 시작년도 추진배경 부처별 중점과제 대통령 공약사항 등 - , , , 월 일자리 창출과 실업대책 강화방안에서 창업보육센터를 확대 설치하여 고용 - ’99.3 창출을 확대키로 결정 월 창업보육사업 효율성 제고방안 경제정책조정회의 에서 각 부처의 중복 - ’05.7 “ ”( ) 창업보육사업을 중기청으로 일원화 월 중소기업성공전략회의 기술창업활성화대책을 통해 창업보육센터 대형화․ - ’08.6 “ ” 특성화 및 지원확대 결정 월 농공상 융합형 중소기업 육성전략 비상경제대책회의 를 통해 농공상융합 - ’10.7 “ ”( ) 기업 창업촉진센터 설치․지원 결정 월 벤처창업자금생태계 선순환 방안 을 통해 우수 와 가 공동으로 창업 - ’13.5 “ ” BI VC 공간과 투자를 연계한 투자연계형 창업보육센터 구축을 결정",,626,국가AI전략위 AI 예산사업 통합 설명자료(2026.3),예산
73,중소벤처기업부,,지역특화산업육성 제주 ( ),3336-302,지역균형발전,,,,지역혁신정책과,지역 중소기업,년 계속 ‘13 ~,,5013,4613,"5,013 5,013 5,013 5,013 4,613","5,013|5,013|5,013|4,613|4,613|400|8|5,013",,전국,,"- ‘17.10 : 지역 자율적 산업 구조조정을 통해 개 시·도 주력산업을 개에서 개로 14 63 48 조정하고 융·복합산업 비중확대 년 제 차 지역경제위원회 , (’17 1 ) - ‘18.02 : 국가균형발전 비전과 전략 「지역산업 대 혁신」에 주력산업기반 지역스타 3 기업 육성 지원 추진 - ‘20.11 : 비수도권 지역주력산업을 개편하고 지역을 대표하는 혁신 선도기업 육성 , 비전 제시 ｢지역혁신 중소기업 육성전략｣ ( ) - ‘21.01 : 한국판 뉴딜 정책에 부합토록 개 비수도권 지역별 주력산업을 디지털 14 뉴딜 그린 뉴딜 관련으로 개편하여 고부가가치 추진 중기부 지역혁신 , ( , 중소기업 육성전략 ) - `22.01 : 지역중소기업육성 및 혁신촉진 등에 관한 법률 시행에 따라 지역 (`22.1.28.) 혁신 선도기업 육성계획 수립 및 기업 선정·지원 - `23.02 : “ 지역주력산업 개편 및 육성방향 비상경제장관회의 지역중소기업 ”(’23.2, ), “ 혁신성장 촉진",,634,국가AI전략위 AI 예산사업 통합 설명자료(2026.3),예산
74,중소벤처기업부,,전통시장 주차환경 개선사업 제주 ( ),4154-301,지역균형발전,,,,지방자치단체,전통시장 및 상점가 골목형상점가 상권활성화구역,소진기금으로 편성 계속,,2580,2280,"39,744 840 2,880 2,580 2,280","2,880|2,580|2,580|2,547|2,280|300|11|2,880",,지역지정,,"- 재래시장 활성화대책 수립지시 대통령( 국무회의시 , '00.2.8 ) - 「중소기업의구조개선과재래시장활성화를위한특별조치법」제정 ('02.1.26) 년 산자부 대통령 업무보고시 재래시장환경개선 및 경영합리화 지원노력 강화 지시 - '04 "" "" ('04.2.2) 재래시장 혁신대책 대통령보고 시 재래시장 환경개선지원 확대 및 경영혁신 촉진 지시 - "" "" ('04.3.5) - 재래시장육성을위한특별법 제정 ('04.10.22) - 재래시장 및 상점가 육성을 위한 특별법 전부개정 및 시행 ('06.4.28) ('06.10.29) - 재래시장 활성화 종합계획 수립 ('06.5.2) - 재래시장 정책 보완과제 검토 지시 대통령 ( 수석보좌관회의 , ‘07.3.12 ) - 재래시장 정책성과 및 보완과제 보고 대통령 주재 ( , ‘07.6.27) - “재래시장 활성화와 영세상인 보호 국정과제 선정 ” (‘08.3) - 전통시장 및 상점가 육성을 위한 특별법 개정 (‘13.1) - 지역발전 특별",,642,국가AI전략위 AI 예산사업 통합 설명자료(2026.3),예산
75,중소벤처기업부,,상권활성화 사업 제주 ( ),4154-305,지역균형발전,,,,지자체,상권활성화구역 및 자율상권구역 내 소상공인 등,- ’25~,,970,2000,"- - - 970 2,000","970|970|2,000|2,000|1,030|106|970|970",,지역지정,,,,649,국가AI전략위 AI 예산사업 통합 설명자료(2026.3),예산
76,중소벤처기업부,,창업인프라지원 제주 ( ),5151-301,지역균형발전,,,,한국창업보육협회,창업보육센터 입주기업,년 ～ 계속 ’07,,100,100,887 137 137 100 100,"1,675|1,725|1,725|1,777|1,774|49|2|1,675",,지역지정,,월 일자리 창출과 실업대책 강화방안에서 창업보육센터를 확대 설치하여 고용 - ’99.3 창출을 확대키로 결정 월 창업보육사업 효율성 제고방안 경제정책조정회의 에서 각 부처의 중복 - ’05.7 “ ”( ) 창업보육사업을 중기청으로 일원화 월 중소기업성공전략회의 기술창업활성화대책을 통해 창업보육센터 대형화․ - ’08.6 “ ” 특성화 및 지원확대 결정 월 농공상 융합형 중소기업 육성전략 비상경제대책회의 를 통해 농공상융합 - ’10.7 “ ”( ) 기업 창업촉진센터 설치․지원 결정 월 벤처창업자금생태계 선순환 방안 을 통해 우수 와 가 공동으로 창업 - ’13.5 “ ” BI VC 공간과 투자를 연계한 투자연계형 창업보육센터 구축을 결정 년 월 예산국회에서 제주 산업혁신센터건립을 위한 건립비 반영 - ’20 .11,,654,국가AI전략위 AI 예산사업 통합 설명자료(2026.3),예산
77,중소벤처기업부,,지역특화산업육성 세종 ( ),3336-302,지역균형발전,,,,지역혁신정책과,지역 중소기업,년 계속 ‘13 ~,,2796,2596,"2,962 2,796 2,796 2,796 2,596","2,796|2,796|2,796|2,596|2,596|200|7|2,796",,전국,,"- ‘17.10 : 지역 자율적 산업 구조조정을 통해 개 시·도 주력산업을 개에서 개로 14 63 48 조정하고 융·복합산업 비중확대 년 제 차 지역경제위원회 , (’17 1 ) - ‘18.02 : 국가균형발전 비전과 전략 「지역산업 대 혁신」에 주력산업기반 지역스타 3 기업 육성 지원 추진 - ‘20.11 : 비수도권 지역주력산업을 개편하고 지역을 대표하는 혁신 선도기업 육성 , 비전 제시 ｢지역혁신 중소기업 육성전략｣ ( ) - ‘21.01 : 한국판 뉴딜 정책에 부합토록 개 비수도권 지역별 주력산업을 디지털 14 뉴딜 그린 뉴딜 관련으로 개편하여 고부가가치 추진 중기부 지역혁신 , ( , 중소기업 육성전략 ) - `22.01 : 지역중소기업육성 및 혁신촉진 등에 관한 법률 시행에 따라 지역 (`22.1.28.) 혁신 선도기업 육성계획 수립 및 기업 선정·지원 - `23.02 : “ 지역주력산업 개편 및 육성방향 비상경제장관회의 지역중소기업 ”(’23.2, ), “ 혁신성장 촉진",,664,국가AI전략위 AI 예산사업 통합 설명자료(2026.3),예산
78,중소벤처기업부,,창업인프라지원 세종 ( ),5154-301,지역균형발전,,,,한국창업보육협회,창업보육센터 입주기업,년 ～ 계속,,50,50,69 69 62 50 50,62|50|50|50|50|62|62|62,,지역지정,,월 일자리 창출과 실업대책 강화방안에서 창업보육센터를 확대 설치하여 고용 - ’99.3 창출을 확대키로 결정 월 창업보육사업 효율성 제고방안 경제정책조정회의 에서 각 부처의 중복 - ’05.7 “ ”( ) 창업보육사업을 중기청으로 일원화 월 중소기업성공전략회의 기술창업활성화대책을 통해 창업보육센터 대형화․ - ’08.6 “ ” 특성화 및 지원확대 결정 월 벤처창업자금생태계 선순환 방안 을 통해 우수 와 가 공동으로 창업 - ’13.5 “ ” BI VC 공간과 투자를 연계한 투자연계형 창업보육센터 구축을 결정,,672,국가AI전략위 AI 예산사업 통합 설명자료(2026.3),예산
79,중소벤처기업부,,정책자금지원성과향상,1253-301,,,,,중소벤처기업진흥공단,중소기업 정책자금 신청기업 및 지원기업,년 계속 ‘06 ~,,,,5,,,전국,,"사업 시작년도 추진배경 부처별 중점과제 대통령 공약사항 등 - , , , ㅇ 기업진단 중진공 정책자금맞춤연계지원사업 추진 - `06. 1 : ‘ ’ 총 개의 모듈로 구성된 종합진단 표준모델 개발 - `06. 8 : 13 진단대상을 세분화 정책자금의 사전·사후진단 강화 - `07. 1 : , 종합진단 전산 시스템 구축 - `08. 4 : 및 업그레이드 DB (`07. 4) 정책자금지원성과향상사업 으로 사업명칭 변경 - `09. 1 : ‘ ’ 중소벤처기업부 소관 중소기업 정책자금 융자계획 공고 - `10. 1 : ‘ ’ * 융자대상 결정시 기술성, 사업성, 미래성장성 등을 종합진단·평가 - `10. 12 : 종합진단 모델 고도화 추진 * 기업유형별 모델 세분화 및 전산 프레임웍 개편 특허담보대출 실시를 위한 기술가치평가모듈 개발 - `12. 11 : 표준진단 모델 개발․운용 및 표준솔루션 확대 - `16. 12 : DB 공모형 종합진단 시범 실시 - `17. 1 : 기업진단 시스템 전면",,38,국가AI전략위 AI 예산사업 통합 설명자료(2026.3),기금
80,중소벤처기업부,,신성장기반자금 융자 ( ),1261-301,,,,,) 중소벤처기업진흥공단,중소기업,년 계속 `79 ~,,,,5,,,전국,,"- 1979 일본 구조고도화사업을 도입하여 국내 실정에 맞게 협동화사업 시작 - 1993. 5 신경제 일 계획 에 의거 중소기업 구조개선사업 추진 ‘ 100 ‘ - 2005. 7 중소기업 정책자금 개편방안 대책 (6.23 ) - 2007. 1 구조개선자금과 협동화자금을 경영혁신자금 및 기업간협력자금으로 개편 - 2008. 5 중소기업 지원체계 효율화 국정과제 의 일환으로 년부터 경영혁신자금 ( ) ‘09 및 기업간협력자금 산업기반자금을 신성장기반지원으로 통합 , - 2010. 1 농공단지입주기업지원자금을 신성장기반지원으로 통합 - 2014. 1 기술사업성우수기업전용자금 신규 지원 - 2017. 1 융복합사업을 신성장유망자금에 통합 운영 기초제조기업성장자금 폐지 , - 2018. 1 제조현장스마트화자금 신설 - 2019. 1 기술사업성우수기업전용자금 폐지 - 2021. 1 유망기업 자금 신설 Net-Zero - 2023. 1 신성장기반지원자금 내 스케일업자금 이관 및 이차보전 사업 방",,49,국가AI전략위 AI 예산사업 통합 설명자료(2026.3),기금
81,중소벤처기업부,,긴급경영안정자금 융자 ( ),1261-302,,,,,) 중소벤처기업진흥공단,중소기업,년 계속 `99 ~,,,,5,,,전국,,"- 1999. 2 중소기업 경영안정지원사업 개시 - 2000. 7 「중소기업 수출기관장 및 수출지원센터장 회의」에서 경영안정자금 중 억원을 수출금융지원자금으로 활용키로 결정 300 - 2000. 10 중소기업청 재해중소기업지원지침에 의거 재해복구자금 지원 - 2004. 2 원자재 가격폭등에 따라 구조개선사업 중 특별경영안정사업으로 재원을 활용하여 원부자재구입자금 지원 - 2007. 1 중소기업 정책자금 개편방안 에 따라 구조개선사업 중 원부자재 (’05.6.23) 구입지원 재해복구지원 수출금융지원사업을 통합하여 경영안정자금으로 개편 , , - 2008. 5 중소기업 지원체계 효율화 국정과제 의 일환으로 년부터 경영안정지원 ( ) ’09 사업과 구조조정지원사업 중 회생특례지원사업을 통합하여 긴급경영안정 융자로 개편키로 결정 - 2013. 3 국정과제 계획에 반영 수출금융 ( ) - 2017. 1 수출금융지원자금을 신시장진출지원자금으로 이관 - 2023. 1 긴급경영안정자금 내 포항 재",,56,국가AI전략위 AI 예산사업 통합 설명자료(2026.3),기금
82,중소벤처기업부,,신시장진출지원자금 융자 ( ),1261-303,,,,,) 중소벤처기업진흥공단,중소기업,년 계속 `00 ~,,,,5,,,전국,,"- 2000. 3 개발기술사업화자금 억원 지원 개시 (300 ) - 2000. 7 ｢중소기업 수출기관장 및 수출지원센터장 회의｣에서 경영안정자금 중 억원을 수출금융지원자금 활용키로 결정 300 - 2017. 1 정부 수출지원사업과 유기적 연계지원을 위해 수출사업화자금 신설하고 , 개발기술사업화자금과 글로벌진출지원자금 수출금융 및 수출사업화자금 을 ( ) 신시장진출지원자금으로 통합 - 2019. 1 글로벌진출지원자금을「내수기업 수출기업화자금」과「수출기업 글로벌화자금」 으로 개편하고 개발기술사업화자금을 창업기업자금으로 이관 , - 2023. 1 글로벌진출지원자금 중 「수출기업 글로벌화자금」을 이차보전 사업으로 운영 - 2025. 1 수출기업 글로벌화자금 내 이차보전 사업을 정책자금지원성과향상으로 이관",,62,국가AI전략위 AI 예산사업 통합 설명자료(2026.3),기금
83,중소벤처기업부,,밸류체인안정화자금 융자 ( ),1261-307,,,,,),중소기업,중소기업 매출채권팩토링,,200000,200000,"38,300 68,200 168,200 200,000 200,000",,,전국,,ㅇ 중소기업 매출채권팩토링 「어음제도 개편 및 혁신금융 활성화 방안」 대책발표 관계부처합동 - 21. 6 ( ) 중소기업 매출채권팩토링 공고 및 사업 개시 - 22. 3 ㅇ 동반성장 네트워크론 「지역중소기업 혁신성장 촉진방안」 대책발표 관계부처합동 - 23. 4 ( ) * (금융) 지역의 기업 간 협력을 유도하는 정책자금(네트워크론) 운영 「 - 24. 1 경제정책방향」발표 관계부처 합동 2024 ( ) * 대·중견·중소기업의 발주서만으로 협력 중소기업에 초단기·저리의 정책자금을 공급 중소기업 동반성장 네트워크론 공고 및 사업 개시 - 24. 4,,68,국가AI전략위 AI 예산사업 통합 설명자료(2026.3),기금
84,중소벤처기업부,,차입금이자상환 기금 ( ),1271-302,,,,,중소벤처기업진흥공단,해당 없음,- 년 계속 1994 ~,,752254,772791,"419,554 566,366 737,237 752,254 772,791",,,,,사업 시작년도 - 년 : 1994 추진배경 융자사업 재원 및 차입금 상환 소요 중 융자원금 회수액을 제외한 필요 - : 재원을 중소벤처기업진흥채권 을 발행하여 조성함에 따라 차입금이자 상환 발생 ‘ ’ - 730 -,,75,국가AI전략위 AI 예산사업 통합 설명자료(2026.3),기금
85,중소벤처기업부,,글로벌협력기반구축,3151-305,,,,,중소벤처기업진흥공단,해외진출 희망 중소벤처기업,년 계속 ’79 ~,,1840,1890,"1,864 1,845 1,847 1,840 1,890",,,,,"사업 시작년도 추진배경 부처별 중점과제 대통령 공약사항 등 - , , , 구분 주요내용 ’79.9 ▪ [ 구주사무소 개소 미국(’81), 일 본 (‘83), 중국(’93) ] ’05.3 ▪ 오 칭다 중소기업지원센터 개소 ’08.2 ▪ 네 아 코 아데 크 인도 시 리 스 설 치 ’09.1 ▪ APEC 중소기업혁신센터 사업 중진공 이관 ’10.4 ▪ 아 코 아데 크 말레이시 리 스 설 치 ’13.9 ▪아 아 발 DB 시 개 은행(A )에 산업협력관 파견 ’14.4 ▪ 안 시 중소기업지원센터 개소 ’16.1 ▪ 미국중소기업지원센터 신설(미국유통 망진출지원센터에서 직 제변경) ’19.10 ▪ –아 안 한 엑 세 스타트업 V 스포( IP 행사) 개최 ’21.2 ▪ 청 중국( 도) 중소벤처기업지원센터 확 대 이전 - 735 -",,79,국가AI전략위 AI 예산사업 통합 설명자료(2026.3),기금
86,중소벤처기업부,,글로벌화지원플랫폼,3152-301,,,,,중소벤처기업진흥공단,해외진출 희망 중소벤처기업 사행‧유흥성 업종 제외 물류센터,- 계속 ‘98~,,32141,39407,"31,299 45,458 40,261 32,141 39,407",,,,,"사업 시작년도 추진배경 부처별 중점과제 대통령 공약사항 등 - , , , 구분 주 요 내 용 1998 중진공 해외사무소(시 카 고) 내 일부 공 간 을 활용하여 사업 개시 2000 프랑크푸르 B 트 수출 I 개소 2002 베 징 B 이 수출 I 개소 2003 L 광 A 및 B 저우 수출 I 개소 2004 워싱턴 KV 쿄 T B 파울루 치민 C, 도 I 벤처지원센터 수출 I 전환, 상 및 호 B 수출 I 개소 2006 뉴욕 싱 르 크바 두바 뉴 , 상하이, 가포 , 모스 , 이, 델리 개소 2007 중국 청두 개소 2008 멕 코멕 코 시 B 시 시티 수출 I 개소 2008 해외 마케 K TR 창 폐쇄 치 팅 집행 폐쇄 구 단일화 조 시행 B K TR 탁 * O A 국내무역관(11개) , 중진공 해외사무소(4개) , 중진공 수출 I(17개소) O A 위 운영 인수위 제 안 B 직접 국정과제 검토, 6개 수출 I 중진공 운영 2013 * 미국 L 독 랑크푸르 본 쿄 A, 두바 일 프베 ",,86,국가AI전략위 AI 예산사업 통합 설명자료(2026.3),기금
87,중소벤처기업부,,온라인수출플랫폼 정보화 ( ),3153-302,,,,,( ),중소기업,년 계속,,3447,4274,"3,684 3,449 3,449 3,447 4,274",,Y,전국,,"정보통신부 초고속시범사업과제로 인터넷 중소기업관 구축시작 - ‘96.07 : 과제인 중소기업 국제네트워크 프로젝트 참여 - ‘96.08 : G7 “ ” 정통부 정보화공공근로사업으로 인터넷중기관 확대구축 사업 채택 - ‘99.12 : 고비즈코리아 - ‘06.01 : 로 변경 사이트 개편 (Gobizkorea.com) BI , 대 정부 대 국정과제 선정 중소기업의 튼튼한 성장 환경 구축 - ’17.07 : 19 100 ([40] ) 온라인수출통합플랫폼 오픈 - ’18.12 : 수출해외진출지원대책 관계부처 합동 반영 - ’19.05 : ( ) 수출유관기관 최초 매칭시스템 도입 및 운영 - ‘20.05 : AI 한국형 글로벌 플랫폼 구축을 위한 대 수출유관기관 - ‘20.11 : 체결 4 MOU 민간 혁신‧성장 지원을 위한 민간 공공 협력 강화방안 반영 - ‘22.09 : - 디지털경제시대 수출 신시장 개척을 위한 수출 지원방안 반영 - ‘23.01 : 중소기업 육성 종합계획 관계부처 합동",,94,국가AI전략위 AI 예산사업 통합 설명자료(2026.3),기금
88,중소벤처기업부,,혁신창업사업화자금 융자 ( ),5152-301,,,,,),중소기업,년 계속 `98 ~,,,,5,,,전국,,"- 1998. 4 외환위기 이후 창업 활성화 및 고용 창출을 위하여 지원 시작 - 2005. 2 업체별 연간 대출한도를 억원으로 확대 기존 억원 20 ( 10 ) - 2006. 1 지원대상을 업력 년미만까지 확대 기존 년미만 5 ( 3 ) - 2008. 1 부채비율 예외적용 기업을 업력 년미만까지 확대 기존 년 미만 5 ( 3 ) - 2009. 1 지원대상을 업력 년 미만까지 확대 기존 년 미만 7 ( 5 ) - 2010. 3 재창업자금 실패 경영인에 대한 재기지원 신규 지원 ( ) - 2012. 1 지원대상을 업력 년 미만으로 축소 기존 년 미만 5 ( 7 ) 청년전용창업자금 만 세 이하 청년창업자 대상 신규 지원 ( 39 ) - 2014. 2 경제혁신 개년 계획에 반영 청년전용창업자금 재창업자금 3 ( , ) - 2014. 1 지원대상 업력기준을 년 미만으로 확대 7 - 2015. 1 재창업자금을 재도약지원자금 융자 의 내역사업으로 이관 ( ) - 2019. 1 청년전용창업자금을",,101,국가AI전략위 AI 예산사업 통합 설명자료(2026.3),기금
89,중소벤처기업부,,창업성공패키지,5152-302,,,,,중소벤처기업진흥공단,창업기업,∼ 계속 2011,,100031,106431,"98,015 98,075 97,481 100,031 106,431",,,지역지정,,"청년일자리 창출 기술창업 활성화를 위한 청년창업사관학교 개소 경기안산 - ‘11.3 , ( ) 청년창업사관학교 인프라 확대 광주 경북 경남 추가 개소 - ’12.3 ( , , ) 청년창업사관학교 추가 개소 충남 - ’14.3 ( ) 지역 불균형 해소를 위해 청년창업사관학교 전국 확대 개→ 개 - ’18.8 (5 17 ) 글로벌 전문가 육성을 위해 글로벌창업사관학교 신규 사업 추진 개사 - ‘20.6 AI (60 ) 청년창업사관학교 추가 개소 세종 누적 개소 - ’21.4 ( , 18 ) 스타트업 실무인재 육성을 위해 이어드림 스쿨 신규 사업 추진 교육생 명 - ’22.3 AI ( 200 ) 국내 스타트업 인력난 완화를 위해 해외인력 취업매칭 지원사업 추진 - ’24.3 SW",,107,국가AI전략위 AI 예산사업 통합 설명자료(2026.3),기금
90,중소벤처기업부,,재도약지원자금 융자 ( ),5161-301,,,,,중소벤처기업진흥공단,중소벤처기업,년 계속 ‘07 ~,,750100,612500,"420,000 423,000 571,800 750,100 612,500",,,,,"- 2006. 02 중소기업 사업전환 촉진에 관한 특별법 제정 - 2006. 04 자유무역협정 체결에 따른 무역조정 지원에 관한 법률 제정 - 770 - - 2006. 08 사업전환지원센터 시범운영기관으로 중진공 지정 - 2006. 09 법 시행 및 사업전환지원사업 개시 - 2007. 04 법 시행 및 무역조정지원사업 개시 - 2010. 03 재창업자금 실패 경영인에 대한 재기지원 신규 지원 ( ) - 2013. 10 선순환 기업생태계 조성을 위한 중소기업 재도전 종합대책 발표 - 2014. 03 경제혁신 개년 계획 발표3 - 2014. 05 재도약 지원강화를 위해 년 기금운용계획 수립 시 사업명칭변경 내역 ’15 , 사업 신설 등 사업개편 추진 - 2015. 12 자유무역협정 체결에 따른 무역조정 지원에 관한 법률 개정안 통과 - 2016. 04 신용회복위원회 신·기보 협약 체결을 통한 신용미회복자 대상 협업 방식 , 재창업자금 지원 실시 - 2016. 07 무역피해 조사 및 심의",,114,국가AI전략위 AI 예산사업 통합 설명자료(2026.3),기금
91,중소벤처기업부,,재도약촉진,5161-302,,,,,중소벤처기업진흥공단,사업전환 및 선제적 구조개선 대상기업,년 계속,,76549,120731,"11,474 9,454 11,559 76,549 120,731",,,,,"[사업전환촉진 ] 중소기업 사업전환 촉진에 관한 특별법 제정 - ’06. 02 자유무역협정 체결에 따른 무역조정 지원에 관한 법률 제정 - ’06. 04 사업전환지원센터 시범운영기관으로 중진공 지정 - ’06. 08 법 시행 및 사업전환지원사업 개시 - ’06. 09 법 시행 및 무역조정지원사업 개시 - ’07. 04 자유무역협정에 따른 무역조정 지원에 관한 법률로 개정 시행 서비스업 - ‘08. 02 , 까지 지원 범위 확대 법 개정으로 건설업 광업 등 사업전환 지원대상 업종범위 확대 - ’09. 02 , 사업전환 범위 확대 및 일몰기한 폐지 - ‘13. 09 자유무역협정 체결에 따른 무역조정 지원에 관한 법률 개정안 통과 - ‘15. 12 무역피해 조사 및 심의절차를 산업부에서 중진공으로 이관 - ’16. 07 중소기업의 선제적 사업구조 개선 지원방안 대책 발표 - ‘19. 09 사업전환 전환 전 업종 매출액 요건 폐지 - ‘19. 10 (30%) 사업전환계획 승인 권한을 중기부",,122,국가AI전략위 AI 예산사업 통합 설명자료(2026.3),기금
92,중소벤처기업부,,중소기업모태조합출자,5264-301,,,,,한국벤처투자,차 벤처투자조합 등 → 차 투자조합이 투자하는 중소·벤처기업,년 '05~'35,,,,5,,,,,｢중소기업 경쟁력강화 종합대책 ｣ 및 ｢벤처기업 활성화 대책 ｣을 - ’04.7 (04.7) (04.12) 통해 조원 규모의 모태펀드 조성 계획 발표 ‘1 ’ ｢벤처기업육성에 관한 특별조치법｣ 개정으로 모태조합 결성 및 운용근거 마련 - ’04.12 모태조합 출자계획 발표 - ’05.4 모태조합 운용기관 한국벤처투자 주 출범 - ’05.6 [ ( )] 모태조합 결성 및 운용 개시 - ’05.7 ｢ 년 하반기 경제운용방향 및 중소기업성공전략회의｣에서 모태펀드 조성 - ’08.6 ‘08 목표액을 년까지 조원 규모로 확대 ‘12 1.6 ｢벤처·창업 자금생태계 선순환 방안｣에서 창업기업 투자를 통한 창조경제 - ’13.5 활성화 대책 발표 ｢혁신창업 생태계 조성방안｣에서 국내 모험자본 공급 확충을 위해 향후 년간 - ’17.11 3 조원 규모의 혁신모험펀드 조성 10 ｢민간중심의 벤처생태계 혁신대책｣ 발표 - ’18.1 - 791 - - ’19.3 ｢제 벤처붐 확산 전략 2 ｣에서 창업벤처,,135,국가AI전략위 AI 예산사업 통합 설명자료(2026.3),기금
93,중소벤처기업부,,연수사업,5451-307,,,,,중소벤처기업진흥공단,중소기업기본법 제 조 중소기업자의 범위 에서 정한 중소기업의 임직원 등,계속 1982 ~,,23785,25931,"21,852 42,729 23,910 23,785 25,931",,Y,전국,,"년 중소기업 재직자를 위한 중소기업연수원 개원 경기 안산시 - 1982 : ( ) 년 호남연수원 개원 광주광역시 - 2001 : ( ) 년 대구경북연수원 개원 경북 경산시 - 2003 : ( ) 년 부산경남연수원 개원 경남 창원시 진해구 - 2004 : ( ) 년 글로벌리더십연수원 개원 강원 태백시 - 2014 : ( ) 년 스마트공장배움터 구축 안산 - 2017 : ( ) 년 스마트공장배움터 구축 전주 창원 - 2019 : ( , ) 년 스마트공장배움터 구축 천안 경산 - 2020 : ( , ) 년 충청연수원 개원 충남 천안시 - 2021 : ( ) 년 스마트공장배움터 구축 광주 기업가정신센터 개소 경남 진주 - 2022 : ( ), K- ( ) 국정과제 이행계획 채택 중기정책을 민간주도 혁신성장의 관점에서 재설계 (31 ) 스마트제조 분야 디지털 인력양성 지역수요를 고려한 맞춤형 직업훈련 운영 ( , )",,141,국가AI전략위 AI 예산사업 통합 설명자료(2026.3),기금
94,중소벤처기업부,,전북연수원 건립,5451-309,,,,,중소벤처기업진흥공단,중소기업기본법 제 조 중소기업자의 범위 에서 정한 중소기업의 임직원 등,년 년 ‘20 ~ ’27,,7757,8327,"750 840 6,795 7,757 8,327",,,전국,,"- `17 ~ ‘18 : 국회 국정감사 지적 전북지역 중소기업 연수원 필요 ( ) - `19. 월 전북연수원 건립 타당성 검토 연구용역 진행 및 완료 6 : - `19. 12 월 총사업비 억원 확정: (245 ) - `21. 월 전북연수원 건립을 위한 중진공 전주시 전주시의회 협약 체결 2 : - - - `21. 12 월 전북연수원 건립예정 부지매입 대성동 일대 : ㎡ ( , 37,492 ) - `22. 월 총사업비 차 협의조정 변경 억원 8 : 1 (287 ) - `22. 12 월 전북연수원 건립 기본 및 설계용역 착수 : - `23. 월 설계 낙찰차액 반납 △ 백만원 등 총사업비 조정 억원 2 : ( 52 ) (286 ) - `23. 12 월 설계 적정성 검토 완료 조달청 : ( ) - `24. 월 총사업비 차 협의조정 변경 억원 5 : 2 (315 ) - `24. 월 총사업비 차 협의조정 변경 억원 9 : 3 (340 ) - `25. 월 공사 낙찰차액 반납 △ 백만원 등 총사업",,147,국가AI전략위 AI 예산사업 통합 설명자료(2026.3),기금
95,중소벤처기업부,,전남연수원 건립,5451-311,,,,,중소벤처기업진흥공단,중소기업기본법 제 조 중소기업자의 범위 에서 정한 중소기업의 임직원 등,년 ‘22 ~ ’27,,,,"1,089",,,전국,,월 광양만권 기업경쟁력 강화를 위한 남해안남중권연수원 건립 건의 - `19. 1 : ‘ ’ * 남해안남중권발전협의회(광양시 등 9개 시·군) 유치 공동건의 - `21. 11 월 전남연수원 건립 타당성조사 연구용역 완료 : - `22. 11 월 전남연수원 건립 부지선정 광양시 태인동 일원 : ( ) - `22. 12 월 건립업무 협약 중진공 광양시 광양시의회 및 부지무상양여 계약체결 : ( - - ) - `23. 월 전남연수원 건립 공공건축심의위원회 심의의결 7 : - `23. 월 건축 설계공모 착수 12 : - `25. 월 총사업비 차 변경 억원 1 : 1 (322 ) - `25. 월 조달청 설계 적정성 검토 완료 3 : - `25. 월 총사업비 차 변경 억원 5 : 2 (347 ) - `25. 월 조달청 공사·감리 계약발주 완료 6 : - `25. 월 총사업비 차 변경 억원 8 : 3 (339 ) - `25. 11 월 총사업비 차 변경 억원 : 4 (312 ) - `25. 11 월,,153,국가AI전략위 AI 예산사업 통합 설명자료(2026.3),기금
96,중소벤처기업부,,기업인력애로센터 활용 취업 지원,5452-301,,,,,중소벤처기업진흥공단,구인 중소기업 및 중소기업 취업 희망 구직자,년 계속 ’18 ~,,5172,5164,"9,003 8,916 4,671 5,172 5,164",,,전국,,"사업 시작년도 추진배경 부처별 중점과제 대통령 공약사항 등 - , , , 월 정부 청년일자리 대책 반영 - (‘18.3 ) ’ ‘ 월 기업인력애로센터 예산 추경 반영 억원 - (’18.5 ) ( ) (83 ) 월 현장코칭 숙련인력 양성 사업 신설 억 - (’19.8 ) (10.3 ) 월 스마트제조기업 일자리 패키지 사업 억 - (’21.1 ) (7.2 ) 월 일자리매칭플랫폼 신규 구축 및 운영 - (’22.1 ) * * 중소기업 구인 구 ‧ 직 정보를 DB 화하여 기업인력 애 로센터를 통해 일자리를 매칭하는 시스 템 - (’23.3 월 빈일자리 해소 방안 비상경제장관회의 ) ( ) * 우수 중소기업 정보 제공 확 대 : AI 인 재 천 추 등 디 털 지 일자리매칭플랫 폼 고도화 - 815 - - (’24.5 월 사회이동성 개선방안 비상경제장관회의 ) ( ) * 대-중소기업 상 생 일자리 사업단을 통한 청 년 구 직 취 자 업역량 제고 및 중소기업 취 업연계 강 화 - (’25.8 월",,159,국가AI전략위 AI 예산사업 통합 설명자료(2026.3),기금
97,중소벤처기업부,,중진기금 정보시스템운영 정보화 ( ),7236-501,,,,,중소벤처기업진흥공단,해당사항 없음,- 계속 ’79 ~,,4027,4206,"7,567 6,803 5,640 4,027 4,206",,,,,원활한 기금사업 추진 및 효율적인 대내외 업무 지원을 위해 : 1979 년 중진공 설립이후 계속 추진 - 821 -,,166,국가AI전략위 AI 예산사업 통합 설명자료(2026.3),기금
98,중소벤처기업부,,중진기금인건비,7276-100,,,,,중소벤처기업진흥공단,해당없음,- 년 계속 1979 ~,,114606,123958,"104,653 108,339 109,889 114,606 123,958",,,,,중소벤처기업창업 및 진흥기금 추진사업 인력에 대한 인건비 지급 : - 826 -,,171,국가AI전략위 AI 예산사업 통합 설명자료(2026.3),기금
99,중소벤처기업부,,중진기금기본경비,7276-200,,,,,중소벤처기업진흥공단,해당 없음,- 년 계속 1979 ~,,27687,27774,"27,695 28,273 29,489 27,687 27,774",,,,,중소벤처기업창업 및 진흥기금 사업추진에 따른 기관운영 제경비 : - 830 -,,175,국가AI전략위 AI 예산사업 통합 설명자료(2026.3),기금
100,중소벤처기업부,,중진공 본사 증축,7286-301,,,,,중소벤처기업진흥공단,해당없음,- 2025~2029,,1863,276,"- - - 1,863 276",,,,,"사업 시작년도 추진배경 부처별 중점과제 대통령 공약사항 등 - , , , ▪ 월 본사 과밀화 해소를 위해 신규사업 추진 전담반 본사증축 분과 구성 `24. 2 : ( ) TF ▪ 월 본사 증축 타당성 검토 및 예상 총공사비 산정 `24. 3 : ▪ 월 `24. 년 기금운용계획안 작성 및 제출 5 : 2025 ▪ 월 본사 증축 공공건축물 건축기획 추진 ’25. 3 : ▪ 월 본사 증축 공공건축심의위원회 개최 ’25. 4 : ▪ 월 본사 증축 건축설계 공모 제안공모 ’25. 5 : ( ) ▪ 월 설계사 선정 및 계약체결 ▪ 월 계획설계 적정성 검토 조달청 ’25. 8 : ’25. 11 : ( ) - 834 -",,179,국가AI전략위 AI 예산사업 통합 설명자료(2026.3),기금
101,중소벤처기업부,,차입금원금상환,9850-980,,,,,중소벤처기업진흥공단,해당 없음,- 년 계속 1994 ~,,5300000,5300000,"3,330,000 3,820,000 3,990,000 5,300,000 5,300,000",,,,,- 사업 시작년도 년 : 1994 - 추진배경 융자사업 재원 및 차입금 상환 소요 중 융자원금 회수액을 제외한 필요 : 재원을 중소벤처기업진흥채권 을 발행하여 조성함에 따라 차입금원금 상환 발생 ‘ ’ - 839 -,,184,국가AI전략위 AI 예산사업 통합 설명자료(2026.3),기금
102,중소벤처기업부,,기술보증대위변제,2441-300,,,,,기술보증기금,기술․창업 중소기업 금융기관 등,년 ～ 계속 ’89,,1568100,1527500,"1,291,500 1,109,500 1,330,195 1,568,100 1,527,500",,,전국,,기술보증기금법 제정 월 : (‘86.12 ) - 878 -,,223,국가AI전략위 AI 예산사업 통합 설명자료(2026.3),기금
103,중소벤처기업부,,유동화회사보증대위변제,2441-301,,,,,기술보증기금,기술․창업 중소기업 금융기관 등,년 ～ 계속,,0,26610,"9,811 11,724 11,046 - 26,610",,,전국,,"월 기술보증기금법 개정을 통해 유동화회사보증 운용의 법적근거 마련 - ’09. 2 , 월 금융위원회로부터「유동화회사보증 업무지침」시달 - ‘11. 6 ,",,230,국가AI전략위 AI 예산사업 통합 설명자료(2026.3),기금
104,중소벤처기업부,,혁신선도형중소기업투자,2441-303,,,,,기술보증기금,기술․창업 중소기업,년 ～ 계속 ’05,,75263,50259,"50,100 100,109 75,143 75,263 50,259",,,전국,,"월 정부는 중소기업에 대한 직접투자 활성화 등 금융지원 종합대책의 일환으로 기보와 - ’04. 7 , 신보에서 중소기업에 대한 보증과 직접투자를 연계한 상품개발 계획 대책 발표 (‘7.7 ’) 월 재정경제부에서 관련 지침 시달 및 제도시행 월 변경지침 시달 - ’05. 1 , (12 ) 월 법적근거가 미약하다는 감사원 등의 지적으로 년 하반기부터 사업 잠정중단 - ‘11. 6 , ‘11 월 보증연계투자를 기금의 고유 업무로 추가하는 기술보증기금법 개정․시행 - ‘12. 6 , 월 금융위원회에서 보증연계투자 운용지침 통보 - ‘12. 7 , 월 기금운용계획 변경을 통해 사업 재개 - ‘12. 8 ,",,236,국가AI전략위 AI 예산사업 통합 설명자료(2026.3),기금
105,중소벤처기업부,,구상권관리,2441-304,,,,,기술보증기금,기술보증기금 정부,년 ～ 계속 ‘89,,29153,31066,"23,230 20,307 26,488 29,153 31,066",,,,,기금의 고유목적사업으로 설립 이후 계속 추진 : - 897 -,,242,국가AI전략위 AI 예산사업 통합 설명자료(2026.3),기금
106,중소벤처기업부,,기술평가,2441-305,,,,,기술보증기금,기술보증기금 정부,년 ～ 계속 ‘97,,7940,9006,"6,800 6,848 6,952 7,940 9,006",,,,,"월 금융기관 최초로 기술평가센터를 설치하여 기업이 보유한 기술 및 사업성을 - ’97.3 평가하여 보증․투자․융자 지원 및 기술이전․거래 등에 활용함으로써 , 재무 및 신용도 위주의 금융관행을 기술력과 미래 성장가능성 중심으로 전환하고 - , 궁극적으로 시장에서 소외되기 쉬운 기술력 기반 중소기업을 발굴․지원하여 우리 경제의 신성장동력으로 육성 - 904 -",,248,국가AI전략위 AI 예산사업 통합 설명자료(2026.3),기금
107,중소벤처기업부,,기술·경영지도,2441-306,,,,,기술보증기금,기술․창업 중소기업,년 ～ 계속,,3636,3778,"3,727 3,227 3,377 3,636 3,778",,,전국,,"기보의 고유 업무로 성장단계별 기술창업 기업에 대한 종합지원 체계 내에서 - 예비 창업자의 성공적 창업지원 창업교육 도약 및 성장지원 기술․경영지원 ( ) , , , 컨설팅 등 중소기업의 핵심역량을 강화하기 위한 사업 운영",,256,국가AI전략위 AI 예산사업 통합 설명자료(2026.3),기금
108,중소벤처기업부,,보증료환급,2441-307,,,,,기술보증기금,기술․창업 중소기업,년 ～ 계속 ‘89,,29271,26403,"29,567 27,460 29,162 29,271 26,403",,,전국,,기금의 기술보증업무 수행을 위해 설립 이후 계속 추진 : - 917 -,,262,국가AI전략위 AI 예산사업 통합 설명자료(2026.3),기금
109,중소벤처기업부,,업무용부동산취득,2441-308,,,,,기술보증기금,기술․창업 중소기업,년 ～ 계속,,38518,70542,"2,079 2,079 2,079 38,518 70,542",,,전국,,"기금 고유업무를 수행함에 있어 불필요한 예산낭비 요소를 제거하고 : , 고객만족도 제고 및 영업기반 확충 등을 도모",,268,국가AI전략위 AI 예산사업 통합 설명자료(2026.3),기금
110,중소벤처기업부,,팩토링금융,2441-311,,,,,기술보증기금,기술․창업 중소기업 금융기관 등,년 ～ 계속 ’22,,99370,99405,"39,958 79,631 99,541 99,370 99,405",,,전국,,핀테크 기반 새로운 결제성 혁신금융 개발을 통한 약속어음 부작용 : 개선 및 안정적인 상품거래 여건 조성,,273,국가AI전략위 AI 예산사업 통합 설명자료(2026.3),기금
111,중소벤처기업부,,인건비,3379-101,,,,,기술보증기금,기술보증기금,년 ～ 계속,,173387,177296,"149,722 153,854 158,013 173,387 177,296",,,,,,,283,국가AI전략위 AI 예산사업 통합 설명자료(2026.3),기금
112,중소벤처기업부,,기금관리비,3379-201,,,,,기술보증기금,기술보증기금,년 ～ 계속 ’89,,61430,61599,"65,942 66,199 58,001 61,430 61,599",,,,,,,287,국가AI전략위 AI 예산사업 통합 설명자료(2026.3),기금
113,중소벤처기업부,,공공자금관리기금 총괄계정 예탁( ),8511-840,,,,,기술보증기금,기술보증기금,년 ～ 계속,,0,195000,"195,000 - 195,000 - -",,,,,중소기업 예산 등 세출소요 증가에 따른 재원충당을 위해 기금의 기본 : 재산 여유액 일부를 공공자금관리기금에 예탁 - 946 -,,291,국가AI전략위 AI 예산사업 통합 설명자료(2026.3),기금
114,중소벤처기업부,,통화금융기관예치,9701-971,,,,,기술보증기금,기술보증기금,년 ～ 계속,,888092,1421902,"1,249,410 1,308,001 768,453 888,092 1,421,902",,,,,기금의 고유사업 수행을 위한 여유자금 운용으로 설립 이후 계속 추진 : - 950 -,,295,국가AI전략위 AI 예산사업 통합 설명자료(2026.3),기금
115,중소벤처기업부,,비통화금융기관예치,9701-972,,,,,기술보증기금,기술보증기금,년 ～ 계속,,243946,174522,"150,000 191,286 240,000 243,946 174,522",,,,,기금의 고유사업 수행을 위한 여유자금 운용으로 설립 이후 계속 추진 : - 954 -,,299,국가AI전략위 AI 예산사업 통합 설명자료(2026.3),기금
116,중소벤처기업부,,국채매입,9701-974,,,,,기술보증기금,기술보증기금,년 ～ 계속,,70000,70000,"30,000 30,000 70,000 70,000 70,000",,,,,기금의 고유사업 수행을 위한 여유자금 운용으로 설립 이후 계속 추진 : - 958 -,,303,국가AI전략위 AI 예산사업 통합 설명자료(2026.3),기금
117,중소벤처기업부,,국채외채권매입,9701-975,,,,,기술보증기금,기술보증기금,년 ～ 계속,,70000,70000,"30,000 30,000 70,000 70,000 70,000",,,,,기금의 고유사업 수행을 위한 여유자금 운용으로 설립 이후 계속 추진 : - 962 -,,307,국가AI전략위 AI 예산사업 통합 설명자료(2026.3),기금
118,중소벤처기업부,,기업가형 소상공인 육성,4131-316,,,,,소상공인시장진흥공단,예비창업자 및 소상공인,혁신소상공인창업지원 년 계속 혁신소상공인도약지원 년 계속,,83422,131069,"22,925 33,286 52,403 83,422 131,069",,,,,"혁신소상공인창업지원 「장년층 고용안정 및 자영업자 대책 」에 따라 년 - ( ) (’14.9) ’15 소상공인사관학교 신설 후 소상공인사관학교 와 신사업육성지원 통폐합 (‘15~16) (’07~16) 혁신소상공인도약지원 기존 성공불융자 방식의 지원을 전면 개편하여 오랜 업력 - ( ) 동안 축적된 기술·노하우를 바탕으로 창의적인 주체들과의 협력·융합을 통해 새로운 가치를 창출하는 혁신성장의 주체로서의 소상공인 발굴 (’22~) 혁신소상공인투자연계지원 ｢소상공인·자영업자 종합대책 ｣에 혁신소상공인 - ( ) (‘24.7) ’ 투자연계지원 추진내용을 반영 ‘ - 글로벌 소상공인 소상공인 육성 수출을 희망하는 기업가형 소상공인 대상 ( (K- ) ) 수출기본교육부터 제품개선 마케팅 컨설팅 등을 집중지원하여 패션 생활용품 , , , , 화장품 식품 등 소비재 분야의 제품 수출 지원 , 혁신 소상공인 활용지원 소상공인을 대상으로 활용을 위한 교육 제품·서 - ( AI ) AI , 비스 개발 ",,339,국가AI전략위 AI 예산사업 통합 설명자료(2026.3),기금
119,중소벤처기업부,,소상공인성장지원,4131-317,,,,,(,소상공인,- 계속 ‘06~,,1927379,621093,"35,427,368 141,654 279,212 1,927,379 621,093",,,,,"사업 시작년도 추진배경 부처별 중점과제 대통령 공약사항 등 - , , , ㅇ 관련법령 지 - 소상공인기본법 제32조(전문연구평가기관의 설치) 원 - 소상공인 보호 및 지원에 관한 법률 제9조(소상공인의 경영안정 등 지원) 근 거 - 소상공인 보호 및 지원에 관한 법률 제11조(소상공인의 조직화 및 협업화 지원 등) - 소상공인 보호 및 지원에 관한 법률 제21조(기금의 사용 등) ① 소상공인역량강화 추 ㅇ 재난지원금 사후관리 진 - 코로나19 확산 시기 방역조치 이행, 매출감소 등 피해 소상공인에게 지급된 경 재난지원금에 대한 행정쟁송 대응 및 환수 업무를 위해 사후관리 사업 추진(’22~) 위 ㅇ 손실보상금 사후관리 - 1007 - - 손실보상 소급적용 및 지급거부 취소·보상금 청구를 사유로 제기된 행정소송에 대해 소송대리인 선임 등 사후관리 ㅇ 브랜드 소상공인 육성(‘25년) - 소상공인·자영업자 종합대책(민간 플랫폼사가 유망 브랜드 소상공인을 직접 발굴 하여 1:1로 밀착지원)",,350,국가AI전략위 AI 예산사업 통합 설명자료(2026.3),기금
120,중소벤처기업부,,소공인특화지원,4131-318,,,,,소상공인시장진흥공단,「도시형소공인 지원에 관한 특별법」제 조에 따른 소공인,년 계속 ‘15 ~,,,,5,,,,,"사업 시작년도 추진배경 부처별 중점과제 대통령 공약사항 등 - , , , -소공인 특화지원센터 개소 시범운영 6 (‘13~) -도시형소공인 지원을 위한 특별법 제정 및 시행 (‘14.5) (’15.5) 소공인 특화지원 세부사업 신설 소공인 특화지원센터를 개로 확대하는 등 - ‘ ’( ) , 34 소공인 본격 지원 (‘15~) - 1020 - - ’ 중소제조업·소공인의 경영 여건 개선과 밀집지역 환경 획기적 개선 등 종합 지 원 대책 마련 의 대통령 공약사항 대 및 국정과제 ‘ (19 ) - 소상공인 디지털 인프라 구축 맞춤형 교육 등 디지털 전환 추진 공약사항 및 국 , 정과제 포함",,364,국가AI전략위 AI 예산사업 통합 설명자료(2026.3),기금
121,중소벤처기업부,,소상공인재기지원,4131-319,,,,,(,경영위기 또는 폐업 예정 소상공인,희망리턴패키지 년 계속 자영업자 사회보험료 지원 년 계속,,,,5,,,,,"- 소상공인재기지원사업 신설 년 (‘15 ) - 1029 - - 대선공약 및 국정과제 반영 년 소상공인‧자영업자 생업안전망 확충 (‘17 , ) - 1 인 자영업자 고용보험료 지원 년 (‘18 ) - 소상공인법 개정 (‘21.7.7) - 국정과제 반영(’22년, 소상공인·자영업자 경영 부담 완화) - 소상공인‧자영업자 종합대책(‘24.7.3. 관계부처 합동) 반영 - 소상공인‧자영업자 맞춤형 지원강화방안 관계부처 합동 반영 (‘24.12.4 ) - 자영업자 고용보험료 지원대상을 인 소상공인 → 전체 소상공인으로 확대 지원 1 (‘23) - 자영업자 고용보험료 지원비율을 최대 → 로 확대 지원 50% 80% (‘24) - 코로나 피해 소상공인 분할상환 지원 신설 년 차 추경 (’25 2 )",,372,국가AI전략위 AI 예산사업 통합 설명자료(2026.3),기금
122,중소벤처기업부,,소상공인지원인프라,4131-321,,,,,소상공인시장진흥공단,소상공인 자영업자,"․ 소상공인주간활성화 기능경진대회 년 계속 전국소상공인대회 년 계속 : ‘13 ~ , ’06 ~",,2025,2026,2022 2023 2024 2025 2026,,,,,"사업 시작년도 추진배경 부처별 중점과제 대통령 공약사항 등 - , , , ｢소기업 및 소상공인지원을 위한 특별조치법｣ 개정 - (‘05.12.23) * 소상공인진흥원 법인설립 허 가(‘06.3), * 소상공인진흥원 설립(‘06.5) : 소상공인 육 성을 위한 정책조사·개 발 문 , 전 인력 육 성 등 - 제 회 세계중소기업연맹 서울대회 17 (‘06.4.26~29) 관계자 오찬에서 대통령의 소상 공인 표창지시로 소상공업혁신대회 실시 ‘ ’ 월 (’06. 12 ) - 대통령 당선인 대선 공약 (‘07.12) * 영세자영업자들에게 창 업, 경영 마 드 인 , 점포관리, 구조개 선 , 사업정보 등의 제공으로 자영 업자 자 생 력 제고를 위한 전용 케 블 송 축 이 방 구 - “ 서민생활안정과 영세자영업자·소상공인 지원 대책 에 소상공인 ” CATV 채널 구축 방안 포함 기획재정부 보고 (‘08.3, , VIP ) - 소기업 및 소상공인지원을 위한 특별조치법 개정 (’12.1.17) * 중",,383,국가AI전략위 AI 예산사업 통합 설명자료(2026.3),기금
123,중소벤처기업부,,소상공인스마트화지원,4131-322,,,,,"한국중소벤처기업유통원 소상공인시장진흥공단 ,",예비 소상공인,- 계속 2020~,,117185,113601,"96,250 104,800 136,330 117,185 113,601",,,,,"- 소상공인 온라인 판로지원 (’19~) - 소상공인·자영업자 지원 대책(‘18.8), 자영업 성장‧혁신 종합대책(‘18.12)에 포함 - 소상공인제품 홈쇼핑 입점지원(’19년) - 소상공인 온라인 판로지원사업(‘20년) - 소상공인 자생력 강화 대책(‘19.9), 한국판 뉴딜 종합계획 (‘20.7월), 소상공인 디지털전환 대책 (‘20.9월), 소상공인·자영업자 종합대책(‘24.7월)에 포함 - 스마트상점 기술보급 (’20~) - ’소상공인 자생력 강화 대책(‘19.9)‘에 소비·유통환경 변화에 대한 대응력 강화를 위한 스마트상점 보급 및 확산 내용 포함 - ‘인공지능 국가전략(’19.12)‘에 제조업에서부터 전 산업으로 AI 융합 확산에 대하여 AI를 활용한 소상공인 혁신지원 내용 포함 - ‘20년 경제정책방향(’19.12)’에 소상공인 매장에 소비자 맞춤형 스마트상점 기술보급 지원 내용 포함 - ‘한국판 뉴딜(‘20.7)’에 소상공인 온라인 비즈니스 지원의 일환으로 스마트기술을",,392,국가AI전략위 AI 예산사업 통합 설명자료(2026.3),기금
124,중소벤처기업부,,소상공인 빅데이터 플랫폼 구축,4131-327,,,,,소상공인시장진흥공단,예비창업자 소상공인,‘23~,,2345,2111,"- 9,189 2,345 2,345 2,111",,,,,"사업 시작년도 추진배경 부처별 중점과제 대통령 공약사항 등 - , , , - 성공 창업을 위한 정보제공 확대를 위해 상권정보시스템 활용 필수화 및 고도화 추진 관계부처 합동 ( , ‘18.12.20) - 새정부 국정과제 ･소상공인·자영업 정책 방향 에 과제 반영되어 소상공인 * (’22.5) (’22.8) 빅데이터 플랫폼 구축 추진 국정과제 기업가형 소상공인 육성을 통한 도약 발판 마련 준비된 창업이 이루어지도록 소상공인 * [ 1-4] : 빅데이터 플랫폼 구축해 맞춤형 정보 제공 - 제 차 지능정보사회 종합계획 7 * (22.11) 과제 반영 * [ 전략Ⅲ 포용하는 디지털 사회 전국 상권 빅데이터 플랫폼 구축 → 소상공인에게 신속·정확한 정보 -3] : ‘ ’ 제공",,400,국가AI전략위 AI 예산사업 통합 설명자료(2026.3),기금
125,중소벤처기업부,,소상공인지원 융자 ( ),4151-301,,,,,소상공인시장진흥공단,소상공인,년 계속 1999 ~,,4220000,3362000,"3,508,200 3,000,000 3,710,000 4,220,000 3,362,000",,,,,"소상공인 생애주기 단계별 융자지원 체계로 개편 - ‘15. 1. 수출 및 고용창출 소상공인 육성을 위한 수출·고용특별자금 억원 신설 - ‘17. 1. (500 ) 저신용 소상공인 대상 재도전특별자금 억원 신설 - ’19.1 (300 ) 코로나 피해 경영애로 자금 조원 규모 편성 및 지원 - ’20.2 19 3 집합금지 임차료 융자 억원 규모 편성 및 지원 - ’21.1 8,000 저신용 소상공인지원 융자 조원 편성 및 지원 - ’21.7 1.2 코로나 피해 소상공인 만기연장 실시 - ‘21.9 19 소상공인 대환대출 억원 개시 제 회 추경 - ’22.7 2,000 ( 2 ) 저신용 소상공인을 위한 소산공인전통시장자금 억원 규모 개시 - ‘23.1 (8,000 ) 긴급경영안정자금 일시적경영애로 유형 신설 - ’24.1 상생성장지원자금 신설 - ’25.1",,407,국가AI전략위 AI 예산사업 통합 설명자료(2026.3),기금
126,중소벤처기업부,,시장상권경영혁신지원,4154-304,,,,,소상공인시장진흥공단,전통시장 및 상점가 상권내 소상공인,매년,,,,- 5,,,,,,,413,국가AI전략위 AI 예산사업 통합 설명자료(2026.3),기금
127,중소벤처기업부,,소진기금 인건비,7277-100,,,,,소상공인시장진흥공단,해당 없음,년 계속,,51843,56741,"46,620 48,656 49,380 51,843 56,741",,,,,- 사업 시작년도 년 : 2015 - 추진배경 소상공인시장진흥기금 추진사업 인력에 대한 인건비 지급 :,,423,국가AI전략위 AI 예산사업 통합 설명자료(2026.3),기금
128,중소벤처기업부,,소진기금 기본경비,7277-200,,,,,소상공인시장진흥공단,해당 없음,년 계속,,9358,10012,"9,859 7,554 9,184 9,358 10,012",,,,,- 사업 시작년도 년 : 2015 - 추진배경 소상공인시장진흥기금을 위탁·운영하는 소상공인시장진흥공단의 기관 : 운영에 필요한 제경비,,427,국가AI전략위 AI 예산사업 통합 설명자료(2026.3),기금
129,중소벤처기업부,,소진기금 정보화 경비 정보화 ( ),7277-201,,,,,소상공인시장진흥공단,해당 없음,년 계속,,7349,8714,"6,721 6,120 7,477 7,349 8,714",,,,,공공자금관리기금 예수금 상환에 따라 발생 : 사업 시작년도 - 년 : 2015 추진배경 융자사업 재원으로 활용한 공공자금관리기금의 예수금에 대한 이자상환 발생 - : - 1086 -,,431,국가AI전략위 AI 예산사업 통합 설명자료(2026.3),기금
130,중소벤처기업부,,공공자금관리기금 총괄계정 예수원금상환( ),9110-850,,,,,중소벤처기업부 :,해당 없음,년부터 신규,,1120418,606000,"1,400,000 1,896,400 1,873,841 1,120,418 606,000",,,,,공공자금관리기금 예수금 상환에 따라 발생 : - 1090 -,,435,국가AI전략위 AI 예산사업 통합 설명자료(2026.3),기금
131,중소벤처기업부,,공공자금관리기금 총괄계정 예수이자상환( ),9201-851,,,,,중소벤처기업부 :,해당 없음,년부터 신규,,589956,565527,"361,552 442,417 525,056 589,956 565,527",,,,,공공자금관리기금 예수금 상환에 따라 발생: 사업 시작년도 - 년 : 2015 추진배경 융자사업 재원으로 활용한 공공자금관리기금의 예수금에 대한 이자상환 발생 - : - 1094 -,,439,국가AI전략위 AI 예산사업 통합 설명자료(2026.3),기금
