no,ministry,bureau,name,code,account,new_or_continue,support_type,subsidy_rate,executor,beneficiary,period,total_cost,budget_2025,budget_2026,cost_5y,budget_nums,daegu_mention,region_scope,purpose,history,basis,page,source,volume,source_url
1,산업통상부,,산업통상자원정책지원,7133-301,일반회계,,,,산업통상자원부,해당없음,~계속,해당없음,,,,,,,,- 10~12회계연도 19억원 예산규모 유지 - 13회계연도 예산규모는 전년대비 대비 약 1억원 삭감 - 14회계연도 예산규모는 전년대비 약 2.3억원 삭감 - 15∼18 회계연도 예산규모는 14회계연도 대비 비슷한 수준임 − 26 −,,28,산업통상부 2026년도 예산 및 기금운용계획 사업설명자료((1권)_2021년_예산_사업설명자료(기획조정실_소속기관_국표원).pdf),(1권)_2021년_예산_사업설명자료(기획조정실_소속기관_국표원).pdf,https://www.motir.go.kr/kor/article/ATCL3f70bb6cf
2,산업통상부,,산업통상자원행정정보시스템구축(정보화),7131-501,일반회계,,,,산업통상자원부,국민 및 부내직원,‘01 ~ 계속,해당없음,,,,,,전국,,- ‘e-산자부 선언(‘00년도) - 산자부 중장기정보화추진전략 수립(’01) - 산업자원 지식행정체제 확대 중장기정보화추진계획 수립(’03) - 산업정보화 마스터플랜 수립(’05) - 산업자원 데이터웨어하우스 정보전략계획 수립(’06) - 산업자원부 정보기술아키텍처적용 기본계획 수립(’07) - 지식경제부 정보화전략 수립(’08) - 중장기 정보화계획 수립(’12) - 중장기 정보화전략계획 수립(’17),,36,산업통상부 2026년도 예산 및 기금운용계획 사업설명자료((1권)_2021년_예산_사업설명자료(기획조정실_소속기관_국표원).pdf),(1권)_2021년_예산_사업설명자료(기획조정실_소속기관_국표원).pdf,https://www.motir.go.kr/kor/article/ATCL3f70bb6cf
3,산업통상부,정책기획관,행정능률향상 및 능력개발,7132-303,일반회계,,,,산업통상자원부,해당없음,‘05 ~ 계속,해당없음,,,,,,,,,,48,산업통상부 2026년도 예산 및 기금운용계획 사업설명자료((1권)_2021년_예산_사업설명자료(기획조정실_소속기관_국표원).pdf),(1권)_2021년_예산_사업설명자료(기획조정실_소속기관_국표원).pdf,https://www.motir.go.kr/kor/article/ATCL3f70bb6cf
4,산업통상부,,사이버안전센터 구축운영,7142-317,일반회계,,,,산업통상자원부,산업통상자원부 유관기관(53개),해당없음,,,,,,,,,"- ’06.5월 국가사이버안전전략회의(의장 : 국가정보원장) 의결 * 기존의 국방, 금융, 행정, 통신, 안보분야 외에 국민생활과 밀접한 5개 핵심분야(에너지, 교통, 교육, 보건, 외교) 정보통신기반시설 보호를 위한 분야별 사이버안전센터 운영 결정 - ’07.12월 산업통상자원 사이버보안센터 운영규칙 제정(훈령 제128호) - ’08.07월 산업통상자원 사이버안전센터 개소 - ‘10.01월 산업통상자원 사이버안전센터 운영규칙 개정(훈령 제58호) - ‘12.02월 산업통상자원 사이버안전센터 운영규칙 개정(훈령 제91호) - ‘14.12월 산업통상자원 사이버안전센터 운영규칙 개정(훈령 제59호) - ‘16.08월 산업통상자원 사이버안전센터 운영규칙 개정(훈령 제102호) - ‘19.06월 산업통상자원 사이버안전센터 운영규칙 개정(훈령 제154호)",,64,산업통상부 2026년도 예산 및 기금운용계획 사업설명자료((1권)_2021년_예산_사업설명자료(기획조정실_소속기관_국표원).pdf),(1권)_2021년_예산_사업설명자료(기획조정실_소속기관_국표원).pdf,https://www.motir.go.kr/kor/article/ATCL3f70bb6cf
1,산업통상부,,무역구제지원사업,1233-301,일반회계,,,,산업통상자원부 무역위원회 무역조사실,"국내 기업, 대학, 유관 협회 및 단체 등",’02∼계속,,,,,,,,,"- ’87년 무역위원회 설립(근거 : 대외무역법) * 가방 및 핸드백 원산지 위반·상표권 침해 조사 (1987.7.31. 최초 사건) - ’89∼’99년 무역구제 세미나 매년 개최(「무역구제 서울국제포럼」행사로 발전) - ’93년 반덤핑 조사 개시 결정권한을 재무부에서 무역위원회로 이관 - ’95년 반덤핑 및 보조금 제도 운용을 무역위원회로 일원화(덤핑·보조금 조사업무 관세청에서 이관) - ’00년 제1회 한·중 무역구제 협력회의 개최 및 제1회 대학(원)생 논문발표대회 개최 - ’01년「불공정무역행위조사법」제정, 제1회「무역구제 서울국제포럼」개최 - ’01년 무역구제 소식지 ‘무역구제’ 창간 - ’02년 산업경쟁력조사* 실시 * 미국 ITC의 개별산업 경쟁력조사 및 무역정책연구(美 관세법332조) 벤치마킹 - ’03 제1회 한·EU 무역구제협의회 개최 - ’05년 제1회 대학생 무역구제 경연대회 개최 - ’06년 무역구제포털시스템 구축 - ’07년 불공정무역행위 신고센터 개소(시계",,76,산업통상부 2026년도 예산 및 기금운용계획 사업설명자료((1권)_2021년_예산_사업설명자료(기획조정실_소속기관_국표원).pdf),(1권)_2021년_예산_사업설명자료(기획조정실_소속기관_국표원).pdf,https://www.motir.go.kr/kor/article/ATCL3f70bb6cf
1,산업통상부,적합성정책국,신기술제품인증,3731-301,일반회계,,,,산업통상자원부 국가기술표준원,전 산업분야 인증업체 및 국민,‘95 ~ 계속,해당없음,,,,,,전국,,"◦ `95. 5.10 : 제15회 「신경제 추진회의」에서 기계류ㆍ부품ㆍ소재에 대한 품질인증 업무를 시행토록 결정 ◦ `04.11.25 : 각부처의 유사기술 및 제품인증에 대한 정부인증제도 통폐합(5개 부처, 7개 신기술 인증 업무를 신기술･신제품 인증으로 통합 정비) ◦ `06.10.30 : NEP제품 공공기관 의무구매 제도화(산업기술혁신촉진법 개정) ◦ ‘07.10.29 : 공공구매제도 주관부처를 산자부에서 기술표준원으로 변경 ◦ ‘08. 2.29 : 정보통신부에서 수행하던 IT분야 신제품(NEP)인증 업무 및 과기부의 신기술(NET)인증 업무를 기술표준원으로 이관 ◦ ‘11.10.6 : 산업융합촉진법에 근거, 융합신제품적합성인증제도 도입 ◦ ’16.2.17 : 제9차 무역투지진흥회의, 민간의 신산업 진출 촉진을 위한 신속 시장 진입지원체계로서 “융합신제품적합성인증센터” 구축 등 보고",,91,산업통상부 2026년도 예산 및 기금운용계획 사업설명자료((1권)_2021년_예산_사업설명자료(기획조정실_소속기관_국표원).pdf),(1권)_2021년_예산_사업설명자료(기획조정실_소속기관_국표원).pdf,https://www.motir.go.kr/kor/article/ATCL3f70bb6cf
2,산업통상부,,국제표준활동지원,3731-302,일반회계,,,100,"산업통상자원부 국가기술표준원, 한국표준협회",전국민,‘02년～계속,해당없음,,,,,,전국,,"- ‘95년 WTO 출범에 따라, 자국의 기술표준을 국제표준으로 등록하여 세계시장 진출과 무역기술장벽에 대응하려는 세계 각국의 국제표준화 활동 강화 추세에 따라 우리나라도 이에 대응할 필요성 증대 - ‘02년부터 국내 국제표준화 활동 대응체계를 구축하고 주요 국제표준화기구(ISO, IEC) 정책위원회, 기술위원회 등 활동에 적극 참여하기 위해 동 사업을 추진 - ISOㆍIEC의 국제표준화는 회원국간 합의와 투표(1국 1투표권)로 진행되며, 기술 위원회(TC), 분과위원회(SC), 작업반(WG) 회의 각국 전문가가 참여와 논의를 거치는 장기간(3~5년)이 소요되어 국제표준의 제안 뿐만아니라, 회원국 간 협력도 중요 - 현 정부 출범에 따라 우리기술의 국제표준화를 기반으로 한 국가 산업경쟁력 증가에 대하여 중요성을 인식하고 국제표준화 활동을 국정과제의 일환으로 추진 * (국정과제 34-6) 미래시장 창출을 위한 국제표준ㆍ인증혁신 - ‘19.4월 「수소경제 표준화 전략 로드맵」과 ’19.",,104,산업통상부 2026년도 예산 및 기금운용계획 사업설명자료((1권)_2021년_예산_사업설명자료(기획조정실_소속기관_국표원).pdf),(1권)_2021년_예산_사업설명자료(기획조정실_소속기관_국표원).pdf,https://www.motir.go.kr/kor/article/ATCL3f70bb6cf
3,산업통상부,,개도국표준체계보급지원(ODA),3731-303,일반회계,,,100,한국의류시험연구원 등(신규내역사업 공모 예정),"개발도상국 정부기관, 우리 수출기업 등",‘12～계속,해당 없음,,,,,,전국,,"- 사업 시작년도, 추진배경, 부처별 중점과제, 대통령 공약사항 등 - WTO 출범 이후, 자국의 기술표준을 국제표준으로 등록하여 무역기술장벽에 대응하 려는 세계 각국의 국제표준화활동 강화정책에 능동적으로 대응하기 위해 ‘02년부 터 추진된「국제표준화활동지원사업」의 일환으로 비정기적으로 개도국과 협력 사업을 진행 - 하지만 최근 개도국은 국가필수인프라의 표준인증체계의 부재로 불량제품 유통 등으로 인한 자국민의 안전문제가 발생하고, 무역활성화의 어려움을 겪고 있어, 표준 체계 확립을 위해 한국의 적극적인 지원을 요청하여 해외사업 확대 추진 * 우리 기업들도 개도국이 표준화, 적합성평가 등의 표준체계가 제대로 구축되지 않아 시장 진입․확대에 어려움 직면 - 또한, 동 사업은 2010년 12월 21일 발표한 ODA 선진화를 위한 5개년 기본계획 (2011~2015년 국제개발협력 기본계획)의 이행과 관련된 공익사업으로, ‘11년 기획재정부 에서 심의․승인되었고, 기재부의 요구의 따라 201",,121,산업통상부 2026년도 예산 및 기금운용계획 사업설명자료((1권)_2021년_예산_사업설명자료(기획조정실_소속기관_국표원).pdf),(1권)_2021년_예산_사업설명자료(기획조정실_소속기관_국표원).pdf,https://www.motir.go.kr/kor/article/ATCL3f70bb6cf
4,산업통상부,,한국인인체치수조사보급사업,3731-304,일반회계,,,,산업통상자원부 국가기술표준원,"의류, 가구, IT서비스, 자동차, 웨어러블 디바이스 등 인체관련제품 기업",‘03년~계속,,,,,,,,,"- 사업 시작년도, 추진배경, 부처별 중점과제, 대통령 공약사항 등 ㅇ ‘79년부터 : 의류치수 규격 마련을 위해서 ’79년 처음으로 국민체위조사 실시한 이후 5~7년 주기로 4차례 측정 사업 수행 ㅇ ‘00년이후 : 생활수준 향상에 따른 급격한 체형변화로 최신의 인체치수 정보와 3 차원 인체형상 자료, 동적치수 정보 등 새롭고 다양한 인체치수 자료에 대한 산업계 요구 증가 − 135 − ㅇ ‘03~’04년 : 전국 남녀(0~70세이상) 2만여명에 대한 5차 한국인 인체치수조사 및 인체형상 측정 사업 실시 및 DB 구축 ㅇ ‘05~’09년 : ①한국인 인체정보 보급을 위한 홈페이지(sizekorea.kats.go.kr) 및 인체 표준정보실 개설과 관련 측정 정보 통계청으로부터 승인 통계로 지정 ②장애인에 대한 인체치수 측정 등 과거 측정사업에서 측정하지 못한 분야를 측정사업 지속 추진 및 한국인 인체정보의 산업계 활용을 위한 보급 사업 지속 추진 ㅇ ‘10~’14년 : 제6차 한국인",,136,산업통상부 2026년도 예산 및 기금운용계획 사업설명자료((1권)_2021년_예산_사업설명자료(기획조정실_소속기관_국표원).pdf),(1권)_2021년_예산_사업설명자료(기획조정실_소속기관_국표원).pdf,https://www.motir.go.kr/kor/article/ATCL3f70bb6cf
5,산업통상부,,국제적합성평가기반구축,3731-306,일반회계,,,,"국가기술표준원(직접 수행), (재)한국인정지원센터, 한국계량측정","KOLAS(시험, 교정, 검사, 메디컬, 숙련도), KAS(제품인증제도), ISO 인증",계속 사업,해당 없음,,,,,,,,"- 사업 시작년도, 추진배경, 부처별 중점과제, 대통령 공약사항 등 ㅇ‘94년 이전 : 국내기업들이 BSI(영국표준협회), 로이드 선급협회 등 외국계 인증기관 으로부터 ISO 9000인증 획득 ㅇ‘94년 이후 : 「공산품 품질관리법」을 「품질경영촉진법」으로 개정, 법적 근거 마련 및 구축. 공업진흥청에서 ISO 9000인증 업무 수행 - ‘97.05. : ISO 9000인증 관련 업무 위탁(한국인정원, KAB) - ’00.09. : 국가표준기본법 제7조 규정에 따라「국가표준기본계획」수립 - ‘01.01. : ISO 9000인증 관련 업무 완전 이양(한국인정원) - ’02.03. : 국가시험능력 향상을 위한 종합계획 수립 및 시행 - ’03.12. : 신성장 산업의 국제표준화 5개년 계획 수립(장관 보고) - ’04.02. : “차세대성장동력 관련기술을 국제표준에 반영하여 시장 선점” 산자부 업무보고 - ’04.04. : 시험검사능력 고도화대책 수립 및 시행 - ’04.05. : 권역",,156,산업통상부 2026년도 예산 및 기금운용계획 사업설명자료((1권)_2021년_예산_사업설명자료(기획조정실_소속기관_국표원).pdf),(1권)_2021년_예산_사업설명자료(기획조정실_소속기관_국표원).pdf,https://www.motir.go.kr/kor/article/ATCL3f70bb6cf
6,산업통상부,,국가인증제도혁신기반구축,3731-307,일반회계,,,,산업통상자원부 국가기술표준원,전 국민,‘07 ~ 계속,해당없음,,,,,,전국,,"- '04.10. 국정감사 : 인증제도 난립에 따른 통합 필요성 제기 - '05.5.～'06.5. : ｢인증제도 혁신 T/F팀｣ 구성 및 기본계획 수립 * 12차에 걸친 전문가회의 및 공청회 개최 (산업자원부) * 국내 인증업체 실태조사 및 설문조사 실시 (500여 기업) < ｢국가표준․인증제도의 현황과 발전방향｣ 주요내용 > ① 부처별 인증업무를 종합·조정할 총괄관리 체계 구축 ② 국가통합인증마크 및 모듈방식 인증제도 검토 ③ 인증기관의 시설·인력 강화 및 인증정보 네트워크 구축 ④ 국제적 인정기구 육성 및 인증기준의 국제부합화, 규격간 통일화 - ‘09.4.1. :「국가표준기본법」 개정공포(KC마크 도입 등 규정) - ‘09.7.1. : 산업부 소관 9개 의무인증제도에 KC마크 도입 - ‘10.6.30. :「복수의무인증제품의 인증방법 및 국가통합인증마크 표시요령」고시 − 177 − * 복수의무인증제품에 대한 시험성적 상호인정 및 일괄신청제 도입 - ‘11.1.1. : 산업부 등 ",,179,산업통상부 2026년도 예산 및 기금운용계획 사업설명자료((1권)_2021년_예산_사업설명자료(기획조정실_소속기관_국표원).pdf),(1권)_2021년_예산_사업설명자료(기획조정실_소속기관_국표원).pdf,https://www.motir.go.kr/kor/article/ATCL3f70bb6cf
7,산업통상부,,법정계량선진화기반구축,3731-308,일반회계,,,100,국가기술표준원/한국계량측정협회,"계량기 사용 전국민 및 관련 기업, 유관기관",2009 〜,해당없음,,,,,,전국,,"- 『계량에 관한 법률』은 국제단위계를 법정계량단위로 채택하여 비법정계량단위의 사용을 금지(1961년) * 면적의 단위에 대하여 평(坪)단위는 1983년부터 사용을 금지 - 제2차 국가표준기본계획(’06.05)에 따라 법정단위 정착을 추진 ․ ‘07년 7월부터 “평”, “돈” 에 대한 단속을 시행하기로 하였으나, 사전 홍보 부족 및 부정적 여론 등으로 인해, 홍보․계도(경고) 위주로 추진 ․ ‘10.6월부터 법정계량단위 사용 안내 및 경고에도 불구하고 상습적으로 위반하 는 업체에게 「과태료 부과」를 병행 추진 - “계량제도 선진화 종합계획” 수립(장관/‘12.16) : ’12년부터 현장 중심의 홍보․계도와 국민생활에 밀접한 품목을 중심으로 실효성 있는 불법제품 단속을 실시하고 우리 나라 법정계량 제도가 국제기준에 부합하도록 법정계량선진화 추진 − 188 − - 「계량에 관한 법률」전부개정 추진 및 시행(’15.1.1)",,189,산업통상부 2026년도 예산 및 기금운용계획 사업설명자료((1권)_2021년_예산_사업설명자료(기획조정실_소속기관_국표원).pdf),(1권)_2021년_예산_사업설명자료(기획조정실_소속기관_국표원).pdf,https://www.motir.go.kr/kor/article/ATCL3f70bb6cf
8,산업통상부,표준정책국,국가표준활성화,3731-309,일반회계,,,100,산업통상자원부 국가기술표준원,산·학·연 및 전국민,‘00~계속,,,,,,,전국,,"ㅇ 2000.11. 『국가표준기본법』에 의한 ｢제1차 국가표준기본계획｣ 수립 ㅇ 2006.5. 『제2차 국가표준기본계획』 수립 ㅇ 2007.5. 산업표준화법 개정(표준개발협력기관 지정·운영) * 표준개발협력기관 지정, 민간의 표준 참여확대 등에 대한 규정 마련 ㅇ 2010.11. 『제3차 국가표준기본계획』수립 ㅇ 2012.7. 『국가표준·인증제도 선진화 방안』 수립(국가경쟁력강화위원회, VIP보고) ㅇ 2016.4. 『제4차 국가표준기본계획』수립 ㅇ 2017.12. 『유망 신산업(12대 분야) 표준화 로드맵』수립 ㅇ 2018.9. 혁신성장관계장관회의 “현장밀착형 규제혁신 방안(Ⅲ)”의 개선과제 발표 * 기업애로 해소 : 기술·제품에 대한 인증부담 완화(LED 조명 제품 관련 원스톱 창구 마련 및 유사·동일시험항목의 절차 비용 면제 추진 ㅇ 2019.3. 『제7차 산업기술혁신계획』(국가과학기술자문회의) 수립 : 2023년까지 10대 신산업 분야 고유표준 300종 개발 목표 ㅇ 2019",,207,산업통상부 2026년도 예산 및 기금운용계획 사업설명자료((1권)_2021년_예산_사업설명자료(기획조정실_소속기관_국표원).pdf),(1권)_2021년_예산_사업설명자료(기획조정실_소속기관_국표원).pdf,https://www.motir.go.kr/kor/article/ATCL3f70bb6cf
9,산업통상부,표준정책국,신산업단체표준화촉진,3731-319,일반회계,,,,"한국표준협회, 중소기업중앙회","단체표준을 제정하는 조합 및 협회, 단체표준제품을 사용하는 소",’21년~ 계속,해당없음,,,,,,,,"- 제4차 국가표준기본계획(’16~’20년)의 12대 과제중 민간주도 표준생태계 확산을 위한 민간 자율 표준활동 강화의 일환으로 단체표준 활성화 추진 * 단체표준인증제도 활성화를 위하여 공공계약 시 우수단체표준인증제품에 대해 KS 인증과 동일한 혜택을 부여토록 규정**정비 ** 국가계약법 시행령 제21조제1항제4호가목 및 제23조제1항제6호(’18.12.4.), 지방계약 법 시행령 제20조제1항제10호가목 및 제22조제6호(’19.6.25.) - (국정과제 34-6) 「미래시장 창출을 위한 국가표준․인증 혁신」 연관 - 2020.1.30. 산업부장관과 중소기업협동조합 간담회 시 단체표준인증제도 개선 의견 수렴 및 서비스 단체표준 활성화 지원 발표 − 222 − - 2020.4.9. 국가현안점검조정회의 “중소기업 현장애로 해소 방안”의 혁신성장지원 과 제로 서비스 단체표준활성화 기반구축 발표(관계부처합동) * 기업애로해소: KS인증 서비스와 같이 우수단체표준인증서비스의 공공분야 우선구",,224,산업통상부 2026년도 예산 및 기금운용계획 사업설명자료((1권)_2021년_예산_사업설명자료(기획조정실_소속기관_국표원).pdf),(1권)_2021년_예산_사업설명자료(기획조정실_소속기관_국표원).pdf,https://www.motir.go.kr/kor/article/ATCL3f70bb6cf
10,산업통상부,적합성정책국,K-방역 생활용품 시험인프라 구축지원,3731-325,일반회계,,,,"한국산업기술평가관리원(전담기관), KOLAS공인기관(주관기관)",대국민 및 관련 산업계,‘21년 ~,해당 없음,,,,,,전국,,"- 사업 시작년도, 추진배경, 부처별 중점과제, 대통령 공약사항 등 - ’00.9월 : 국가표준기본법에 따라 ｢국가표준기본계획｣ 수립 - ’02.3월 : 국가시험능력 향상을 위한 종합계획 수립 및 시행 - ’03.4월 : ｢MRA사업｣ 1차년도 추진 - ’04.4월 : 시험검사능력 고도화대책 수립 및 시행 - ’07.2월 : ｢시험분석서비스 관련 산업의 경쟁력 제고 방안｣ 제3차 경제정책조정회의 의결 - ’07.11월 : ｢시험분석장비 인프라 확충 방안수립｣ 제24차 경제정책조정회의 의결 - ’10.9월 : ｢연구개발서비스업 활성화 방안｣ 제28차 위기관리대책회의 의결 - ’12.3월 : ｢FTA시대 국가 R&D전략｣ 국가과학기술위원회 의결 - ’14.1월 : ｢시험인증산업 경쟁력 강화방안｣ 경제관계장관회의 의결 - ’20.4월 : ｢적합성평가 관리 등에 관한 법률｣ 공포",,230,산업통상부 2026년도 예산 및 기금운용계획 사업설명자료((1권)_2021년_예산_사업설명자료(기획조정실_소속기관_국표원).pdf),(1권)_2021년_예산_사업설명자료(기획조정실_소속기관_국표원).pdf,https://www.motir.go.kr/kor/article/ATCL3f70bb6cf
11,산업통상부,,국가표준기술개발및보급(R&D),3731-305,일반회계,,,,"기업, 대학, 연구소, 시험·연구기관 등",대국민 및 관련 산업체 등,‘07년 ~ ’24년(일몰관리혁신),해당 없음,,,,,,전국,,- ’96년 : ‘산업기술개발 5개년 계획’ 수립 - ’99년 : 국가표준기본법(제27조) 제정으로 표준개발 지원근거 마련 - ’00년 : 30억원 예산지원으로 표준화기술개발사업 시작 - ’07년 : ‘표준화기술개발사업’과 ‘표준화기반구축사업’을 통합 - ’09년11월 : 국가융합기술 발전 기본계획 수립 - ’09년 5월 : 녹색성장위원회(지경부) ‘녹색기술 표준화 전략’ 발표 - ’10년 6월 : 지식경제부 R&D사업구조 개편으로 ‘산업기술표준화 및 인증지원사업’으로 통합 - ’15년 5월 : 산업통상자원부 R&D사업구조 개편으로 ‘국가표준기술개발 및 보급사업’으로 분리 - ‘19년 6월 : 4차 산업혁명 시대 국제표준화 선점 전략 발표 ㅇ 국가참조표준데이터개발·보급 ① 법령상 근거 - 대한민국 헌법 제127조 제2항(국가는 국가표준제도를 확립한다) - 국가표준기본법 제4조(국가등의 책무) - 국가표준기본법 제16조(참조표준의 제정 및 보급 등) - 국가표준기본법 제27조(국가표준,,241,산업통상부 2026년도 예산 및 기금운용계획 사업설명자료((1권)_2021년_예산_사업설명자료(기획조정실_소속기관_국표원).pdf),(1권)_2021년_예산_사업설명자료(기획조정실_소속기관_국표원).pdf,https://www.motir.go.kr/kor/article/ATCL3f70bb6cf
12,산업통상부,적합성정책국,규제샌드박스융합신제품인증기술개발(R&D),3731-318,일반회계,,,,"기업, 대학, 연구소, 시험·연구기관 등",대국민 및 관련 산업체 등,’20년 ~ ’24년,,,,,,,전국,,"- (‘11.4) 산업융합촉진법 공포 - (‘11.10) 산업융합촉진법 시행(산업융합 신제품 적합성 인증 제도 시행) - (‘11.12) 산업융합지원센터 지정 - (‘12.8) 제1차 산업융합 발전 기본계획 수립(과제 4-1-2) - (‘17.7) 국정운영 5개년 계획 수립(국정-34, 복합·혁신-2) - (‘18.1) 규제혁신 토론회 개최 ‘신산업․신기술 분야 규제혁신 추진방안’ 확정(VIP 주재) - (‘18.3) 규제혁신 5법 국회 발의(규제샌드박스 도입 등) - (‘18.10) 산업융합촉진법 개정(규제샌드박스 제도 시행) - (‘18.12) 2019년 산업통상자원부 업무보고(역점추진과제 2-3-2) - (‘19.4) 제2차 산업융합발전 기본계획 수립(정책과제 2) - (‘19.4) 규제샌드박스 100일 성과점검 및 개선방안 - (‘19.7) 규제샌드박스 시행 6개월 성과 - (‘20.1) 규제샌드박스 발전방안 − 273 −",,275,산업통상부 2026년도 예산 및 기금운용계획 사업설명자료((1권)_2021년_예산_사업설명자료(기획조정실_소속기관_국표원).pdf),(1권)_2021년_예산_사업설명자료(기획조정실_소속기관_국표원).pdf,https://www.motir.go.kr/kor/article/ATCL3f70bb6cf
13,산업통상부,적합성정책국,스마트계량측정기술기반조성,3731-323,,,,,"기업, 대학, 연구소, 시험연구기관 등",대국민 및 관련 산업계,‘21~’25,해당없음,,,,,,전국,,"- ‘12.2월 : ‘법정계량 선진화 추진계획’ 수립ㆍ추진 - ‘15.1월 : 계량법 전부개정을 통한 ‘계량산업 육성’ 지원근거 마련 * ｢계량에 관한 법률｣ 제57조(계량 산업의 육성 지원), 제58조(시범사업의 실시) 등 - ‘16.12월 : '18년 표준안전기반구축사업 내역사업 일몰 - ‘18.1월 : 안전인증역량강화 세부사업의 내역사업으로 재기획 - ‘20.12월 : 안전인증역량강화 세부사업 종료 - ‘20.4월 : 스마트계량측정기술기반조성사업으로 재기획",,289,산업통상부 2026년도 예산 및 기금운용계획 사업설명자료((1권)_2021년_예산_사업설명자료(기획조정실_소속기관_국표원).pdf),(1권)_2021년_예산_사업설명자료(기획조정실_소속기관_국표원).pdf,https://www.motir.go.kr/kor/article/ATCL3f70bb6cf
14,산업통상부,제품안전정책국,융복합신기술제품안전기술지원,3731-320,일반회계,,,,"기업, 대학, 연구소, 시험연구기관 등",전국민 및 관련 산업계,‘21~’25,해당없음,,,,,,전국,,"- ’08.12월 : 제품안전기술기반조성사업 시행계획 공고 - ’10. 2월 : “제품안전기본법” 제정(’10.2.4), 시행(’11.2.5) - ’11. 1월 : 산업기술표준화 및 인증지원 사업 내 내역사업으로 병합 - ’11. 3월 : 제1차 제품안전관리에 관한 종합계획 공고(3.21) - ’14. 2월 : 제2차 제품안전관리에 관한 종합계획 공고(2.27) - ’14. 6월 : “어린이제품 안전 특별법” 제정(‘14.6.3), 시행(’15.6.4) - ’16. 1월 : 표준안전기반구축사업 내 내역사업으로 재기획 - ’17.12월 : 제3차 제품안전관리에 관한 종합계획 공고(12.1.) - ’18. 1월 : 안전인증역량강화사업으로 재기획 - ’20. 7월 : 제4차 제품안전관리에 관한 종합계획 공고(7.17) - ’21. 4월 : 융복합신기술제품안전기술지원사업으로 종료 재기획",,301,산업통상부 2026년도 예산 및 기금운용계획 사업설명자료((1권)_2021년_예산_사업설명자료(기획조정실_소속기관_국표원).pdf),(1권)_2021년_예산_사업설명자료(기획조정실_소속기관_국표원).pdf,https://www.motir.go.kr/kor/article/ATCL3f70bb6cf
15,산업통상부,,제품시장감시역량강화,3732-303,일반회계,,,100,"국가기술표준원, 한국제품안전관리원, 대한상공회의소",국민,‘06~계속,,,,,,,전국,,"- '03. 5월 대통령「어린이 안전원년」선포, 어린이 안전사고 경감 지시 - '04. 4월 감사원은 공산품안전관리제도 및 관리체계 개선 필요성 지적 − 309 − - '04. 6월 공산품 안전관리 강화 대책 수립 - '05.12월 품질경영 및 공산품안전관리법 전부 개정('05.12.23. 공포) - '06. 1월 공산품안전망구축사업(세부사업) 시작 - '06.12월 품질경영 및 공산품안전관리법 시행령 및 시행규칙 전부 개정 - ‘06.12월 공산품안전관리종합 5개년계획 수립 - ‘08. 5월 대통령 대국민담화 “식품안전을 선진국 수준으로 올리도 모든 조치강구” - ‘08. 9월 대통령 “성인용보다 어린이용을 빨리 조치하여 유통을 중단해야함” - ‘09. 1월 전기용품안전관리법 시행(’09.1.1) - ‘09. 위해상품판매차단시스템 시범사업 추진 - ‘10. 위해상품판매차단시스템 확산 본 사업 추진 - ‘11. 2월 제품안전기본법 시행(’11.2.5) - ‘11. 3월 제1차 제품안",,310,산업통상부 2026년도 예산 및 기금운용계획 사업설명자료((1권)_2021년_예산_사업설명자료(기획조정실_소속기관_국표원).pdf),(1권)_2021년_예산_사업설명자료(기획조정실_소속기관_국표원).pdf,https://www.motir.go.kr/kor/article/ATCL3f70bb6cf
16,산업통상부,,안전제도기반조성,3732-304,일반회계,,,100,"산업통상자원부 국가기술표준원, 한국제품안전관리원",전국민,’08 ~ 계속,해당없음,,,,,,전국,,"- '04. 6월 : 공산품 안전관리 강화 대책 수립 - '05.12월 : “품질경영 및 공산품안전 관리법” 전부 개정(12.23) - '06.12월 : “품질경영 및 공산품안전 관리법” 시행령 및 시행규칙 전부 개정(12.23) - '07.12월 : “전기용품안전 관리법” 전부 개정(12.21) - '10. 1월 : 전기용품 제조자시험결과 인정제도 시행 - '10. 2월 : “제품안전기본법” 제정(‘10.2.4), 시행 (‘11.2.5) - '11. 3월 : 제1차 제품안전관리에 관한 종합계획 공고(3.21) - '12. 5월 : “제품안전기본법” 개정(5.23) - '14. 2월 : 제2차 제품안전관리에 관한 종합계획 공고(2.27) - '14. 6월 : “어린이제품 안전 특별법” 제정(‘14.6.3), 시행(‘15.6.4) - '15. 1월 : “제품안전기본법” 개정(1.28) - '15. 5월 : “제품안전기본법” 개정(5.18) - '16. 1월 : “전기용품 및 생활용품 ",,333,산업통상부 2026년도 예산 및 기금운용계획 사업설명자료((1권)_2021년_예산_사업설명자료(기획조정실_소속기관_국표원).pdf),(1권)_2021년_예산_사업설명자료(기획조정실_소속기관_국표원).pdf,https://www.motir.go.kr/kor/article/ATCL3f70bb6cf
17,산업통상부,제품안전정책국,제품사고조사및수입제품안전관리,3732-306,일반회계,,,,산업통상자원부 국가기술표준원,전국민,‘15~계속,,,,,,,전국,,"- ‘14.2.26 “제2차 제품안전종합계획” 발표, ‘14. 3.5 “제품안전정보센터” 개소 - ‘14.8.21 “제50회 국가정책조정회의”관세청과의 수입제품관리 협업과제 상정·확정 - ‘14.9.15 “수입제품 안전관리” 시범사업 실시 (인천본부세관 협업사무소 설치) - ‘15.3.25 “수입제품 안전관리” 본사업 실시 (4개 세관 확대 : 인천본부, 인천공항, 부산, 평택) - ‘15.5.18 “제품안전기본법” 개정 (제9조의3 신설: 수입제품 안전성조사 근거마련) - ‘15.9.23 “행자부-관세청-국표원-환경부-식약처간 정부3.0 협업검사체계” 협약식 - ‘16.1.27 “4개 세관 협업사무소” 상시운영(평택세관 파견 인원 고정배치) - ‘17. 1月 “세관협업사무소 파견인원” 증원(4→5명) - ‘19. 7月 “세관협업사무소 파견인원” 증원(5→6명, 인천본부, 인천공항, 인천신항, 부산, 평택)",,348,산업통상부 2026년도 예산 및 기금운용계획 사업설명자료((1권)_2021년_예산_사업설명자료(기획조정실_소속기관_국표원).pdf),(1권)_2021년_예산_사업설명자료(기획조정실_소속기관_국표원).pdf,https://www.motir.go.kr/kor/article/ATCL3f70bb6cf
18,산업통상부,제품안전정책국,어린이제품 안전관리 생태계조성,3732-307,일반회계,,,,"산업통상자원부 국가기술표준원, 한국제품안전관리원",어린이 및 전국민,‘17년 ~ (계속),,,,,,,전국,,,,361,산업통상부 2026년도 예산 및 기금운용계획 사업설명자료((1권)_2021년_예산_사업설명자료(기획조정실_소속기관_국표원).pdf),(1권)_2021년_예산_사업설명자료(기획조정실_소속기관_국표원).pdf,https://www.motir.go.kr/kor/article/ATCL3f70bb6cf
19,산업통상부,기술규제대응국,무역기술장벽대응지원,3736-301,일반회계,,,,"국표원, (참여) KTR, KTC, KCL, KTL, KOTICA, KEA, KSCIA등",국내 수출기업,(‘08년) 계속 ～,,,,,,,,,"ㅇ ’06.6 FTA/TBT 협상 및 TBT 업무를 관장하는 기술규제대응과 신설 ㅇ ’07.4 OECD 보고서 관련 국무조정실에 TBT 중앙사무국 운영 계획보고 ㅇ ’08.9 TBT 중앙사무국 개설 후 계속적으로 무역기술장벽(TBT)을 전담 대응중 ㅇ ’13.12 WTO/FTA-TBT 협상․이행 및 TBT 업무를 관장하는 기술규제대응국 신설 ㅇ ‘15.5 대외경제장관회의 의결「旣타결 FTA 국내보완대책」중 한-중 FTA 종합지원사업 추진 ㅇ ‘17. 5. 대선 10대 공약[주변 4국(중·일·러 등)과의 협력외교 강화 및 보호무역주의 대응을 위한 통상외교 역량 강화(국익우선 협력외교 2, 3) ㅇ ‘17.8 국정과제 34-6, 미래시장진출을 위한 국가표준·인증혁신(무역기술장벽대응 지원) ㅇ ‘18.6 범부처 협의회 구성·운영근거 및 출연금 지급 근거 마련(국가표준기본법) ㅇ ‘19.11 한-아세안 특별정상회의 계기 한-아세안 표준화 공동연구센터 설립 추진",,371,산업통상부 2026년도 예산 및 기금운용계획 사업설명자료((1권)_2021년_예산_사업설명자료(기획조정실_소속기관_국표원).pdf),(1권)_2021년_예산_사업설명자료(기획조정실_소속기관_국표원).pdf,https://www.motir.go.kr/kor/article/ATCL3f70bb6cf
20,산업통상부,기술규제대응국,기술규제개혁선진화체계구축,3736-302,일반회계,,,,산업통상자원부 국가기술표준원,해당없음,`15~계속,해당없음,,,,,,,,"- ‘12.12.12. 국가기술표준원 기술규제개혁작업단 TF팀 신설 - ‘12.12.13. 국무총리실, 국무총리훈령 개정 - ‘13.01.01. 국가기술표준원 기술규제개혁작업단 TF팀, 기술규제영향평가 실시 - ‘18. 3. 국정과제 ’34-6. 미래시장 창출을 위한 국가표준․인증 혁신‘에 포함 - ‘18.6.12. 범부처 인증제도 실효성 검토 조항을 신설한 국가표준기본법 개정 - ‘18.12.24. 국무총리훈령 개정(제730호)",,410,산업통상부 2026년도 예산 및 기금운용계획 사업설명자료((1권)_2021년_예산_사업설명자료(기획조정실_소속기관_국표원).pdf),(1권)_2021년_예산_사업설명자료(기획조정실_소속기관_국표원).pdf,https://www.motir.go.kr/kor/article/ATCL3f70bb6cf
21,산업통상부,기술규제대응국,IT기반기술표준정보화체계구축,3736-304,일반회계,,,,산업통상자원부 국가기술표준원,국민 및 기업,‘10년 ~ 계속,해당없음,,,,,,전국,,- ‘07.12월 : IT 기반의 국가표준 정보화 전략(’08~‘12) 수립 - ‘09.2월 : 국가정보화 기본계획 부처별 실행계획(’09~‘12)에 반영 - ‘12.7월 : 국가표준ㆍ인증제도 선진화 방안 VIP 보고(국경위) * 국가표준ㆍ인증 선진화를 위한 통합정보시스템 필요성 공감 및 조속히 구축 지시 - ‘13.5월 : 국정과제 ‘정부3.0’(행자부 주관)의 세부 사업과제로 반영 - ‘14.3월 : 제1차 규제개혁장관회의 VIP 지시 및 후속조치 이행 * 인증제도에 관한 사항을 실시간으로 알리고 불합리한 것은 의견제시 가능토록 실시간 정보 제공할 것 - ‘14.5월 : 총리주재 국가정책조정회의 보고 * 범부처 참여형 국가표준운영체계 도입방안 보고 시 범부처 통합정보시스템 조기구축 요구 - ‘14.6월 : 총리주재 경제관계장관회의 보고 * 중복시험 방지를 위한 기술기준 정비방안 보고 시 범부처 통합정보시스템 중요성 언급 - ‘15.11월 : 총리주재 규제개혁장관회의 보고(인증제도,,424,산업통상부 2026년도 예산 및 기금운용계획 사업설명자료((1권)_2021년_예산_사업설명자료(기획조정실_소속기관_국표원).pdf),(1권)_2021년_예산_사업설명자료(기획조정실_소속기관_국표원).pdf,https://www.motir.go.kr/kor/article/ATCL3f70bb6cf
22,산업통상부,,국가기술표준원기관운영,7134-301,일반회계,,융자,,,,,,,,,,,,,,,444,산업통상부 2026년도 예산 및 기금운용계획 사업설명자료((1권)_2021년_예산_사업설명자료(기획조정실_소속기관_국표원).pdf),(1권)_2021년_예산_사업설명자료(기획조정실_소속기관_국표원).pdf,https://www.motir.go.kr/kor/article/ATCL3f70bb6cf
23,산업통상부,,기술표준정책,7134-302,일반회계,,,,산업통상자원부 국가기술표준원,"국가기술표준원 전문관, 국가품질경영대회 수상기업 및 수상자",계속,,,,,,,,,"- 사업 시작년도, 추진배경, 부처별 중점과제, 대통령 공약사항 등 ㅇ 국가표준화체계 운영을 위한 중장기 전략 수립 - 2000.11. 『국가표준기본법』에 의한 “제1차 국가표준기본계획”수립 - 2006.5. 『제2차 국가표준기본계획』수립 - 2010.11. 『제3차 국가표준기본계획』수립 - 2012.7. 『국가표준·인증제도 선진화 방안』수립(국가경쟁력강화위원회, VIP보고) - 2016.4. 『제4차 국가표준기본계획』수립 - 2017.12. 『유망 신산업(12대 분야) 표준화 로드맵』수립 - 2019.6. ｢4차 산업혁명 시대 국제표준화 선점 전략 수립｣(국정현안점검조정회의) ㅇ 국가품질경영대회 : 1975년 10월 ‘제1회 전국품질관리 및 표준화대회’로 시작 - 최근 3년간 정부포상 수여 규모 종 류 ’20년 ’19년 ’18년 훈장 3 3 3 포장 3 2 2 대통령표창 18 20 20 국무총리표창 13 11 11 소계 37 36 36 - 역대 주요 참석인사 • 1975. 제1회 ",,451,산업통상부 2026년도 예산 및 기금운용계획 사업설명자료((1권)_2021년_예산_사업설명자료(기획조정실_소속기관_국표원).pdf),(1권)_2021년_예산_사업설명자료(기획조정실_소속기관_국표원).pdf,https://www.motir.go.kr/kor/article/ATCL3f70bb6cf
24,산업통상부,제품안전정책국,이차전지 화재안전성 검증센터 구축(R&D),5704-317,에너지및자원,,,,산업통상자원부(한국에너지기술평가원),"기업, 연구소, 대학 등",‘20 ~ ’21,299억원,,,,,,,,"- (추진배경) 재생에너지 발전량 비중 20% 달성과 분산형․참여형 발전원 비중 확대 목표 달성을 위한 ESS 기술 고부가가치화, 전력계통 연계 안정화, 차세대 非리튬계 이차전지 조기 상용화를 위한 기술개발 추진 - (‘21년도 산업부 투자전략) 재생에너지 글로벌 경쟁력 강화를 위한 기술개발 집중 투자와 에너지효율 향상 극대화를 위한 신산업 육성 * (투자방향) 에너지원(전력․열․가스 등) 사용 최적화에 기여하는 성능 고도화 기술개발, 에너지 기술간 융합, 에너지안전 실현 등 에너지 신산업 활성화를 위한 고효율 에너지시스템, 지능형전력망, 에너지데이터, 에너지저장**, 국민안전 및 주민 수용성의 5대 분야 투자 강화 ** (에너지저장) 전력계통 안정화 및 수요관리 기능 고도화 분야, 안전․표준화 등 공통기반기술 강화 - (추진경과) ESS 사고원인 조사결과 및 안전강화 대책발표(관계부처 합동, ‘19.6.11) ∙ LiB의 안전성을 확보하기 위해 정부 화재원인조사위원회는 충전율을 1",,457,산업통상부 2026년도 예산 및 기금운용계획 사업설명자료((1권)_2021년_예산_사업설명자료(기획조정실_소속기관_국표원).pdf),(1권)_2021년_예산_사업설명자료(기획조정실_소속기관_국표원).pdf,https://www.motir.go.kr/kor/article/ATCL3f70bb6cf
4,산업통상부,,사이버안전센터 구축․운영(정보화),7142-317,일반회계,,,,산업통상자원부 정보보호담당관실,산업통상자원부 유관기관(53개),’08년 ~ 계속,,,,,,,,,"- ’06. 5월 국가사이버안전전략회의(의장:국가정보원장) 의결 기존의 국방, 금융, 행정, 통신, 안보분야 외에 국민생활과 밀접한 5개 핵심분야(에너지, 교통, 교육, 보건, 외교) 정보통신기반시설 보호를 위한 분야별 사이버안전센터 운영 결정 - ‘07. 9월 산업자원분야 사이버보안센터 설립 계획수립 - ‘07.12월 산업자원 사이버보안센터 운영규칙 제정(훈령 제128호) - ‘08. 8월 사이버안전시스템 구축 및 센터 개소(28개 기관) - ‘10. 1월 산업통상자원 사이버안전센터 운영규칙 개정(훈령 제58호) - ‘10. 1월 사이버안전서비스 대상기관 확대(14개 기관) - ‘11. 1월 사이버안전서비스 대상기관 확대(7개 기관)    - ’12. 2월 산업통상자원 사이버안전센터 운영규칙 개정(훈령 제91호) - ’12. 6월 사이버안전서비스 대상기관 확대(3개 기관) - ’13. 6월 정부 조직개편으로 미래부 이관(ETRI, 생기硏, NIPA) - ’14.12월 산업통",,64,산업통상부 2026년도 예산 및 기금운용계획 사업설명자료((1권)_2020년_예산_사업설명자료(기획조정실_소속기관_국표원)_수정.pdf),(1권)_2020년_예산_사업설명자료(기획조정실_소속기관_국표원)_수정.pdf,https://www.motir.go.kr/kor/article/ATCL3f70bb6cf
9,산업통상부,제품안전정책국,안전인증역량강화(R&D),3731-310,일반회계,,,,"기업, 대학, 연구소, 시험연구기관 등",대국민 및 관련 산업계,`18 ~ `20,해당 없음,,,,,,전국,,- ‘08.3월 : 제품안전관리제도 개선 방안(장관보고) - ‘08.12월 : 제품안전기술기반조성사업 시행계획 공고 - ‘09.4월 : 지원대상과제 선정 및 사업비지원 - ‘10.2월 : 제품안전기본법 제정 공포 - ‘11.2월 : 제품안전기본법 시행 - ‘11.3월 : 제1차 제품안전관리에 관한 종합계획 공고 - ‘14.2월 : 제2차 제품안전관리에 관한 종합계획 공고 - ‘17.6월 : '18년 일몰에 따른 신규사업 재기획 - ‘17.11월 : 제3차 제품안전관리에 관한 종합계획 공고 ㅇ 차세대계량기술개발 ① 법령상 근거 - 계량에 관한 법률 제1조(목적) - ｢계량에 관한 법률｣ 제57조(계량산업의 육성 지원) - 산업기술혁신촉진법 제19조(산업기술기반조성사업)    ② 추진경위 - ‘12.2월 : ‘법정계량 선진화 추진계획’ 수립ㆍ추진 - ‘15.1월 : 계량법 전부개정을 통한 ‘계량산업 육성’ 지원근거 마련 ※ ｢계량에 관한 법률｣ 제57조(계량 산업의 육성 지원),,237,산업통상부 2026년도 예산 및 기금운용계획 사업설명자료((1권)_2020년_예산_사업설명자료(기획조정실_소속기관_국표원)_수정.pdf),(1권)_2020년_예산_사업설명자료(기획조정실_소속기관_국표원)_수정.pdf,https://www.motir.go.kr/kor/article/ATCL3f70bb6cf
10,산업통상부,,국가표준기술개발및보급(R&D),3731-312,일반회계,,,,"기업, 대학, 연구소, 시험·연구기관 등",대국민 및 관련 산업체 등,‘07년 ~ ’24년(일몰관리혁신),해당 없음,,,,,,전국,,- ’96년 : ‘산업기술개발 5개년 계획’ 수립 - ’99년 : 국가표준기본법(제27조) 제정으로 표준개발 지원근거 마련 - ’00년 : 30억원 예산지원으로 표준화기술개발사업 시작 - ’07년 : ‘표준화기술개발사업’과 ‘표준화기반구축사업’을 통합 - ’09년11월 : 국가융합기술 발전 기본계획 수립 - ’09년 5월 : 녹색성장위원회(지경부) ‘녹색기술 표준화 전략’ 발표 - ’10년 6월 : 지식경제부 R&D사업구조 개편으로 ‘산업기술표준화 및 인증지원사업’으로 통합 - ’15년 5월 : 산업통상자원부 R&D사업구조 개편으로 ‘국가표준기술개발 및 보급사업’으로 분리 - ‘19년 6월 : 4차 산업혁명 시대 국제표준화 선점 전략 발표    ㅇ 국가참조표준데이터개발·보급 ① 법령상 근거 - 대한민국 헌법 제127조 제2항(국가는 국가표준제도를 확립한다) - 국가표준기본법 제4조(국가등의 책무) - 국가표준기본법 제16조(참조표준의 제정 및 보급 등) - 국가표준기본법 제,,252,산업통상부 2026년도 예산 및 기금운용계획 사업설명자료((1권)_2020년_예산_사업설명자료(기획조정실_소속기관_국표원)_수정.pdf),(1권)_2020년_예산_사업설명자료(기획조정실_소속기관_국표원)_수정.pdf,https://www.motir.go.kr/kor/article/ATCL3f70bb6cf
11,산업통상부,,표준안전기반구축(R&D),3731-314,일반회계,,,,"시험인증기관, 연구소 등",중소‧중견‧대기업 및 수출 시험성적서 발급요청 기관,‘11~’18 (일몰확정),해당없음,,,,,,,,- ’00.9월 : 국가표준기본법에 따라 ｢국가표준기본계획｣ 수립 - ’02.3월 : 국가시험능력 향상을 위한 종합계획 수립 및 시행 - ’03.4월 : ｢MRA사업｣ 1차년도 추진 - ’04.4월 : 시험검사능력 고도화대책 수립 및 시행 - ’07.2월 : ｢시험분석서비스 관련 산업의 경쟁력 제고 방안｣ 제3차 경제정책조정회의 의결 - ’07.11월 : ｢시험분석장비 인프라 확충 방안수립｣ 제24차 경제정책조정회의 의결 - ’10.9월 : ｢연구개발서비스업 활성화 방안｣ 제28차 위기관리대책회의 의결 - ’12.3월 : ｢FTA시대 국가 R&D전략｣ 국가과학기술위원회 의결 - ’14.1월 : ｢시험인증산업 경쟁력 강화방안｣ 경제관계장관회의 의결,,273,산업통상부 2026년도 예산 및 기금운용계획 사업설명자료((1권)_2020년_예산_사업설명자료(기획조정실_소속기관_국표원)_수정.pdf),(1권)_2020년_예산_사업설명자료(기획조정실_소속기관_국표원)_수정.pdf,https://www.motir.go.kr/kor/article/ATCL3f70bb6cf
16,산업통상부,,어린이제품안전관리생태계조성,3732-307,일반회계,,,100,"산업통상자원부 국가기술표준원, 한국제품안전관리원",어린이 및 전국민,’17년 ~ (계속),,,,,,,전국,,,,337,산업통상부 2026년도 예산 및 기금운용계획 사업설명자료((1권)_2020년_예산_사업설명자료(기획조정실_소속기관_국표원)_수정.pdf),(1권)_2020년_예산_사업설명자료(기획조정실_소속기관_국표원)_수정.pdf,https://www.motir.go.kr/kor/article/ATCL3f70bb6cf
22,산업통상부,,이차전지화재안전성검증센터구축(R&D),5806-317,에너지및자원,,,,"(주관기관) ESS용 이차전지 시험인증기관 (참여기관) 기업, 연구소, 대학 등","기업, 연구소, 대학 등",‘20~’21,299억원,,,,,,,,"- ’17. 7월 국정운영 5개년 계획, 친환경 미래 에너지 발굴․육성 - ‘19.6.04, 제3차 에너지기본계획 심의․확정 - ‘19.6.11, 관계부처 합동 ESS 사고원인 조사결과 및 안전강화대책 발표 - ‘19.10 ESS용 이차전지의 안전관리 강화를 위해 ’전기용품 및 생활용품 안전관리법‘ 시행규칙 개정",,425,산업통상부 2026년도 예산 및 기금운용계획 사업설명자료((1권)_2020년_예산_사업설명자료(기획조정실_소속기관_국표원)_수정.pdf),(1권)_2020년_예산_사업설명자료(기획조정실_소속기관_국표원)_수정.pdf,https://www.motir.go.kr/kor/article/ATCL3f70bb6cf
10,산업통상부,,국가표준기술개발 및 보급(R&D),3731-312,일반회계,,,,"기업, 대학, 연구소, 시험분석기관 등",대국민 및 관련 산업체,’07년 ~ ’20년(일몰),,,,,,,전국,,- ’96년 : ‘산업기술개발 5개년 계획’ 수립 - ’99년 : 국가표준기본법(제27조) 제정으로 표준개발 지원근거 마련 - ’00년 : 30억원 예산지원으로 표준화기술개발사업 시작 - ’07년 : ‘표준화기술개발사업’과 ‘표준화기반구축사업’을 통합 - ’09년11월 : 국가융합기술 발전 기본계획 수립 - ’09년 5월 : 녹색성장위원회(지경부) ‘녹색기술 표준화 전략’ 발표 - ’10년 6월 : 지식경제부 R&D사업구조 개편으로 ‘산업기술표준화 및 인증지원사업’으로 통합 - ’15년 5월 : 산업통상자원부 R&D사업구조 개편으로 ‘국가표준기술개발 및 보급사업’으로 분리 - ’16년12월 : 일몰기간 연장(‘18년 일몰 → ’20년 일몰) ◦ 국가참조표준데이터개발․보급 ① 법령상 근거 - 국가표준기본법 제16조(참조표준의 제정 및 보급 등) - 국가표준기본법 시행령 제14조(참조표준의 제정 및 보급) - 256 - ② 추진경위 - ’99년 : 국가표준기본법에서 참조표준에 관한 사항,,258,산업통상부 2026년도 예산 및 기금운용계획 사업설명자료((1권)_2019년_예산_사업설명자료(기획조정실_소속기관).pdf),(1권)_2019년_예산_사업설명자료(기획조정실_소속기관).pdf,https://www.motir.go.kr/kor/article/ATCL3f70bb6cf
18,산업통상부,,IT기반기술표준정보화체계 구축(정보화),3736-304,일반회계,,,,산업통상자원부 국가기술표준원,기업,‘10년~계속,,,,,,,,,- ‘07.12월 : IT 기반의 국가표준 정보화 전략(’08~‘12) 수립 - ‘09.2월 : 국가정보화 기본계획 부처별 실행계획(’09~‘12)에 반영 - ‘12.7월 : 국가표준ㆍ인증제도 선진화 방안 VIP 보고(국경위) * 국가표준ㆍ인증 선진화를 위한 통합정보시스템 필요성 공감 및 조속히 구축 지시 - ‘13.5월 : 국정과제 ‘정부3.0’(행자부 주관)의 세부 사업과제로 반영 - ‘14.3월 : 제1차 규제개혁장관회의 VIP 지시 및 후속조치 이행 * 인증제도에 관한 사항을 실시간으로 알리고 불합리한 것은 의견제시 가능토록 실시간 정보 제공할 것 - ‘14.5월 : 총리주재 국가정책조정회의 보고 * 범부처 참여형 국가표준운영체계 도입방안 보고 시 범부처 통합정보시스템 조기구축 요구 - ‘14.6월 : 총리주재 경제관계장관회의 보고 * 중복시험 방지를 위한 기술기준 정비방안 보고 시 범부처 통합정보시스템 중요성 언급 - ‘15.11월 : 총리주재 규제개혁장관회의 보고(인증제도,,370,산업통상부 2026년도 예산 및 기금운용계획 사업설명자료((1권)_2019년_예산_사업설명자료(기획조정실_소속기관).pdf),(1권)_2019년_예산_사업설명자료(기획조정실_소속기관).pdf,https://www.motir.go.kr/kor/article/ATCL3f70bb6cf
