_dataset,_title,_as_of,순번,회사명,과제명,특례허용일,데이터 기준일
15145229,한국산업기술진흥원 특례부여현황(산업융합 규제샌드박스),,1,주식회사 헤어연구소,공유미용실,2025-03-31,2026-08-11
15145229,한국산업기술진흥원 특례부여현황(산업융합 규제샌드박스),,2,하이브로우컴퍼니 주식회사,반려동물 동반출입 음식점,2025-03-31,2026-08-11
15145229,한국산업기술진흥원 특례부여현황(산업융합 규제샌드박스),,3,아크플래닛,반려동물 동반출입 음식점,2025-03-31,2026-08-11
15145229,한국산업기술진흥원 특례부여현황(산업융합 규제샌드박스),,4,솔(SOL)361 CAFE,솔(SOL)361 CAFE,2025-03-31,2026-08-11
15145229,한국산업기술진흥원 특례부여현황(산업융합 규제샌드박스),,5,댕댕나비,반려동물 동반출입 음식점,2025-03-31,2026-08-11
15145229,한국산업기술진흥원 특례부여현황(산업융합 규제샌드박스),,6,모리네집,반려동물 동반출입 음식점,2025-03-31,2026-08-11
15145229,한국산업기술진흥원 특례부여현황(산업융합 규제샌드박스),,7,밤이네,반려동물 동반출입 음식점 서비스 실증특례,2025-03-31,2026-08-11
15145229,한국산업기술진흥원 특례부여현황(산업융합 규제샌드박스),,8,주식회사 파넬,반려동물 동반출입 음식점 서비스,2025-03-31,2026-08-11
15145229,한국산업기술진흥원 특례부여현황(산업융합 규제샌드박스),,9,글래드호텔앤리조트,반려동물동반업소 신청,2025-03-31,2026-08-11
15145229,한국산업기술진흥원 특례부여현황(산업융합 규제샌드박스),,10,뚜두뱅,반려동물 동반출입 음식점,2025-03-31,2026-08-11
15145229,한국산업기술진흥원 특례부여현황(산업융합 규제샌드박스),,11,공유창고 서플라이 갈매본점,도심형 스마트 보관서비스(공유창고),2025-03-31,2026-08-11
15145229,한국산업기술진흥원 특례부여현황(산업융합 규제샌드박스),,12,주식회사 스카이비,"액화 수소 충전소 구축, 운영",2025-03-31,2026-08-11
15145229,한국산업기술진흥원 특례부여현황(산업융합 규제샌드박스),,13,빈스맨(BeansMan),빈스맨(BeansMan),2025-03-31,2026-08-11
15145229,한국산업기술진흥원 특례부여현황(산업융합 규제샌드박스),,14,샬로우커피 김포점,반려동물 동반출입 음식점,2025-03-31,2026-08-11
15145229,한국산업기술진흥원 특례부여현황(산업융합 규제샌드박스),,15,213점,반려동물 동반출입 음식점,2025-03-31,2026-08-11
15145229,한국산업기술진흥원 특례부여현황(산업융합 규제샌드박스),,16,카페댕스,반려동물 동반출입 음식점,2025-03-31,2026-08-11
15145229,한국산업기술진흥원 특례부여현황(산업융합 규제샌드박스),,17,(주)동그라미,친환경 동물건조장 장비를 활용한 도심형 동물장례서비스,2025-03-31,2026-08-11
15145229,한국산업기술진흥원 특례부여현황(산업융합 규제샌드박스),,18,미야애견카페(MIYA),반려동물 동반출입 음식점,2025-03-31,2026-08-11
15145229,한국산업기술진흥원 특례부여현황(산업융합 규제샌드박스),,19,개으른세상,반려동물동반출입음식점,2025-03-31,2026-08-11
15145229,한국산업기술진흥원 특례부여현황(산업융합 규제샌드박스),,20,주식회사 크림크롭,반려동물 동반출입 음식점,2025-03-31,2026-08-11
15145229,한국산업기술진흥원 특례부여현황(산업융합 규제샌드박스),,21,농업회사법인주식회사대관령순수양떼목장,농업회사법인주식회사대관령순수양떼목장,2025-03-31,2026-08-11
15145229,한국산업기술진흥원 특례부여현황(산업융합 규제샌드박스),,22,오이라,반려동물 동반 출입 음식점 실증을 위한 규제특례,2025-03-31,2026-08-11
15145229,한국산업기술진흥원 특례부여현황(산업융합 규제샌드박스),,23,먹태의꿈,반려동물 동반출입 음식점,2025-03-31,2026-08-11
15145229,한국산업기술진흥원 특례부여현황(산업융합 규제샌드박스),,24,회바다,반려동물 동반출입 음식점,2025-03-31,2026-08-11
15145229,한국산업기술진흥원 특례부여현황(산업융합 규제샌드박스),,25,조댕이네,반려동물 동반출입 음식점,2025-03-31,2026-08-11
15145229,한국산업기술진흥원 특례부여현황(산업융합 규제샌드박스),,26,한국에너지기술연구원,고체산화물수전해(SOEC) 시스템 실증,2025-03-31,2026-08-11
15145229,한국산업기술진흥원 특례부여현황(산업융합 규제샌드박스),,27,하이엑시움,재생에너지 및 무탄소 전력 연계 수소 생산을 위한 PEM 수전해 설비,2025-03-31,2026-08-11
15145229,한국산업기술진흥원 특례부여현황(산업융합 규제샌드박스),,28,(주)한주포레(자빠따독),반려동물 동반출입 음식점 서비스,2025-03-31,2026-08-11
15145229,한국산업기술진흥원 특례부여현황(산업융합 규제샌드박스),,29,수헤어,공유 미용실 서비스,2025-03-31,2026-08-11
15145229,한국산업기술진흥원 특례부여현황(산업융합 규제샌드박스),,30,서울에너지공사,액화수소충전소 구축 및 운영 실증,2025-03-31,2026-08-11
15145229,한국산업기술진흥원 특례부여현황(산업융합 규제샌드박스),,31,주식회사 아볼레꼬,반려동물 동반출입 음식점,2025-03-31,2026-08-11
15145229,한국산업기술진흥원 특례부여현황(산업융합 규제샌드박스),,32,그루그루,반려동물 동반출입 음식점,2025-03-31,2026-08-11
15145229,한국산업기술진흥원 특례부여현황(산업융합 규제샌드박스),,33,비와이디코리아유한회사,자동차 전자제어 장치 무선업데이트 서비스(임시허가),2024-12-18,2026-08-11
15145229,한국산업기술진흥원 특례부여현황(산업융합 규제샌드박스),,34,가톨릭중앙의료원,"서비스명 : MyWell+ (실증사업명 : 마이데이터 기반의 맞춤형 만성질환 예방, 관리 및 중증 이환 예측 서비스 실증)",2024-12-18,2026-08-11
15145229,한국산업기술진흥원 특례부여현황(산업융합 규제샌드박스),,35,주식회사 카카오헬스케어,"내가먹는 약 안전하게 (MyMEDS , Mydata Medication Education & Drug Safety) 서비스",2024-12-18,2026-08-11
15145229,한국산업기술진흥원 특례부여현황(산업융합 규제샌드박스),,36,한국뷰로베리타스 주식회사,민감참여형 식품안전관리시스템 시범사업,2024-12-18,2026-08-11
15145229,한국산업기술진흥원 특례부여현황(산업융합 규제샌드박스),,37,주식회사 서래식구들,반려동물 동반출입 음식점,2024-12-18,2026-08-11
15145229,한국산업기술진흥원 특례부여현황(산업융합 규제샌드박스),,38,제이에스인터내셔널,이동식 반려동물 화장 및 찾아가는 장례 서비스,2024-12-18,2026-08-11
15145229,한국산업기술진흥원 특례부여현황(산업융합 규제샌드박스),,39,삼정피오,이동식 반려동물 화장 및 장례서비스,2024-12-18,2026-08-11
15145229,한국산업기술진흥원 특례부여현황(산업융합 규제샌드박스),,40,풀무원건강생활(주),개인맞춤형 건강기능식품 추천·판매,2024-12-18,2026-08-11
15145229,한국산업기술진흥원 특례부여현황(산업융합 규제샌드박스),,41,(주)한준에너지,Multiple Truck to Ship 벙커링 모듈을 활용한 LNG 선박 충전시험,2024-12-18,2026-08-11
15145229,한국산업기술진흥원 특례부여현황(산업융합 규제샌드박스),,42,(주)대한항공,반려동물 동반출입 음식점 서비스,2024-12-18,2026-08-11
15145229,한국산업기술진흥원 특례부여현황(산업융합 규제샌드박스),,43,(재)한국품질재단,민간참여형 식품안전관리시스템 시범사업,2024-12-18,2026-08-11
15145229,한국산업기술진흥원 특례부여현황(산업융합 규제샌드박스),,44,한국경영인증원,민간참여형 식품안전관리시스템 시범사업 실시공고,2024-12-18,2026-08-11
15145229,한국산업기술진흥원 특례부여현황(산업융합 규제샌드박스),,45,한국에스지에스(주),민간참여형 식품안전관리 시스템 시범사업,2024-12-18,2026-08-11
15145229,한국산업기술진흥원 특례부여현황(산업융합 규제샌드박스),,46,멍집합,반려동물 동반출입 음식점,2024-12-18,2026-08-11
15145229,한국산업기술진흥원 특례부여현황(산업융합 규제샌드박스),,47,주식회사 프리츠,프리츠 제주 성산점,2024-12-18,2026-08-11
15145229,한국산업기술진흥원 특례부여현황(산업융합 규제샌드박스),,48,스노잉클라우드,반려동물 동반출입 음식점 서비스 실증,2024-12-18,2026-08-11
15145229,한국산업기술진흥원 특례부여현황(산업융합 규제샌드박스),,49,비엔나커피광안리점,반려동물 동반출입 음식점 서비스 실증,2024-12-18,2026-08-11
15145229,한국산업기술진흥원 특례부여현황(산업융합 규제샌드박스),,50,주식회사 아이티,이동식 반려동물 화장 및 찾아가는 장례 서비스,2024-12-18,2026-08-11
15145229,한국산업기술진흥원 특례부여현황(산업융합 규제샌드박스),,51,아라숯불닭갈비&쭈꾸미,반려동물 동반출입 음식점 서비스,2024-12-18,2026-08-11
15145229,한국산업기술진흥원 특례부여현황(산업융합 규제샌드박스),,52,보드리,반려동물 동반출입 음식점 서비스,2024-12-18,2026-08-11
15145229,한국산업기술진흥원 특례부여현황(산업융합 규제샌드박스),,53,트리인,반려동물 동반출입 음식점 서비스,2024-12-18,2026-08-11
15145229,한국산업기술진흥원 특례부여현황(산업융합 규제샌드박스),,54,카페 댕하우스,반려동물 동반출입 음식점,2024-12-18,2026-08-11
15145229,한국산업기술진흥원 특례부여현황(산업융합 규제샌드박스),,55,케이로지텍,반려동물 화장 및 장례 서비스,2024-12-18,2026-08-11
15145229,한국산업기술진흥원 특례부여현황(산업융합 규제샌드박스),,56,주식회사 개들랜드,반려동물동반출입음식점,2024-12-18,2026-08-11
15145229,한국산업기술진흥원 특례부여현황(산업융합 규제샌드박스),,57,한국해양과학기술원 부설 선박해양플랜트연구소,해양에너지 연계 고정식 그린수소 생산기술 개발,2024-12-18,2026-08-11
15145229,한국산업기술진흥원 특례부여현황(산업융합 규제샌드박스),,58,주앤나,반려동물 동반출입 음식점,2024-12-18,2026-08-11
15145229,한국산업기술진흥원 특례부여현황(산업융합 규제샌드박스),,59,(주)디엔브이비즈니스어슈어런스코리아,민간참여형 식품안전관리시스템 시범사업,2024-12-18,2026-08-11
15145229,한국산업기술진흥원 특례부여현황(산업융합 규제샌드박스),,60,룰루메딕 주식회사,의료 마이데이터 국외전송 통한 해외 의료지원서비스 실증,2024-12-18,2026-08-11
15145229,한국산업기술진흥원 특례부여현황(산업융합 규제샌드박스),,61,주식회사지구본,반려동물 동반출입 음식점,2024-12-18,2026-08-11
15145229,한국산업기술진흥원 특례부여현황(산업융합 규제샌드박스),,62,해상궁,반려동물 동반출입 음식점 서비스,2024-12-18,2026-08-11
15145229,한국산업기술진흥원 특례부여현황(산업융합 규제샌드박스),,63,카페스퀘어드,카페 반려동물 동반출입 서비스,2024-12-18,2026-08-11
15145229,한국산업기술진흥원 특례부여현황(산업융합 규제샌드박스),,64,멍더쿠,반려동물 동반출 음식접 특례 신청,2024-12-18,2026-08-11
15145229,한국산업기술진흥원 특례부여현황(산업융합 규제샌드박스),,65,오션브리즈,반려동물 동반출입 음식점 서비스,2024-12-18,2026-08-11
15145229,한국산업기술진흥원 특례부여현황(산업융합 규제샌드박스),,66,별이된친구,이동식 반려동물 화장 및 찾아가는 장례 서비스,2024-12-18,2026-08-11
15145229,한국산업기술진흥원 특례부여현황(산업융합 규제샌드박스),,67,꼴꼴,반려동물동반출입음식점,2024-12-18,2026-08-11
15145229,한국산업기술진흥원 특례부여현황(산업융합 규제샌드박스),,68,듀먼카페,반려동물 동반출입 음식점 서비스,2024-12-18,2026-08-11
15145229,한국산업기술진흥원 특례부여현황(산업융합 규제샌드박스),,69,카페옴,반려동물 동반 출입음식점,2024-12-18,2026-08-11
15145229,한국산업기술진흥원 특례부여현황(산업융합 규제샌드박스),,70,한화에어로스페이스 (주),선박용 200kW급 수소연료전지 파워팩 개발 실증,2024-12-18,2026-08-11
15145229,한국산업기술진흥원 특례부여현황(산업융합 규제샌드박스),,71,"하숙집(재송동, 우동)",반려동물 동반출입 음식점,2024-12-18,2026-08-11
15145229,한국산업기술진흥원 특례부여현황(산업융합 규제샌드박스),,72,도깨비젤라또,반려동물동반출입규제특례,2024-12-18,2026-08-11
15145229,한국산업기술진흥원 특례부여현황(산업융합 규제샌드박스),,73,일진하이솔루스,액화수소 탱크와 연료전지를 장착한 드론 비행 실증 및 액화수소 상용차 부품 개발을 위한 관련 기술 개발/운영 실증 (수소 액화시스템 포함),2024-12-18,2026-08-11
15145229,한국산업기술진흥원 특례부여현황(산업융합 규제샌드박스),,74,밀리언하우스,반려동물 동반출입 음식점 서비스,2024-12-18,2026-08-11
15145229,한국산업기술진흥원 특례부여현황(산업융합 규제샌드박스),,75,에코프로에이치엔,암모니아 개질을 통한 수소 생산 및 암모니아 선박 엔진 수소 혼소 실증,2024-12-18,2026-08-11
15145229,한국산업기술진흥원 특례부여현황(산업융합 규제샌드박스),,76,한국반려동물소비자협회,이동식 반려동물 화장 및 찾아가는 장례서비스,2024-12-18,2026-08-11
15145229,한국산업기술진흥원 특례부여현황(산업융합 규제샌드박스),,77,주식회사 가온기획,이동식 반려동물 화장 및 찾아가는 장례 서비스,2024-12-18,2026-08-11
15145229,한국산업기술진흥원 특례부여현황(산업융합 규제샌드박스),,78,두산밥캣코리아 주식회사,두산밥캣코리아의 수소연료전지 지게차의 실증을 위한 수소충전소 구축 및 활용,2024-10-23,2026-08-11
15145229,한국산업기술진흥원 특례부여현황(산업융합 규제샌드박스),,79,마켓 진양호,반려동물 동반출입 음식점,2024-10-23,2026-08-11
15145229,한국산업기술진흥원 특례부여현황(산업융합 규제샌드박스),,80,파란 캠핑카,개인 캠핑카 차량공유 중개 플랫폼,2024-10-23,2026-08-11
15145229,한국산업기술진흥원 특례부여현황(산업융합 규제샌드박스),,81,유령치즈조개&활어회무한리필더벤티,반려동물 동반출입 음식점,2024-10-23,2026-08-11
15145229,한국산업기술진흥원 특례부여현황(산업융합 규제샌드박스),,82,노가리슈퍼,반려동물 동반출입 일반음식점,2024-10-23,2026-08-11
15145229,한국산업기술진흥원 특례부여현황(산업융합 규제샌드박스),,83,LUV PLUTO 러브 플루토,반려동물 동반출입 음식점,2024-10-23,2026-08-11
15145229,한국산업기술진흥원 특례부여현황(산업융합 규제샌드박스),,84,일공교육그룹,소비자가 반려동물과 식품접객업소에 동반 출입하여 식음료를 즐길 수 있는 서비스,2024-10-23,2026-08-11
15145229,한국산업기술진흥원 특례부여현황(산업융합 규제샌드박스),,85,헤라,이동식 반려동물 화장 및 찾아가는 장례 서비스,2024-10-23,2026-08-11
15145229,한국산업기술진흥원 특례부여현황(산업융합 규제샌드박스),,86,비아조,소비자가 반려동물과 식품접객업소(일반음식점)에 동반 출입하여 식·음료를 즐길 수 있는 서비스의 실증사업,2024-10-23,2026-08-11
15145229,한국산업기술진흥원 특례부여현황(산업융합 규제샌드박스),,87,무구순구,반려동물 동반출입 가능한 식품접객업(카페),2024-10-23,2026-08-11
15145229,한국산업기술진흥원 특례부여현황(산업융합 규제샌드박스),,88,똥개애견카페,반려동물 동반출입 음식점,2024-10-23,2026-08-11
15145229,한국산업기술진흥원 특례부여현황(산업융합 규제샌드박스),,89,에이치디현대중공업,LNG 연료추진선박 건조 중 선박 연료탱크 내 발생하는 증발가스의 도시가스 활용 실증,2024-10-23,2026-08-11
15145229,한국산업기술진흥원 특례부여현황(산업융합 규제샌드박스),,90,레스토랑 알베로,반려동물 동반출입 음식점 서비스,2024-10-23,2026-08-11
15145229,한국산업기술진흥원 특례부여현황(산업융합 규제샌드박스),,91,(주)엠오디 호텔카푸치노,반려동물 동반 출입 음식점,2024-10-23,2026-08-11
15145229,한국산업기술진흥원 특례부여현황(산업융합 규제샌드박스),,92,제이디케이 주식회사,반려동물 동반출입 음식점 실증특례 신청,2024-10-23,2026-08-11
15145229,한국산업기술진흥원 특례부여현황(산업융합 규제샌드박스),,93,바밤바,반려동물 동반출입 음식점 규제샌드박스,2024-10-23,2026-08-11
15145229,한국산업기술진흥원 특례부여현황(산업융합 규제샌드박스),,94,스파크펫,반려동물 동반출입 음식점,2024-10-23,2026-08-11
15145229,한국산업기술진흥원 특례부여현황(산업융합 규제샌드박스),,95,던스비,반려동물동반출입음식점,2024-10-23,2026-08-11
15145229,한국산업기술진흥원 특례부여현황(산업융합 규제샌드박스),,96,주식회사 글로우업스,반려동물동반출입음식점,2024-10-23,2026-08-11
15145229,한국산업기술진흥원 특례부여현황(산업융합 규제샌드박스),,97,일기초록,반려동물 동반출입 음식점,2024-10-23,2026-08-11
15145229,한국산업기술진흥원 특례부여현황(산업융합 규제샌드박스),,98,커들,소비자가 반려동물과 식품접객업소에 동반 출입하여 식음료를 즐길 수 있는 서비스,2024-10-23,2026-08-11
15145229,한국산업기술진흥원 특례부여현황(산업융합 규제샌드박스),,99,블루포레스트,반려동물 동반출입 음식점 서비스관련 실증특례,2024-10-23,2026-08-11
15145229,한국산업기술진흥원 특례부여현황(산업융합 규제샌드박스),,100,삼비(3B-BURGER BAR BROTHERS),식품접객업소 반려동물 동반 출입 서비스에 대하여 검증하기 위한 실증사업,2024-10-23,2026-08-11
15145229,한국산업기술진흥원 특례부여현황(산업융합 규제샌드박스),,101,콜마비앤에이치,융복합 건강기능식품,2024-10-23,2026-08-11
15145229,한국산업기술진흥원 특례부여현황(산업융합 규제샌드박스),,102,숲속의 밤 (A FOREST NIGHT),반려동물 동반출입 음식점 서비스,2024-10-23,2026-08-11
15145229,한국산업기술진흥원 특례부여현황(산업융합 규제샌드박스),,103,포엣룸,반려동물 동반출입 음식점,2024-10-23,2026-08-11
15145229,한국산업기술진흥원 특례부여현황(산업융합 규제샌드박스),,104,이상한 카페 인 아프리카,반려동물 동반출입 음식점,2024-10-23,2026-08-11
15145229,한국산업기술진흥원 특례부여현황(산업융합 규제샌드박스),,105,주식회사 로드시스템,외국인 여권을 활용한 모바일 성인인증 서비스 실증사업,2024-10-23,2026-08-11
15145229,한국산업기술진흥원 특례부여현황(산업융합 규제샌드박스),,106,원리73,반려동물 동반출입 음식점 시범사업 신청,2024-10-23,2026-08-11
15145229,한국산업기술진흥원 특례부여현황(산업융합 규제샌드박스),,107,뽁식당 범계점,반려동물 동반출입 음식점 서비스,2024-10-23,2026-08-11
15145229,한국산업기술진흥원 특례부여현황(산업융합 규제샌드박스),,108,오구,애견동반카페 규제 샌드박스,2024-10-23,2026-08-11
15145229,한국산업기술진흥원 특례부여현황(산업융합 규제샌드박스),,109,헤엄,자기 소유 자동차 활용 옥외광고 중개 플랫폼,2024-10-23,2026-08-11
15145229,한국산업기술진흥원 특례부여현황(산업융합 규제샌드박스),,110,카페 오티디,반려동물 동반출입 휴게음식점,2024-10-23,2026-08-11
15145229,한국산업기술진흥원 특례부여현황(산업융합 규제샌드박스),,111,주식회사 견생상점,반려동물 동반출입 음식점,2024-10-23,2026-08-11
15145229,한국산업기술진흥원 특례부여현황(산업융합 규제샌드박스),,112,주식회사 이앤코,고망간강 LNG ISO Tank Container 개발 및 저장탱크 KGS 검사,2024-10-23,2026-08-11
15145229,한국산업기술진흥원 특례부여현황(산업융합 규제샌드박스),,113,롱비치 커피앤브래드,소비자가 반려동물과 식품접객업소에 동반 출입하여 식음료를 즐길 수 있는 서비스,2024-10-23,2026-08-11
15145229,한국산업기술진흥원 특례부여현황(산업융합 규제샌드박스),,114,더하리오,반려 24동반 출입 음식점,2024-10-23,2026-08-11
15145229,한국산업기술진흥원 특례부여현황(산업융합 규제샌드박스),,115,주식회사 랑데자뷰 플레닛,반려동물 동반 출입,2024-10-23,2026-08-11
15145229,한국산업기술진흥원 특례부여현황(산업융합 규제샌드박스),,116,서울개공원,반려동물 동반출입식당 & 반려동물 즉석음식제조판매,2024-10-23,2026-08-11
15145229,한국산업기술진흥원 특례부여현황(산업융합 규제샌드박스),,117,루프리(ROOPREE),반려동물 동반출입 일반음식점,2024-10-22,2026-08-11
15145229,한국산업기술진흥원 특례부여현황(산업융합 규제샌드박스),,118,비콩피(Beconfi),소비자가 반려동물과 식품접객업소(일반음식점)에 동반 출입하여 식·음료를 즐길 수 있는 서비스의 실증사업,2024-07-18,2026-08-11
15145229,한국산업기술진흥원 특례부여현황(산업융합 규제샌드박스),,119,베릴키키,반려동물 동반출입 음식점,2024-07-18,2026-08-11
15145229,한국산업기술진흥원 특례부여현황(산업융합 규제샌드박스),,120,(주)교원프라퍼티 키녹,㈜교원프라퍼티 스위트호텔 경주 (반려동물 동반출입 레스토랑),2024-07-18,2026-08-11
15145229,한국산업기술진흥원 특례부여현황(산업융합 규제샌드박스),,121,(주)스놉헤어,공유미용실 허가,2024-07-18,2026-08-11
15145229,한국산업기술진흥원 특례부여현황(산업융합 규제샌드박스),,122,(주)아소,커피박(커피찌꺼기) 발효 재자원화 축사 깔개 실증사업,2024-07-18,2026-08-11
15145229,한국산업기술진흥원 특례부여현황(산업융합 규제샌드박스),,123,린데 코리아,반도체 공정용 신규 용해제를 사용한 아세틸렌 용기,2024-07-18,2026-08-11
15145229,한국산업기술진흥원 특례부여현황(산업융합 규제샌드박스),,124,(주)리걸인사이트,자동차등록번호를 활용한 화물자동차 유가보조금 부정수급 방지 서비스,2024-07-18,2026-08-11
15145229,한국산업기술진흥원 특례부여현황(산업융합 규제샌드박스),,125,(주)오리온이엔씨,이동식 플라즈마 폐기물 처리설비,2024-07-18,2026-08-11
15145229,한국산업기술진흥원 특례부여현황(산업융합 규제샌드박스),,126,주식회사 더와트,스토퍼형 전기차 완속 충전기 EV-STOPPER,2024-07-18,2026-08-11
15145229,한국산업기술진흥원 특례부여현황(산업융합 규제샌드박스),,127,나드리캠핑카,개인 캠핑카 차량공유 중개 플랫폼,2024-07-18,2026-08-11
15145229,한국산업기술진흥원 특례부여현황(산업융합 규제샌드박스),,128,(주)시즌렌트립,캠핑카공유 플랫폼,2024-07-18,2026-08-11
15145229,한국산업기술진흥원 특례부여현황(산업융합 규제샌드박스),,129,에어퍼스트,"액체수소탱크를 활용한 저장,공급 운영",2024-07-18,2026-08-11
15145229,한국산업기술진흥원 특례부여현황(산업융합 규제샌드박스),,130,한전케이피에스,재생에너지 활용 수전해 그린수소 생산 실증사업,2024-07-18,2026-08-11
15145229,한국산업기술진흥원 특례부여현황(산업융합 규제샌드박스),,131,비비큐(BBQ)레이브,반려동물 동반출입 음식점,2024-07-18,2026-08-11
15145229,한국산업기술진흥원 특례부여현황(산업융합 규제샌드박스),,132,한국수자원공사,성남정수장 소수력기반 그린수소 생산 실증사업,2024-07-18,2026-08-11
15145229,한국산업기술진흥원 특례부여현황(산업융합 규제샌드박스),,133,보령엘엔지터미널(주),LNG냉열 활용을 위한 LNG 소외배관 구축 운영,2024-07-18,2026-08-11
15145229,한국산업기술진흥원 특례부여현황(산업융합 규제샌드박스),,134,케이지모빌리티 주식회사,자동차 전자제어장치 무선업데이트 서비스(OTA; Over-the-Air),2024-07-18,2026-08-11
15145229,한국산업기술진흥원 특례부여현황(산업융합 규제샌드박스),,135,카페에벤에셀,소비자가 반려동물과 식품접객업소에 동반 출입하여 식음료를 즐길 수 있는 서비스,2024-07-18,2026-08-11
15145229,한국산업기술진흥원 특례부여현황(산업융합 규제샌드박스),,136,주식회사 테일즈파크,반려동물 동반출입 음식점,2024-07-18,2026-08-11
15145229,한국산업기술진흥원 특례부여현황(산업융합 규제샌드박스),,137,HD현대중공업(주),(기획형 샌드박스) 자율운항선박 원격제어 및 자동 충돌회피 해상 실증,2024-07-18,2026-08-11
15145229,한국산업기술진흥원 특례부여현황(산업융합 규제샌드박스),,138,몬베튼,반려동물동반출입음식점,2024-07-18,2026-08-11
15145229,한국산업기술진흥원 특례부여현황(산업융합 규제샌드박스),,139,다래헌,반려동물 동반출입 음식점,2024-07-18,2026-08-11
15145229,한국산업기술진흥원 특례부여현황(산업융합 규제샌드박스),,140,광안야행,반려동물동반출입음식점,2024-07-18,2026-08-11
15145229,한국산업기술진흥원 특례부여현황(산업융합 규제샌드박스),,141,(재)한국조선해양기자재연구원,(기획형 샌드박스) 액화수소 운반선용 신소재 저장탱크 실증,2024-07-18,2026-08-11
15145229,한국산업기술진흥원 특례부여현황(산업융합 규제샌드박스),,142,삼성중공업,(기획형 샌드박스) 자율운항선박을 이용한 무인/원격 해상물류 운송 서비스 실증,2024-07-18,2026-08-11
15145229,한국산업기술진흥원 특례부여현황(산업융합 규제샌드박스),,143,의료법인 한전의료재단 한일병원,재외국민 대상 비대면 진료·상담 서비스,2024-05-09,2026-08-11
15145229,한국산업기술진흥원 특례부여현황(산업융합 규제샌드박스),,144,오티디코퍼레이션,반려동물 동반 출입 음식점 실증을 위한 규제특례 신청서,2024-05-09,2026-08-11
15145229,한국산업기술진흥원 특례부여현황(산업융합 규제샌드박스),,145,글로벌텍스프리 주식회사,외국인 관광객 대상 여권을 이용한 모바일 신분 확인 서비스 실증,2024-05-09,2026-08-11
15145229,한국산업기술진흥원 특례부여현황(산업융합 규제샌드박스),,146,주식회사 헤링스,개인맞춤형 건강기능식품 추천·판매 실증사업,2024-05-09,2026-08-11
15145229,한국산업기술진흥원 특례부여현황(산업융합 규제샌드박스),,147,주식회사 펫브릿지,이동식 반려동물 화장 및 찾아가는 장례 서비스,2024-03-29,2026-08-11
15145229,한국산업기술진흥원 특례부여현황(산업융합 규제샌드박스),,148,린데코리아,일반산업용 액화수소 공급 실증,2024-03-29,2026-08-11
15145229,한국산업기술진흥원 특례부여현황(산업융합 규제샌드박스),,149,(주)두산퓨얼셀파워,건설 농기계용 스키드 로더급 50kW급 수소 다중 동력 시스템,2024-03-29,2026-08-11
15145229,한국산업기술진흥원 특례부여현황(산업융합 규제샌드박스),,150,스탠다드에너지(주),바나듐 이온 전지(VIB) ESS 연계 초고속 전기차 충전소 실증,2024-03-29,2026-08-11
15145229,한국산업기술진흥원 특례부여현황(산업융합 규제샌드박스),,151,주식히사 비즈렌탈,유휴 캠핑카 대여사업 중계 플랫폼,2024-03-29,2026-08-11
15145229,한국산업기술진흥원 특례부여현황(산업융합 규제샌드박스),,152,주식회사 펫프렌즈,반려동물 비대면 진료 및 상담 플랫폼,2024-03-29,2026-08-11
15145229,한국산업기술진흥원 특례부여현황(산업융합 규제샌드박스),,153,디엑스앤브이엑스(주),개인맞춤형 건강기능식품 소분포장 및 판매배송 서비스 실증사업,2024-03-29,2026-08-11
15145229,한국산업기술진흥원 특례부여현황(산업융합 규제샌드박스),,154,에스케이머티리얼즈에어플러스(주),"액체수소 저장, 기화 및 사용처 공급 시스템 구축 운영",2024-03-29,2026-08-11
15145229,한국산업기술진흥원 특례부여현황(산업융합 규제샌드박스),,155,지엠아시아퍼시픽지역본부 주식회사,자동차 전자제어장치 무선업데이트 서비스,2024-03-29,2026-08-11
15145229,한국산업기술진흥원 특례부여현황(산업융합 규제샌드박스),,156,(주)남양유업,융복합 건강기능식품,2024-03-29,2026-08-11
15145229,한국산업기술진흥원 특례부여현황(산업융합 규제샌드박스),,157,프리다츠,전기택시 승강장을 활용한 디지털사이니지 광고,2024-03-29,2026-08-11
15145229,한국산업기술진흥원 특례부여현황(산업융합 규제샌드박스),,158,일광 컨소시엄(3개사),수소가스 운송용 TypeⅡ 복합소재 용기의 안전기준 개발 및 수소 운송 트레일러 실증,2024-03-29,2026-08-11
15145229,한국산업기술진흥원 특례부여현황(산업융합 규제샌드박스),,159,부산대학교 산학협력단,극저온 액화가스단열성능평가 설비가 장착된 선박용 액화수소 저장용기 성능시험플랫폼,2024-03-29,2026-08-11
15145229,한국산업기술진흥원 특례부여현황(산업융합 규제샌드박스),,160,(주)비트코비체실린더즈코리아,수소가스 운송용 TypeⅡ 용기를 장착한 수소 운송 MEGC 트레일러 개발 및 실증,2024-02-29,2026-08-11
15145229,한국산업기술진흥원 특례부여현황(산업융합 규제샌드박스),,161,한국가스안전공사,액화수소 검사지원 센터 구축,2023-12-27,2026-08-11
15145229,한국산업기술진흥원 특례부여현황(산업융합 규제샌드박스),,162,독스타,반려동물 동반출입 음식점,2023-12-27,2026-08-11
15145229,한국산업기술진흥원 특례부여현황(산업융합 규제샌드박스),,163,(주)세빛섬,독립된 섬(ISLAND)간 LED사이니지 외부 광고 시스템 통합 운영 솔루션 실증,2023-12-27,2026-08-11
15145229,한국산업기술진흥원 특례부여현황(산업융합 규제샌드박스),,164,에이치디현대중공업,액화수소 운반선용 저장탱크 개발 및 성능 실증,2023-12-27,2026-08-11
15145229,한국산업기술진흥원 특례부여현황(산업융합 규제샌드박스),,165,삼성전자,고객의 라이프 스타일에 맞춘 새로운 경험 제공 실증 사업,2023-12-27,2026-08-11
15145229,한국산업기술진흥원 특례부여현황(산업융합 규제샌드박스),,166,씨피씨에스 주식회사,반려동물 동반출입 음식점,2023-12-27,2026-08-11
15145229,한국산업기술진흥원 특례부여현황(산업융합 규제샌드박스),,167,에이치엘사이언스,개인맞춤형 건강기능식품 추천·판매,2023-12-27,2026-08-11
15145229,한국산업기술진흥원 특례부여현황(산업융합 규제샌드박스),,168,에이치디현대오일뱅크,동식물성 유지 동시 처리를 통한 친환경 석유제품 생산,2023-12-27,2026-08-11
15145229,한국산업기술진흥원 특례부여현황(산업융합 규제샌드박스),,169,한화솔루션(주),Type4 용기를 장착한 수소 운송 트레일러 운용,2023-12-27,2026-08-11
15145229,한국산업기술진흥원 특례부여현황(산업융합 규제샌드박스),,170,일진하이솔루스 주식회사,수소 모빌리티용 70MPa 수소저장용기,2023-12-27,2026-08-11
15145229,한국산업기술진흥원 특례부여현황(산업융합 규제샌드박스),,171,한국에너지기술평가원,해상풍력 발전을 통한 국가실증연구단지 전력 직접공급시스템,2023-11-06,2026-08-11
15145229,한국산업기술진흥원 특례부여현황(산업융합 규제샌드박스),,172,(주)식사,반려동물 동반출입 음식점,2023-11-06,2026-08-11
15145229,한국산업기술진흥원 특례부여현황(산업융합 규제샌드박스),,173,여가누리,개인 캠핑카 차량공유 중개 플랫폼,2023-11-06,2026-08-11
15145229,한국산업기술진흥원 특례부여현황(산업융합 규제샌드박스),,174,(주)한국탱크로리,액화수소 전용 탱크로리를 활용한 수소 운송시스템 실증,2023-11-06,2026-08-11
15145229,한국산업기술진흥원 특례부여현황(산업융합 규제샌드박스),,175,한국가스기술공사,액화수소충전소 구축·운영,2023-11-06,2026-08-11
15145229,한국산업기술진흥원 특례부여현황(산업융합 규제샌드박스),,176,현대모비스,200kg급 수소연료전지 무인비행체 충전 및 비행 실증,2023-11-06,2026-08-11
15145229,한국산업기술진흥원 특례부여현황(산업융합 규제샌드박스),,177,기아,600kg급 수소연료전지 무인비행체 충전 및 비행 실증,2023-11-06,2026-08-11
15145229,한국산업기술진흥원 특례부여현황(산업융합 규제샌드박스),,178,현대모비스,수소연료전지 휠로더의 수소 충전 및 운용시험,2023-11-06,2026-08-11
15145229,한국산업기술진흥원 특례부여현황(산업융합 규제샌드박스),,179,현대자동차그룹,V2X 솔루션 활용 V2H/B/G 서비스 실증,2023-11-06,2026-08-11
15145229,한국산업기술진흥원 특례부여현황(산업융합 규제샌드박스),,180,현대모비스,수소연료전지 트랙터의 수소 충전 및 운용시험,2023-11-06,2026-08-11
15145229,한국산업기술진흥원 특례부여현황(산업융합 규제샌드박스),,181,주식회사 스마트모빌리티미디어,전기버스 유리창을 활용한 디지털사이니지 광고,2023-11-06,2026-08-11
15145229,한국산업기술진흥원 특례부여현황(산업융합 규제샌드박스),,182,주식회사 체험,개인 캠핑카 차량공유 중개 플랫폼,2023-11-06,2026-08-11
15145229,한국산업기술진흥원 특례부여현황(산업융합 규제샌드박스),,183,주식회사 오르카티비,AI 기반 실감형 e스포츠 플랫폼,2023-11-06,2026-08-11
15145229,한국산업기술진흥원 특례부여현황(산업융합 규제샌드박스),,184,펫문,이동식 반려동물 화장 및 찾아가는 장례서비스,2023-11-06,2026-08-11
15145229,한국산업기술진흥원 특례부여현황(산업융합 규제샌드박스),,185,고헤어,공유미용실 서비스,2023-11-06,2026-08-11
15145229,한국산업기술진흥원 특례부여현황(산업융합 규제샌드박스),,186,주)굿 반려동물 장례지원단,이동식 반려동물 화장 및 찾아가는 장례서비스,2023-11-06,2026-08-11
15145229,한국산업기술진흥원 특례부여현황(산업융합 규제샌드박스),,187,(주)더이로운,개인맞춤형 건강기능식품 추천·판매,2023-11-06,2026-08-11
15145229,한국산업기술진흥원 특례부여현황(산업융합 규제샌드박스),,188,주식회사 반장,이동식 반려동물 화장 및 찾아가는 장례서비스,2023-11-06,2026-08-11
15145229,한국산업기술진흥원 특례부여현황(산업융합 규제샌드박스),,189,반려동물장례지원단,이동식 반려동물 화장 및 찾아가는 장례서비스,2023-11-06,2026-08-11
15145229,한국산업기술진흥원 특례부여현황(산업융합 규제샌드박스),,190,(주)퍼펫,반려동물 맞춤식 영양제 구독서비스,2023-07-05,2026-08-11
15145229,한국산업기술진흥원 특례부여현황(산업융합 규제샌드박스),,191,주식회사 핏커머스,개인맞춤형 건강기능식품 추천·판매,2023-07-05,2026-08-11
15145229,한국산업기술진흥원 특례부여현황(산업융합 규제샌드박스),,192,더 프라이빗 라비에뉴 구월점,공유미용실 서비스,2023-07-05,2026-08-11
15145229,한국산업기술진흥원 특례부여현황(산업융합 규제샌드박스),,193,현대자동차,차량용 액화수소 저장시스템 개발 및 성능 실증,2023-07-05,2026-08-11
15145229,한국산업기술진흥원 특례부여현황(산업융합 규제샌드박스),,194,(주)하이플레이,개인 캠핑카 차량공유 중개 플랫폼,2023-07-05,2026-08-11
15145229,한국산업기술진흥원 특례부여현황(산업융합 규제샌드박스),,195,주식회사 메드고,개인맞춤형 건강기능식품 추천·판매,2023-07-05,2026-08-11
15145229,한국산업기술진흥원 특례부여현황(산업융합 규제샌드박스),,196,패티드,반려동물 동반출입 음식점,2023-07-05,2026-08-11
15145229,한국산업기술진흥원 특례부여현황(산업융합 규제샌드박스),,197,(사)대한약사회,개인맞춤형 건강기능식품 추천·판매,2023-07-05,2026-08-11
15145229,한국산업기술진흥원 특례부여현황(산업융합 규제샌드박스),,198,러블리하우스 더룸,공유미용실 서비스,2023-07-05,2026-08-11
15145229,한국산업기술진흥원 특례부여현황(산업융합 규제샌드박스),,199,더 프라이빗 라비에뉴 송도점,공유미용실 서비스,2023-07-05,2026-08-11
15145229,한국산업기술진흥원 특례부여현황(산업융합 규제샌드박스),,200,매일헬스뉴트리션,개인맞춤형 건강기능식품 추천·판매,2023-07-05,2026-08-11
15145229,한국산업기술진흥원 특례부여현황(산업융합 규제샌드박스),,201,주식회사 빈스코리아홀딩스,유휴 캠핑카 대여사업 중개 플랫폼,2023-07-05,2026-08-11
15145229,한국산업기술진흥원 특례부여현황(산업융합 규제샌드박스),,202,맘마,반려동물 동반출입 음식점,2023-07-05,2026-08-11
15145229,한국산업기술진흥원 특례부여현황(산업융합 규제샌드박스),,203,더 프라이빗 라비에뉴 논현점,공유미용실 서비스,2023-07-05,2026-08-11
15145229,한국산업기술진흥원 특례부여현황(산업융합 규제샌드박스),,204,(주)삼현,마이크로파 플라즈마 토치 기술을 활용한 수소추출설비 구축·운영,2023-07-05,2026-08-11
15145229,한국산업기술진흥원 특례부여현황(산업융합 규제샌드박스),,205,주식회사 버디터,공유미용실 서비스,2023-07-05,2026-08-11
15145229,한국산업기술진흥원 특례부여현황(산업융합 규제샌드박스),,206,에쓰-오일,폐플라스틱 열분해유를 이용하여 생산한 석유 및 화학 제품,2023-07-05,2026-08-11
15145229,한국산업기술진흥원 특례부여현황(산업융합 규제샌드박스),,207,주식회사 온닥터,재외국민 대상 비대면 진료 서비스,2023-03-30,2026-08-11
15145229,한국산업기술진흥원 특례부여현황(산업융합 규제샌드박스),,208,주식회사 코리포항,재외국민 대상 비대면 진료 서비스,2023-03-30,2026-08-11
15145229,한국산업기술진흥원 특례부여현황(산업융합 규제샌드박스),,209,후다닥주식회사,재외국민 대상 비대면 진료 서비스,2023-03-30,2026-08-11
15145229,한국산업기술진흥원 특례부여현황(산업융합 규제샌드박스),,210,고려아연,수소연료전지 지게차 전용 수소충전소 구축·운영,2023-03-30,2026-08-11
15145229,한국산업기술진흥원 특례부여현황(산업융합 규제샌드박스),,211,(주)아르고스다인,화재감시 및 학생범죄 예방용 드론자동운영시스템,2023-03-30,2026-08-11
15145229,한국산업기술진흥원 특례부여현황(산업융합 규제샌드박스),,212,반월시화스마트산단인프라구축사업 주식회사,자가발전 신재생에너지 기반 전기차 충전소 구축,2023-03-30,2026-08-11
15145229,한국산업기술진흥원 특례부여현황(산업융합 규제샌드박스),,213,(주)디이앤씨,연료전지발전을 통한 전기차 충전서비스,2023-03-30,2026-08-11
15145229,한국산업기술진흥원 특례부여현황(산업융합 규제샌드박스),,214,혼다코리아 주식회사,자동차 전자제어장치 무선 업데이트 서비스(OTA),2023-03-30,2026-08-11
15145229,한국산업기술진흥원 특례부여현황(산업융합 규제샌드박스),,215,(주)현대로템,상용화급 수소전기트램 제작 및 주행시험,2023-03-30,2026-08-11
15145229,한국산업기술진흥원 특례부여현황(산업융합 규제샌드박스),,216,로드시스템,외국인 여권을 활용한 모바일 신분확인 서비스,2023-03-30,2026-08-11
15145229,한국산업기술진흥원 특례부여현황(산업융합 규제샌드박스),,217,(주)디샤인,LED투명유리 전기버스를 이용한 광고서비스,2023-03-30,2026-08-11
15145229,한국산업기술진흥원 특례부여현황(산업융합 규제샌드박스),,218,주식회사 온닥터,성병 원인균 유무 확인·안내 서비스,2023-03-30,2026-08-11
15145229,한국산업기술진흥원 특례부여현황(산업융합 규제샌드박스),,219,아이오티플러스(주),신재생에너지 발전을 통한 농촌전력 직접공급시스템,2023-03-30,2026-08-11
15145229,한국산업기술진흥원 특례부여현황(산업융합 규제샌드박스),,220,주식회사 우리이엔,찾아가는 절삭유 정제서비스,2023-03-30,2026-08-11
15145229,한국산업기술진흥원 특례부여현황(산업융합 규제샌드박스),,221,주식회사 유비넷시스,사용후 배터리 재사용 ESS 수요반응 서비스,2023-03-30,2026-08-11
15145229,한국산업기술진흥원 특례부여현황(산업융합 규제샌드박스),,222,(주)자이냅스,AI비전센싱 디바이스를 활용한 디지털사이니지 광고효과 측정서비스,2023-03-30,2026-08-11
15145229,한국산업기술진흥원 특례부여현황(산업융합 규제샌드박스),,223,주식회사 마스오토,유인 자율주행 트럭 기반 화물 간선운송 서비스,2022-12-20,2026-08-11
15145229,한국산업기술진흥원 특례부여현황(산업융합 규제샌드박스),,224,주식회사 라이브몰로,AI 분석 기술 활용 마케팅 매니저 서비스,2022-12-20,2026-08-11
15145229,한국산업기술진흥원 특례부여현황(산업융합 규제샌드박스),,225,한국자동차연구원,다차종·동시·고속 충전 수소스테이션 운영 실증,2022-12-20,2026-08-11
15145229,한국산업기술진흥원 특례부여현황(산업융합 규제샌드박스),,226,헤어브로,공유미용실 서비스,2022-12-20,2026-08-11
15145229,한국산업기술진흥원 특례부여현황(산업융합 규제샌드박스),,227,한국가스공사,수소튜브트레일러(T/T)를 활용한 제조식 수소충전소 운영,2022-12-20,2026-08-11
15145229,한국산업기술진흥원 특례부여현황(산업융합 규제샌드박스),,228,현대건설,고분자전해질막(PEM) 수전해 설비를 활용한 수소생산 실증,2022-12-20,2026-08-11
15145229,한국산업기술진흥원 특례부여현황(산업융합 규제샌드박스),,229,비타믹스 주식회사,융복합 건강기능식품,2022-12-20,2026-08-11
15145229,한국산업기술진흥원 특례부여현황(산업융합 규제샌드박스),,230,SK에코플랜트,신재생에너지 활용 V2G 양방향 전기차충전기,2022-12-20,2026-08-11
15145229,한국산업기술진흥원 특례부여현황(산업융합 규제샌드박스),,231,"에스케이이엔에스(주), 한국중부발전(주)",LNG냉열 활용 청정수소 생산 및 액화수소 플랜트 구축·운영,2022-12-20,2026-08-11
15145229,한국산업기술진흥원 특례부여현황(산업융합 규제샌드박스),,232,주식회사 그리드위즈,사용후 배터리 활용 ESS 및 전동운송기기 제작·운영,2022-12-20,2026-08-11
15145229,한국산업기술진흥원 특례부여현황(산업융합 규제샌드박스),,233,비라운지,공유미용실 서비스,2022-12-20,2026-08-11
15145229,한국산업기술진흥원 특례부여현황(산업융합 규제샌드박스),,234,볼보그룹코리아,수소연료전지 건설기계 전용 수소충전소 구축 및 운영,2022-12-20,2026-08-11
15145229,한국산업기술진흥원 특례부여현황(산업융합 규제샌드박스),,235,(주)메디푸드플랫폼,개인맞춤형 건강기능식품 서비스,2022-12-20,2026-08-11
15145229,한국산업기술진흥원 특례부여현황(산업융합 규제샌드박스),,236,콜마비앤에이치(주),개인맞춤형 건강기능식품 서비스,2022-12-20,2026-08-11
15145229,한국산업기술진흥원 특례부여현황(산업융합 규제샌드박스),,237,웅진식품,융복합 건강기능식품,2022-12-20,2026-08-11
15145229,한국산업기술진흥원 특례부여현황(산업융합 규제샌드박스),,238,주식회사 온닥터,개인맞춤형 건강기능식품 서비스,2022-12-20,2026-08-11
15145229,한국산업기술진흥원 특례부여현황(산업융합 규제샌드박스),,239,성신양회(주),폐기물 처리 신기술 활용 폐 육불화황(SF6) 가스 처리 서비스 실증,2022-12-20,2026-08-11
15145229,한국산업기술진흥원 특례부여현황(산업융합 규제샌드박스),,240,씨제이 대한통운,액화수소전용 탱크로리를 활용한 수소 운송시스템 실증,2022-12-20,2026-08-11
15145229,한국산업기술진흥원 특례부여현황(산업융합 규제샌드박스),,241,볼보그룹코리아,수소연료전지 굴착기의 수소충전 및 운용시험,2022-12-20,2026-08-11
15145229,한국산업기술진흥원 특례부여현황(산업융합 규제샌드박스),,242,코하이젠 주식회사,상용차용 액화수소충전소 구축·운영,2022-12-20,2026-08-11
15145229,한국산업기술진흥원 특례부여현황(산업융합 규제샌드박스),,243,비타믹스 주식회사,개인맞춤형 건강기능식품 서비스,2022-12-20,2026-08-11
15145229,한국산업기술진흥원 특례부여현황(산업융합 규제샌드박스),,244,범한퓨얼셀(주),수소연료전지 무인잠수정 충전 및 운항시험,2022-09-05,2026-08-11
15145229,한국산업기술진흥원 특례부여현황(산업융합 규제샌드박스),,245,아토머스 주식회사,재외국민 대상 비대면 진료·상담서비스,2022-09-05,2026-08-11
15145229,한국산업기술진흥원 특례부여현황(산업융합 규제샌드박스),,246,(주)레메디,포터블 방사선 촬영장치 활용 의료 서비스,2022-09-05,2026-08-11
15145229,한국산업기술진흥원 특례부여현황(산업융합 규제샌드박스),,247,롯데오토케어(주),전기차 방문 충전 서비스,2022-09-05,2026-08-11
15145229,한국산업기술진흥원 특례부여현황(산업융합 규제샌드박스),,248,(주)엘토브,지능형(AI) 배리어 프리 (barrier-free) 키오스크,2022-09-05,2026-08-11
15145229,한국산업기술진흥원 특례부여현황(산업융합 규제샌드박스),,249,범한퓨얼셀(주),수소전기트램용 수소충전소 구축/운영,2022-09-05,2026-08-11
15145229,한국산업기술진흥원 특례부여현황(산업융합 규제샌드박스),,250,(주)피엠그로우,사용 후 배터리를 활용한 이동형 전기차 충전서비스,2022-09-05,2026-08-11
15145229,한국산업기술진흥원 특례부여현황(산업융합 규제샌드박스),,251,한국기계연구원,액화수소 플랜트 및 공급시스템 구축ㆍ운영,2022-09-05,2026-08-11
15145229,한국산업기술진흥원 특례부여현황(산업융합 규제샌드박스),,252,현대중공업 주식회사,이동식 매니폴드를 활용한 LNG 선박 충전시험,2022-09-05,2026-08-11
15145229,한국산업기술진흥원 특례부여현황(산업융합 규제샌드박스),,253,주식회사 진심,개인 캠핑카 차량공유 중개 플랫폼,2022-09-05,2026-08-11
15145229,한국산업기술진흥원 특례부여현황(산업융합 규제샌드박스),,254,현대삼호중공업주식회사,이동식 매니폴드를 활용한 LNG 선박 충전시험,2022-09-05,2026-08-11
15145229,한국산업기술진흥원 특례부여현황(산업융합 규제샌드박스),,255,주식회사 애드,AI 기술을 활용한 디지털 사이니지 효과 측정,2022-04-28,2026-08-11
15145229,한국산업기술진흥원 특례부여현황(산업융합 규제샌드박스),,256,디오기획,택시승객 하차 안전을 위한 자동 하차 알림등,2022-04-28,2026-08-11
15145229,한국산업기술진흥원 특례부여현황(산업융합 규제샌드박스),,257,한국가스공사,셀프 수소충전소 구축 및 운영,2022-04-28,2026-08-11
15145229,한국산업기술진흥원 특례부여현황(산업융합 규제샌드박스),,258,재단법인 비엠더블유코리아미래재단,이동식 ESS를 활용한 전력공급 서비스,2022-04-28,2026-08-11
15145229,한국산업기술진흥원 특례부여현황(산업융합 규제샌드박스),,259,서울특별시,디지털 사이니지를 활용한 스마트쉘터,2022-04-28,2026-08-11
15145229,한국산업기술진흥원 특례부여현황(산업융합 규제샌드박스),,260,"(주)브이피피랩, (주)대경엔지니어링, (주)피엠그로우",사용후 배터리 ESS 연계 V2G 전기차 충전 시스템,2022-04-28,2026-08-11
15145229,한국산업기술진흥원 특례부여현황(산업융합 규제샌드박스),,261,건설기계부품연구원,건설기계 및 산업기계를 위한 수소 충전 시스템,2022-02-25,2026-08-11
15145229,한국산업기술진흥원 특례부여현황(산업융합 규제샌드박스),,262,"현대케미칼, 현대오일뱅크",폐플라스틱 열분해정제유의 석유·화학 공정 원료화,2022-02-25,2026-08-11
15145229,한국산업기술진흥원 특례부여현황(산업융합 규제샌드박스),,263,현대글로비스,수소항공모빌리티의 수소충전 및 비행시험,2022-02-25,2026-08-11
15145229,한국산업기술진흥원 특례부여현황(산업융합 규제샌드박스),,264,(주)비츠로넥스텍,플라즈마 기술을 활용한 탄화건조방식 음식물 감량기,2021-12-30,2026-08-11
15145229,한국산업기술진흥원 특례부여현황(산업융합 규제샌드박스),,265,(주)헬스허브,재외국민 비대면 진료 서비스,2021-12-30,2026-08-11
15145229,한국산업기술진흥원 특례부여현황(산업융합 규제샌드박스),,266,서울특별시,공유자전거 활용 광고서비스,2021-12-30,2026-08-11
15145229,한국산업기술진흥원 특례부여현황(산업융합 규제샌드박스),,267,헬스커넥트,재외국민 비대면 진료 서비스,2021-12-30,2026-08-11
15145229,한국산업기술진흥원 특례부여현황(산업융합 규제샌드박스),,268,강북삼성병원,재외국민 비대면 진료 서비스,2021-12-30,2026-08-11
15145229,한국산업기술진흥원 특례부여현황(산업융합 규제샌드박스),,269,수소에너지네트워크주식회사,셀프 수소충전소 구축 및 운영,2021-12-30,2026-08-11
15145229,한국산업기술진흥원 특례부여현황(산업융합 규제샌드박스),,270,코하이젠 주식회사,셀프 수소충전소 구축 및 운영,2021-12-30,2026-08-11
15145229,한국산업기술진흥원 특례부여현황(산업융합 규제샌드박스),,271,일진전기 주식회사,친환경 비가교 폴리프로필렌 절연 전력케이블,2021-12-20,2026-08-11
15145229,한국산업기술진흥원 특례부여현황(산업융합 규제샌드박스),,272,(주)휴렘,사용후 배터리 재사용 가정용 ESS 컨테이너,2021-11-15,2026-08-11
15145229,한국산업기술진흥원 특례부여현황(산업융합 규제샌드박스),,273,이투지 (구 대은),사용후 배터리 재활용 독립형태양광가로등,2021-11-15,2026-08-11
15145229,한국산업기술진흥원 특례부여현황(산업융합 규제샌드박스),,274,의료법인명지의료재단,재외국민 비대면진료 서비스,2021-11-15,2026-08-11
15145229,한국산업기술진흥원 특례부여현황(산업융합 규제샌드박스),,275,(주)퀀텀솔루션,사용후 배터리 재사용 개인형이동자치 및 전기이륜차,2021-11-15,2026-08-11
15145229,한국산업기술진흥원 특례부여현황(산업융합 규제샌드박스),,276,"에너지기술연구원, 현대자동차",사용후 배터리 재사용 ESS 연계 태양광발전설비,2021-11-15,2026-08-11
15145229,한국산업기술진흥원 특례부여현황(산업융합 규제샌드박스),,277,(주)대륜엔지니어링,사용후 배터리 재사용 농업용 전동 고소작업차,2021-11-15,2026-08-11
15145229,한국산업기술진흥원 특례부여현황(산업융합 규제샌드박스),,278,SK on,사용후 배터리 재사용 ESS 연계 수배전반,2021-11-15,2026-08-11
15145229,한국산업기술진흥원 특례부여현황(산업융합 규제샌드박스),,279,스탠다드에너지 주식회사,VIB ESS활용 도심형 전기차 충전소,2021-11-15,2026-08-11
15145229,한국산업기술진흥원 특례부여현황(산업융합 규제샌드박스),,280,에스케이이엔에스,사용후 배터리 활용 ESS로 전기차 충전,2021-11-15,2026-08-11
15145229,한국산업기술진흥원 특례부여현황(산업융합 규제샌드박스),,281,한화임팩트 주식회사,수소혼소용 가스터빈 성능시험,2021-11-15,2026-08-11
15145229,한국산업기술진흥원 특례부여현황(산업융합 규제샌드박스),,282,현대오일뱅크,폐플라스틱 열분해정제유의 석유·화학 공정 원료화,2021-09-15,2026-08-11
15145229,한국산업기술진흥원 특례부여현황(산업융합 규제샌드박스),,283,"린데수소에너지, 효성하이드로젠",액화수소 생산·운송 및 충전소 구축·운영,2021-09-15,2026-08-11
15145229,한국산업기술진흥원 특례부여현황(산업융합 규제샌드박스),,284,주식회사 애드,자기소유 자동차 활용 옥외광고,2021-09-15,2026-08-11
15145229,한국산업기술진흥원 특례부여현황(산업융합 규제샌드박스),,285,한국자동차연구원,충방전 모사장치용 수소충전소 구축운영,2021-09-15,2026-08-11
15145229,한국산업기술진흥원 특례부여현황(산업융합 규제샌드박스),,286,(주)사운드그래프,AI 안면인식 기술활용 디지털 사이니지,2021-09-15,2026-08-11
15145229,한국산업기술진흥원 특례부여현황(산업융합 규제샌드박스),,287,(주)디자인하는사람들,자기소유 자동차 활용 옥외광고,2021-09-15,2026-08-11
15145229,한국산업기술진흥원 특례부여현황(산업융합 규제샌드박스),,288,하이창원,액화수소 생산·운송 및 충전소 구축·운영,2021-09-15,2026-08-11
15145229,한국산업기술진흥원 특례부여현황(산업융합 규제샌드박스),,289,(주)엠투파워,ESS 활용 축전식 냉난방설비,2021-09-15,2026-08-11
15145229,한국산업기술진흥원 특례부여현황(산업융합 규제샌드박스),,290,SK지오센트릭/SK에너지,폐플라스틱 열분해정제유의 석유·화학 공정 원료화,2021-09-15,2026-08-11
15145229,한국산업기술진흥원 특례부여현황(산업융합 규제샌드박스),,291,지에스칼텍스 ㈜,폐플라스틱 열분해정제유의 석유·화학 공정 원료화,2021-09-15,2026-08-11
15145229,한국산업기술진흥원 특례부여현황(산업융합 규제샌드박스),,292,"에스케이이엔에스(주), 아이지이(주)",액화수소 생산·운송 및 충전소 구축·운영,2021-09-15,2026-08-11
15145229,한국산업기술진흥원 특례부여현황(산업융합 규제샌드박스),,293,휴림로봇(주),인공지능 실내외 자율주행 로봇,2021-07-29,2026-08-11
15145229,한국산업기술진흥원 특례부여현황(산업융합 규제샌드박스),,294,우진기전,"수소열차 개발을 위한 수소충전소 구축, 운영",2021-07-29,2026-08-11
15145229,한국산업기술진흥원 특례부여현황(산업융합 규제샌드박스),,295,SK텔레콤(주),에너지 셰어카를 활용한 이동형 전력 공급 서비스,2021-07-29,2026-08-11
15145229,한국산업기술진흥원 특례부여현황(산업융합 규제샌드박스),,296,포르쉐 코리아,자동차 전자제어장치 무선 업데이트 서비스,2021-07-29,2026-08-11
15145229,한국산업기술진흥원 특례부여현황(산업융합 규제샌드박스),,297,한국도로공사,휴게소 식당 주방 공유를 통한 청년창업 매장,2021-07-29,2026-08-11
15145229,한국산업기술진흥원 특례부여현황(산업융합 규제샌드박스),,298,두산중공업,국산가스터빈 성능시험공장 구축 및 운영,2021-05-31,2026-08-11
15145229,한국산업기술진흥원 특례부여현황(산업융합 규제샌드박스),,299,(주)대경엔지니어링,V2G 양방향 급속 전기차충전기,2021-05-31,2026-08-11
15145229,한국산업기술진흥원 특례부여현황(산업융합 규제샌드박스),,300,동화프라임주식회사,셀프 LPG 주유소,2021-05-31,2026-08-11
15145229,한국산업기술진흥원 특례부여현황(산업융합 규제샌드박스),,301,비엠더블유코리아,자동차 전자제어장치 무선 업데이트 서비스,2021-05-31,2026-08-11
15145229,한국산업기술진흥원 특례부여현황(산업융합 규제샌드박스),,302,볼보트럭코리아,자동차 전자제어장치 무선 업데이트 서비스,2021-05-31,2026-08-11
15145229,한국산업기술진흥원 특례부여현황(산업융합 규제샌드박스),,303,보스웰코리아(주),자동차 플로팅 휠커버 활용 광고서비스,2021-05-31,2026-08-11
15145229,한국산업기술진흥원 특례부여현황(산업융합 규제샌드박스),,304,미체코스메틱,공유미용실 서비스,2021-03-11,2026-08-11
15145229,한국산업기술진흥원 특례부여현황(산업융합 규제샌드박스),,305,(주)이브이글로벌,신재생에너지발전과 ESS를 접목한 전기차 충전서비스,2021-03-11,2026-08-11
15145229,한국산업기술진흥원 특례부여현황(산업융합 규제샌드박스),,306,아람휴비스㈜,개인 맞춤 화장품,2021-03-11,2026-08-11
15145229,한국산업기술진흥원 특례부여현황(산업융합 규제샌드박스),,307,서울특별시,도심지역 수소충전소,2021-03-11,2026-08-11
15145229,한국산업기술진흥원 특례부여현황(산업융합 규제샌드박스),,308,(주)이진뷰티,공유미용실 서비스,2021-03-11,2026-08-11
15145229,한국산업기술진흥원 특례부여현황(산업융합 규제샌드박스),,309,㈜리걸인사이트,혼유 사고 방지 서비스,2021-03-11,2026-08-11
15145229,한국산업기술진흥원 특례부여현황(산업융합 규제샌드박스),,310,테슬라코리아 유한회사,자동차 전자제어 장치 무선업데이트 서비스(임시허가),2020-12-23,2026-08-11
15145229,한국산업기술진흥원 특례부여현황(산업융합 규제샌드박스),,311,르노삼성자동차,자동차 전자제어장치 무선업데이트 서비스,2020-12-23,2026-08-11
15145229,한국산업기술진흥원 특례부여현황(산업융합 규제샌드박스),,312,(주)피엠그로우,전기버스 배터리 리스 사업 및 리유즈 ESS 사업 실증,2020-12-23,2026-08-11
15145229,한국산업기술진흥원 특례부여현황(산업융합 규제샌드박스),,313,(주)퓨처살롱,공유미용실 실증을 위한 규제특례 신청,2020-12-23,2026-08-11
15145229,한국산업기술진흥원 특례부여현황(산업융합 규제샌드박스),,314,주식회사 오픈그룹,자기 소유 자동차 활용 옥외광고 중개 플랫폼,2020-12-23,2026-08-11
15145229,한국산업기술진흥원 특례부여현황(산업융합 규제샌드박스),,315,영화테크(주),사용후 배터리 재사용 ESS,2020-12-23,2026-08-11
15145229,한국산업기술진흥원 특례부여현황(산업융합 규제샌드박스),,316,한국전력공사,지능형 디지털 발전소(IDPP) 플랫폼,2020-10-19,2026-08-11
15145229,한국산업기술진흥원 특례부여현황(산업융합 규제샌드박스),,317,(주)마로로봇 테크,QR코드 인식 기반의 스마트 주차로봇 서비스,2020-10-19,2026-08-11
15145229,한국산업기술진흥원 특례부여현황(산업융합 규제샌드박스),,318,현대자동차,사용후 배터리 재활용 ESS 컨테이너,2020-10-19,2026-08-11
15145229,한국산업기술진흥원 특례부여현황(산업융합 규제샌드박스),,319,현대로템,수소전기트램 상용화를 위한 주행시험,2020-10-19,2026-08-11
15145229,한국산업기술진흥원 특례부여현황(산업융합 규제샌드박스),,320,창원산업진흥원,수송기계용 수소충전소,2020-10-19,2026-08-11
15145229,한국산업기술진흥원 특례부여현황(산업융합 규제샌드박스),,321,현대글로비스,전기택시 배터리 대여 및 사용후 배터리 활용 ESS 충전시스템,2020-10-19,2026-08-11
15145229,한국산업기술진흥원 특례부여현황(산업융합 규제샌드박스),,322,LS전선(주),플랫타입케이블 및 코드탈착형 멀티탭 등 배선기구,2020-10-19,2026-08-11
15145229,한국산업기술진흥원 특례부여현황(산업융합 규제샌드박스),,323,(주)필로시스헬스케어,개인맞춤형 건강기능식품 추천·판매 서비스,2020-08-27,2026-08-11
15145229,한국산업기술진흥원 특례부여현황(산업융합 규제샌드박스),,324,글람,디지털 사이니지 버스광고,2020-08-27,2026-08-11
15145229,한국산업기술진흥원 특례부여현황(산업융합 규제샌드박스),,325,아카이브코퍼레이션,공유미용실 서비스,2020-08-27,2026-08-11
15145229,한국산업기술진흥원 특례부여현황(산업융합 규제샌드박스),,326,㈜엔케이,수소저장용 고압대용량 복합재료 용기 실증사업,2020-04-27,2026-08-11
15145229,한국산업기술진흥원 특례부여현황(산업융합 규제샌드박스),,327,풀무원건강생활㈜,개인맞춤형 건강기능식품 추천·판매,2020-04-27,2026-08-11
15145229,한국산업기술진흥원 특례부여현황(산업융합 규제샌드박스),,328,㈜돔아일랜드,글램핑용 조립식 돔텐트,2020-04-27,2026-08-11
15145229,한국산업기술진흥원 특례부여현황(산업융합 규제샌드박스),,329,한국허벌라이브㈜,개인맞춤형 건강기능식품 추천·판매,2020-04-27,2026-08-11
15145229,한국산업기술진흥원 특례부여현황(산업융합 규제샌드박스),,330,한국암웨이㈜,개인맞춤형 건강기능식품 소분·판매,2020-04-27,2026-08-11
15145229,한국산업기술진흥원 특례부여현황(산업융합 규제샌드박스),,331,㈜빅썸,개인맞춤형 건강기능식품 소분·판매,2020-04-27,2026-08-11
15145229,한국산업기술진흥원 특례부여현황(산업융합 규제샌드박스),,332,동해기연㈜,소수력발전 시스템,2020-04-27,2026-08-11
15145229,한국산업기술진흥원 특례부여현황(산업융합 규제샌드박스),,333,삼성전자,정수·냉수·냉온수 업그레이드 가능 정수기,2020-04-27,2026-08-11
15145229,한국산업기술진흥원 특례부여현황(산업융합 규제샌드박스),,334,부동산포스,부동산 중개업소 창문을 이용한 양방향 디지털 사이니지,2020-04-27,2026-08-11
15145229,한국산업기술진흥원 특례부여현황(산업융합 규제샌드박스),,335,코스맥스엔비티㈜,개인맞춤형 건강기능식품 추천·판매,2020-04-27,2026-08-11
15145229,한국산업기술진흥원 특례부여현황(산업융합 규제샌드박스),,336,모노랩스,개인맞춤형 건강기능식품 추천·판매,2020-04-27,2026-08-11
15145229,한국산업기술진흥원 특례부여현황(산업융합 규제샌드박스),,337,아모레퍼시픽,개인맞춤형 건강기능식품 소분·판매,2020-04-27,2026-08-11
15145229,한국산업기술진흥원 특례부여현황(산업융합 규제샌드박스),,338,옴니시스템,소비자 선택권 확대를 위한 신전력 서비스 및 신재생에너지 공유공동체 전력서비스,2019-12-18,2026-08-11
15145229,한국산업기술진흥원 특례부여현황(산업융합 규제샌드박스),,339,한국도로공사(본사),휴게소 식당 주방 공유를 통한 청년 등 창업매장,2019-12-18,2026-08-11
15145229,한국산업기술진흥원 특례부여현황(산업융합 규제샌드박스),,340,SKTelecom,소비자 선택권 확대를 위한 신전력 서비스,2019-12-18,2026-08-11
15145229,한국산업기술진흥원 특례부여현황(산업융합 규제샌드박스),,341,㈜파란에너지,신재생에너지 공유 공동체 전력 서비스,2019-12-18,2026-08-11
15145229,한국산업기술진흥원 특례부여현황(산업융합 규제샌드박스),,342,㈜스프링클라우드,자율주행 셔틀버스 운행서비스,2019-12-18,2026-08-11
15145229,한국산업기술진흥원 특례부여현황(산업융합 규제샌드박스),,343,㈜로보티즈,실외 자율주행 로봇,2019-12-18,2026-08-11
15145229,한국산업기술진흥원 특례부여현황(산업융합 규제샌드박스),,344,한국도로공사(수도권본부),휴게소 식당 주방 공유를 통한 청년창업매장,2019-10-01,2026-08-11
15145229,한국산업기술진흥원 특례부여현황(산업융합 규제샌드박스),,345,충청에너지서비스㈜,AR·AI 기술접목드론을 활용한 도시가스배관 순회점검,2019-10-01,2026-08-11
15145229,한국산업기술진흥원 특례부여현황(산업융합 규제샌드박스),,346,LG전자㈜,가정용 수제맥주 제조기(LG 홈브루),2019-10-01,2026-08-11
15145229,한국산업기술진흥원 특례부여현황(산업융합 규제샌드박스),,347,㈜리사이클빈,커피찌꺼기를 활용한 버섯배지 생산,2019-10-01,2026-08-11
15145229,한국산업기술진흥원 특례부여현황(산업융합 규제샌드박스),,348,㈜풍년농장,계분 건조를 통한 동물복지 친환경 농장,2019-10-01,2026-08-11
15145229,한국산업기술진흥원 특례부여현황(산업융합 규제샌드박스),,349,선방,부동산 온/오프라인 광고 디지털사이니지,2019-10-01,2026-08-11
15145229,한국산업기술진흥원 특례부여현황(산업융합 규제샌드박스),,350,㈜픽셀디스플레이,모바일 안구굴절검사 서비스,2019-10-01,2026-08-11
15145229,한국산업기술진흥원 특례부여현황(산업융합 규제샌드박스),,351,㈜네오엘에프엔,휠체어 보조동력장치 서브키드,2019-07-10,2026-08-11
15145229,한국산업기술진흥원 특례부여현황(산업융합 규제샌드박스),,352,㈜케어젠,펩타이드 성분을 함유한 더말 필러(Dermal Filer),2019-07-10,2026-08-11
15145229,한국산업기술진흥원 특례부여현황(산업융합 규제샌드박스),,353,대영정보시스템㈜,라테아트 3D 프린터,2019-07-10,2026-08-11
15145229,한국산업기술진흥원 특례부여현황(산업융합 규제샌드박스),,354,위드케이㈜,융복합 냉온 동시 히트펌프 이용시스템,2019-07-10,2026-08-11
15145229,한국산업기술진흥원 특례부여현황(산업융합 규제샌드박스),,355,㈜올룰로,킥고잉(공유 퍼스널모빌리티 서비스),2019-07-10,2026-08-11
15145229,한국산업기술진흥원 특례부여현황(산업융합 규제샌드박스),,356,㈜매스아시아,공유 퍼스널 모빌리티 서비스,2019-07-10,2026-08-11
15145229,한국산업기술진흥원 특례부여현황(산업융합 규제샌드박스),,357,㈜비앤드코리아,스마트 면세품 인도 서비스,2019-04-29,2026-08-11
15145229,한국산업기술진흥원 특례부여현황(산업융합 규제샌드박스),,358,빅 픽쳐스,건설기계 교육을 위한 VR 시뮬레이터,2019-04-29,2026-08-11
15145229,한국산업기술진흥원 특례부여현황(산업융합 규제샌드박스),,359,㈜테라젠이텍스바이오연구소,DTC 유전자 검사 기반 비만 영양관리서비스,2019-04-29,2026-08-11
15145229,한국산업기술진흥원 특례부여현황(산업융합 규제샌드박스),,360,루씨엠㈜,의료기기(스마트AED) 판매,2019-04-29,2026-08-11
15145229,한국산업기술진흥원 특례부여현황(산업융합 규제샌드박스),,361,메디젠휴먼케어,DTC 유전자검사 기반 운동능력 예측 서비스,2019-04-29,2026-08-11
15145229,한국산업기술진흥원 특례부여현황(산업융합 규제샌드박스),,362,에이치디씨 아이콘트롤스㈜,통신케이블 활용 스마트 조명,2019-04-29,2026-08-11
15145229,한국산업기술진흥원 특례부여현황(산업융합 규제샌드박스),,363,㈜에이치투,태양광 연계 바나듐 레독스플로배터리 ESS,2019-04-29,2026-08-11
15145229,한국산업기술진흥원 특례부여현황(산업융합 규제샌드박스),,364,한국도로공사(수도권본부),휴게소 식당 주방 공유를 통한 청년창업 매장,2019-04-29,2026-08-11
15145229,한국산업기술진흥원 특례부여현황(산업융합 규제샌드박스),,365,㈜디엔에이링크,DTC 유전자분석 서비스 유용성 및 위험성 검증,2019-04-29,2026-08-11
15145229,한국산업기술진흥원 특례부여현황(산업융합 규제샌드박스),,366,㈜알에스케어 서비스,수동휠체어 전동보조키트,2019-02-27,2026-08-11
15145229,한국산업기술진흥원 특례부여현황(산업융합 규제샌드박스),,367,한국전력공사,전력데이터 공유센터 구축,2019-02-27,2026-08-11
15145229,한국산업기술진흥원 특례부여현황(산업융합 규제샌드박스),,368,정랩코스메틱㈜,프로바이오틱스 원료 화장품,2019-02-27,2026-08-11
15145229,한국산업기술진흥원 특례부여현황(산업융합 규제샌드박스),,369,엔에프,중앙집중식 산소발생시스템,2019-02-27,2026-08-11
15145229,한국산업기술진흥원 특례부여현황(산업융합 규제샌드박스),,370,한국전력공사,에너지마켓 플레이스,2019-02-27,2026-08-11
15145229,한국산업기술진흥원 특례부여현황(산업융합 규제샌드박스),,371,현대자동차,수소충전소(양재),2019-02-11,2026-08-11
15145229,한국산업기술진흥원 특례부여현황(산업융합 규제샌드박스),,372,현대자동차,수소충전소(탄천),2019-02-11,2026-08-11
15145229,한국산업기술진흥원 특례부여현황(산업융합 규제샌드박스),,373,㈜마크로젠,DTC 유전체 분석을 통한 앱기반 맞춤형 건강증진 서비스,2019-02-11,2026-08-11
15145229,한국산업기술진흥원 특례부여현황(산업융합 규제샌드박스),,374,제이지인더스트리㈜,디지털 사이니지 버스정보·광고플랫폼,2019-02-11,2026-08-11
15145229,한국산업기술진흥원 특례부여현황(산업융합 규제샌드박스),,375,현대자동차,도심지역 수소 충전소 설치 (국회),2019-02-11,2026-08-11
15145229,한국산업기술진흥원 특례부여현황(산업융합 규제샌드박스),,376,㈜차지인,전기차 충전용 과금형 콘센트,2019-02-11,2026-08-11
15145229,한국산업기술진흥원 특례부여현황(산업융합 규제샌드박스),,377,2tti,공유미용실 서비스,2026-04-02,2026-08-11
15145229,한국산업기술진흥원 특례부여현황(산업융합 규제샌드박스),,378,HD현대중공업,이동식 매니폴드 및 유연호스를 활용한 다수의 트럭에 고정된 탱크에서 선박으로의 LPG 충전,2026-04-02,2026-08-11
15145229,한국산업기술진흥원 특례부여현황(산업융합 규제샌드박스),,379,KW인터내셔널,수소저장합금 저장시스템을 적용한 실내 물류용 수소지게차 실증 및 저압 수소충전소 실증,2026-04-02,2026-08-11
15145229,한국산업기술진흥원 특례부여현황(산업융합 규제샌드박스),,380,Mt. H콘트롤밸브,액화수소 밸브 상용화를 위한 성능 실증,2025-12-29,2026-08-11
15145229,한국산업기술진흥원 특례부여현황(산업융합 규제샌드박스),,381,가르베오(garbeo),반려동물 동반출입 음식점,2025-09-25,2026-08-11
15145229,한국산업기술진흥원 특례부여현황(산업융합 규제샌드박스),,382,"강원TP, 디앨",액화수소 신뢰성 평가 센터 내 액화수소 공급 회수 및 재액화 설비 실증,2025-09-25,2026-08-11
15145229,한국산업기술진흥원 특례부여현황(산업융합 규제샌드박스),,383,"고등기술연구원연구조합, 한국핵융합에너지연구원",고순도 청록수소 생산용 플라즈마 기반 수소추출설비 실증,2025-12-29,2026-08-11
15145229,한국산업기술진흥원 특례부여현황(산업융합 규제샌드박스),,384,교원프라퍼티 키녹,반려동물 사료 즉석조리판매 서비스,2026-04-02,2026-08-11
15145229,한국산업기술진흥원 특례부여현황(산업융합 규제샌드박스),,385,글림,공유미용실 서비스,2025-12-29,2026-08-11
15145229,한국산업기술진흥원 특례부여현황(산업융합 규제샌드박스),,386,금수연남,반려동물 동반출입 음식점,2025-12-29,2026-08-11
15145229,한국산업기술진흥원 특례부여현황(산업융합 규제샌드박스),,387,"나이스지니데이타, 그레타, 나이스평가정보, 삼성카드",신용·결제 분야 AI 활용 활성화를 위한 합성데이터 생성 및 제공,2025-12-29,2026-08-11
15145229,한국산업기술진흥원 특례부여현황(산업융합 규제샌드박스),,388,"다오솔루션, 비씨앤컴퍼니, 연세대학교 치과대학병원",합성데이터를 활용한 개인 맞춤형 치과 AI 시뮬레이션 서비스,2026-04-02,2026-08-11
15145229,한국산업기술진흥원 특례부여현황(산업융합 규제샌드박스),,389,당진자연세계영농조합법인,가축분뇨를 산소가 제한된 조건하에 350~600℃이상의 고온으로 열분해하여 바이오차를 제조하는 생산설비 실증,2026-05-26,2026-08-11
15145229,한국산업기술진흥원 특례부여현황(산업융합 규제샌드박스),,390,"대한엘피지협회, (주)청해진주유소, 신일충전소, 미래LPG충전소, 에스케이(SK)지산 LPG충전소",농어촌·도서산간 LPG 셀프 간이충전소 실증,2025-12-29,2026-08-11
15145229,한국산업기술진흥원 특례부여현황(산업융합 규제샌드박스),,391,더얼론,공유미용실 서비스,2025-12-29,2026-08-11
15145229,한국산업기술진흥원 특례부여현황(산업융합 규제샌드박스),,392,더존비앤씨티,반려동물 동반출입 음식점,2025-09-25,2026-08-11
15145229,한국산업기술진흥원 특례부여현황(산업융합 규제샌드박스),,393,"덕산에테르씨티 주식회사, 하이스원 주식회사",대용량 수소운송을 위한 Type4 수소저장용기 실증,2025-09-25,2026-08-11
15145229,한국산업기술진흥원 특례부여현황(산업융합 규제샌드박스),,394,도그캠프 김포점,반려동물 동반출입 음식점,2025-09-25,2026-08-11
15145229,한국산업기술진흥원 특례부여현황(산업융합 규제샌드박스),,395,"디와이이노베이트, 긱토이브이",전기자동차 충전과 화재진압이 가능한 독립형 기계식 주차타워,2025-09-25,2026-08-11
15145229,한국산업기술진흥원 특례부여현황(산업융합 규제샌드박스),,396,로보티즈AI,자율주행 실외이동로봇을 활용한 옥외광고 서비스,2026-04-02,2026-08-11
15145229,한국산업기술진흥원 특례부여현황(산업융합 규제샌드박스),,397,로이드인증원,민간참여형 식품안전관리시스템,2025-12-29,2026-08-11
15145229,한국산업기술진흥원 특례부여현황(산업융합 규제샌드박스),,398,루디아,공유미용실 서비스,2026-05-26,2026-08-11
15145229,한국산업기술진흥원 특례부여현황(산업융합 규제샌드박스),,399,리블링코코,반려동물 동반출입 음식점,2025-09-25,2026-08-11
15145229,한국산업기술진흥원 특례부여현황(산업융합 규제샌드박스),,400,리안헤어블랙압구정로데오,공유미용실 서비스,2025-12-29,2026-08-11
15145229,한국산업기술진흥원 특례부여현황(산업융합 규제샌드박스),,401,머즈헤어,공유미용실 서비스,2025-12-29,2026-08-11
15145229,한국산업기술진흥원 특례부여현황(산업융합 규제샌드박스),,402,"모아소프트, 한화에어로스페이스",항공기용 수소연료전지 개발 및 수소연료전지 항공기 실증,2026-04-02,2026-08-11
15145229,한국산업기술진흥원 특례부여현황(산업융합 규제샌드박스),,403,미랑컬헤어 상동점,공유미용실 서비스,2025-12-29,2026-08-11
15145229,한국산업기술진흥원 특례부여현황(산업융합 규제샌드박스),,404,바이오프렌즈,DC플라즈마 방식의 열분해 수소추출시스템 개발과 실증,2025-12-29,2026-08-11
15145229,한국산업기술진흥원 특례부여현황(산업융합 규제샌드박스),,405,"바이젠셀, 가톨릭대학교 여의도성모병원",VT-EBV-N(자가 EBV 특이 세포독성 T 세포치료제)을 이용한 첨단재생의료 치료,2026-05-26,2026-08-11
15145229,한국산업기술진흥원 특례부여현황(산업융합 규제샌드박스),,406,반려담카페,반려동물 동반출입 음식점,2025-09-25,2026-08-11
15145229,한국산업기술진흥원 특례부여현황(산업융합 규제샌드박스),,407,블루댕댕,반려동물 동반출입 음식점,2025-09-25,2026-08-11
15145229,한국산업기술진흥원 특례부여현황(산업융합 규제샌드박스),,408,비글린,공유미용실 서비스,2025-12-29,2026-08-11
15145229,한국산업기술진흥원 특례부여현황(산업융합 규제샌드박스),,409,비에스아이그룹코리아,민간참여형 식품안전관리시스템,2025-12-29,2026-08-11
15145229,한국산업기술진흥원 특례부여현황(산업융합 규제샌드박스),,410,"삼성물산㈜, 한국수력원자력㈜, 주식회사 테크로스",무탄소 전력연계 청정수소 생산 알칼라인 수전해설비,2025-09-25,2026-08-11
15145229,한국산업기술진흥원 특례부여현황(산업융합 규제샌드박스),,411,삼식당,반려동물 동반출입 음식점,2025-12-29,2026-08-11
15145229,한국산업기술진흥원 특례부여현황(산업융합 규제샌드박스),,412,삼청동,반려동물 동반출입 음식점,2025-12-29,2026-08-11
15145229,한국산업기술진흥원 특례부여현황(산업융합 규제샌드박스),,413,샬롱드비바체,공유미용실 서비스,2026-04-02,2026-08-11
15145229,한국산업기술진흥원 특례부여현황(산업융합 규제샌드박스),,414,"선박해양플랜트연구소, 강림중공업, 이앤코",LCO2 및 메탄올 교차 저장이 가능한 이종화물화물창 및 적하역시스템개발,2026-05-26,2026-08-11
15145229,한국산업기술진흥원 특례부여현황(산업융합 규제샌드박스),,415,솔타메디컬코리아,의료용 냉각가스 접합용기 수입·판매 및 사용 실증,2026-05-26,2026-08-11
15145229,한국산업기술진흥원 특례부여현황(산업융합 규제샌드박스),,416,수완손으로완성하다,공유미용실 서비스,2026-05-26,2026-08-11
15145229,한국산업기술진흥원 특례부여현황(산업융합 규제샌드박스),,417,쉐어에비뉴,공유미용실 서비스,2026-04-02,2026-08-11
15145229,한국산업기술진흥원 특례부여현황(산업융합 규제샌드박스),,418,시스톤,공유미용실 서비스,2026-04-02,2026-08-11
15145229,한국산업기술진흥원 특례부여현황(산업융합 규제샌드박스),,419,아르데이지 정자역점,공유미용실 서비스,2026-04-02,2026-08-11
15145229,한국산업기술진흥원 특례부여현황(산업융합 규제샌드박스),,420,아우어루꼴라,반려동물 동반출입 음식점,2025-09-25,2026-08-11
15145229,한국산업기술진흥원 특례부여현황(산업융합 규제샌드박스),,421,앤에스에프코리아,민간참여형 식품안전관리시스템,2025-12-29,2026-08-11
15145229,한국산업기술진흥원 특례부여현황(산업융합 규제샌드박스),,422,"에스와이엠헬스케어, 길의료재단",합성데이터를 활용한 AI 근골격계 질환 재활 운동처방 솔루션,2026-04-02,2026-08-11
15145229,한국산업기술진흥원 특례부여현황(산업융합 규제샌드박스),,423,"에이로봇, 알피티㈜",AI 탑재 이족보행 휴머노이드 로봇의 산업현장 실증,2025-09-25,2026-08-11
15145229,한국산업기술진흥원 특례부여현황(산업융합 규제샌드박스),,424,에이치디하이드로젠 주식회사,연료전지의 출하 전 자체검사 중 발생 전력의 자가사용,2025-12-29,2026-08-11
15145229,한국산업기술진흥원 특례부여현황(산업융합 규제샌드박스),,425,에이치디현대미포 주식회사,차량에 탑재된 탱크에서 선박으로 액화 이산화탄소 충전,2025-09-25,2026-08-11
15145229,한국산업기술진흥원 특례부여현황(산업융합 규제샌드박스),,426,에이치와이유니버스,공유미용실 서비스,2025-12-29,2026-08-11
15145229,한국산업기술진흥원 특례부여현황(산업융합 규제샌드박스),,427,엠에스바이오텍,융복합 건강기능식품,2025-12-29,2026-08-11
15145229,한국산업기술진흥원 특례부여현황(산업융합 규제샌드박스),,428,엠에프지코리아,반려동물 사료 즉석조리판매 서비스,2025-12-29,2026-08-11
15145229,한국산업기술진흥원 특례부여현황(산업융합 규제샌드박스),,429,오던(ODERN),반려동물 동반출입 음식점,2025-09-25,2026-08-11
15145229,한국산업기술진흥원 특례부여현황(산업융합 규제샌드박스),,430,오라베이커리,반려동물 동반출입 음식점,2025-09-25,2026-08-11
15145229,한국산업기술진흥원 특례부여현황(산업융합 규제샌드박스),,431,오렌지헤어,공유미용실 서비스,2025-12-29,2026-08-11
15145229,한국산업기술진흥원 특례부여현황(산업융합 규제샌드박스),,432,"오르노 마포본점, 목동점, 합정점",반려동물 사료 즉석조리판매 서비스,2026-04-02,2026-08-11
15145229,한국산업기술진흥원 특례부여현황(산업융합 규제샌드박스),,433,오피케이컴퍼니,반려동물 사료 즉석조리판매 서비스,2026-04-02,2026-08-11
15145229,한국산업기술진흥원 특례부여현황(산업융합 규제샌드박스),,434,위드무브,배달 오토바이와 소상공인을 잇는 광고 플랫폼,2026-04-02,2026-08-11
15145229,한국산업기술진흥원 특례부여현황(산업융합 규제샌드박스),,435,이노플레이스,공유미용실 서비스,2026-04-02,2026-08-11
15145229,한국산업기술진흥원 특례부여현황(산업융합 규제샌드박스),,436,제임스아르더2,공유미용실 서비스,2026-05-26,2026-08-11
15145229,한국산업기술진흥원 특례부여현황(산업융합 규제샌드박스),,437,㈜보나비,반려동물 동반출입 음식점,2025-09-25,2026-08-11
15145229,한국산업기술진흥원 특례부여현황(산업융합 규제샌드박스),,438,주식회사 네오켄바이오,의료용 헴프 산업화 실증,2025-09-25,2026-08-11
15145229,한국산업기술진흥원 특례부여현황(산업융합 규제샌드박스),,439,주식회사 라이브엑스,공유미용실 서비스,2025-09-25,2026-08-11
15145229,한국산업기술진흥원 특례부여현황(산업융합 규제샌드박스),,440,주식회사 마바산업,소형화물차 및 소형승합차를 활용한 디지털사이니지 광고 서비스,2025-09-25,2026-08-11
15145229,한국산업기술진흥원 특례부여현황(산업융합 규제샌드박스),,441,주식회사 스토리나인웍스,반려동물 동반출입 음식점,2025-09-25,2026-08-11
15145229,한국산업기술진흥원 특례부여현황(산업융합 규제샌드박스),,442,"주식회사 지씨셀, 건양대학교병원",재발·불응성 유방암의 첨단재생의료 임상연구,2025-09-25,2026-08-11
15145229,한국산업기술진흥원 특례부여현황(산업융합 규제샌드박스),,443,"주식회사 지씨셀, 연세대학교 의료원",재발·불응성 위암/위식도접합부암의 첨단재생의료 임상연구,2025-09-25,2026-08-11
15145229,한국산업기술진흥원 특례부여현황(산업융합 규제샌드박스),,444,주식회사 큐빅,마케팅 전략 기획분야 AI활용 활성화를 위한 합성데이터 생성 및 제공,2025-12-29,2026-08-11
15145229,한국산업기술진흥원 특례부여현황(산업융합 규제샌드박스),,445,주식회사 펫피플,펫시터와 반려동물 소유주간 연계 서비스 플랫폼,2025-09-25,2026-08-11
15145229,한국산업기술진흥원 특례부여현황(산업융합 규제샌드박스),,446,"㈜아이브이에이치, 동국대학교 산학협력단, 한국도로교통공단",자율주행분야 AI 활용 활성화를 위한 합성데이터 생성·제공,2025-09-25,2026-08-11
15145229,한국산업기술진흥원 특례부여현황(산업융합 규제샌드박스),,447,㈜엠에프지코리아,반려동물 동반출입 음식점,2025-09-25,2026-08-11
15145229,한국산업기술진흥원 특례부여현황(산업융합 규제샌드박스),,448,㈜코밸,액화수소 이송·저장 시스템용 극저온 밸브 실증,2025-09-25,2026-08-11
15145229,한국산업기술진흥원 특례부여현황(산업융합 규제샌드박스),,449,㈜풀무원헬스케어,융복합 건강기능식품,2026-04-02,2026-08-11
15145229,한국산업기술진흥원 특례부여현황(산업융합 규제샌드박스),,450,㈜한화오션,액화수소 운반선용 저장탱크 화물운용시스템 실증,2025-09-25,2026-08-11
15145229,한국산업기술진흥원 특례부여현황(산업융합 규제샌드박스),,451,케이에스에너택,열경화성 플라스틱 포함 혼합 재생원료 고온 가스화 기반 수소 생산시스템,2026-04-02,2026-08-11
15145229,한국산업기술진흥원 특례부여현황(산업융합 규제샌드박스),,452,쿤짱,반려동물 동반출입 음식점,2025-09-25,2026-08-11
15145229,한국산업기술진흥원 특례부여현황(산업융합 규제샌드박스),,453,큐서트코리아,민간참여형 식품안전관리시스템,2025-12-29,2026-08-11
15145229,한국산업기술진흥원 특례부여현황(산업융합 규제샌드박스),,454,키슬,반려동물 동반출입 음식점,2025-09-25,2026-08-11
15145229,한국산업기술진흥원 특례부여현황(산업융합 규제샌드박스),,455,타운즈,유휴상태의 개인·기업·공공기관 소유의 캠핑카를 모바일 플랫폼을 통해 일반 사용자에게 중개하는 서비스,2026-05-26,2026-08-11
15145229,한국산업기술진흥원 특례부여현황(산업융합 규제샌드박스),,456,토리,반려동물 동반출입 음식점,2025-09-25,2026-08-11
15145229,한국산업기술진흥원 특례부여현황(산업융합 규제샌드박스),,457,파비에앤카페파우,반려동물 동반출입 음식점,2025-12-29,2026-08-11
15145229,한국산업기술진흥원 특례부여현황(산업융합 규제샌드박스),,458,파이온일렉트릭,주유소 내 태양광발전과 ESS설치를 통한 전기차 충전서비스,2025-12-29,2026-08-11
15145229,한국산업기술진흥원 특례부여현황(산업융합 규제샌드박스),,459,퍼피라떼,반려동물 동반출입 음식점,2025-09-25,2026-08-11
15145229,한국산업기술진흥원 특례부여현황(산업융합 규제샌드박스),,460,포우릿지,반려동물 동반출입 음식점,2025-09-25,2026-08-11
15145229,한국산업기술진흥원 특례부여현황(산업융합 규제샌드박스),,461,프롬마벨,공유미용실 서비스,2026-04-02,2026-08-11
15145229,한국산업기술진흥원 특례부여현황(산업융합 규제샌드박스),,462,프링커코리아 주식회사,AI 데이터 분석 기능을 활용한 색조 화장품 프린트 서비스,2025-09-25,2026-08-11
15145229,한국산업기술진흥원 특례부여현황(산업융합 규제샌드박스),,463,피27,공유미용실 서비스,2025-12-29,2026-08-11
15145229,한국산업기술진흥원 특례부여현황(산업융합 규제샌드박스),,464,하삼동커피 해운대아이파크점,반려동물 동반출입 음식점,2025-12-29,2026-08-11
15145229,한국산업기술진흥원 특례부여현황(산업융합 규제샌드박스),,465,한국가스기술공사,수소전기트램용 수소충전소 구축운영,2025-12-29,2026-08-11
15145229,한국산업기술진흥원 특례부여현황(산업융합 규제샌드박스),,466,한국건설기계연구원,수소저장합금 저장시스템을 적용한 실내 물류용 수소지게차 실증 및 저압 수소충전소 실증,2026-04-02,2026-08-11
15145229,한국산업기술진흥원 특례부여현황(산업융합 규제샌드박스),,467,한국석유관리원,수소튜브트레일러를 이용한 수소 유통 활성화 사업,2025-09-25,2026-08-11
15145229,한국산업기술진흥원 특례부여현황(산업융합 규제샌드박스),,468,한국수자원공사,수상태양광 부유식 수상전기실 및 Solid State Transformer(SST) 전력변환 장치,2025-12-29,2026-08-11
15145229,한국산업기술진흥원 특례부여현황(산업융합 규제샌드박스),,469,한국알앤드디컨소시엄,LPG 벌크로리를 활용한 LPG연료추진 선박 충전 실증,2025-09-25,2026-08-11
15145229,한국산업기술진흥원 특례부여현황(산업융합 규제샌드박스),,470,한국인터텍테스팅서비스,민간참여형 식품안전관리시스템,2025-12-29,2026-08-11
15145229,한국산업기술진흥원 특례부여현황(산업융합 규제샌드박스),,471,"한국자동차연구원, 현대로템, 덕산에테르씨티, 기아",이동형 수소 충전 전술차량의 운용 실증,2025-12-29,2026-08-11
15145229,한국산업기술진흥원 특례부여현황(산업융합 규제샌드박스),,472,한국조선해양기자재연구원,액화수소 활용 선박 기자재 및 인수 기지 기자재 실증설비 구축,2026-05-26,2026-08-11
15145229,한국산업기술진흥원 특례부여현황(산업융합 규제샌드박스),,473,한국철도태양광발전사업㈜,철도 태양광 발전 사업,2025-09-25,2026-08-11
15145229,한국산업기술진흥원 특례부여현황(산업융합 규제샌드박스),,474,"한국항공우주연구원, 주식회사 엘켐텍",수전해 시스템을 활용한 산소발생장치의 해저공간 플랫폼 적용 및 실증,2025-09-25,2026-08-11
15145229,한국산업기술진흥원 특례부여현황(산업융합 규제샌드박스),,475,"한빛에코텍, 친환경우리소영농조합",가축분뇨를 활용한 바이오차 생산 설비,2025-09-25,2026-08-11
15145229,한국산업기술진흥원 특례부여현황(산업융합 규제샌드박스),,476,한화오션㈜,무인잠수정용 수소연료전지 개발·실증,2025-09-25,2026-08-11
15145229,한국산업기술진흥원 특례부여현황(산업융합 규제샌드박스),,477,힐브리즈,반려동물 동반출입 음식점,2025-09-25,2026-08-11
