collected,title,source,ministry,scope,deadline,url,areas,program_code,program_name,program_ministry,program_budget_2026,program_score
2026-09-29,[대구] 2026년 대구콘텐츠코리아랩 대구 크리에이티브 살롱(전시팝업) 참가자 추가 모집 공고,문화체육관광부,문화체육관광부,대구 한정,2026-09-30,https://www.bizinfo.go.kr/sii/siia/selectSIIA200Detail.do?pblancId=PBLN_000000000126807,,,,,,
2026-09-29,2026년 하반기 산청군 단체관광객 유치 인센티브 지원 공고,경상남도,경상남도,전국,,https://www.bizinfo.go.kr/sii/siia/selectSIIA200Detail.do?pblancId=PBLN_000000000126818,,,,,,
2026-09-29,2026년 딥테크 챌린지 프로젝트 기술도전형 제2차 기술수요조사 시행계획 공고,중소벤처기업부,중소벤처기업부,전국,2026-11-13,https://www.bizinfo.go.kr/sii/siia/selectSIIA200Detail.do?pblancId=PBLN_000000000126812,ai-sw-startup,,,,,
2026-09-29,2026년 소방산업 해외인증획득 지원(고비용) 공고,소방청,소방청,전국,2026-10-31,https://www.bizinfo.go.kr/sii/siia/selectSIIA200Detail.do?pblancId=PBLN_000000000126810,automotive,,,,,
2026-09-29,2026년 대한민국 ICT 대상 표창 수여계획 추가 공고,과학기술정보통신부,과학기술정보통신부,전국,2026-10-13,https://www.bizinfo.go.kr/sii/siia/selectSIIA200Detail.do?pblancId=PBLN_000000000126792,ai-sw-startup;automotive,,,,,
2026-09-29,2026년 제2차 고용노동부 예비사회적기업 지정 계획 공고,고용노동부,고용노동부,전국,2026-11-06,https://www.bizinfo.go.kr/sii/siia/selectSIIA200Detail.do?pblancId=PBLN_000000000126791,,,,,,
2026-09-29,2027년 미국 피닉스 반도체 산업 전시회 (Semicon West) 한국관 참가기업 모집 공고,산업통상부,산업통상부,전국,2026-10-15,https://www.bizinfo.go.kr/sii/siia/selectSIIA200Detail.do?pblancId=PBLN_000000000126790,semiconductor;automotive,,,,,
2026-09-29,2026년 스마트제조혁신 유공 포상 후보자 모집 연장 공고,중소벤처기업부,중소벤처기업부,전국,2026-10-02,https://www.bizinfo.go.kr/sii/siia/selectSIIA200Detail.do?pblancId=PBLN_000000000126789,robot-physical-ai;manufacturing-ax;ai-sw-startup,,,,,
2026-09-29,2026년 한미조선해양 비즈니스 파트너십 뉴올리언스 참가기업 모집 공고,산업통상부,산업통상부,전국,2026-10-02,https://www.bizinfo.go.kr/sii/siia/selectSIIA200Detail.do?pblancId=PBLN_000000000126782,automotive,,,,,
2026-09-29,2026년 대전 웰컴 스테이 지원사업 참가기업 모집 공고,대전광역시,대전광역시,전국,2026-10-05,https://www.bizinfo.go.kr/sii/siia/selectSIIA200Detail.do?pblancId=PBLN_000000000126779,ai-sw-startup,,,,,
2026-09-29,2026년 하반기 인천 단체관광객 유치 인센티브제 운영 공고,인천광역시,인천광역시,전국,2026-12-31,https://www.bizinfo.go.kr/sii/siia/selectSIIA200Detail.do?pblancId=PBLN_000000000126743,,,,,,
2026-09-29,[대구] 2026년 5차 대학-기업 공동 기술ㆍ제품 기획 지원 과제 기업 모집 공고,교육부,교육부,대구 한정,2026-10-15,https://www.bizinfo.go.kr/sii/siia/selectSIIA200Detail.do?pblancId=PBLN_000000000126847,mobility;robot-physical-ai;semiconductor;healthcare;ai-sw-startup,,,,,
2026-09-29,[대구] 2026년 중구청년창업축제 청년파크: 함께 내일! 참가 청년창업기업 모집 공고,대구광역시,대구광역시,대구 한정,2026-10-13,https://www.bizinfo.go.kr/sii/siia/selectSIIA200Detail.do?pblancId=PBLN_000000000126838,ai-sw-startup,,,,,
2026-09-29,[대구] 2026년 대경권 광역이음프로젝트 청년 Tech-Up 인재양성 참여기업 상시모집 공고,대구광역시,대구광역시,대구 한정,,https://www.bizinfo.go.kr/sii/siia/selectSIIA200Detail.do?pblancId=PBLN_000000000126831,mobility;automotive,,,,,
2026-09-29,1단계 1차년도 e-다목적차량 주행안정성 성능평가 기반구축 사업 기업 모집 2차 공고(미래차 탑재모듈 상용화 기반구축),산업통상부,산업통상부,전국,2026-10-07,https://www.bizinfo.go.kr/sii/siia/selectSIIA200Detail.do?pblancId=PBLN_000000000126849,mobility;automotive,,,,,
2026-09-29,2026년 3차 경북 TIPS(기술창업) 지원프로그램 운영사업 TIPS 후보기업 모집 연장공고,경상북도,경상북도,전국,2026-10-02,https://www.bizinfo.go.kr/sii/siia/selectSIIA200Detail.do?pblancId=PBLN_000000000126843,ai-sw-startup,,,,,
2026-09-29,2026년 농식품 데이터 활용 컨설팅 지원사업 추가모집 공고,농림축산식품부,농림축산식품부,전국,2026-10-12,https://www.bizinfo.go.kr/sii/siia/selectSIIA200Detail.do?pblancId=PBLN_000000000126842,ai-sw-startup,,,,,
2026-09-29,싱가포르 현지 진출 지원 국내 블록체인 기업 모집 공고,과학기술정보통신부,과학기술정보통신부,전국,2026-10-08,https://www.bizinfo.go.kr/sii/siia/selectSIIA200Detail.do?pblancId=PBLN_000000000126841,ai-sw-startup;automotive,,,,,
2026-09-29,2026년 AI 기반 바이오 소재 융복합 제품의 정보분석 및 특허 창출 지원 사업 수혜기업 모집 공고,산업통상부,산업통상부,전국,2026-11-30,https://www.bizinfo.go.kr/sii/siia/selectSIIA200Detail.do?pblancId=PBLN_000000000126833,healthcare;ai-sw-startup,,,,,
2026-09-29,2027년 수산업ㆍ어촌발전 유공 포상 추천대상자 모집 공고,해양수산부,해양수산부,전국,2026-11-06,https://www.bizinfo.go.kr/sii/siia/selectSIIA200Detail.do?pblancId=PBLN_000000000126829,,,,,,
2026-09-29,2026년 하반기 이집트 전력기자재 온라인 수출상담회 공고,산업통상부,산업통상부,전국,2026-10-07,https://www.bizinfo.go.kr/sii/siia/selectSIIA200Detail.do?pblancId=PBLN_000000000126828,automotive,,,,,
2026-09-29,2026년 강원 미래모빌리티 기업지원 프로그램 모집 통합 공고,산업통상부,산업통상부,전국,2026-10-13,https://www.bizinfo.go.kr/sii/siia/selectSIIA200Detail.do?pblancId=PBLN_000000000126827,mobility,,,,,
