PRD_DE,ITM_NM,C1_NM,C2_NM,C3_NM,C4_NM,DT,UNIT_NM
2014,명목,대구광역시,지역내총생산에대한지출,,,52255184,백만원 %p
2015,명목,대구광역시,지역내총생산에대한지출,,,56003260,백만원 %p
2016,명목,대구광역시,지역내총생산에대한지출,,,57550511,백만원 %p
2017,명목,대구광역시,지역내총생산에대한지출,,,59404957,백만원 %p
2018,명목,대구광역시,지역내총생산에대한지출,,,60778388,백만원 %p
2019,명목,대구광역시,지역내총생산에대한지출,,,62510363,백만원 %p
2020,명목,대구광역시,지역내총생산에대한지출,,,62597844,백만원 %p
2021,명목,대구광역시,지역내총생산에대한지출,,,66531828,백만원 %p
2022,명목,대구광역시,지역내총생산에대한지출,,,70327334,백만원 %p
2023,명목,대구광역시,지역내총생산에대한지출,,,72359049,백만원 %p
2024,명목,대구광역시,지역내총생산에대한지출,,,74524312,백만원 %p
2014,실질,대구광역시,지역내총생산에대한지출,,,57929076,백만원 %p
2015,실질,대구광역시,지역내총생산에대한지출,,,60132325,백만원 %p
2016,실질,대구광역시,지역내총생산에대한지출,,,60452128,백만원 %p
2017,실질,대구광역시,지역내총생산에대한지출,,,61561805,백만원 %p
2018,실질,대구광역시,지역내총생산에대한지출,,,62307884,백만원 %p
2019,실질,대구광역시,지역내총생산에대한지출,,,63321613,백만원 %p
2020,실질,대구광역시,지역내총생산에대한지출,,,62597844,백만원 %p
2021,실질,대구광역시,지역내총생산에대한지출,,,65647017,백만원 %p
2022,실질,대구광역시,지역내총생산에대한지출,,,67070053,백만원 %p
2023,실질,대구광역시,지역내총생산에대한지출,,,67161010,백만원 %p
2024,실질,대구광역시,지역내총생산에대한지출,,,66631619,백만원 %p
2014,실질기여도,대구광역시,지역내총생산에대한지출,,,2.7101622451,백만원 %p
2015,실질기여도,대구광역시,지역내총생산에대한지출,,,3.8033566201,백만원 %p
2016,실질기여도,대구광역시,지역내총생산에대한지출,,,0.5318315398,백만원 %p
2017,실질기여도,대구광역시,지역내총생산에대한지출,,,1.8356292266,백만원 %p
2018,실질기여도,대구광역시,지역내총생산에대한지출,,,1.2119190659,백만원 %p
2019,실질기여도,대구광역시,지역내총생산에대한지출,,,1.6269664803,백만원 %p
2020,실질기여도,대구광역시,지역내총생산에대한지출,,,-1.1430040808,백만원 %p
2021,실질기여도,대구광역시,지역내총생산에대한지출,,,4.8710511499,백만원 %p
2022,실질기여도,대구광역시,지역내총생산에대한지출,,,2.1677083636,백만원 %p
2023,실질기여도,대구광역시,지역내총생산에대한지출,,,0.135615833,백만원 %p
2024,실질기여도,대구광역시,지역내총생산에대한지출,,,-0.788242808,백만원 %p
2014,명목,대구광역시,최종소비지출,,,50687994,백만원 %p
2015,명목,대구광역시,최종소비지출,,,53095743,백만원 %p
2016,명목,대구광역시,최종소비지출,,,54999994,백만원 %p
2017,명목,대구광역시,최종소비지출,,,57217629,백만원 %p
2018,명목,대구광역시,최종소비지출,,,60226714,백만원 %p
2019,명목,대구광역시,최종소비지출,,,62151150,백만원 %p
2020,명목,대구광역시,최종소비지출,,,61063027,백만원 %p
2021,명목,대구광역시,최종소비지출,,,63989562,백만원 %p
2022,명목,대구광역시,최종소비지출,,,67571399,백만원 %p
2023,명목,대구광역시,최종소비지출,,,70331413,백만원 %p
2024,명목,대구광역시,최종소비지출,,,72157131,백만원 %p
2014,실질,대구광역시,최종소비지출,,,54969346,백만원 %p
2015,실질,대구광역시,최종소비지출,,,56705786,백만원 %p
2016,실질,대구광역시,최종소비지출,,,57948334,백만원 %p
2017,실질,대구광역시,최종소비지출,,,59081201,백만원 %p
2018,실질,대구광역시,최종소비지출,,,61364389,백만원 %p
2019,실질,대구광역시,최종소비지출,,,62690823,백만원 %p
2020,실질,대구광역시,최종소비지출,,,61063027,백만원 %p
2021,실질,대구광역시,최종소비지출,,,62616680,백만원 %p
2022,실질,대구광역시,최종소비지출,,,63410356,백만원 %p
2023,실질,대구광역시,최종소비지출,,,63959553,백만원 %p
2024,실질,대구광역시,최종소비지출,,,64317729,백만원 %p
2014,실질기여도,대구광역시,최종소비지출,,,2.1604030978,백만원 %p
2015,실질기여도,대구광역시,최종소비지출,,,3.0641840243,백만원 %p
2016,실질기여도,대구광역시,최종소비지출,,,2.0774576337,백만원 %p
2017,실질기여도,대구광역시,최종소비지출,,,1.8683205089,백만원 %p
2018,실질기여도,대구광역시,최종소비지출,,,3.7221994791,백만원 %p
2019,실질기여도,대구광역시,최종소비지출,,,2.1419488783,백만원 %p
2020,실질기여도,대구광역시,최종소비지출,,,-2.581624746,백만원 %p
2021,실질기여도,대구광역시,최종소비지출,,,2.4819592828,백만원 %p
2022,실질기여도,대구광역시,최종소비지출,,,1.2190826923,백만원 %p
2023,실질기여도,대구광역시,최종소비지출,,,0.83215866,백만원 %p
2024,실질기여도,대구광역시,최종소비지출,,,0.544312018,백만원 %p
2014,명목,대구광역시,민간최종소비지출,,,40122244,백만원 %p
2015,명목,대구광역시,민간최종소비지출,,,41813996,백만원 %p
2016,명목,대구광역시,민간최종소비지출,,,43179645,백만원 %p
2017,명목,대구광역시,민간최종소비지출,,,44650520,백만원 %p
2018,명목,대구광역시,민간최종소비지출,,,47078619,백만원 %p
2019,명목,대구광역시,민간최종소비지출,,,48198571,백만원 %p
2020,명목,대구광역시,민간최종소비지출,,,45968994,백만원 %p
2021,명목,대구광역시,민간최종소비지출,,,48157100,백만원 %p
2022,명목,대구광역시,민간최종소비지출,,,50910356,백만원 %p
2023,명목,대구광역시,민간최종소비지출,,,52807010,백만원 %p
2024,명목,대구광역시,민간최종소비지출,,,53857634,백만원 %p
2014,실질,대구광역시,민간최종소비지출,,,43180078,백만원 %p
2015,실질,대구광역시,민간최종소비지출,,,44358531,백만원 %p
2016,실질,대구광역시,민간최종소비지출,,,45213872,백만원 %p
2017,실질,대구광역시,민간최종소비지출,,,45856255,백만원 %p
2018,실질,대구광역시,민간최종소비지출,,,47818813,백만원 %p
2019,실질,대구광역시,민간최종소비지출,,,48549554,백만원 %p
2020,실질,대구광역시,민간최종소비지출,,,45968994,백만원 %p
2021,실질,대구광역시,민간최종소비지출,,,47132311,백만원 %p
2022,실질,대구광역시,민간최종소비지출,,,47699216,백만원 %p
2023,실질,대구광역시,민간최종소비지출,,,47872747,백만원 %p
2024,실질,대구광역시,민간최종소비지출,,,47913284,백만원 %p
2014,실질기여도,대구광역시,민간최종소비지출,,,1.3841444659,백만원 %p
2015,실질기여도,대구광역시,민간최종소비지출,,,2.0954858756,백만원 %p
2016,실질기여도,대구광역시,민간최종소비지출,,,1.4396947606,백만원 %p
2017,실질기여도,대구광역시,민간최종소비지출,,,1.0659870596,백만원 %p
2018,실질기여도,대구광역시,민간최종소비지출,,,3.2168275115,백만원 %p
2019,실질기여도,대구광역시,민간최종소비지출,,,1.1836937827,백만원 %p
2020,실질기여도,대구광역시,민간최종소비지출,,,-4.098366858,백만원 %p
2021,실질기여도,대구광역시,민간최종소비지출,,,1.8583978707,백만원 %p
2022,실질기여도,대구광역시,민간최종소비지출,,,0.8706073731,백만원 %p
2023,실질기여도,대구광역시,민간최종소비지출,,,0.263358483,백만원 %p
2024,실질기여도,대구광역시,민간최종소비지출,,,0.061796003,백만원 %p
2014,명목,대구광역시,가계최종소비지출,,,38776716,백만원 %p
2015,명목,대구광역시,가계최종소비지출,,,40377879,백만원 %p
2016,명목,대구광역시,가계최종소비지출,,,41511144,백만원 %p
2017,명목,대구광역시,가계최종소비지출,,,42945544,백만원 %p
2018,명목,대구광역시,가계최종소비지출,,,45226783,백만원 %p
2019,명목,대구광역시,가계최종소비지출,,,46239178,백만원 %p
2020,명목,대구광역시,가계최종소비지출,,,44167675,백만원 %p
2021,명목,대구광역시,가계최종소비지출,,,46348172,백만원 %p
2022,명목,대구광역시,가계최종소비지출,,,48914834,백만원 %p
2023,명목,대구광역시,가계최종소비지출,,,50622576,백만원 %p
2024,명목,대구광역시,가계최종소비지출,,,51575067,백만원 %p
2014,실질,대구광역시,가계최종소비지출,,,41788572,백만원 %p
2015,실질,대구광역시,가계최종소비지출,,,42867796,백만원 %p
2016,실질,대구광역시,가계최종소비지출,,,43503962,백만원 %p
2017,실질,대구광역시,가계최종소비지출,,,44120153,백만원 %p
2018,실질,대구광역시,가계최종소비지출,,,45960693,백만원 %p
2019,실질,대구광역시,가계최종소비지출,,,46602499,백만원 %p
2020,실질,대구광역시,가계최종소비지출,,,44167675,백만원 %p
2021,실질,대구광역시,가계최종소비지출,,,45331347,백만원 %p
2022,실질,대구광역시,가계최종소비지출,,,45781745,백만원 %p
2023,실질,대구광역시,가계최종소비지출,,,45805445,백만원 %p
2024,실질,대구광역시,가계최종소비지출,,,45780886,백만원 %p
2014,실질기여도,대구광역시,가계최종소비지출,,,1.3570170838,백만원 %p
2015,실질기여도,대구광역시,가계최종소비지출,,,1.9164414386,백만원 %p
2016,실질기여도,대구광역시,가계최종소비지출,,,1.0699644985,백만원 %p
2017,실질기여도,대구광역시,가계최종소비지출,,,1.0216503551,백만원 %p
2018,실질기여도,대구광역시,가계최종소비지출,,,3.0158072499,백만원 %p
2019,실질기여도,대구광역시,가계최종소비지출,,,1.0391160753,백만원 %p
2020,실질기여도,대구광역시,가계최종소비지출,,,-3.8647064008,백만원 %p
2021,실질기여도,대구광역시,가계최종소비지출,,,1.8589649829,백만원 %p
2022,실질기여도,대구광역시,가계최종소비지출,,,0.6921514316,백만원 %p
2023,실질기여도,대구광역시,가계최종소비지출,,,0.036005915,백만원 %p
2024,실질기여도,대구광역시,가계최종소비지출,,,-0.037510167,백만원 %p
2014,명목,대구광역시,가계의 목적별 지출,,,38776716,백만원 %p
2015,명목,대구광역시,가계의 목적별 지출,,,40377879,백만원 %p
2016,명목,대구광역시,가계의 목적별 지출,,,41511144,백만원 %p
2017,명목,대구광역시,가계의 목적별 지출,,,42945544,백만원 %p
2018,명목,대구광역시,가계의 목적별 지출,,,45226783,백만원 %p
2019,명목,대구광역시,가계의 목적별 지출,,,46239178,백만원 %p
2020,명목,대구광역시,가계의 목적별 지출,,,44167675,백만원 %p
2021,명목,대구광역시,가계의 목적별 지출,,,46348172,백만원 %p
2022,명목,대구광역시,가계의 목적별 지출,,,48914834,백만원 %p
2023,명목,대구광역시,가계의 목적별 지출,,,50622576,백만원 %p
2024,명목,대구광역시,가계의 목적별 지출,,,51575067,백만원 %p
2014,실질,대구광역시,가계의 목적별 지출,,,41788572,백만원 %p
2015,실질,대구광역시,가계의 목적별 지출,,,42867796,백만원 %p
2016,실질,대구광역시,가계의 목적별 지출,,,43503962,백만원 %p
2017,실질,대구광역시,가계의 목적별 지출,,,44120153,백만원 %p
2018,실질,대구광역시,가계의 목적별 지출,,,45960693,백만원 %p
2019,실질,대구광역시,가계의 목적별 지출,,,46602499,백만원 %p
2020,실질,대구광역시,가계의 목적별 지출,,,44167675,백만원 %p
2021,실질,대구광역시,가계의 목적별 지출,,,45331347,백만원 %p
2022,실질,대구광역시,가계의 목적별 지출,,,45781745,백만원 %p
2023,실질,대구광역시,가계의 목적별 지출,,,45805445,백만원 %p
2024,실질,대구광역시,가계의 목적별 지출,,,45780886,백만원 %p
2014,실질기여도,대구광역시,가계의 목적별 지출,,,1.3570170838,백만원 %p
2015,실질기여도,대구광역시,가계의 목적별 지출,,,1.9164414386,백만원 %p
2016,실질기여도,대구광역시,가계의 목적별 지출,,,1.0699644985,백만원 %p
2017,실질기여도,대구광역시,가계의 목적별 지출,,,1.0216503551,백만원 %p
2018,실질기여도,대구광역시,가계의 목적별 지출,,,3.0158072499,백만원 %p
2019,실질기여도,대구광역시,가계의 목적별 지출,,,1.0391160753,백만원 %p
2020,실질기여도,대구광역시,가계의 목적별 지출,,,-3.8647064008,백만원 %p
2021,실질기여도,대구광역시,가계의 목적별 지출,,,1.8589649829,백만원 %p
2022,실질기여도,대구광역시,가계의 목적별 지출,,,0.6921514316,백만원 %p
2023,실질기여도,대구광역시,가계의 목적별 지출,,,0.036005915,백만원 %p
2024,실질기여도,대구광역시,가계의 목적별 지출,,,-0.037510167,백만원 %p
2014,명목,대구광역시,국내소비지출,,,38457135,백만원 %p
2015,명목,대구광역시,국내소비지출,,,39830706,백만원 %p
2016,명목,대구광역시,국내소비지출,,,40946403,백만원 %p
2017,명목,대구광역시,국내소비지출,,,41947826,백만원 %p
2018,명목,대구광역시,국내소비지출,,,44326844,백만원 %p
2019,명목,대구광역시,국내소비지출,,,45521271,백만원 %p
2020,명목,대구광역시,국내소비지출,,,43882953,백만원 %p
2021,명목,대구광역시,국내소비지출,,,46178845,백만원 %p
2022,명목,대구광역시,국내소비지출,,,48641152,백만원 %p
2023,명목,대구광역시,국내소비지출,,,50060228,백만원 %p
2024,명목,대구광역시,국내소비지출,,,50870797,백만원 %p
2014,실질,대구광역시,국내소비지출,,,41467557,백만원 %p
2015,실질,대구광역시,국내소비지출,,,42301706,백만원 %p
2016,실질,대구광역시,국내소비지출,,,42915000,백만원 %p
2017,실질,대구광역시,국내소비지출,,,43056066,백만원 %p
2018,실질,대구광역시,국내소비지출,,,44965667,백만원 %p
2019,실질,대구광역시,국내소비지출,,,45885225,백만원 %p
2020,실질,대구광역시,국내소비지출,,,43882953,백만원 %p
2021,실질,대구광역시,국내소비지출,,,45170313,백만원 %p
2022,실질,대구광역시,국내소비지출,,,45577767,백만원 %p
2023,실질,대구광역시,국내소비지출,,,45334187,백만원 %p
2024,실질,대구광역시,국내소비지출,,,45224310,백만원 %p
2014,실질기여도,대구광역시,국내소비지출,,,1.3772300339,백만원 %p
2015,실질기여도,대구광역시,국내소비지출,,,1.4804119721,백만원 %p
2016,실질기여도,대구광역시,국내소비지출,,,1.0311346161,백만원 %p
2017,실질기여도,대구광역시,국내소비지출,,,0.2338728148,백만원 %p
2018,실질기여도,대구광역시,국내소비지출,,,3.1318076705,백만원 %p
2019,실질기여도,대구광역시,국내소비지출,,,1.4914742392,백만원 %p
2020,실질기여도,대구광역시,국내소비지출,,,-3.1776971124,백만원 %p
2021,실질기여도,대구광역시,국내소비지출,,,2.0565564526,백만원 %p
2022,실질기여도,대구광역시,국내소비지출,,,0.6260928228,백만원 %p
2023,실질기여도,대구광역시,국내소비지출,,,-0.369630107,백만원 %p
2024,실질기여도,대구광역시,국내소비지출,,,-0.167680479,백만원 %p
2014,명목,대구광역시,식료품 및 비주류음료,,,4112281,백만원 %p
2015,명목,대구광역시,식료품 및 비주류음료,,,4235196,백만원 %p
2016,명목,대구광역시,식료품 및 비주류음료,,,4482274,백만원 %p
2017,명목,대구광역시,식료품 및 비주류음료,,,4714771,백만원 %p
2018,명목,대구광역시,식료품 및 비주류음료,,,4866479,백만원 %p
2019,명목,대구광역시,식료품 및 비주류음료,,,5069166,백만원 %p
2020,명목,대구광역시,식료품 및 비주류음료,,,5493437,백만원 %p
2021,명목,대구광역시,식료품 및 비주류음료,,,5867450,백만원 %p
2022,명목,대구광역시,식료품 및 비주류음료,,,5971899,백만원 %p
2023,명목,대구광역시,식료품 및 비주류음료,,,6064214,백만원 %p
2024,명목,대구광역시,식료품 및 비주류음료,,,6239589,백만원 %p
2014,실질,대구광역시,식료품 및 비주류음료,,,4705894,백만원 %p
2015,실질,대구광역시,식료품 및 비주류음료,,,4783970,백만원 %p
2016,실질,대구광역시,식료품 및 비주류음료,,,4929350,백만원 %p
2017,실질,대구광역시,식료품 및 비주류음료,,,5030632,백만원 %p
2018,실질,대구광역시,식료품 및 비주류음료,,,5026193,백만원 %p
2019,실질,대구광역시,식료품 및 비주류음료,,,5230561,백만원 %p
2020,실질,대구광역시,식료품 및 비주류음료,,,5493437,백만원 %p
2021,실질,대구광역시,식료품 및 비주류음료,,,5540284,백만원 %p
2022,실질,대구광역시,식료품 및 비주류음료,,,5314543,백만원 %p
2023,실질,대구광역시,식료품 및 비주류음료,,,5114105,백만원 %p
2024,실질,대구광역시,식료품 및 비주류음료,,,5122320,백만원 %p
2014,실질기여도,대구광역시,식료품 및 비주류음료,,,0.0227510332,백만원 %p
2015,실질기여도,대구광역시,식료품 및 비주류음료,,,0.1305650364,백만원 %p
2016,실질기여도,대구광역시,식료품 및 비주류음료,,,0.2298151929,백만원 %p
2017,실질기여도,대구광역시,식료품 및 비주류음료,,,0.160026381,백만원 %p
2018,실질기여도,대구광역시,식료품 및 비주류음료,,,-0.007004466,백만원 %p
2019,실질기여도,대구광역시,식료품 및 비주류음료,,,0.3255663839,백만원 %p
2020,실질기여도,대구광역시,식료품 및 비주류음료,,,0.4075564239,백만원 %p
2021,실질기여도,대구광역시,식료품 및 비주류음료,,,0.0748380407,백만원 %p
2022,실질기여도,대구광역시,식료품 및 비주류음료,,,-0.3593347833,백만원 %p
2023,실질기여도,대구광역시,식료품 및 비주류음료,,,-0.320259545,백만원 %p
2024,실질기여도,대구광역시,식료품 및 비주류음료,,,0.013463416,백만원 %p
2014,명목,대구광역시,주류 및 담배,,,605827,백만원 %p
2015,명목,대구광역시,주류 및 담배,,,742817,백만원 %p
2016,명목,대구광역시,주류 및 담배,,,795965,백만원 %p
2017,명목,대구광역시,주류 및 담배,,,770141,백만원 %p
2018,명목,대구광역시,주류 및 담배,,,775077,백만원 %p
2019,명목,대구광역시,주류 및 담배,,,740530,백만원 %p
2020,명목,대구광역시,주류 및 담배,,,751229,백만원 %p
2021,명목,대구광역시,주류 및 담배,,,753187,백만원 %p
2022,명목,대구광역시,주류 및 담배,,,787193,백만원 %p
2023,명목,대구광역시,주류 및 담배,,,798871,백만원 %p
2024,명목,대구광역시,주류 및 담배,,,787004,백만원 %p
2014,실질,대구광역시,주류 및 담배,,,954684,백만원 %p
2015,실질,대구광역시,주류 및 담배,,,761375,백만원 %p
2016,실질,대구광역시,주류 및 담배,,,810223,백만원 %p
2017,실질,대구광역시,주류 및 담배,,,774169,백만원 %p
2018,실질,대구광역시,주류 및 담배,,,779118,백만원 %p
2019,실질,대구광역시,주류 및 담배,,,742285,백만원 %p
2020,실질,대구광역시,주류 및 담배,,,751229,백만원 %p
2021,실질,대구광역시,주류 및 담배,,,753614,백만원 %p
2022,실질,대구광역시,주류 및 담배,,,774625,백만원 %p
2023,실질,대구광역시,주류 및 담배,,,779405,백만원 %p
2024,실질,대구광역시,주류 및 담배,,,761367,백만원 %p
2014,실질기여도,대구광역시,주류 및 담배,,,0.0318765681,백만원 %p
2015,실질기여도,대구광역시,주류 및 담배,,,-0.2347537423,백만원 %p
2016,실질기여도,대구광역시,주류 및 담배,,,0.0850968319,백만원 %p
2017,실질기여도,대구광역시,주류 및 담배,,,-0.0615441972,백만원 %p
2018,실질기여도,대구광역시,주류 및 담배,,,0.0082871872,백만원 %p
2019,실질기여도,대구광역시,주류 및 담배,,,-0.0602878773,백만원 %p
2020,실질기여도,대구광역시,주류 및 담배,,,0.0142744332,백만원 %p
2021,실질기여도,대구광역시,주류 및 담배,,,0.0038100354,백만원 %p
2022,실질기여도,대구광역시,주류 및 담배,,,0.0315623374,백만원 %p
2023,실질기여도,대구광역시,주류 및 담배,,,0.006907698,백만원 %p
2024,실질기여도,대구광역시,주류 및 담배,,,-0.025551745,백만원 %p
2014,명목,대구광역시,의류 및 신발,,,2919976,백만원 %p
2015,명목,대구광역시,의류 및 신발,,,2965933,백만원 %p
2016,명목,대구광역시,의류 및 신발,,,2758922,백만원 %p
2017,명목,대구광역시,의류 및 신발,,,2643788,백만원 %p
2018,명목,대구광역시,의류 및 신발,,,2869398,백만원 %p
2019,명목,대구광역시,의류 및 신발,,,2795281,백만원 %p
2020,명목,대구광역시,의류 및 신발,,,2253785,백만원 %p
2021,명목,대구광역시,의류 및 신발,,,2414990,백만원 %p
2022,명목,대구광역시,의류 및 신발,,,2498425,백만원 %p
2023,명목,대구광역시,의류 및 신발,,,2628898,백만원 %p
2024,명목,대구광역시,의류 및 신발,,,2706362,백만원 %p
2014,실질,대구광역시,의류 및 신발,,,3155785,백만원 %p
2015,실질,대구광역시,의류 및 신발,,,3137644,백만원 %p
2016,실질,대구광역시,의류 및 신발,,,2868559,백만원 %p
2017,실질,대구광역시,의류 및 신발,,,2721276,백만원 %p
2018,실질,대구광역시,의류 및 신발,,,2920553,백만원 %p
2019,실질,대구광역시,의류 및 신발,,,2822812,백만원 %p
2020,실질,대구광역시,의류 및 신발,,,2253785,백만원 %p
2021,실질,대구광역시,의류 및 신발,,,2402631,백만원 %p
2022,실질,대구광역시,의류 및 신발,,,2407841,백만원 %p
2023,실질,대구광역시,의류 및 신발,,,2364837,백만원 %p
2024,실질,대구광역시,의류 및 신발,,,2360409,백만원 %p
2014,실질기여도,대구광역시,의류 및 신발,,,-0.1120803899,백만원 %p
2015,실질기여도,대구광역시,의류 및 신발,,,-0.032121215,백만원 %p
2016,실질기여도,대구광역시,의류 및 신발,,,-0.4541860599,백만원 %p
2017,실질기여도,대구광역시,의류 및 신발,,,-0.2461385617,백만원 %p
2018,실질기여도,대구광역시,의류 및 신발,,,0.325902096,백만원 %p
2019,실질기여도,대구광역시,의류 및 신발,,,-0.1579985965,백만원 %p
2020,실질기여도,대구광역시,의류 및 신발,,,-0.9014137384,백만원 %p
2021,실질기여도,대구광역시,의류 및 신발,,,0.2377813523,백만원 %p
2022,실질기여도,대구광역시,의류 및 신발,,,0.0078714206,백만원 %p
2023,실질기여도,대구광역시,의류 및 신발,,,-0.063449014,백만원 %p
2024,실질기여도,대구광역시,의류 및 신발,,,-0.00680219,백만원 %p
2014,명목,대구광역시,주거 및 수도광열,,,7305197,백만원 %p
2015,명목,대구광역시,주거 및 수도광열,,,7457307,백만원 %p
2016,명목,대구광역시,주거 및 수도광열,,,7620438,백만원 %p
2017,명목,대구광역시,주거 및 수도광열,,,7703059,백만원 %p
2018,명목,대구광역시,주거 및 수도광열,,,8071609,백만원 %p
2019,명목,대구광역시,주거 및 수도광열,,,8303850,백만원 %p
2020,명목,대구광역시,주거 및 수도광열,,,8499166,백만원 %p
2021,명목,대구광역시,주거 및 수도광열,,,8742207,백만원 %p
2022,명목,대구광역시,주거 및 수도광열,,,8859372,백만원 %p
2023,명목,대구광역시,주거 및 수도광열,,,8816084,백만원 %p
2024,명목,대구광역시,주거 및 수도광열,,,8884063,백만원 %p
2014,실질,대구광역시,주거 및 수도광열,,,7459947,백만원 %p
2015,실질,대구광역시,주거 및 수도광열,,,7580337,백만원 %p
2016,실질,대구광역시,주거 및 수도광열,,,7742727,백만원 %p
2017,실질,대구광역시,주거 및 수도광열,,,7774693,백만원 %p
2018,실질,대구광역시,주거 및 수도광열,,,8110269,백만원 %p
2019,실질,대구광역시,주거 및 수도광열,,,8318612,백만원 %p
2020,실질,대구광역시,주거 및 수도광열,,,8499166,백만원 %p
2021,실질,대구광역시,주거 및 수도광열,,,8664147,백만원 %p
2022,실질,대구광역시,주거 및 수도광열,,,8529485,백만원 %p
2023,실질,대구광역시,주거 및 수도광열,,,8289490,백만원 %p
2024,실질,대구광역시,주거 및 수도광열,,,8229555,백만원 %p
2014,실질기여도,대구광역시,주거 및 수도광열,,,0.0541570689,백만원 %p
2015,실질기여도,대구광역시,주거 및 수도광열,,,0.2256101519,백만원 %p
2016,실질기여도,대구광역시,주거 및 수도광열,,,0.2852583939,백만원 %p
2017,실질기여도,대구광역시,주거 및 수도광열,,,0.0546667605,백만원 %p
2018,실질기여도,대구광역시,주거 및 수도광열,,,0.5596923503,백만원 %p
2019,실질기여도,대구광역시,주거 및 수도광열,,,0.3411558069,백만원 %p
2020,실질기여도,대구광역시,주거 및 수도광열,,,0.2883265931,백만원 %p
2021,실질기여도,대구광역시,주거 및 수도광열,,,0.2635570005,백만원 %p
2022,실질기여도,대구광역시,주거 및 수도광열,,,-0.2042255625,백만원 %p
2023,실질기여도,대구광역시,주거 및 수도광열,,,-0.354452509,백만원 %p
2024,실질기여도,대구광역시,주거 및 수도광열,,,-0.088092645,백만원 %p
2014,명목,대구광역시,가구집기 및 가사용품,,,1092114,백만원 %p
2015,명목,대구광역시,가구집기 및 가사용품,,,1164617,백만원 %p
2016,명목,대구광역시,가구집기 및 가사용품,,,1278532,백만원 %p
2017,명목,대구광역시,가구집기 및 가사용품,,,1426610,백만원 %p
2018,명목,대구광역시,가구집기 및 가사용품,,,1535243,백만원 %p
2019,명목,대구광역시,가구집기 및 가사용품,,,1580551,백만원 %p
2020,명목,대구광역시,가구집기 및 가사용품,,,1779244,백만원 %p
2021,명목,대구광역시,가구집기 및 가사용품,,,1859739,백만원 %p
2022,명목,대구광역시,가구집기 및 가사용품,,,1834402,백만원 %p
2023,명목,대구광역시,가구집기 및 가사용품,,,1812001,백만원 %p
2024,명목,대구광역시,가구집기 및 가사용품,,,1843283,백만원 %p
2014,실질,대구광역시,가구집기 및 가사용품,,,1199336,백만원 %p
2015,실질,대구광역시,가구집기 및 가사용품,,,1220544,백만원 %p
2016,실질,대구광역시,가구집기 및 가사용품,,,1321491,백만원 %p
2017,실질,대구광역시,가구집기 및 가사용품,,,1472227,백만원 %p
2018,실질,대구광역시,가구집기 및 가사용품,,,1562868,백만원 %p
2019,실질,대구광역시,가구집기 및 가사용품,,,1575986,백만원 %p
2020,실질,대구광역시,가구집기 및 가사용품,,,1779244,백만원 %p
2021,실질,대구광역시,가구집기 및 가사용품,,,1836654,백만원 %p
2022,실질,대구광역시,가구집기 및 가사용품,,,1739576,백만원 %p
2023,실질,대구광역시,가구집기 및 가사용품,,,1640560,백만원 %p
2024,실질,대구광역시,가구집기 및 가사용품,,,1647011,백만원 %p
2014,실질기여도,대구광역시,가구집기 및 가사용품,,,0.069822205,백만원 %p
2015,실질기여도,대구광역시,가구집기 및 가사용품,,,0.0369570988,백만원 %p
2016,실질기여도,대구광역시,가구집기 및 가사용품,,,0.1719935589,백만원 %p
2017,실질기여도,대구광역시,가구집기 및 가사용품,,,0.2534052217,백만원 %p
2018,실질기여도,대구광역시,가구집기 및 가사용품,,,0.1478529814,백만원 %p
2019,실질기여도,대구광역시,가구집기 및 가사용품,,,0.0212016153,백만원 %p
2020,실질기여도,대구광역시,가구집기 및 가사용품,,,0.3261011298,백만원 %p
2021,실질기여도,대구광역시,가구집기 및 가사용품,,,0.0917124238,백만원 %p
2022,실질기여도,대구광역시,가구집기 및 가사용품,,,-0.1477458278,백만원 %p
2023,실질기여도,대구광역시,가구집기 및 가사용품,,,-0.148468588,백만원 %p
2024,실질기여도,대구광역시,가구집기 및 가사용품,,,0.00984673,백만원 %p
2014,명목,대구광역시,보건,,,1666790,백만원 %p
2015,명목,대구광역시,보건,,,1777125,백만원 %p
2016,명목,대구광역시,보건,,,1877954,백만원 %p
2017,명목,대구광역시,보건,,,1955552,백만원 %p
2018,명목,대구광역시,보건,,,2108208,백만원 %p
2019,명목,대구광역시,보건,,,2313700,백만원 %p
2020,명목,대구광역시,보건,,,2354333,백만원 %p
2021,명목,대구광역시,보건,,,2577196,백만원 %p
2022,명목,대구광역시,보건,,,2832964,백만원 %p
2023,명목,대구광역시,보건,,,3023419,백만원 %p
2024,명목,대구광역시,보건,,,3218027,백만원 %p
2014,실질,대구광역시,보건,,,1814635,백만원 %p
2015,실질,대구광역시,보건,,,1903866,백만원 %p
2016,실질,대구광역시,보건,,,1976047,백만원 %p
2017,실질,대구광역시,보건,,,2020190,백만원 %p
2018,실질,대구광역시,보건,,,2161606,백만원 %p
2019,실질,대구광역시,보건,,,2351960,백만원 %p
2020,실질,대구광역시,보건,,,2354333,백만원 %p
2021,실질,대구광역시,보건,,,2552191,백만원 %p
2022,실질,대구광역시,보건,,,2775691,백만원 %p
2023,실질,대구광역시,보건,,,2912221,백만원 %p
2024,실질,대구광역시,보건,,,3033651,백만원 %p
2014,실질기여도,대구광역시,보건,,,0.2204962106,백만원 %p
2015,실질기여도,대구광역시,보건,,,0.1568475962,백만원 %p
2016,실질기여도,대구광역시,보건,,,0.1203072821,백만원 %p
2017,실질기여도,대구광역시,보건,,,0.0728959644,백만원 %p
2018,실질기여도,대구광역시,보건,,,0.2304369987,백만원 %p
2019,실질기여도,대구광역시,보건,,,0.3054572622,백만원 %p
2020,실질기여도,대구광역시,보건,,,0.0037337809,백만원 %p
2021,실질기여도,대구광역시,보건,,,0.3160779787,백만원 %p
2022,실질기여도,대구광역시,보건,,,0.3392211018,백만원 %p
2023,실질기여도,대구광역시,보건,,,0.198140598,백만원 %p
2024,실질기여도,대구광역시,보건,,,0.174222854,백만원 %p
2014,명목,대구광역시,운송,,,4391937,백만원 %p
2015,명목,대구광역시,운송,,,4570934,백만원 %p
2016,명목,대구광역시,운송,,,4784394,백만원 %p
2017,명목,대구광역시,운송,,,4892294,백만원 %p
2018,명목,대구광역시,운송,,,5145029,백만원 %p
2019,명목,대구광역시,운송,,,5153333,백만원 %p
2020,명목,대구광역시,운송,,,4872470,백만원 %p
2021,명목,대구광역시,운송,,,4768340,백만원 %p
2022,명목,대구광역시,운송,,,5310421,백만원 %p
2023,명목,대구광역시,운송,,,5089921,백만원 %p
2024,명목,대구광역시,운송,,,5039439,백만원 %p
2014,실질,대구광역시,운송,,,4279907,백만원 %p
2015,실질,대구광역시,운송,,,4661621,백만원 %p
2016,실질,대구광역시,운송,,,4951397,백만원 %p
2017,실질,대구광역시,운송,,,4873855,백만원 %p
2018,실질,대구광역시,운송,,,5061566,백만원 %p
2019,실질,대구광역시,운송,,,5100765,백만원 %p
2020,실질,대구광역시,운송,,,4872470,백만원 %p
2021,실질,대구광역시,운송,,,4612593,백만원 %p
2022,실질,대구광역시,운송,,,4847320,백만원 %p
2023,실질,대구광역시,운송,,,4703645,백만원 %p
2024,실질,대구광역시,운송,,,4523364,백만원 %p
2014,실질기여도,대구광역시,운송,,,0.4892578677,백만원 %p
2015,실질기여도,대구광역시,운송,,,0.749602183,백만원 %p
2016,실질기여도,대구광역시,운송,,,0.5073615357,백만원 %p
2017,실질기여도,대구광역시,운송,,,-0.1301934574,백만원 %p
2018,실질기여도,대구광역시,운송,,,0.3171806016,백만원 %p
2019,실질기여도,대구광역시,운송,,,0.065559488,백만원 %p
2020,실질기여도,대구광역시,운송,,,-0.3689756209,백만원 %p
2021,실질기여도,대구광역시,운송,,,-0.4151532759,백만원 %p
2022,실질기여도,대구광역시,운송,,,0.3647171697,백만원 %p
2023,실질기여도,대구광역시,운송,,,-0.223813404,백만원 %p
2024,실질기여도,대구광역시,운송,,,-0.269608297,백만원 %p
2014,명목,대구광역시,정보통신,,,2121085,백만원 %p
2015,명목,대구광역시,정보통신,,,2130724,백만원 %p
2016,명목,대구광역시,정보통신,,,2156746,백만원 %p
2017,명목,대구광역시,정보통신,,,2284094,백만원 %p
2018,명목,대구광역시,정보통신,,,2325846,백만원 %p
2019,명목,대구광역시,정보통신,,,2316175,백만원 %p
2020,명목,대구광역시,정보통신,,,2381734,백만원 %p
2021,명목,대구광역시,정보통신,,,2522193,백만원 %p
2022,명목,대구광역시,정보통신,,,2552622,백만원 %p
2023,명목,대구광역시,정보통신,,,2598741,백만원 %p
2024,명목,대구광역시,정보통신,,,3005755,백만원 %p
2014,실질,대구광역시,정보통신,,,1949744,백만원 %p
2015,실질,대구광역시,정보통신,,,1974721,백만원 %p
2016,실질,대구광역시,정보통신,,,1996475,백만원 %p
2017,실질,대구광역시,정보통신,,,2122388,백만원 %p
2018,실질,대구광역시,정보통신,,,2198240,백만원 %p
2019,실질,대구광역시,정보통신,,,2259592,백만원 %p
2020,실질,대구광역시,정보통신,,,2381734,백만원 %p
2021,실질,대구광역시,정보통신,,,2567184,백만원 %p
2022,실질,대구광역시,정보통신,,,2586866,백만원 %p
2023,실질,대구광역시,정보통신,,,2623798,백만원 %p
2024,실질,대구광역시,정보통신,,,3039187,백만원 %p
2014,실질기여도,대구광역시,정보통신,,,-0.0403301988,백만원 %p
2015,실질기여도,대구광역시,정보통신,,,0.0519986687,백만원 %p
2016,실질기여도,대구광역시,정보통신,,,0.0419136315,백만원 %p
2017,실질기여도,대구광역시,정보통신,,,0.2363506381,백만원 %p
2018,실질기여도,대구광역시,정보통신,,,0.1374144585,백만원 %p
2019,실질기여도,대구광역시,정보통신,,,0.1068027668,백만원 %p
2020,실질기여도,대구광역시,정보통신,,,0.2002883906,백만원 %p
2021,실질기여도,대구광역시,정보통신,,,0.2962562097,백만원 %p
2022,실질기여도,대구광역시,정보통신,,,0.0290642848,백만원 %p
2023,실질기여도,대구광역시,정보통신,,,0.051819112,백만원 %p
2024,실질기여도,대구광역시,정보통신,,,0.568584034,백만원 %p
2014,명목,대구광역시,오락문화,,,2927121,백만원 %p
2015,명목,대구광역시,오락문화,,,3130043,백만원 %p
2016,명목,대구광역시,오락문화,,,3005872,백만원 %p
2017,명목,대구광역시,오락문화,,,2975520,백만원 %p
2018,명목,대구광역시,오락문화,,,3595687,백만원 %p
2019,명목,대구광역시,오락문화,,,3329067,백만원 %p
2020,명목,대구광역시,오락문화,,,2693947,백만원 %p
2021,명목,대구광역시,오락문화,,,2946619,백만원 %p
2022,명목,대구광역시,오락문화,,,2963221,백만원 %p
2023,명목,대구광역시,오락문화,,,3702903,백만원 %p
2024,명목,대구광역시,오락문화,,,3652990,백만원 %p
2014,실질,대구광역시,오락문화,,,3245665,백만원 %p
2015,실질,대구광역시,오락문화,,,3330234,백만원 %p
2016,실질,대구광역시,오락문화,,,3129750,백만원 %p
2017,실질,대구광역시,오락문화,,,3063950,백만원 %p
2018,실질,대구광역시,오락문화,,,3657143,백만원 %p
2019,실질,대구광역시,오락문화,,,3361768,백만원 %p
2020,실질,대구광역시,오락문화,,,2693947,백만원 %p
2021,실질,대구광역시,오락문화,,,2909267,백만원 %p
2022,실질,대구광역시,오락문화,,,2822854,백만원 %p
2023,실질,대구광역시,오락문화,,,3386220,백만원 %p
2024,실질,대구광역시,오락문화,,,3294129,백만원 %p
2014,실질기여도,대구광역시,오락문화,,,0.2713117028,백만원 %p
2015,실질기여도,대구광역시,오락문화,,,0.145954897,백만원 %p
2016,실질기여도,대구광역시,오락문화,,,-0.3364679128,백만원 %p
2017,실질기여도,대구광역시,오락문화,,,-0.1098078868,백만원 %p
2018,실질기여도,대구광역시,오락문화,,,0.9697372561,백만원 %p
2019,실질기여도,대구광역시,오락문화,,,-0.477819517,백만원 %p
2020,실질기여도,대구광역시,오락문화,,,-1.0579445843,백만원 %p
2021,실질기여도,대구광역시,오락문화,,,0.3439735081,백만원 %p
2022,실질기여도,대구광역시,오락문화,,,-0.1315490685,백만원 %p
2023,실질기여도,대구광역시,오락문화,,,0.84089495,백만원 %p
2024,실질기여도,대구광역시,오락문화,,,-0.139172642,백만원 %p
2014,명목,대구광역시,교육,,,2122838,백만원 %p
2015,명목,대구광역시,교육,,,2121479,백만원 %p
2016,명목,대구광역시,교육,,,2127428,백만원 %p
2017,명목,대구광역시,교육,,,2288629,백만원 %p
2018,명목,대구광역시,교육,,,2258792,백만원 %p
2019,명목,대구광역시,교육,,,2346924,백만원 %p
2020,명목,대구광역시,교육,,,1909979,백만원 %p
2021,명목,대구광역시,교육,,,2204274,백만원 %p
2022,명목,대구광역시,교육,,,2358642,백만원 %p
2023,명목,대구광역시,교육,,,2574850,백만원 %p
2024,명목,대구광역시,교육,,,2619139,백만원 %p
2014,실질,대구광역시,교육,,,2343217,백만원 %p
2015,실질,대구광역시,교육,,,2309555,백만원 %p
2016,실질,대구광역시,교육,,,2265143,백만원 %p
2017,실질,대구광역시,교육,,,2385808,백만원 %p
2018,실질,대구광역시,교육,,,2323451,백만원 %p
2019,실질,대구광역시,교육,,,2368703,백만원 %p
2020,실질,대구광역시,교육,,,1909979,백만원 %p
2021,실질,대구광역시,교육,,,2166016,백만원 %p
2022,실질,대구광역시,교육,,,2270225,백만원 %p
2023,실질,대구광역시,교육,,,2439791,백만원 %p
2024,실질,대구광역시,교육,,,2448796,백만원 %p
2014,실질기여도,대구광역시,교육,,,-0.135941959,백만원 %p
2015,실질기여도,대구광역시,교육,,,-0.0583597601,백만원 %p
2016,실질기여도,대구광역시,교육,,,-0.0728439737,백만원 %p
2017,실질기여도,대구광역시,교육,,,0.1969209274,백만원 %p
2018,실질기여도,대구광역시,교육,,,-0.1006936172,백만원 %p
2019,실질기여도,대구광역시,교육,,,0.0723809917,백만원 %p
2020,실질기여도,대구광역시,교육,,,-0.7270890428,백만원 %p
2021,실질기여도,대구광역시,교육,,,0.4090188793,백만원 %p
2022,실질기여도,대구광역시,교육,,,0.159397394,백만원 %p
2023,실질기여도,대구광역시,교육,,,0.25050004,백만원 %p
2024,실질기여도,대구광역시,교육,,,0.013133119,백만원 %p
2014,명목,대구광역시,음식숙박,,,4179484,백만원 %p
2015,명목,대구광역시,음식숙박,,,4264246,백만원 %p
2016,명목,대구광역시,음식숙박,,,4539074,백만원 %p
2017,명목,대구광역시,음식숙박,,,4718319,백만원 %p
2018,명목,대구광역시,음식숙박,,,4785851,백만원 %p
2019,명목,대구광역시,음식숙박,,,5065269,백만원 %p
2020,명목,대구광역시,음식숙박,,,4810883,백만원 %p
2021,명목,대구광역시,음식숙박,,,5005802,백만원 %p
2022,명목,대구광역시,음식숙박,,,5977302,백만원 %p
2023,명목,대구광역시,음식숙박,,,6255939,백만원 %p
2024,명목,대구광역시,음식숙박,,,6321397,백만원 %p
2014,실질,대구광역시,음식숙박,,,4848570,백만원 %p
2015,실질,대구광역시,음식숙박,,,4841962,백만원 %p
2016,실질,대구광역시,음식숙박,,,5000255,백만원 %p
2017,실질,대구광역시,음식숙박,,,5072856,백만원 %p
2018,실질,대구광역시,음식숙박,,,4989608,백만원 %p
2019,실질,대구광역시,음식숙박,,,5117959,백만원 %p
2020,실질,대구광역시,음식숙박,,,4810883,백만원 %p
2021,실질,대구광역시,음식숙박,,,4880486,백만원 %p
2022,실질,대구광역시,음식숙박,,,5414252,백만원 %p
2023,실질,대구광역시,음식숙박,,,5346933,백만원 %p
2024,실질,대구광역시,음식숙박,,,5248096,백만원 %p
2014,실질기여도,대구광역시,음식숙박,,,0.3583661556,백만원 %p
2015,실질기여도,대구광역시,음식숙박,,,-0.0109003539,백만원 %p
2016,실질기여도,대구광역시,음식숙박,,,0.2489247947,백만원 %p
2017,실질기여도,대구광역시,음식숙박,,,0.1145167938,백만원 %p
2018,실질기여도,대구광역시,음식숙박,,,-0.1303426581,백만원 %p
2019,실질기여도,대구광역시,음식숙박,,,0.2025555531,백만원 %p
2020,실질기여도,대구광역시,음식숙박,,,-0.4861833869,백만원 %p
2021,실질기여도,대구광역시,음식숙박,,,0.1111907305,백만원 %p
2022,실질기여도,대구광역시,음식숙박,,,0.8228708221,백만원 %p
2023,실질기여도,대구광역시,음식숙박,,,-0.105675839,백만원 %p
2024,실질기여도,대구광역시,음식숙박,,,-0.159814151,백만원 %p
2014,명목,대구광역시,보험 및 금융,,,2744688,백만원 %p
2015,명목,대구광역시,보험 및 금융,,,2909693,백만원 %p
2016,명목,대구광역시,보험 및 금융,,,2940406,백만원 %p
2017,명목,대구광역시,보험 및 금융,,,2937893,백만원 %p
2018,명목,대구광역시,보험 및 금융,,,3050725,백만원 %p
2019,명목,대구광역시,보험 및 금융,,,3104018,백만원 %p
2020,명목,대구광역시,보험 및 금융,,,3177517,백만원 %p
2021,명목,대구광역시,보험 및 금융,,,3391480,백만원 %p
2022,명목,대구광역시,보험 및 금융,,,3660464,백만원 %p
2023,명목,대구광역시,보험 및 금융,,,3689514,백만원 %p
2024,명목,대구광역시,보험 및 금융,,,3692537,백만원 %p
2014,실질,대구광역시,보험 및 금융,,,3120569,백만원 %p
2015,실질,대구광역시,보험 및 금융,,,3250987,백만원 %p
2016,실질,대구광역시,보험 및 금융,,,3196615,백만원 %p
2017,실질,대구광역시,보험 및 금융,,,2995477,백만원 %p
2018,실질,대구광역시,보험 및 금융,,,3128266,백만원 %p
2019,실질,대구광역시,보험 및 금융,,,3175544,백만원 %p
2020,실질,대구광역시,보험 및 금융,,,3177517,백만원 %p
2021,실질,대구광역시,보험 및 금융,,,3296977,백만원 %p
2022,실질,대구광역시,보험 및 금융,,,3365898,백만원 %p
2023,실질,대구광역시,보험 및 금융,,,3208045,백만원 %p
2024,실질,대구광역시,보험 및 금융,,,3191404,백만원 %p
2014,실질기여도,대구광역시,보험 및 금융,,,0.1183986814,백만원 %p
2015,실질기여도,대구광역시,보험 및 금융,,,0.2195169765,백만원 %p
2016,실질기여도,대구광역시,보험 및 금융,,,-0.0868949415,백만원 %p
2017,실질기여도,대구광역시,보험 및 금융,,,-0.3214862853,백만원 %p
2018,실질기여도,대구광역시,보험 및 금융,,,0.2192342299,백만원 %p
2019,실질기여도,대구광역시,보험 및 금융,,,0.0758592018,백만원 %p
2020,실질기여도,대구광역시,보험 및 금융,,,0.0030858883,백만원 %p
2021,실질기여도,대구광역시,보험 및 금융,,,0.1908372435,백만원 %p
2022,실질기여도,대구광역시,보험 및 금융,,,0.1065610282,백만원 %p
2023,실질기여도,대구광역시,보험 및 금융,,,-0.244098546,백만원 %p
2024,실질기여도,대구광역시,보험 및 금융,,,-0.026448662,백만원 %p
2014,명목,대구광역시,기타 상품 및 서비스,,,2267797,백만원 %p
2015,명목,대구광역시,기타 상품 및 서비스,,,2360592,백만원 %p
2016,명목,대구광역시,기타 상품 및 서비스,,,2578398,백만원 %p
2017,명목,대구광역시,기타 상품 및 서비스,,,2637156,백만원 %p
2018,명목,대구광역시,기타 상품 및 서비스,,,2938900,백만원 %p
2019,명목,대구광역시,기타 상품 및 서비스,,,3403407,백만원 %p
2020,명목,대구광역시,기타 상품 및 서비스,,,2905229,백만원 %p
2021,명목,대구광역시,기타 상품 및 서비스,,,3125368,백만원 %p
2022,명목,대구광역시,기타 상품 및 서비스,,,3034225,백만원 %p
2023,명목,대구광역시,기타 상품 및 서비스,,,3004873,백만원 %p
2024,명목,대구광역시,기타 상품 및 서비스,,,2861212,백만원 %p
2014,실질,대구광역시,기타 상품 및 서비스,,,2516251,백만원 %p
2015,실질,대구광역시,기타 상품 및 서비스,,,2573938,백만원 %p
2016,실질,대구광역시,기타 상품 및 서비스,,,2751548,백만원 %p
2017,실질,대구광역시,기타 상품 및 서비스,,,2760307,백만원 %p
2018,실질,대구광역시,기타 상품 및 서비스,,,3042668,백만원 %p
2019,실질,대구광역시,기타 상품 및 서비스,,,3464917,백만원 %p
2020,실질,대구광역시,기타 상품 및 서비스,,,2905229,백만원 %p
2021,실질,대구광역시,기타 상품 및 서비스,,,2988269,백만원 %p
2022,실질,대구광역시,기타 상품 및 서비스,,,2738703,백만원 %p
2023,실질,대구광역시,기타 상품 및 서비스,,,2575137,백만원 %p
2024,실질,대구광역시,기타 상품 및 서비스,,,2431619,백만원 %p
2014,실질기여도,대구광역시,기타 상품 및 서비스,,,0.0291450883,백만원 %p
2015,실질기여도,대구광역시,기타 상품 및 서비스,,,0.0994944348,백만원 %p
2016,실질기여도,대구광역시,기타 상품 및 서비스,,,0.2908562823,백만원 %p
2017,실질기여도,대구광역시,기타 상품 및 서비스,,,0.0142605163,백만원 %p
2018,실질기여도,대구광역시,기타 상품 및 서비스,,,0.4541102521,백만원 %p
2019,실질기여도,대구광역시,기타 상품 및 서비스,,,0.6710411602,백만원 %p
2020,실질기여도,대구광역시,기타 상품 및 서비스,,,-0.8794573789,백만원 %p
2021,실질기여도,대구광역시,기타 상품 및 서비스,,,0.132656326,백만원 %p
2022,실질기여도,대구광역시,기타 상품 및 서비스,,,-0.3923174935,백만원 %p
2023,실질기여도,대구광역시,기타 상품 및 서비스,,,-0.25767506,백만원 %p
2024,실질기여도,대구광역시,기타 상품 및 서비스,,,-0.2314403,백만원 %p
2014,명목,대구광역시,거주자 국외소비지출,,,1047070,백만원 %p
2015,명목,대구광역시,거주자 국외소비지출,,,1252992,백만원 %p
2016,명목,대구광역시,거주자 국외소비지출,,,1392273,백만원 %p
2017,명목,대구광역시,거주자 국외소비지출,,,1602442,백만원 %p
2018,명목,대구광역시,거주자 국외소비지출,,,1713444,백만원 %p
2019,명목,대구광역시,거주자 국외소비지출,,,1693841,백만원 %p
2020,명목,대구광역시,거주자 국외소비지출,,,631795,백만원 %p
2021,명목,대구광역시,거주자 국외소비지출,,,478762,백만원 %p
2022,명목,대구광역시,거주자 국외소비지출,,,698765,백만원 %p
2023,명목,대구광역시,거주자 국외소비지출,,,1318197,백만원 %p
2024,명목,대구광역시,거주자 국외소비지출,,,1591859,백만원 %p
2014,실질,대구광역시,거주자 국외소비지출,,,1101340,백만원 %p
2015,실질,대구광역시,거주자 국외소비지출,,,1312744,백만원 %p
2016,실질,대구광역시,거주자 국외소비지출,,,1449450,백만원 %p
2017,실질,대구광역시,거주자 국외소비지출,,,1680182,백만원 %p
2018,실질,대구광역시,거주자 국외소비지출,,,1817102,백만원 %p
2019,실질,대구광역시,거주자 국외소비지출,,,1688557,백만원 %p
2020,실질,대구광역시,거주자 국외소비지출,,,631795,백만원 %p
2021,실질,대구광역시,거주자 국외소비지출,,,464434,백만원 %p
2022,실질,대구광역시,거주자 국외소비지출,,,601938,백만원 %p
2023,실질,대구광역시,거주자 국외소비지출,,,1108838,백만원 %p
2024,실질,대구광역시,거주자 국외소비지출,,,1285357,백만원 %p
2014,실질기여도,대구광역시,거주자 국외소비지출,,,0.2115301781,백만원 %p
2015,실질기여도,대구광역시,거주자 국외소비지출,,,0.384625954,백만원 %p
2016,실질기여도,대구광역시,거주자 국외소비지출,,,0.2329935793,백만원 %p
2017,실질기여도,대구광역시,거주자 국외소비지출,,,0.3851051818,백만원 %p
2018,실질기여도,대구광역시,거주자 국외소비지출,,,0.219821723,백만원 %p
2019,실질기여도,대구광역시,거주자 국외소비지출,,,-0.1994327326,백만원 %p
2020,실질기여도,대구광역시,거주자 국외소비지출,,,-1.6958292179,백만원 %p
2021,실질기여도,대구광역시,거주자 국외소비지출,,,-0.2673590483,백만원 %p
2022,실질기여도,대구광역시,거주자 국외소비지출,,,0.2130499105,백만원 %p
2023,실질기여도,대구광역시,거주자 국외소비지출,,,0.836714499,백만원 %p
2024,실질기여도,대구광역시,거주자 국외소비지출,,,0.290009339,백만원 %p
2014,명목,대구광역시,(공제) 비거주자 국내소비지출,,,727489,백만원 %p
2015,명목,대구광역시,(공제) 비거주자 국내소비지출,,,705819,백만원 %p
2016,명목,대구광역시,(공제) 비거주자 국내소비지출,,,827532,백만원 %p
2017,명목,대구광역시,(공제) 비거주자 국내소비지출,,,604724,백만원 %p
2018,명목,대구광역시,(공제) 비거주자 국내소비지출,,,813505,백만원 %p
2019,명목,대구광역시,(공제) 비거주자 국내소비지출,,,975934,백만원 %p
2020,명목,대구광역시,(공제) 비거주자 국내소비지출,,,347073,백만원 %p
2021,명목,대구광역시,(공제) 비거주자 국내소비지출,,,309435,백만원 %p
2022,명목,대구광역시,(공제) 비거주자 국내소비지출,,,425083,백만원 %p
2023,명목,대구광역시,(공제) 비거주자 국내소비지출,,,755849,백만원 %p
2024,명목,대구광역시,(공제) 비거주자 국내소비지출,,,887589,백만원 %p
2014,실질,대구광역시,(공제) 비거주자 국내소비지출,,,775243,백만원 %p
2015,실질,대구광역시,(공제) 비거주자 국내소비지출,,,746619,백만원 %p
2016,실질,대구광역시,(공제) 비거주자 국내소비지출,,,861643,백만원 %p
2017,실질,대구광역시,(공제) 비거주자 국내소비지출,,,620350,백만원 %p
2018,실질,대구광역시,(공제) 비거주자 국내소비지출,,,825001,백만원 %p
2019,실질,대구광역시,(공제) 비거주자 국내소비지출,,,980897,백만원 %p
2020,실질,대구광역시,(공제) 비거주자 국내소비지출,,,347073,백만원 %p
2021,실질,대구광역시,(공제) 비거주자 국내소비지출,,,303400,백만원 %p
2022,실질,대구광역시,(공제) 비거주자 국내소비지출,,,399289,백만원 %p
2023,실질,대구광역시,(공제) 비거주자 국내소비지출,,,684058,백만원 %p
2024,실질,대구광역시,(공제) 비거주자 국내소비지출,,,788731,백만원 %p
2014,실질기여도,대구광역시,(공제) 비거주자 국내소비지출,,,0.2317431283,백만원 %p
2015,실질기여도,대구광역시,(공제) 비거주자 국내소비지출,,,-0.0514035124,백만원 %p
2016,실질기여도,대구광역시,(공제) 비거주자 국내소비지출,,,0.1941636969,백만원 %p
2017,실질기여도,대구광역시,(공제) 비거주자 국내소비지출,,,-0.4026723585,백만원 %p
2018,실질기여도,대구광역시,(공제) 비거주자 국내소비지출,,,0.3358221436,백만원 %p
2019,실질기여도,대구광역시,(공제) 비거주자 국내소비지출,,,0.2529254313,백만원 %p
2020,실질기여도,대구광역시,(공제) 비거주자 국내소비지출,,,-1.0088199296,백만원 %p
2021,실질기여도,대구광역시,(공제) 비거주자 국내소비지출,,,-0.0697675786,백만원 %p
2022,실질기여도,대구광역시,(공제) 비거주자 국내소비지출,,,0.1469913017,백만원 %p
2023,실질기여도,대구광역시,(공제) 비거주자 국내소비지출,,,0.431078477,백만원 %p
2024,실질기여도,대구광역시,(공제) 비거주자 국내소비지출,,,0.159839027,백만원 %p
2014,명목,대구광역시,가계의 형태별 지출,,,38776715,백만원 %p
2015,명목,대구광역시,가계의 형태별 지출,,,40377879,백만원 %p
2016,명목,대구광역시,가계의 형태별 지출,,,41511144,백만원 %p
2017,명목,대구광역시,가계의 형태별 지출,,,42945544,백만원 %p
2018,명목,대구광역시,가계의 형태별 지출,,,45226783,백만원 %p
2019,명목,대구광역시,가계의 형태별 지출,,,46239178,백만원 %p
2020,명목,대구광역시,가계의 형태별 지출,,,44167675,백만원 %p
2021,명목,대구광역시,가계의 형태별 지출,,,46348172,백만원 %p
2022,명목,대구광역시,가계의 형태별 지출,,,48914834,백만원 %p
2023,명목,대구광역시,가계의 형태별 지출,,,50622576,백만원 %p
2024,명목,대구광역시,가계의 형태별 지출,,,51575067,백만원 %p
2014,실질,대구광역시,가계의 형태별 지출,,,41566963,백만원 %p
2015,실질,대구광역시,가계의 형태별 지출,,,42867796,백만원 %p
2016,실질,대구광역시,가계의 형태별 지출,,,43503962,백만원 %p
2017,실질,대구광역시,가계의 형태별 지출,,,44120153,백만원 %p
2018,실질,대구광역시,가계의 형태별 지출,,,45960693,백만원 %p
2019,실질,대구광역시,가계의 형태별 지출,,,46602499,백만원 %p
2020,실질,대구광역시,가계의 형태별 지출,,,44167675,백만원 %p
2021,실질,대구광역시,가계의 형태별 지출,,,45331347,백만원 %p
2022,실질,대구광역시,가계의 형태별 지출,,,45781745,백만원 %p
2023,실질,대구광역시,가계의 형태별 지출,,,45805445,백만원 %p
2024,실질,대구광역시,가계의 형태별 지출,,,45780886,백만원 %p
2014,실질기여도,대구광역시,가계의 형태별 지출,,,1.5469605967,백만원 %p
2015,실질기여도,대구광역시,가계의 형태별 지출,,,2.3222825127,백만원 %p
2016,실질기여도,대구광역시,가계의 형태별 지출,,,1.0699644985,백만원 %p
2017,실질기여도,대구광역시,가계의 형태별 지출,,,1.0216503551,백만원 %p
2018,실질기여도,대구광역시,가계의 형태별 지출,,,3.0158072499,백만원 %p
2019,실질기여도,대구광역시,가계의 형태별 지출,,,1.0391160753,백만원 %p
2020,실질기여도,대구광역시,가계의 형태별 지출,,,-3.8647064008,백만원 %p
2021,실질기여도,대구광역시,가계의 형태별 지출,,,1.8589649829,백만원 %p
2022,실질기여도,대구광역시,가계의 형태별 지출,,,0.6921514316,백만원 %p
2023,실질기여도,대구광역시,가계의 형태별 지출,,,0.036005915,백만원 %p
2024,실질기여도,대구광역시,가계의 형태별 지출,,,-0.037510167,백만원 %p
2014,명목,대구광역시,국내소비지출,,,38457134,백만원 %p
2015,명목,대구광역시,국내소비지출,,,39830706,백만원 %p
2016,명목,대구광역시,국내소비지출,,,40946403,백만원 %p
2017,명목,대구광역시,국내소비지출,,,41947826,백만원 %p
2018,명목,대구광역시,국내소비지출,,,44326844,백만원 %p
2019,명목,대구광역시,국내소비지출,,,45521271,백만원 %p
2020,명목,대구광역시,국내소비지출,,,43882953,백만원 %p
2021,명목,대구광역시,국내소비지출,,,46178845,백만원 %p
2022,명목,대구광역시,국내소비지출,,,48641152,백만원 %p
2023,명목,대구광역시,국내소비지출,,,50060228,백만원 %p
2024,명목,대구광역시,국내소비지출,,,50870797,백만원 %p
2014,실질,대구광역시,국내소비지출,,,41244597,백만원 %p
2015,실질,대구광역시,국내소비지출,,,42301706,백만원 %p
2016,실질,대구광역시,국내소비지출,,,42915000,백만원 %p
2017,실질,대구광역시,국내소비지출,,,43056066,백만원 %p
2018,실질,대구광역시,국내소비지출,,,44965667,백만원 %p
2019,실질,대구광역시,국내소비지출,,,45885225,백만원 %p
2020,실질,대구광역시,국내소비지출,,,43882953,백만원 %p
2021,실질,대구광역시,국내소비지출,,,45170313,백만원 %p
2022,실질,대구광역시,국내소비지출,,,45577767,백만원 %p
2023,실질,대구광역시,국내소비지출,,,45334187,백만원 %p
2024,실질,대구광역시,국내소비지출,,,45224310,백만원 %p
2014,실질기여도,대구광역시,국내소비지출,,,1.5671735469,백만원 %p
2015,실질기여도,대구광역시,국내소비지출,,,1.8862530462,백만원 %p
2016,실질기여도,대구광역시,국내소비지출,,,1.0311346161,백만원 %p
2017,실질기여도,대구광역시,국내소비지출,,,0.2338728148,백만원 %p
2018,실질기여도,대구광역시,국내소비지출,,,3.1318076705,백만원 %p
2019,실질기여도,대구광역시,국내소비지출,,,1.4914742392,백만원 %p
2020,실질기여도,대구광역시,국내소비지출,,,-3.1776971124,백만원 %p
2021,실질기여도,대구광역시,국내소비지출,,,2.0565564526,백만원 %p
2022,실질기여도,대구광역시,국내소비지출,,,0.6260928228,백만원 %p
2023,실질기여도,대구광역시,국내소비지출,,,-0.369630107,백만원 %p
2024,실질기여도,대구광역시,국내소비지출,,,-0.167680479,백만원 %p
2014,명목,대구광역시,내구재,,,3454135,백만원 %p
2015,명목,대구광역시,내구재,,,3763299,백만원 %p
2016,명목,대구광역시,내구재,,,3850637,백만원 %p
2017,명목,대구광역시,내구재,,,4363664,백만원 %p
2018,명목,대구광역시,내구재,,,4533085,백만원 %p
2019,명목,대구광역시,내구재,,,4525005,백만원 %p
2020,명목,대구광역시,내구재,,,4949089,백만원 %p
2021,명목,대구광역시,내구재,,,4903697,백만원 %p
2022,명목,대구광역시,내구재,,,4893983,백만원 %p
2023,명목,대구광역시,내구재,,,4615189,백만원 %p
2024,명목,대구광역시,내구재,,,4803209,백만원 %p
2014,실질,대구광역시,내구재,,,3387353,백만원 %p
2015,실질,대구광역시,내구재,,,3701295,백만원 %p
2016,실질,대구광역시,내구재,,,3763443,백만원 %p
2017,실질,대구광역시,내구재,,,4260634,백만원 %p
2018,실질,대구광역시,내구재,,,4462110,백만원 %p
2019,실질,대구광역시,내구재,,,4496813,백만원 %p
2020,실질,대구광역시,내구재,,,4949089,백만원 %p
2021,실질,대구광역시,내구재,,,4928323,백만원 %p
2022,실질,대구광역시,내구재,,,4831083,백만원 %p
2023,실질,대구광역시,내구재,,,4492827,백만원 %p
2024,실질,대구광역시,내구재,,,4649300,백만원 %p
2014,실질기여도,대구광역시,내구재,,,0.3363408587,백만원 %p
2015,실질기여도,대구광역시,내구재,,,0.6126301268,백만원 %p
2016,실질기여도,대구광역시,내구재,,,0.1128309316,백만원 %p
2017,실질기여도,대구광역시,내구재,,,0.8839382851,백만원 %p
2018,실질기여도,대구광역시,내구재,,,0.3473582179,백만원 %p
2019,실질기여도,대구광역시,내구재,,,0.0580058161,백만원 %p
2020,실질기여도,대구광역시,내구재,,,0.7280568823,백만원 %p
2021,실질기여도,대구광역시,내구재,,,-0.0331736665,백만원 %p
2022,실질기여도,대구광역시,내구재,,,-0.145425134,백만원 %p
2023,실질기여도,대구광역시,내구재,,,-0.487235873,백만원 %p
2024,실질기여도,대구광역시,내구재,,,0.222133931,백만원 %p
2014,명목,대구광역시,준내구재,,,4261224,백만원 %p
2015,명목,대구광역시,준내구재,,,4298223,백만원 %p
2016,명목,대구광역시,준내구재,,,4137286,백만원 %p
2017,명목,대구광역시,준내구재,,,4049061,백만원 %p
2018,명목,대구광역시,준내구재,,,4521993,백만원 %p
2019,명목,대구광역시,준내구재,,,4475888,백만원 %p
2020,명목,대구광역시,준내구재,,,3948899,백만원 %p
2021,명목,대구광역시,준내구재,,,4420328,백만원 %p
2022,명목,대구광역시,준내구재,,,4362036,백만원 %p
2023,명목,대구광역시,준내구재,,,4746868,백만원 %p
2024,명목,대구광역시,준내구재,,,4788364,백만원 %p
2014,실질,대구광역시,준내구재,,,4594380,백만원 %p
2015,실질,대구광역시,준내구재,,,4542402,백만원 %p
2016,실질,대구광역시,준내구재,,,4282970,백만원 %p
2017,실질,대구광역시,준내구재,,,4149608,백만원 %p
2018,실질,대구광역시,준내구재,,,4600793,백만원 %p
2019,실질,대구광역시,준내구재,,,4528569,백만원 %p
2020,실질,대구광역시,준내구재,,,3948899,백만원 %p
2021,실질,대구광역시,준내구재,,,4389311,백만원 %p
2022,실질,대구광역시,준내구재,,,4186232,백만원 %p
2023,실질,대구광역시,준내구재,,,4307031,백만원 %p
2024,실질,대구광역시,준내구재,,,4278506,백만원 %p
2014,실질기여도,대구광역시,준내구재,,,-0.0946627205,백만원 %p
2015,실질기여도,대구광역시,준내구재,,,-0.0922568754,백만원 %p
2016,실질기여도,대구광역시,준내구재,,,-0.4383423394,백만원 %p
2017,실질기여도,대구광역시,준내구재,,,-0.2238485771,백만원 %p
2018,실질기여도,대구광역시,준내구재,,,0.7411048206,백만원 %p
2019,실질기여도,대구광역시,준내구재,,,-0.1167964507,백만원 %p
2020,실질기여도,대구광역시,준내구재,,,-0.9165312318,백만원 %p
2021,실질기여도,대구광역시,준내구재,,,0.7035577775,백만원 %p
2022,실질기여도,대구광역시,준내구재,,,-0.3073927264,백만원 %p
2023,실질기여도,대구광역시,준내구재,,,0.178980196,백만원 %p
2024,실질기여도,대구광역시,준내구재,,,-0.043447227,백만원 %p
2014,명목,대구광역시,비내구재,,,7860876,백만원 %p
2015,명목,대구광역시,비내구재,,,7883517,백만원 %p
2016,명목,대구광역시,비내구재,,,8307988,백만원 %p
2017,명목,대구광역시,비내구재,,,8511123,백만원 %p
2018,명목,대구광역시,비내구재,,,8972131,백만원 %p
2019,명목,대구광역시,비내구재,,,9202387,백만원 %p
2020,명목,대구광역시,비내구재,,,9458055,백만원 %p
2021,명목,대구광역시,비내구재,,,10062629,백만원 %p
2022,명목,대구광역시,비내구재,,,10470999,백만원 %p
2023,명목,대구광역시,비내구재,,,10722276,백만원 %p
2024,명목,대구광역시,비내구재,,,10929622,백만원 %p
2014,실질,대구광역시,비내구재,,,8220757,백만원 %p
2015,실질,대구광역시,비내구재,,,8248249,백만원 %p
2016,실질,대구광역시,비내구재,,,8764220,백만원 %p
2017,실질,대구광역시,비내구재,,,8777420,백만원 %p
2018,실질,대구광역시,비내구재,,,9062875,백만원 %p
2019,실질,대구광역시,비내구재,,,9307658,백만원 %p
2020,실질,대구광역시,비내구재,,,9458055,백만원 %p
2021,실질,대구광역시,비내구재,,,9595022,백만원 %p
2022,실질,대구광역시,비내구재,,,9254853,백만원 %p
2023,실질,대구광역시,비내구재,,,9057603,백만원 %p
2024,실질,대구광역시,비내구재,,,9040245,백만원 %p
2014,실질기여도,대구광역시,비내구재,,,0.1173359962,백만원 %p
2015,실질기여도,대구광역시,비내구재,,,0.0503069705,백만원 %p
2016,실질기여도,대구광역시,비내구재,,,0.8805826661,백만원 %p
2017,실질기여도,대구광역시,비내구재,,,0.0217426393,백만원 %p
2018,실질기여도,대구광역시,비내구재,,,0.4659459647,백만원 %p
2019,실질기여도,대구광역시,비내구재,,,0.3987140955,백만원 %p
2020,실질기여도,대구광역시,비내구재,,,0.2378741586,백만원 %p
2021,실질기여도,대구광역시,비내구재,,,0.2188046604,백만원 %p
2022,실질기여도,대구광역시,비내구재,,,-0.5362050175,백만원 %p
2023,실질기여도,대구광역시,비내구재,,,-0.317330385,백만원 %p
2024,실질기여도,대구광역시,비내구재,,,-0.028397278,백만원 %p
2014,명목,대구광역시,서비스,,,22880899,백만원 %p
2015,명목,대구광역시,서비스,,,23885667,백만원 %p
2016,명목,대구광역시,서비스,,,24650492,백만원 %p
2017,명목,대구광역시,서비스,,,25023978,백만원 %p
2018,명목,대구광역시,서비스,,,26299635,백만원 %p
2019,명목,대구광역시,서비스,,,27317991,백만원 %p
2020,명목,대구광역시,서비스,,,25526910,백만원 %p
2021,명목,대구광역시,서비스,,,26792191,백만원 %p
2022,명목,대구광역시,서비스,,,28914134,백만원 %p
2023,명목,대구광역시,서비스,,,29975895,백만원 %p
2024,명목,대구광역시,서비스,,,30349602,백만원 %p
2014,실질,대구광역시,서비스,,,25109096,백만원 %p
2015,실질,대구광역시,서비스,,,25863497,백만원 %p
2016,실질,대구광역시,서비스,,,26152184,백만원 %p
2017,실질,대구광역시,서비스,,,25878676,백만원 %p
2018,실질,대구광역시,서비스,,,26847734,백만원 %p
2019,실질,대구광역시,서비스,,,27562214,백만원 %p
2020,실질,대구광역시,서비스,,,25526910,백만원 %p
2021,실질,대구광역시,서비스,,,26257657,백만원 %p
2022,실질,대구광역시,서비스,,,27310784,백만원 %p
2023,실질,대구광역시,서비스,,,27480809,백만원 %p
2024,실질,대구광역시,서비스,,,27269880,백만원 %p
2014,실질기여도,대구광역시,서비스,,,1.2081594125,백만원 %p
2015,실질기여도,대구광역시,서비스,,,1.3155728243,백만원 %p
2016,실질기여도,대구광역시,서비스,,,0.4760633577,백만원 %p
2017,실질기여도,대구광역시,서비스,,,-0.4479595325,백만원 %p
2018,실질기여도,대구광역시,서비스,,,1.5773986673,백만원 %p
2019,실질기여도,대구광역시,서비스,,,1.1515507782,백만원 %p
2020,실질기여도,대구광역시,서비스,,,-3.2270969215,백만원 %p
2021,실질기여도,대구광역시,서비스,,,1.1673676812,백만원 %p
2022,실질기여도,대구광역시,서비스,,,1.6151157007,백만원 %p
2023,실질기여도,대구광역시,서비스,,,0.255955956,백만원 %p
2024,실질기여도,대구광역시,서비스,,,-0.317969906,백만원 %p
2014,명목,대구광역시,거주자 국외소비지출,,,1047070,백만원 %p
2015,명목,대구광역시,거주자 국외소비지출,,,1252992,백만원 %p
2016,명목,대구광역시,거주자 국외소비지출,,,1392273,백만원 %p
2017,명목,대구광역시,거주자 국외소비지출,,,1602442,백만원 %p
2018,명목,대구광역시,거주자 국외소비지출,,,1713444,백만원 %p
2019,명목,대구광역시,거주자 국외소비지출,,,1693841,백만원 %p
2020,명목,대구광역시,거주자 국외소비지출,,,631795,백만원 %p
2021,명목,대구광역시,거주자 국외소비지출,,,478762,백만원 %p
2022,명목,대구광역시,거주자 국외소비지출,,,698765,백만원 %p
2023,명목,대구광역시,거주자 국외소비지출,,,1318197,백만원 %p
2024,명목,대구광역시,거주자 국외소비지출,,,1591859,백만원 %p
2014,실질,대구광역시,거주자 국외소비지출,,,1101340,백만원 %p
2015,실질,대구광역시,거주자 국외소비지출,,,1312744,백만원 %p
2016,실질,대구광역시,거주자 국외소비지출,,,1449450,백만원 %p
2017,실질,대구광역시,거주자 국외소비지출,,,1680182,백만원 %p
2018,실질,대구광역시,거주자 국외소비지출,,,1817102,백만원 %p
2019,실질,대구광역시,거주자 국외소비지출,,,1688557,백만원 %p
2020,실질,대구광역시,거주자 국외소비지출,,,631795,백만원 %p
2021,실질,대구광역시,거주자 국외소비지출,,,464434,백만원 %p
2022,실질,대구광역시,거주자 국외소비지출,,,601938,백만원 %p
2023,실질,대구광역시,거주자 국외소비지출,,,1108838,백만원 %p
2024,실질,대구광역시,거주자 국외소비지출,,,1285357,백만원 %p
2014,실질기여도,대구광역시,거주자 국외소비지출,,,0.2115301781,백만원 %p
2015,실질기여도,대구광역시,거주자 국외소비지출,,,0.384625954,백만원 %p
2016,실질기여도,대구광역시,거주자 국외소비지출,,,0.2329935793,백만원 %p
2017,실질기여도,대구광역시,거주자 국외소비지출,,,0.3851051818,백만원 %p
2018,실질기여도,대구광역시,거주자 국외소비지출,,,0.219821723,백만원 %p
2019,실질기여도,대구광역시,거주자 국외소비지출,,,-0.1994327326,백만원 %p
2020,실질기여도,대구광역시,거주자 국외소비지출,,,-1.6958292179,백만원 %p
2021,실질기여도,대구광역시,거주자 국외소비지출,,,-0.2673590483,백만원 %p
2022,실질기여도,대구광역시,거주자 국외소비지출,,,0.2130499105,백만원 %p
2023,실질기여도,대구광역시,거주자 국외소비지출,,,0.836714499,백만원 %p
2024,실질기여도,대구광역시,거주자 국외소비지출,,,0.290009339,백만원 %p
2014,명목,대구광역시,(공제) 비거주자 국내소비지출,,,727489,백만원 %p
2015,명목,대구광역시,(공제) 비거주자 국내소비지출,,,705819,백만원 %p
2016,명목,대구광역시,(공제) 비거주자 국내소비지출,,,827532,백만원 %p
2017,명목,대구광역시,(공제) 비거주자 국내소비지출,,,604724,백만원 %p
2018,명목,대구광역시,(공제) 비거주자 국내소비지출,,,813505,백만원 %p
2019,명목,대구광역시,(공제) 비거주자 국내소비지출,,,975934,백만원 %p
2020,명목,대구광역시,(공제) 비거주자 국내소비지출,,,347073,백만원 %p
2021,명목,대구광역시,(공제) 비거주자 국내소비지출,,,309435,백만원 %p
2022,명목,대구광역시,(공제) 비거주자 국내소비지출,,,425083,백만원 %p
2023,명목,대구광역시,(공제) 비거주자 국내소비지출,,,755849,백만원 %p
2024,명목,대구광역시,(공제) 비거주자 국내소비지출,,,887589,백만원 %p
2014,실질,대구광역시,(공제) 비거주자 국내소비지출,,,775243,백만원 %p
2015,실질,대구광역시,(공제) 비거주자 국내소비지출,,,746619,백만원 %p
2016,실질,대구광역시,(공제) 비거주자 국내소비지출,,,861643,백만원 %p
2017,실질,대구광역시,(공제) 비거주자 국내소비지출,,,620350,백만원 %p
2018,실질,대구광역시,(공제) 비거주자 국내소비지출,,,825001,백만원 %p
2019,실질,대구광역시,(공제) 비거주자 국내소비지출,,,980897,백만원 %p
2020,실질,대구광역시,(공제) 비거주자 국내소비지출,,,347073,백만원 %p
2021,실질,대구광역시,(공제) 비거주자 국내소비지출,,,303400,백만원 %p
2022,실질,대구광역시,(공제) 비거주자 국내소비지출,,,399289,백만원 %p
2023,실질,대구광역시,(공제) 비거주자 국내소비지출,,,684058,백만원 %p
2024,실질,대구광역시,(공제) 비거주자 국내소비지출,,,788731,백만원 %p
2014,실질기여도,대구광역시,(공제) 비거주자 국내소비지출,,,0.2317431283,백만원 %p
2015,실질기여도,대구광역시,(공제) 비거주자 국내소비지출,,,-0.0514035124,백만원 %p
2016,실질기여도,대구광역시,(공제) 비거주자 국내소비지출,,,0.1941636969,백만원 %p
2017,실질기여도,대구광역시,(공제) 비거주자 국내소비지출,,,-0.4026723585,백만원 %p
2018,실질기여도,대구광역시,(공제) 비거주자 국내소비지출,,,0.3358221436,백만원 %p
2019,실질기여도,대구광역시,(공제) 비거주자 국내소비지출,,,0.2529254313,백만원 %p
2020,실질기여도,대구광역시,(공제) 비거주자 국내소비지출,,,-1.0088199296,백만원 %p
2021,실질기여도,대구광역시,(공제) 비거주자 국내소비지출,,,-0.0697675786,백만원 %p
2022,실질기여도,대구광역시,(공제) 비거주자 국내소비지출,,,0.1469913017,백만원 %p
2023,실질기여도,대구광역시,(공제) 비거주자 국내소비지출,,,0.431078477,백만원 %p
2024,실질기여도,대구광역시,(공제) 비거주자 국내소비지출,,,0.159839027,백만원 %p
2014,명목,대구광역시,가계에 봉사하는 비영리단체의 최종소비지출,,,1345528,백만원 %p
2015,명목,대구광역시,가계에 봉사하는 비영리단체의 최종소비지출,,,1436117,백만원 %p
2016,명목,대구광역시,가계에 봉사하는 비영리단체의 최종소비지출,,,1668501,백만원 %p
2017,명목,대구광역시,가계에 봉사하는 비영리단체의 최종소비지출,,,1704976,백만원 %p
2018,명목,대구광역시,가계에 봉사하는 비영리단체의 최종소비지출,,,1851836,백만원 %p
2019,명목,대구광역시,가계에 봉사하는 비영리단체의 최종소비지출,,,1959393,백만원 %p
2020,명목,대구광역시,가계에 봉사하는 비영리단체의 최종소비지출,,,1801319,백만원 %p
2021,명목,대구광역시,가계에 봉사하는 비영리단체의 최종소비지출,,,1808928,백만원 %p
2022,명목,대구광역시,가계에 봉사하는 비영리단체의 최종소비지출,,,1995522,백만원 %p
2023,명목,대구광역시,가계에 봉사하는 비영리단체의 최종소비지출,,,2184434,백만원 %p
2024,명목,대구광역시,가계에 봉사하는 비영리단체의 최종소비지출,,,2282567,백만원 %p
2014,실질,대구광역시,가계에 봉사하는 비영리단체의 최종소비지출,,,1397722,백만원 %p
2015,실질,대구광역시,가계에 봉사하는 비영리단체의 최종소비지출,,,1494911,백만원 %p
2016,실질,대구광역시,가계에 봉사하는 비영리단체의 최종소비지출,,,1710449,백만원 %p
2017,실질,대구광역시,가계에 봉사하는 비영리단체의 최종소비지출,,,1736606,백만원 %p
2018,실질,대구광역시,가계에 봉사하는 비영리단체의 최종소비지출,,,1858238,백만원 %p
2019,실질,대구광역시,가계에 봉사하는 비영리단체의 최종소비지출,,,1946413,백만원 %p
2020,실질,대구광역시,가계에 봉사하는 비영리단체의 최종소비지출,,,1801319,백만원 %p
2021,실질,대구광역시,가계에 봉사하는 비영리단체의 최종소비지출,,,1800964,백만원 %p
2022,실질,대구광역시,가계에 봉사하는 비영리단체의 최종소비지출,,,1919171,백만원 %p
2023,실질,대구광역시,가계에 봉사하는 비영리단체의 최종소비지출,,,2072945,백만원 %p
2024,실질,대구광역시,가계에 봉사하는 비영리단체의 최종소비지출,,,2141134,백만원 %p
2014,실질기여도,대구광역시,가계에 봉사하는 비영리단체의 최종소비지출,,,0.0271273821,백만원 %p
2015,실질기여도,대구광역시,가계에 봉사하는 비영리단체의 최종소비지출,,,0.179044437,백만원 %p
2016,실질기여도,대구광역시,가계에 봉사하는 비영리단체의 최종소비지출,,,0.3697302621,백만원 %p
2017,실질기여도,대구광역시,가계에 봉사하는 비영리단체의 최종소비지출,,,0.0443367045,백만원 %p
2018,실질기여도,대구광역시,가계에 봉사하는 비영리단체의 최종소비지출,,,0.2010202617,백만원 %p
2019,실질기여도,대구광역시,가계에 봉사하는 비영리단체의 최종소비지출,,,0.1445777075,백만원 %p
2020,실질기여도,대구광역시,가계에 봉사하는 비영리단체의 최종소비지출,,,-0.2336604572,백만원 %p
2021,실질기여도,대구광역시,가계에 봉사하는 비영리단체의 최종소비지출,,,-0.0005671122,백만원 %p
2022,실질기여도,대구광역시,가계에 봉사하는 비영리단체의 최종소비지출,,,0.1784559414,백만원 %p
2023,실질기여도,대구광역시,가계에 봉사하는 비영리단체의 최종소비지출,,,0.227352568,백만원 %p
2024,실질기여도,대구광역시,가계에 봉사하는 비영리단체의 최종소비지출,,,0.09930617,백만원 %p
2014,명목,대구광역시,보건복지 및 환경,,,437667,백만원 %p
2015,명목,대구광역시,보건복지 및 환경,,,476628,백만원 %p
2016,명목,대구광역시,보건복지 및 환경,,,629856,백만원 %p
2017,명목,대구광역시,보건복지 및 환경,,,691462,백만원 %p
2018,명목,대구광역시,보건복지 및 환경,,,817181,백만원 %p
2019,명목,대구광역시,보건복지 및 환경,,,963010,백만원 %p
2020,명목,대구광역시,보건복지 및 환경,,,1047185,백만원 %p
2021,명목,대구광역시,보건복지 및 환경,,,1080677,백만원 %p
2022,명목,대구광역시,보건복지 및 환경,,,1149275,백만원 %p
2023,명목,대구광역시,보건복지 및 환경,,,1344454,백만원 %p
2024,명목,대구광역시,보건복지 및 환경,,,1445179,백만원 %p
2014,실질,대구광역시,보건복지 및 환경,,,445979,백만원 %p
2015,실질,대구광역시,보건복지 및 환경,,,483976,백만원 %p
2016,실질,대구광역시,보건복지 및 환경,,,629219,백만원 %p
2017,실질,대구광역시,보건복지 및 환경,,,691743,백만원 %p
2018,실질,대구광역시,보건복지 및 환경,,,808807,백만원 %p
2019,실질,대구광역시,보건복지 및 환경,,,945843,백만원 %p
2020,실질,대구광역시,보건복지 및 환경,,,1047185,백만원 %p
2021,실질,대구광역시,보건복지 및 환경,,,1089062,백만원 %p
2022,실질,대구광역시,보건복지 및 환경,,,1109785,백만원 %p
2023,실질,대구광역시,보건복지 및 환경,,,1285311,백만원 %p
2024,실질,대구광역시,보건복지 및 환경,,,1376350,백만원 %p
2014,실질기여도,대구광역시,보건복지 및 환경,,,0.0619148702,백만원 %p
2015,실질기여도,대구광역시,보건복지 및 환경,,,0.0713594272,백만원 %p
2016,실질기여도,대구광역시,보건복지 및 환경,,,0.2554101315,백만원 %p
2017,실질기여도,대구광역시,보건복지 및 환경,,,0.1087531612,백만원 %p
2018,실질기여도,대구광역시,보건복지 및 환경,,,0.1969801948,백만원 %p
2019,실질기여도,대구광역시,보건복지 및 환경,,,0.2278030145,백만원 %p
2020,실질기여도,대구광역시,보건복지 및 환경,,,0.1650622314,백만원 %p
2021,실질기여도,대구광역시,보건복지 및 환경,,,0.0668984702,백만원 %p
2022,실질기여도,대구광역시,보건복지 및 환경,,,0.0309070119,백만원 %p
2023,실질기여도,대구광역시,보건복지 및 환경,,,0.258465649,백만원 %p
2024,실질기여도,대구광역시,보건복지 및 환경,,,0.131606207,백만원 %p
2014,명목,대구광역시,오락문화 및 종교,,,275129,백만원 %p
2015,명목,대구광역시,오락문화 및 종교,,,288619,백만원 %p
2016,명목,대구광역시,오락문화 및 종교,,,318267,백만원 %p
2017,명목,대구광역시,오락문화 및 종교,,,304938,백만원 %p
2018,명목,대구광역시,오락문화 및 종교,,,322959,백만원 %p
2019,명목,대구광역시,오락문화 및 종교,,,277549,백만원 %p
2020,명목,대구광역시,오락문화 및 종교,,,239087,백만원 %p
2021,명목,대구광역시,오락문화 및 종교,,,276320,백만원 %p
2022,명목,대구광역시,오락문화 및 종교,,,291612,백만원 %p
2023,명목,대구광역시,오락문화 및 종교,,,295662,백만원 %p
2024,명목,대구광역시,오락문화 및 종교,,,308733,백만원 %p
2014,실질,대구광역시,오락문화 및 종교,,,302989,백만원 %p
2015,실질,대구광역시,오락문화 및 종교,,,320050,백만원 %p
2016,실질,대구광역시,오락문화 및 종교,,,346707,백만원 %p
2017,실질,대구광역시,오락문화 및 종교,,,327365,백만원 %p
2018,실질,대구광역시,오락문화 및 종교,,,337815,백만원 %p
2019,실질,대구광역시,오락문화 및 종교,,,284054,백만원 %p
2020,실질,대구광역시,오락문화 및 종교,,,239087,백만원 %p
2021,실질,대구광역시,오락문화 및 종교,,,268470,백만원 %p
2022,실질,대구광역시,오락문화 및 종교,,,274918,백만원 %p
2023,실질,대구광역시,오락문화 및 종교,,,272582,백만원 %p
2024,실질,대구광역시,오락문화 및 종교,,,276182,백만원 %p
2014,실질기여도,대구광역시,오락문화 및 종교,,,0.0142316076,백만원 %p
2015,실질기여도,대구광역시,오락문화 및 종교,,,0.0296468193,백만원 %p
2016,실질기여도,대구광역시,오락문화 및 종교,,,0.0429242869,백만원 %p
2017,실질기여도,대구광역시,오락문화 및 종교,,,-0.0308511596,백만원 %p
2018,실질기여도,대구광역시,오락문화 및 종교,,,0.016385838,백만원 %p
2019,실질기여도,대구광역시,오락문화 및 종교,,,-0.0845645989,백만원 %p
2020,실질기여도,대구광역시,오락문화 및 종교,,,-0.0702875458,백만원 %p
2021,실질기여도,대구광역시,오락문화 및 종교,,,0.0469393163,백만원 %p
2022,실질기여도,대구광역시,오락문화 및 종교,,,0.0099756766,백만원 %p
2023,실질기여도,대구광역시,오락문화 및 종교,,,-0.003523523,백만원 %p
2024,실질기여도,대구광역시,오락문화 및 종교,,,0.005396699,백만원 %p
2014,명목,대구광역시,교육,,,442154,백만원 %p
2015,명목,대구광역시,교육,,,462639,백만원 %p
2016,명목,대구광역시,교육,,,480634,백만원 %p
2017,명목,대구광역시,교육,,,515121,백만원 %p
2018,명목,대구광역시,교육,,,493518,백만원 %p
2019,명목,대구광역시,교육,,,480853,백만원 %p
2020,명목,대구광역시,교육,,,266049,백만원 %p
2021,명목,대구광역시,교육,,,231538,백만원 %p
2022,명목,대구광역시,교육,,,304809,백만원 %p
2023,명목,대구광역시,교육,,,288670,백만원 %p
2024,명목,대구광역시,교육,,,277850,백만원 %p
2014,실질,대구광역시,교육,,,451350,백만원 %p
2015,실질,대구광역시,교육,,,469971,백만원 %p
2016,실질,대구광역시,교육,,,482850,백만원 %p
2017,실질,대구광역시,교육,,,513034,백만원 %p
2018,실질,대구광역시,교육,,,487100,백만원 %p
2019,실질,대구광역시,교육,,,473261,백만원 %p
2020,실질,대구광역시,교육,,,266049,백만원 %p
2021,실질,대구광역시,교육,,,229791,백만원 %p
2022,실질,대구광역시,교육,,,299038,백만원 %p
2023,실질,대구광역시,교육,,,279221,백만원 %p
2024,실질,대구광역시,교육,,,265110,백만원 %p
2014,실질기여도,대구광역시,교육,,,-0.0318127671,백만원 %p
2015,실질기여도,대구광역시,교육,,,0.0349075414,백만원 %p
2016,실질기여도,대구광역시,교육,,,0.0226397535,백만원 %p
2017,실질기여도,대구광역시,교육,,,0.0522063132,백만원 %p
2018,실질기여도,대구광역시,교육,,,-0.0438347258,백만원 %p
2019,실질기여도,대구광역시,교육,,,-0.0230690554,백만원 %p
2020,실질기여도,대구광역시,교육,,,-0.3368017556,백만원 %p
2021,실질기여도,대구광역시,교육,,,-0.0579221227,백만원 %p
2022,실질기여도,대구광역시,교육,,,0.1048716112,백만원 %p
2023,실질기여도,대구광역시,교육,,,-0.028721407,백만원 %p
2024,실질기여도,대구광역시,교육,,,-0.020161957,백만원 %p
2014,명목,대구광역시,기타,,,190578,백만원 %p
2015,명목,대구광역시,기타,,,208231,백만원 %p
2016,명목,대구광역시,기타,,,239744,백만원 %p
2017,명목,대구광역시,기타,,,193455,백만원 %p
2018,명목,대구광역시,기타,,,218178,백만원 %p
2019,명목,대구광역시,기타,,,237981,백만원 %p
2020,명목,대구광역시,기타,,,248998,백만원 %p
2021,명목,대구광역시,기타,,,220393,백만원 %p
2022,명목,대구광역시,기타,,,249826,백만원 %p
2023,명목,대구광역시,기타,,,255648,백만원 %p
2024,명목,대구광역시,기타,,,250805,백만원 %p
2014,실질,대구광역시,기타,,,207094,백만원 %p
2015,실질,대구광역시,기타,,,231585,백만원 %p
2016,실질,대구광역시,기타,,,261952,백만원 %p
2017,실질,대구광역시,기타,,,208018,백만원 %p
2018,실질,대구광역시,기타,,,228132,백만원 %p
2019,실질,대구광역시,기타,,,243644,백만원 %p
2020,실질,대구광역시,기타,,,248998,백만원 %p
2021,실질,대구광역시,기타,,,213641,백만원 %p
2022,실질,대구광역시,기타,,,234731,백만원 %p
2023,실질,대구광역시,기타,,,235479,백만원 %p
2024,실질,대구광역시,기타,,,223792,백만원 %p
2014,실질기여도,대구광역시,기타,,,-0.0172063286,백만원 %p
2015,실질기여도,대구광역시,기타,,,0.043130649,백만원 %p
2016,실질기여도,대구광역시,기타,,,0.0487560903,백만원 %p
2017,실질기여도,대구광역시,기타,,,-0.0857716103,백만원 %p
2018,실질기여도,대구광역시,기타,,,0.0314889547,백만원 %p
2019,실질기여도,대구광역시,기타,,,0.0244083473,백만원 %p
2020,실질기여도,대구광역시,기타,,,0.0083666127,백만원 %p
2021,실질기여도,대구광역시,기타,,,-0.056482776,백만원 %p
2022,실질기여도,대구광역시,기타,,,0.0327016417,백만원 %p
2023,실질기여도,대구광역시,기타,,,0.00113185,백만원 %p
2024,실질기여도,대구광역시,기타,,,-0.01753478,백만원 %p
2014,명목,대구광역시,정부최종소비지출,,,10565750,백만원 %p
2015,명목,대구광역시,정부최종소비지출,,,11281747,백만원 %p
2016,명목,대구광역시,정부최종소비지출,,,11820349,백만원 %p
2017,명목,대구광역시,정부최종소비지출,,,12567109,백만원 %p
2018,명목,대구광역시,정부최종소비지출,,,13148095,백만원 %p
2019,명목,대구광역시,정부최종소비지출,,,13952579,백만원 %p
2020,명목,대구광역시,정부최종소비지출,,,15094033,백만원 %p
2021,명목,대구광역시,정부최종소비지출,,,15832462,백만원 %p
2022,명목,대구광역시,정부최종소비지출,,,16661043,백만원 %p
2023,명목,대구광역시,정부최종소비지출,,,17524403,백만원 %p
2024,명목,대구광역시,정부최종소비지출,,,18299497,백만원 %p
2014,실질,대구광역시,정부최종소비지출,,,11767239,백만원 %p
2015,실질,대구광역시,정부최종소비지출,,,12330996,백만원 %p
2016,실질,대구광역시,정부최종소비지출,,,12721382,백만원 %p
2017,실질,대구광역시,정부최종소비지출,,,13218327,백만원 %p
2018,실질,대구광역시,정부최종소비지출,,,13534100,백만원 %p
2019,실질,대구광역시,정부최종소비지출,,,14133610,백만원 %p
2020,실질,대구광역시,정부최종소비지출,,,15094033,백만원 %p
2021,실질,대구광역시,정부최종소비지출,,,15484369,백만원 %p
2022,실질,대구광역시,정부최종소비지출,,,15711119,백만원 %p
2023,실질,대구광역시,정부최종소비지출,,,16088333,백만원 %p
2024,실질,대구광역시,정부최종소비지출,,,16408866,백만원 %p
2014,실질기여도,대구광역시,정부최종소비지출,,,0.776258632,백만원 %p
2015,실질기여도,대구광역시,정부최종소비지출,,,0.9686981487,백만원 %p
2016,실질기여도,대구광역시,정부최종소비지출,,,0.6377628731,백만원 %p
2017,실질기여도,대구광역시,정부최종소비지출,,,0.8023334493,백만원 %p
2018,실질기여도,대구광역시,정부최종소비지출,,,0.5053719675,백만원 %p
2019,실질기여도,대구광역시,정부최종소비지출,,,0.9582550955,백만원 %p
2020,실질기여도,대구광역시,정부최종소비지출,,,1.516742112,백만원 %p
2021,실질기여도,대구광역시,정부최종소비지출,,,0.6235614121,백만원 %p
2022,실질기여도,대구광역시,정부최종소비지출,,,0.3484753192,백만원 %p
2023,실질기여도,대구광역시,정부최종소비지출,,,0.568800177,백만원 %p
2024,실질기여도,대구광역시,정부최종소비지출,,,0.482516015,백만원 %p
2014,명목,대구광역시,일반행정 및 국방,,,2085122,백만원 %p
2015,명목,대구광역시,일반행정 및 국방,,,2247572,백만원 %p
2016,명목,대구광역시,일반행정 및 국방,,,2588618,백만원 %p
2017,명목,대구광역시,일반행정 및 국방,,,2738272,백만원 %p
2018,명목,대구광역시,일반행정 및 국방,,,2806194,백만원 %p
2019,명목,대구광역시,일반행정 및 국방,,,2959254,백만원 %p
2020,명목,대구광역시,일반행정 및 국방,,,3126113,백만원 %p
2021,명목,대구광역시,일반행정 및 국방,,,3151580,백만원 %p
2022,명목,대구광역시,일반행정 및 국방,,,3366630,백만원 %p
2023,명목,대구광역시,일반행정 및 국방,,,3376396,백만원 %p
2014,실질,대구광역시,일반행정 및 국방,,,2367452,백만원 %p
2015,실질,대구광역시,일반행정 및 국방,,,2492288,백만원 %p
2016,실질,대구광역시,일반행정 및 국방,,,2828865,백만원 %p
2017,실질,대구광역시,일반행정 및 국방,,,2907166,백만원 %p
2018,실질,대구광역시,일반행정 및 국방,,,2895249,백만원 %p
2019,실질,대구광역시,일반행정 및 국방,,,3004584,백만원 %p
2020,실질,대구광역시,일반행정 및 국방,,,3126113,백만원 %p
2021,실질,대구광역시,일반행정 및 국방,,,3060826,백만원 %p
2022,실질,대구광역시,일반행정 및 국방,,,3109013,백만원 %p
2023,실질,대구광역시,일반행정 및 국방,,,3072041,백만원 %p
2014,실질기여도,대구광역시,일반행정 및 국방,,,-0.0257078101,백만원 %p
2015,실질기여도,대구광역시,일반행정 및 국방,,,0.2104059188,백만원 %p
2016,실질기여도,대구광역시,일반행정 및 국방,,,0.5419845202,백만원 %p
2017,실질기여도,대구광역시,일반행정 및 국방,,,0.1245010666,백만원 %p
2018,실질기여도,대구광역시,일반행정 및 국방,,,-0.0188940462,백만원 %p
2019,실질기여도,대구광역시,일반행정 및 국방,,,0.17435803,백만원 %p
2020,실질기여도,대구광역시,일반행정 및 국방,,,0.191480251,백만원 %p
2021,실질기여도,대구광역시,일반행정 및 국방,,,-0.1042959243,백만원 %p
2022,실질기여도,대구광역시,일반행정 및 국방,,,0.0745748336,백만원 %p
2023,실질기여도,대구광역시,일반행정 및 국방,,,-0.056928079,백만원 %p
2014,명목,대구광역시,공공질서 및 안전,,,1391604,백만원 %p
2015,명목,대구광역시,공공질서 및 안전,,,1435500,백만원 %p
2016,명목,대구광역시,공공질서 및 안전,,,1433557,백만원 %p
2017,명목,대구광역시,공공질서 및 안전,,,1472029,백만원 %p
2018,명목,대구광역시,공공질서 및 안전,,,1320150,백만원 %p
2019,명목,대구광역시,공공질서 및 안전,,,1175923,백만원 %p
2020,명목,대구광역시,공공질서 및 안전,,,1182090,백만원 %p
2021,명목,대구광역시,공공질서 및 안전,,,1246521,백만원 %p
2022,명목,대구광역시,공공질서 및 안전,,,1293991,백만원 %p
2023,명목,대구광역시,공공질서 및 안전,,,1374781,백만원 %p
2014,실질,대구광역시,공공질서 및 안전,,,1654010,백만원 %p
2015,실질,대구광역시,공공질서 및 안전,,,1655142,백만원 %p
2016,실질,대구광역시,공공질서 및 안전,,,1596962,백만원 %p
2017,실질,대구광역시,공공질서 및 안전,,,1573132,백만원 %p
2018,실질,대구광역시,공공질서 및 안전,,,1368909,백만원 %p
2019,실질,대구광역시,공공질서 및 안전,,,1200002,백만원 %p
2020,실질,대구광역시,공공질서 및 안전,,,1182090,백만원 %p
2021,실질,대구광역시,공공질서 및 안전,,,1214165,백만원 %p
2022,실질,대구광역시,공공질서 및 안전,,,1224661,백만원 %p
2023,실질,대구광역시,공공질서 및 안전,,,1274182,백만원 %p
2014,실질기여도,대구광역시,공공질서 및 안전,,,0.2480323178,백만원 %p
2015,실질기여도,대구광역시,공공질서 및 안전,,,0.0018218288,백만원 %p
2016,실질기여도,대구광역시,공공질서 및 안전,,,-0.090100112,백만원 %p
2017,실질기여도,대구광역시,공공질서 및 안전,,,-0.0371708255,백만원 %p
2018,실질기여도,대구광역시,공공질서 및 안전,,,-0.3216869596,백만원 %p
2019,실질기여도,대구광역시,공공질서 및 안전,,,-0.2680064499,백만원 %p
2020,실질기여도,대구광역시,공공질서 및 안전,,,-0.0280801441,백만원 %p
2021,실질기여도,대구광역시,공공질서 및 안전,,,0.0512397839,백만원 %p
2022,실질기여도,대구광역시,공공질서 및 안전,,,0.0161967592,백만원 %p
2023,실질기여도,대구광역시,공공질서 및 안전,,,0.074400659,백만원 %p
2014,명목,대구광역시,경제,,,465971,백만원 %p
2015,명목,대구광역시,경제,,,570623,백만원 %p
2016,명목,대구광역시,경제,,,508806,백만원 %p
2017,명목,대구광역시,경제,,,573184,백만원 %p
2018,명목,대구광역시,경제,,,619563,백만원 %p
2019,명목,대구광역시,경제,,,646674,백만원 %p
2020,명목,대구광역시,경제,,,856417,백만원 %p
2021,명목,대구광역시,경제,,,996378,백만원 %p
2022,명목,대구광역시,경제,,,897575,백만원 %p
2023,명목,대구광역시,경제,,,905260,백만원 %p
2014,실질,대구광역시,경제,,,525347,백만원 %p
2015,실질,대구광역시,경제,,,632568,백만원 %p
2016,실질,대구광역시,경제,,,556593,백만원 %p
2017,실질,대구광역시,경제,,,611338,백만원 %p
2018,실질,대구광역시,경제,,,642405,백만원 %p
2019,실질,대구광역시,경제,,,659593,백만원 %p
2020,실질,대구광역시,경제,,,856417,백만원 %p
2021,실질,대구광역시,경제,,,979665,백만원 %p
2022,실질,대구광역시,경제,,,851147,백만원 %p
2023,실질,대구광역시,경제,,,835203,백만원 %p
2014,실질기여도,대구광역시,경제,,,0.0840518188,백만원 %p
2015,실질기여도,대구광역시,경제,,,0.1819953404,백만원 %p
2016,실질기여도,대구광역시,경제,,,-0.1223768045,백만원 %p
2017,실질기여도,대구광역시,경제,,,0.0869583938,백만원 %p
2018,실질기여도,대구광역시,경제,,,0.0490329452,백만원 %p
2019,실질기여도,대구광역시,경제,,,0.0272744976,백만원 %p
2020,실질기여도,대구광역시,경제,,,0.3086992152,백만원 %p
2021,실질기여도,대구광역시,경제,,,0.1968885702,백만원 %p
2022,실질기여도,대구광역시,경제,,,-0.1964638639,백만원 %p
2023,실질기여도,대구광역시,경제,,,-0.023906779,백만원 %p
2014,명목,대구광역시,보건복지 및 환경,,,3712089,백만원 %p
2015,명목,대구광역시,보건복지 및 환경,,,3922737,백만원 %p
2016,명목,대구광역시,보건복지 및 환경,,,4035659,백만원 %p
2017,명목,대구광역시,보건복지 및 환경,,,4361110,백만원 %p
2018,명목,대구광역시,보건복지 및 환경,,,4836089,백만원 %p
2019,명목,대구광역시,보건복지 및 환경,,,5344640,백만원 %p
2020,명목,대구광역시,보건복지 및 환경,,,5833417,백만원 %p
2021,명목,대구광역시,보건복지 및 환경,,,6129074,백만원 %p
2022,명목,대구광역시,보건복지 및 환경,,,6469918,백만원 %p
2023,명목,대구광역시,보건복지 및 환경,,,6941313,백만원 %p
2014,실질,대구광역시,보건복지 및 환경,,,4006565,백만원 %p
2015,실질,대구광역시,보건복지 및 환경,,,4178696,백만원 %p
2016,실질,대구광역시,보건복지 및 환경,,,4258778,백만원 %p
2017,실질,대구광역시,보건복지 및 환경,,,4514317,백만원 %p
2018,실질,대구광역시,보건복지 및 환경,,,4934913,백만원 %p
2019,실질,대구광역시,보건복지 및 환경,,,5416472,백만원 %p
2020,실질,대구광역시,보건복지 및 환경,,,5833417,백만원 %p
2021,실질,대구광역시,보건복지 및 환경,,,6019115,백만원 %p
2022,실질,대구광역시,보건복지 및 환경,,,6108484,백만원 %p
2023,실질,대구광역시,보건복지 및 환경,,,6330997,백만원 %p
2014,실질기여도,대구광역시,보건복지 및 환경,,,0.2261525668,백만원 %p
2015,실질기여도,대구광역시,보건복지 및 환경,,,0.3051946004,백만원 %p
2016,실질기여도,대구광역시,보건복지 및 환경,,,0.1342368284,백만원 %p
2017,실질기여도,대구광역시,보건복지 및 환경,,,0.4207625541,백만원 %p
2018,실질기여도,대구광역시,보건복지 및 환경,,,0.6839866915,백만원 %p
2019,실질기여도,대구광역시,보건복지 및 환경,,,0.7764519849,백만원 %p
2020,실질기여도,대구광역시,보건복지 및 환경,,,0.6581564724,백만원 %p
2021,실질기여도,대구광역시,보건복지 및 환경,,,0.2966523895,백만원 %p
2022,실질기여도,대구광역시,보건복지 및 환경,,,0.1367796478,백만원 %p
2023,실질기여도,대구광역시,보건복지 및 환경,,,0.335115789,백만원 %p
2014,명목,대구광역시,주택 및 지역사회개발,,,286750,백만원 %p
2015,명목,대구광역시,주택 및 지역사회개발,,,316223,백만원 %p
2016,명목,대구광역시,주택 및 지역사회개발,,,276169,백만원 %p
2017,명목,대구광역시,주택 및 지역사회개발,,,240854,백만원 %p
2018,명목,대구광역시,주택 및 지역사회개발,,,260405,백만원 %p
2019,명목,대구광역시,주택 및 지역사회개발,,,276041,백만원 %p
2020,명목,대구광역시,주택 및 지역사회개발,,,384846,백만원 %p
2021,명목,대구광역시,주택 및 지역사회개발,,,392538,백만원 %p
2022,명목,대구광역시,주택 및 지역사회개발,,,498160,백만원 %p
2023,명목,대구광역시,주택 및 지역사회개발,,,612662,백만원 %p
2014,실질,대구광역시,주택 및 지역사회개발,,,328703,백만원 %p
2015,실질,대구광역시,주택 및 지역사회개발,,,354089,백만원 %p
2016,실질,대구광역시,주택 및 지역사회개발,,,305882,백만원 %p
2017,실질,대구광역시,주택 및 지역사회개발,,,261944,백만원 %p
2018,실질,대구광역시,주택 및 지역사회개발,,,273048,백만원 %p
2019,실질,대구광역시,주택 및 지역사회개발,,,283088,백만원 %p
2020,실질,대구광역시,주택 및 지역사회개발,,,384846,백만원 %p
2021,실질,대구광역시,주택 및 지역사회개발,,,386464,백만원 %p
2022,실질,대구광역시,주택 및 지역사회개발,,,469391,백만원 %p
2023,실질,대구광역시,주택 및 지역사회개발,,,562635,백만원 %p
2014,실질기여도,대구광역시,주택 및 지역사회개발,,,0.1044063274,백만원 %p
2015,실질기여도,대구광역시,주택 및 지역사회개발,,,0.0423804842,백만원 %p
2016,실질기여도,대구광역시,주택 및 지역사회개발,,,-0.0768740963,백만원 %p
2017,실질기여도,대구광역시,주택 및 지역사회개발,,,-0.068930752,백만원 %p
2018,실질기여도,대구광역시,주택 및 지역사회개발,,,0.0171871179,백만원 %p
2019,실질기여도,대구광역시,주택 및 지역사회개발,,,0.0157539552,백만원 %p
2020,실질기여도,대구광역시,주택 및 지역사회개발,,,0.1587336807,백만원 %p
2021,실질기여도,대구광역시,주택 및 지역사회개발,,,0.0025847536,백만원 %p
2022,실질기여도,대구광역시,주택 및 지역사회개발,,,0.1266010608,백만원 %p
2023,실질기여도,대구광역시,주택 및 지역사회개발,,,0.140712003,백만원 %p
2014,명목,대구광역시,교육 및 오락문화,,,2624214,백만원 %p
2015,명목,대구광역시,교육 및 오락문화,,,2789092,백만원 %p
2016,명목,대구광역시,교육 및 오락문화,,,2977540,백만원 %p
2017,명목,대구광역시,교육 및 오락문화,,,3181660,백만원 %p
2018,명목,대구광역시,교육 및 오락문화,,,3305694,백만원 %p
2019,명목,대구광역시,교육 및 오락문화,,,3550047,백만원 %p
2020,명목,대구광역시,교육 및 오락문화,,,3711150,백만원 %p
2021,명목,대구광역시,교육 및 오락문화,,,3916371,백만원 %p
2022,명목,대구광역시,교육 및 오락문화,,,4134769,백만원 %p
2023,명목,대구광역시,교육 및 오락문화,,,4313991,백만원 %p
2014,실질,대구광역시,교육 및 오락문화,,,2906954,백만원 %p
2015,실질,대구광역시,교육 및 오락문화,,,3038296,백만원 %p
2016,실질,대구광역시,교육 및 오락문화,,,3191358,백만원 %p
2017,실질,대구광역시,교육 및 오락문화,,,3361736,백만원 %p
2018,실질,대구광역시,교육 및 오락문화,,,3421833,백만원 %p
2019,실질,대구광역시,교육 및 오락문화,,,3568059,백만원 %p
2020,실질,대구광역시,교육 및 오락문화,,,3711150,백만원 %p
2021,실질,대구광역시,교육 및 오락문화,,,3824134,백만원 %p
2022,실질,대구광역시,교육 및 오락문화,,,3948078,백만원 %p
2023,실질,대구광역시,교육 및 오락문화,,,4014832,백만원 %p
2014,실질기여도,대구광역시,교육 및 오락문화,,,0.1393234113,백만원 %p
2015,실질기여도,대구광역시,교육 및 오락문화,,,0.2268999761,백만원 %p
2016,실질기여도,대구광역시,교육 및 오락문화,,,0.2508925373,백만원 %p
2017,실질기여도,대구광역시,교육 및 오락문화,,,0.2762130123,백만원 %p
2018,실질기여도,대구광역시,교육 및 오락문화,,,0.0957462186,백만원 %p
2019,실질기여도,대구광역시,교육 및 오락문화,,,0.2324230778,백만원 %p
2020,실질기여도,대구광역시,교육 및 오락문화,,,0.2277526368,백만원 %p
2021,실질기여도,대구광역시,교육 및 오락문화,,,0.1804918393,백만원 %p
2022,실질기여도,대구광역시,교육 및 오락문화,,,0.1907868817,백만원 %p
2023,실질기여도,대구광역시,교육 및 오락문화,,,0.099406584,백만원 %p
2014,명목,대구광역시,총자본형성,,,14586397,백만원 %p
2015,명목,대구광역시,총자본형성,,,16015071,백만원 %p
2016,명목,대구광역시,총자본형성,,,16196647,백만원 %p
2017,명목,대구광역시,총자본형성,,,16166082,백만원 %p
2018,명목,대구광역시,총자본형성,,,15802576,백만원 %p
2019,명목,대구광역시,총자본형성,,,16762044,백만원 %p
2020,명목,대구광역시,총자본형성,,,18776372,백만원 %p
2021,명목,대구광역시,총자본형성,,,22080817,백만원 %p
2022,명목,대구광역시,총자본형성,,,24559689,백만원 %p
2023,명목,대구광역시,총자본형성,,,23847654,백만원 %p
2024,명목,대구광역시,총자본형성,,,20141429,백만원 %p
2014,실질,대구광역시,총자본형성,,,15853106,백만원 %p
2015,실질,대구광역시,총자본형성,,,17592231,백만원 %p
2016,실질,대구광역시,총자본형성,,,17668740,백만원 %p
2017,실질,대구광역시,총자본형성,,,17269732,백만원 %p
2018,실질,대구광역시,총자본형성,,,16445889,백만원 %p
2019,실질,대구광역시,총자본형성,,,16902674,백만원 %p
2020,실질,대구광역시,총자본형성,,,18776372,백만원 %p
2021,실질,대구광역시,총자본형성,,,20650008,백만원 %p
2022,실질,대구광역시,총자본형성,,,21357167,백만원 %p
2023,실질,대구광역시,총자본형성,,,20699200,백만원 %p
2024,실질,대구광역시,총자본형성,,,16593154,백만원 %p
2014,실질기여도,대구광역시,총자본형성,,,1.0741115453,백만원 %p
2015,실질기여도,대구광역시,총자본형성,,,3.0622091006,백만원 %p
2016,실질기여도,대구광역시,총자본형성,,,0.12436776,백만원 %p
2017,실질기여도,대구광역시,총자본형성,,,-0.6355530014,백만원 %p
2018,실질기여도,대구광역시,총자본형성,,,-1.2981980611,백만원 %p
2019,실질기여도,대구광역시,총자본형성,,,0.7221596598,백만원 %p
2020,실질기여도,대구광역시,총자본형성,,,2.9724815388,백만원 %p
2021,실질기여도,대구광역시,총자본형성,,,2.9931318401,백만원 %p
2022,실질기여도,대구광역시,총자본형성,,,1.1365342314,백만원 %p
2023,실질기여도,대구광역시,총자본형성,,,-1.075869021,백만원 %p
2024,실질기여도,대구광역시,총자본형성,,,-6.537670223,백만원 %p
2014,명목,대구광역시,총고정자본형성,,,14071577,백만원 %p
2015,명목,대구광역시,총고정자본형성,,,15947941,백만원 %p
2016,명목,대구광역시,총고정자본형성,,,16028296,백만원 %p
2017,명목,대구광역시,총고정자본형성,,,15849917,백만원 %p
2018,명목,대구광역시,총고정자본형성,,,15361183,백만원 %p
2019,명목,대구광역시,총고정자본형성,,,16396896,백만원 %p
2020,명목,대구광역시,총고정자본형성,,,18488068,백만원 %p
2021,명목,대구광역시,총고정자본형성,,,21383706,백만원 %p
2022,명목,대구광역시,총고정자본형성,,,22419875,백만원 %p
2023,명목,대구광역시,총고정자본형성,,,22919800,백만원 %p
2024,명목,대구광역시,총고정자본형성,,,20298873,백만원 %p
2014,실질,대구광역시,총고정자본형성,,,15527750,백만원 %p
2015,실질,대구광역시,총고정자본형성,,,17277619,백만원 %p
2016,실질,대구광역시,총고정자본형성,,,17223670,백만원 %p
2017,실질,대구광역시,총고정자본형성,,,16721670,백만원 %p
2018,실질,대구광역시,총고정자본형성,,,15930319,백만원 %p
2019,실질,대구광역시,총고정자본형성,,,16574110,백만원 %p
2020,실질,대구광역시,총고정자본형성,,,18488068,백만원 %p
2021,실질,대구광역시,총고정자본형성,,,20262142,백만원 %p
2022,실질,대구광역시,총고정자본형성,,,20007571,백만원 %p
2023,실질,대구광역시,총고정자본형성,,,19836709,백만원 %p
2024,실질,대구광역시,총고정자본형성,,,17079047,백만원 %p
2014,실질기여도,대구광역시,총고정자본형성,,,1.0106136132,백만원 %p
2015,실질기여도,대구광역시,총고정자본형성,,,3.0346615945,백만원 %p
2016,실질기여도,대구광역시,총고정자본형성,,,-0.088918038,백만원 %p
2017,실질기여도,대구광역시,총고정자본형성,,,-0.8117390999,백만원 %p
2018,실질기여도,대구광역시,총고정자본형성,,,-1.2626808231,백만원 %p
2019,실질기여도,대구광역시,총고정자본형성,,,1.0213992513,백만원 %p
2020,실질기여도,대구광역시,총고정자본형성,,,3.029088153,백만원 %p
2021,실질기여도,대구광역시,총고정자본형성,,,2.8340816339,백만원 %p
2022,실질기여도,대구광역시,총고정자본형성,,,-0.4038097375,백만원 %p
2023,실질기여도,대구광역시,총고정자본형성,,,-0.272245497,백만원 %p
2024,실질기여도,대구광역시,총고정자본형성,,,-4.403411935,백만원 %p
2014,명목,대구광역시,건설투자,,,7727196,백만원 %p
2015,명목,대구광역시,건설투자,,,9025229,백만원 %p
2016,명목,대구광역시,건설투자,,,9200300,백만원 %p
2017,명목,대구광역시,건설투자,,,8242344,백만원 %p
2018,명목,대구광역시,건설투자,,,7734818,백만원 %p
2019,명목,대구광역시,건설투자,,,8630455,백만원 %p
2020,명목,대구광역시,건설투자,,,10770960,백만원 %p
2021,명목,대구광역시,건설투자,,,13073405,백만원 %p
2022,명목,대구광역시,건설투자,,,13583365,백만원 %p
2023,명목,대구광역시,건설투자,,,13615089,백만원 %p
2024,명목,대구광역시,건설투자,,,10879939,백만원 %p
2014,실질,대구광역시,건설투자,,,8735379,백만원 %p
2015,실질,대구광역시,건설투자,,,10081827,백만원 %p
2016,실질,대구광역시,건설투자,,,10212585,백만원 %p
2017,실질,대구광역시,건설투자,,,8827040,백만원 %p
2018,실질,대구광역시,건설투자,,,8050693,백만원 %p
2019,실질,대구광역시,건설투자,,,8708580,백만원 %p
2020,실질,대구광역시,건설투자,,,10770960,백만원 %p
2021,실질,대구광역시,건설투자,,,12111703,백만원 %p
2022,실질,대구광역시,건설투자,,,11630446,백만원 %p
2023,실질,대구광역시,건설투자,,,11321659,백만원 %p
2024,실질,대구광역시,건설투자,,,8914761,백만원 %p
2014,실질기여도,대구광역시,건설투자,,,0.9428888656,백만원 %p
2015,실질기여도,대구광역시,건설투자,,,2.2792934764,백만원 %p
2016,실질기여도,대구광역시,건설투자,,,0.2090146181,백만원 %p
2017,실질기여도,대구광역시,건설투자,,,-2.1688912545,백만원 %p
2018,실질기여도,대구광역시,건설투자,,,-1.2203072548,백만원 %p
2019,실질기여도,대구광역시,건설투자,,,1.0399667066,백만원 %p
2020,실질기여도,대구광역시,건설투자,,,3.2696626638,백만원 %p
2021,실질기여도,대구광역시,건설투자,,,2.1418357476,백만원 %p
2022,실질기여도,대구광역시,건설투자,,,-0.7807841985,백만원 %p
2023,실질기여도,대구광역시,건설투자,,,-0.512797769,백만원 %p
2024,실질기여도,대구광역시,건설투자,,,-4.000139637,백만원 %p
2014,명목,대구광역시,주거용 건물,,,3295429,백만원 %p
2015,명목,대구광역시,주거용 건물,,,4608537,백만원 %p
2016,명목,대구광역시,주거용 건물,,,4323487,백만원 %p
2017,명목,대구광역시,주거용 건물,,,3656470,백만원 %p
2018,명목,대구광역시,주거용 건물,,,3537979,백만원 %p
2019,명목,대구광역시,주거용 건물,,,4503056,백만원 %p
2020,명목,대구광역시,주거용 건물,,,5978798,백만원 %p
2021,명목,대구광역시,주거용 건물,,,7861853,백만원 %p
2022,명목,대구광역시,주거용 건물,,,8800336,백만원 %p
2023,명목,대구광역시,주거용 건물,,,8737142,백만원 %p
2024,명목,대구광역시,주거용 건물,,,6323245,백만원 %p
2014,실질,대구광역시,주거용 건물,,,3734540,백만원 %p
2015,실질,대구광역시,주거용 건물,,,5149616,백만원 %p
2016,실질,대구광역시,주거용 건물,,,4788116,백만원 %p
2017,실질,대구광역시,주거용 건물,,,3910548,백만원 %p
2018,실질,대구광역시,주거용 건물,,,3679728,백만원 %p
2019,실질,대구광역시,주거용 건물,,,4533103,백만원 %p
2020,실질,대구광역시,주거용 건물,,,5978798,백만원 %p
2021,실질,대구광역시,주거용 건물,,,7323668,백만원 %p
2022,실질,대구광역시,주거용 건물,,,7548741,백만원 %p
2023,실질,대구광역시,주거용 건물,,,7270480,백만원 %p
2024,실질,대구광역시,주거용 건물,,,5178916,백만원 %p
2014,실질기여도,대구광역시,주거용 건물,,,1.8757250882,백만원 %p
2015,실질기여도,대구광역시,주거용 건물,,,2.3896002356,백만원 %p
2016,실질기여도,대구광역시,주거용 건물,,,-0.577673514,백만원 %p
2017,실질기여도,대구광역시,주거용 건물,,,-1.3768965492,백만원 %p
2018,실질기여도,대구광역시,주거용 건물,,,-0.3633080654,백만원 %p
2019,실질기여도,대구광역시,주거용 건물,,,1.3499897365,백만원 %p
2020,실질기여도,대구광역시,주거용 건물,,,2.297398273,백만원 %p
2021,실질기여도,대구광역시,주거용 건물,,,2.1484286264,백만원 %p
2022,실질기여도,대구광역시,주거용 건물,,,0.363154008,백만원 %p
2023,실질기여도,대구광역시,주거용 건물,,,-0.461267308,백만원 %p
2024,실질기여도,대구광역시,주거용 건물,,,-3.473638798,백만원 %p
2014,명목,대구광역시,비주거용 건물,,,2623502,백만원 %p
2015,명목,대구광역시,비주거용 건물,,,2628908,백만원 %p
2016,명목,대구광역시,비주거용 건물,,,3118740,백만원 %p
2017,명목,대구광역시,비주거용 건물,,,2964999,백만원 %p
2018,명목,대구광역시,비주거용 건물,,,2554217,백만원 %p
2019,명목,대구광역시,비주거용 건물,,,2627156,백만원 %p
2020,명목,대구광역시,비주거용 건물,,,3030338,백만원 %p
2021,명목,대구광역시,비주거용 건물,,,3323840,백만원 %p
2022,명목,대구광역시,비주거용 건물,,,3121331,백만원 %p
2023,명목,대구광역시,비주거용 건물,,,2963749,백만원 %p
2024,명목,대구광역시,비주거용 건물,,,2641599,백만원 %p
2014,실질,대구광역시,비주거용 건물,,,2953491,백만원 %p
2015,실질,대구광역시,비주거용 건물,,,2927326,백만원 %p
2016,실질,대구광역시,비주거용 건물,,,3456368,백만원 %p
2017,실질,대구광역시,비주거용 건물,,,3172093,백만원 %p
2018,실질,대구광역시,비주거용 건물,,,2647579,백만원 %p
2019,실질,대구광역시,비주거용 건물,,,2652972,백만원 %p
2020,실질,대구광역시,비주거용 건물,,,3030338,백만원 %p
2021,실질,대구광역시,비주거용 건물,,,3077894,백만원 %p
2022,실질,대구광역시,비주거용 건물,,,2673801,백만원 %p
2023,실질,대구광역시,비주거용 건물,,,2484182,백만원 %p
2024,실질,대구광역시,비주거용 건물,,,2186610,백만원 %p
2014,실질기여도,대구광역시,비주거용 건물,,,0.035525187,백만원 %p
2015,실질기여도,대구광역시,비주거용 건물,,,-0.0444759701,백만원 %p
2016,실질기여도,대구광역시,비주거용 건물,,,0.8483613275,백만원 %p
2017,실질기여도,대구광역시,비주거용 건물,,,-0.44570586,백만원 %p
2018,실질기여도,대구광역시,비주거용 건물,,,-0.8253031813,백만원 %p
2019,실질기여도,대구광역시,비주거용 건물,,,0.0085606087,백만원 %p
2020,실질기여도,대구광역시,비주거용 건물,,,0.5978112781,백만원 %p
2021,실질기여도,대구광역시,비주거용 건물,,,0.0759706676,백만원 %p
2022,실질기여도,대구광역시,비주거용 건물,,,-0.6559011125,백만원 %p
2023,실질기여도,대구광역시,비주거용 건물,,,-0.31475244,백만원 %p
2024,실질기여도,대구광역시,비주거용 건물,,,-0.490632485,백만원 %p
2014,명목,대구광역시,토목,,,1808265,백만원 %p
2015,명목,대구광역시,토목,,,1787784,백만원 %p
2016,명목,대구광역시,토목,,,1758073,백만원 %p
2017,명목,대구광역시,토목,,,1620875,백만원 %p
2018,명목,대구광역시,토목,,,1642622,백만원 %p
2019,명목,대구광역시,토목,,,1500243,백만원 %p
2020,명목,대구광역시,토목,,,1761824,백만원 %p
2021,명목,대구광역시,토목,,,1887712,백만원 %p
2022,명목,대구광역시,토목,,,1661698,백만원 %p
2023,명목,대구광역시,토목,,,1914198,백만원 %p
2024,명목,대구광역시,토목,,,1915095,백만원 %p
2014,실질,대구광역시,토목,,,2049311,백만원 %p
2015,실질,대구광역시,토목,,,2010325,백만원 %p
2016,실질,대구광역시,토목,,,1971487,백만원 %p
2017,실질,대구광역시,토목,,,1748004,백만원 %p
2018,실질,대구광역시,토목,,,1727698,백만원 %p
2019,실질,대구광역시,토목,,,1524039,백만원 %p
2020,실질,대구광역시,토목,,,1761824,백만원 %p
2021,실질,대구광역시,토목,,,1710141,백만원 %p
2022,실질,대구광역시,토목,,,1415984,백만원 %p
2023,실질,대구광역시,토목,,,1573728,백만원 %p
2024,실질,대구광역시,토목,,,1552391,백만원 %p
2014,실질기여도,대구광역시,토목,,,-0.9683614096,백만원 %p
2015,실질기여도,대구광역시,토목,,,-0.0658307892,백만원 %p
2016,실질기여도,대구광역시,토목,,,-0.0616731955,백만원 %p
2017,실질기여도,대구광역시,토목,,,-0.3462888453,백만원 %p
2018,실질기여도,대구광역시,토목,,,-0.0316960081,백만원 %p
2019,실질기여도,대구광역시,토목,,,-0.3185836386,백만원 %p
2020,실질기여도,대구광역시,토목,,,0.3744531127,백만원 %p
2021,실질기여도,대구광역시,토목,,,-0.0825635464,백만원 %p
2022,실질기여도,대구광역시,토목,,,-0.4880370941,백만원 %p
2023,실질기여도,대구광역시,토목,,,0.263221979,백만원 %p
2024,실질기여도,대구광역시,토목,,,-0.035868354,백만원 %p
2014,명목,대구광역시,설비투자,,,3881116,백만원 %p
2015,명목,대구광역시,설비투자,,,4282008,백만원 %p
2016,명목,대구광역시,설비투자,,,4033760,백만원 %p
2017,명목,대구광역시,설비투자,,,4602957,백만원 %p
2018,명목,대구광역시,설비투자,,,4533847,백만원 %p
2019,명목,대구광역시,설비투자,,,4562937,백만원 %p
2020,명목,대구광역시,설비투자,,,4409308,백만원 %p
2021,명목,대구광역시,설비투자,,,4558527,백만원 %p
2022,명목,대구광역시,설비투자,,,4717155,백만원 %p
2023,명목,대구광역시,설비투자,,,5018540,백만원 %p
2024,명목,대구광역시,설비투자,,,5083822,백만원 %p
2014,실질,대구광역시,설비투자,,,4085754,백만원 %p
2015,실질,대구광역시,설비투자,,,4349524,백만원 %p
2016,실질,대구광역시,설비투자,,,4062052,백만원 %p
2017,실질,대구광역시,설비투자,,,4737167,백만원 %p
2018,실질,대구광역시,설비투자,,,4668068,백만원 %p
2019,실질,대구광역시,설비투자,,,4580174,백만원 %p
2020,실질,대구광역시,설비투자,,,4409308,백만원 %p
2021,실질,대구광역시,설비투자,,,4540946,백만원 %p
2022,실질,대구광역시,설비투자,,,4561415,백만원 %p
2023,실질,대구광역시,설비투자,,,4693804,백만원 %p
2024,실질,대구광역시,설비투자,,,4510222,백만원 %p
2014,실질기여도,대구광역시,설비투자,,,-0.1073710795,백만원 %p
2015,실질기여도,대구광역시,설비투자,,,0.4794911831,백만원 %p
2016,실질기여도,대구광역시,설비투자,,,-0.5053455817,백만원 %p
2017,실질기여도,대구광역시,설비투자,,,1.1649123324,백만원 %p
2018,실질기여도,대구광역시,설비투자,,,-0.1130225547,백만원 %p
2019,실질기여도,대구광역시,설비투자,,,-0.1404561766,백만원 %p
2020,실질기여도,대구광역시,설비투자,,,-0.2723116486,백만원 %p
2021,실질기여도,대구광역시,설비투자,,,0.2102915877,백만원 %p
2022,실질기여도,대구광역시,설비투자,,,0.0308844663,백만원 %p
2023,실질기여도,대구광역시,설비투자,,,0.194673951,백만원 %p
2024,실질기여도,대구광역시,설비투자,,,-0.271261166,백만원 %p
2014,명목,대구광역시,운수장비,,,885462,백만원 %p
2015,명목,대구광역시,운수장비,,,970241,백만원 %p
2016,명목,대구광역시,운수장비,,,1099392,백만원 %p
2017,명목,대구광역시,운수장비,,,1215855,백만원 %p
2018,명목,대구광역시,운수장비,,,1451476,백만원 %p
2019,명목,대구광역시,운수장비,,,1538033,백만원 %p
2020,명목,대구광역시,운수장비,,,1425036,백만원 %p
2021,명목,대구광역시,운수장비,,,1354273,백만원 %p
2022,명목,대구광역시,운수장비,,,1261773,백만원 %p
2023,명목,대구광역시,운수장비,,,1313184,백만원 %p
2024,명목,대구광역시,운수장비,,,1256267,백만원 %p
2014,실질,대구광역시,운수장비,,,966279,백만원 %p
2015,실질,대구광역시,운수장비,,,1006355,백만원 %p
2016,실질,대구광역시,운수장비,,,1163566,백만원 %p
2017,실질,대구광역시,운수장비,,,1265182,백만원 %p
2018,실질,대구광역시,운수장비,,,1517761,백만원 %p
2019,실질,대구광역시,운수장비,,,1542877,백만원 %p
2020,실질,대구광역시,운수장비,,,1425036,백만원 %p
2021,실질,대구광역시,운수장비,,,1369614,백만원 %p
2022,실질,대구광역시,운수장비,,,1227977,백만원 %p
2023,실질,대구광역시,운수장비,,,1241100,백만원 %p
2024,실질,대구광역시,운수장비,,,1146059,백만원 %p
2014,실질기여도,대구광역시,운수장비,,,-0.1009909809,백만원 %p
2015,실질기여도,대구광역시,운수장비,,,0.0702781948,백만원 %p
2016,실질기여도,대구광역시,운수장비,,,0.2706431733,백만원 %p
2017,실질기여도,대구광역시,운수장비,,,0.1668308384,백만원 %p
2018,실질기여도,대구광역시,운수장비,,,0.4086039487,백만원 %p
2019,실질기여도,대구광역시,운수장비,,,0.0395189816,백만원 %p
2020,실질기여도,대구광역시,운수장비,,,-0.187922441,백만원 %p
2021,실질기여도,대구광역시,운수장비,,,-0.0885365956,백만원 %p
2022,실질기여도,대구광역시,운수장비,,,-0.2105022577,백만원 %p
2023,실질기여도,대구광역시,운수장비,,,0.019174621,백만원 %p
2024,실질기여도,대구광역시,운수장비,,,-0.138975016,백만원 %p
2014,명목,대구광역시,기계류,,,2995654,백만원 %p
2015,명목,대구광역시,기계류,,,3311767,백만원 %p
2016,명목,대구광역시,기계류,,,2934368,백만원 %p
2017,명목,대구광역시,기계류,,,3387102,백만원 %p
2018,명목,대구광역시,기계류,,,3082371,백만원 %p
2019,명목,대구광역시,기계류,,,3024904,백만원 %p
2020,명목,대구광역시,기계류,,,2984272,백만원 %p
2021,명목,대구광역시,기계류,,,3204254,백만원 %p
2022,명목,대구광역시,기계류,,,3455382,백만원 %p
2023,명목,대구광역시,기계류,,,3705356,백만원 %p
2024,명목,대구광역시,기계류,,,3827555,백만원 %p
2014,실질,대구광역시,기계류,,,3114201,백만원 %p
2015,실질,대구광역시,기계류,,,3336498,백만원 %p
2016,실질,대구광역시,기계류,,,2898673,백만원 %p
2017,실질,대구광역시,기계류,,,3466087,백만원 %p
2018,실질,대구광역시,기계류,,,3148989,백만원 %p
2019,실질,대구광역시,기계류,,,3037239,백만원 %p
2020,실질,대구광역시,기계류,,,2984272,백만원 %p
2021,실질,대구광역시,기계류,,,3171332,백만원 %p
2022,실질,대구광역시,기계류,,,3330281,백만원 %p
2023,실질,대구광역시,기계류,,,3449236,백만원 %p
2024,실질,대구광역시,기계류,,,3360132,백만원 %p
2014,실질기여도,대구광역시,기계류,,,-0.0063800987,백만원 %p
2015,실질기여도,대구광역시,기계류,,,0.4092129883,백만원 %p
2016,실질기여도,대구광역시,기계류,,,-0.7759887549,백만원 %p
2017,실질기여도,대구광역시,기계류,,,0.998081494,백만원 %p
2018,실질기여도,대구광역시,기계류,,,-0.5216265033,백만원 %p
2019,실질기여도,대구광역시,기계류,,,-0.1799751583,백만원 %p
2020,실질기여도,대구광역시,기계류,,,-0.0843892076,백만원 %p
2021,실질기여도,대구광역시,기계류,,,0.2988281833,백만원 %p
2022,실질기여도,대구광역시,기계류,,,0.241386724,백만원 %p
2023,실질기여도,대구광역시,기계류,,,0.17549933,백만원 %p
2024,실질기여도,대구광역시,기계류,,,-0.13228615,백만원 %p
2014,명목,대구광역시,지식재산생산물투자,,,2463265,백만원 %p
2015,명목,대구광역시,지식재산생산물투자,,,2640704,백만원 %p
2016,명목,대구광역시,지식재산생산물투자,,,2794236,백만원 %p
2017,명목,대구광역시,지식재산생산물투자,,,3004616,백만원 %p
2018,명목,대구광역시,지식재산생산물투자,,,3092518,백만원 %p
2019,명목,대구광역시,지식재산생산물투자,,,3203504,백만원 %p
2020,명목,대구광역시,지식재산생산물투자,,,3307800,백만원 %p
2021,명목,대구광역시,지식재산생산물투자,,,3751774,백만원 %p
2022,명목,대구광역시,지식재산생산물투자,,,4119355,백만원 %p
2023,명목,대구광역시,지식재산생산물투자,,,4286171,백만원 %p
2024,명목,대구광역시,지식재산생산물투자,,,4335112,백만원 %p
2014,실질,대구광역시,지식재산생산물투자,,,2756087,백만원 %p
2015,실질,대구광역시,지식재산생산물투자,,,2917384,백만원 %p
2016,실질,대구광역시,지식재산생산물투자,,,3045713,백만원 %p
2017,실질,대구광역시,지식재산생산물투자,,,3166305,백만원 %p
2018,실질,대구광역시,지식재산생산물투자,,,3210532,백만원 %p
2019,실질,대구광역시,지식재산생산물투자,,,3287441,백만원 %p
2020,실질,대구광역시,지식재산생산물투자,,,3307800,백만원 %p
2021,실질,대구광역시,지식재산생산물투자,,,3609493,백만원 %p
2022,실질,대구광역시,지식재산생산물투자,,,3831021,백만원 %p
2023,실질,대구광역시,지식재산생산물투자,,,3861027,백만원 %p
2024,실질,대구광역시,지식재산생산물투자,,,3774980,백만원 %p
2014,실질기여도,대구광역시,지식재산생산물투자,,,0.1750958271,백만원 %p
2015,실질기여도,대구광역시,지식재산생산물투자,,,0.275876935,백만원 %p
2016,실질기여도,대구광역시,지식재산생산물투자,,,0.2074129256,백만원 %p
2017,실질기여도,대구광역시,지식재산생산물투자,,,0.1922398222,백만원 %p
2018,실질기여도,대구광역시,지식재산생산물투자,,,0.0706489864,백만원 %p
2019,실질기여도,대구광역시,지식재산생산물투자,,,0.1218887214,백만원 %p
2020,실질기여도,대구광역시,지식재산생산물투자,,,0.0317371377,백만원 %p
2021,실질기여도,대구광역시,지식재산생산물투자,,,0.4819542986,백만원 %p
2022,실질기여도,대구광역시,지식재산생산물투자,,,0.3460899947,백만원 %p
2023,실질기여도,대구광역시,지식재산생산물투자,,,0.045878321,백만원 %p
2024,실질기여도,대구광역시,지식재산생산물투자,,,-0.132011132,백만원 %p
2014,명목,대구광역시,연구개발,,,1617191,백만원 %p
2015,명목,대구광역시,연구개발,,,1738445,백만원 %p
2016,명목,대구광역시,연구개발,,,1858559,백만원 %p
2017,명목,대구광역시,연구개발,,,2012306,백만원 %p
2018,명목,대구광역시,연구개발,,,2092472,백만원 %p
2019,명목,대구광역시,연구개발,,,2192008,백만원 %p
2020,명목,대구광역시,연구개발,,,2248857,백만원 %p
2021,명목,대구광역시,연구개발,,,2492584,백만원 %p
2022,명목,대구광역시,연구개발,,,2755981,백만원 %p
2023,명목,대구광역시,연구개발,,,2878052,백만원 %p
2024,명목,대구광역시,연구개발,,,2884150,백만원 %p
2014,실질,대구광역시,연구개발,,,1803853,백만원 %p
2015,실질,대구광역시,연구개발,,,1935997,백만원 %p
2016,실질,대구광역시,연구개발,,,2035198,백만원 %p
2017,실질,대구광역시,연구개발,,,2103176,백만원 %p
2018,실질,대구광역시,연구개발,,,2149692,백만원 %p
2019,실질,대구광역시,연구개발,,,2224852,백만원 %p
2020,실질,대구광역시,연구개발,,,2248857,백만원 %p
2021,실질,대구광역시,연구개발,,,2391417,백만원 %p
2022,실질,대구광역시,연구개발,,,2524118,백만원 %p
2023,실질,대구광역시,연구개발,,,2541352,백만원 %p
2024,실질,대구광역시,연구개발,,,2501232,백만원 %p
2014,실질기여도,대구광역시,연구개발,,,0.192190504,백만원 %p
2015,실질기여도,대구광역시,연구개발,,,0.2267124349,백만원 %p
2016,실질기여도,대구광역시,연구개발,,,0.1590603833,백만원 %p
2017,실질기여도,대구광역시,연구개발,,,0.1078669831,백만원 %p
2018,실질기여도,대구광역시,연구개발,,,0.0749196738,백만원 %p
2019,실질기여도,대구광역시,연구개발,,,0.1203700894,백만원 %p
2020,실질기여도,대구광역시,연구개발,,,0.0378353266,백만원 %p
2021,실질기여도,대구광역시,연구개발,,,0.2277394729,백만원 %p
2022,실질기여도,대구광역시,연구개발,,,0.2078929802,백만원 %p
2023,실질기여도,대구광역시,연구개발,,,0.026756311,백만원 %p
2024,실질기여도,대구광역시,연구개발,,,-0.062791041,백만원 %p
2014,명목,대구광역시,기타지식재산생산물,,,846074,백만원 %p
2015,명목,대구광역시,기타지식재산생산물,,,902259,백만원 %p
2016,명목,대구광역시,기타지식재산생산물,,,935677,백만원 %p
2017,명목,대구광역시,기타지식재산생산물,,,992310,백만원 %p
2018,명목,대구광역시,기타지식재산생산물,,,1000046,백만원 %p
2019,명목,대구광역시,기타지식재산생산물,,,1011496,백만원 %p
2020,명목,대구광역시,기타지식재산생산물,,,1058943,백만원 %p
2021,명목,대구광역시,기타지식재산생산물,,,1259190,백만원 %p
2022,명목,대구광역시,기타지식재산생산물,,,1363374,백만원 %p
2023,명목,대구광역시,기타지식재산생산물,,,1408119,백만원 %p
2024,명목,대구광역시,기타지식재산생산물,,,1450962,백만원 %p
2014,실질,대구광역시,기타지식재산생산물,,,953713,백만원 %p
2015,실질,대구광역시,기타지식재산생산물,,,982672,백만원 %p
2016,실질,대구광역시,기타지식재산생산물,,,1012164,백만원 %p
2017,실질,대구광역시,기타지식재산생산물,,,1064691,백만원 %p
2018,실질,대구광역시,기타지식재산생산물,,,1061969,백만원 %p
2019,실질,대구광역시,기타지식재산생산물,,,1062949,백만원 %p
2020,실질,대구광역시,기타지식재산생산물,,,1058943,백만원 %p
2021,실질,대구광역시,기타지식재산생산물,,,1218076,백만원 %p
2022,실질,대구광역시,기타지식재산생산물,,,1307019,백만원 %p
2023,실질,대구광역시,기타지식재산생산물,,,1319911,백만원 %p
2024,실질,대구광역시,기타지식재산생산물,,,1272962,백만원 %p
2014,실질기여도,대구광역시,기타지식재산생산물,,,-0.0170946769,백만원 %p
2015,실질기여도,대구광역시,기타지식재산생산물,,,0.0491645001,백만원 %p
2016,실질기여도,대구광역시,기타지식재산생산물,,,0.0483525423,백만원 %p
2017,실질기여도,대구광역시,기타지식재산생산물,,,0.084372839,백만원 %p
2018,실질기여도,대구광역시,기타지식재산생산물,,,-0.0042706874,백만원 %p
2019,실질기여도,대구광역시,기타지식재산생산물,,,0.0015186319,백만원 %p
2020,실질기여도,대구광역시,기타지식재산생산물,,,-0.0060981889,백만원 %p
2021,실질기여도,대구광역시,기타지식재산생산물,,,0.2542148257,백만원 %p
2022,실질기여도,대구광역시,기타지식재산생산물,,,0.1381970145,백만원 %p
2023,실질기여도,대구광역시,기타지식재산생산물,,,0.01912201,백만원 %p
2024,실질기여도,대구광역시,기타지식재산생산물,,,-0.069220092,백만원 %p
2014,명목,대구광역시,재고증감 및 귀중품 순취득,,,514820,백만원 %p
2015,명목,대구광역시,재고증감 및 귀중품 순취득,,,67130,백만원 %p
2016,명목,대구광역시,재고증감 및 귀중품 순취득,,,168351,백만원 %p
2017,명목,대구광역시,재고증감 및 귀중품 순취득,,,316165,백만원 %p
2018,명목,대구광역시,재고증감 및 귀중품 순취득,,,441393,백만원 %p
2019,명목,대구광역시,재고증감 및 귀중품 순취득,,,365148,백만원 %p
2020,명목,대구광역시,재고증감 및 귀중품 순취득,,,288304,백만원 %p
2021,명목,대구광역시,재고증감 및 귀중품 순취득,,,697111,백만원 %p
2022,명목,대구광역시,재고증감 및 귀중품 순취득,,,2139814,백만원 %p
2023,명목,대구광역시,재고증감 및 귀중품 순취득,,,927854,백만원 %p
2024,명목,대구광역시,재고증감 및 귀중품 순취득,,,-157444,백만원 %p
2014,실질,대구광역시,재고증감 및 귀중품 순취득,,,290553,백만원 %p
2015,실질,대구광역시,재고증감 및 귀중품 순취득,,,276424,백만원 %p
2016,실질,대구광역시,재고증감 및 귀중품 순취득,,,382487,백만원 %p
2017,실질,대구광역시,재고증감 및 귀중품 순취득,,,492930,백만원 %p
2018,실질,대구광역시,재고증감 및 귀중품 순취득,,,493112,백만원 %p
2019,실질,대구광역시,재고증감 및 귀중품 순취득,,,323477,백만원 %p
2020,실질,대구광역시,재고증감 및 귀중품 순취득,,,288304,백만원 %p
2021,실질,대구광역시,재고증감 및 귀중품 순취득,,,387866,백만원 %p
2022,실질,대구광역시,재고증감 및 귀중품 순취득,,,1394272,백만원 %p
2023,실질,대구광역시,재고증감 및 귀중품 순취득,,,1022102,백만원 %p
2024,실질,대구광역시,재고증감 및 귀중품 순취득,,,-182176,백만원 %p
2014,실질기여도,대구광역시,재고증감 및 귀중품 순취득,,,0.0634979322,백만원 %p
2015,실질기여도,대구광역시,재고증감 및 귀중품 순취득,,,0.0275475061,백만원 %p
2016,실질기여도,대구광역시,재고증감 및 귀중품 순취득,,,0.213285798,백만원 %p
2017,실질기여도,대구광역시,재고증감 및 귀중품 순취득,,,0.1761860985,백만원 %p
2018,실질기여도,대구광역시,재고증감 및 귀중품 순취득,,,-0.0355172381,백만원 %p
2019,실질기여도,대구광역시,재고증감 및 귀중품 순취득,,,-0.2992395915,백만원 %p
2020,실질기여도,대구광역시,재고증감 및 귀중품 순취득,,,-0.0566066142,백만원 %p
2021,실질기여도,대구광역시,재고증감 및 귀중품 순취득,,,0.1590502063,백만원 %p
2022,실질기여도,대구광역시,재고증감 및 귀중품 순취득,,,1.5403439689,백만원 %p
2023,실질기여도,대구광역시,재고증감 및 귀중품 순취득,,,-0.803623524,백만원 %p
2024,실질기여도,대구광역시,재고증감 및 귀중품 순취득,,,-2.134258287,백만원 %p
2014,명목,대구광역시,재화와 서비스 순이출,,,-13923691,백만원 %p
2015,명목,대구광역시,재화와 서비스 순이출,,,-13351181,백만원 %p
2016,명목,대구광역시,재화와 서비스 순이출,,,-14572569,백만원 %p
2017,명목,대구광역시,재화와 서비스 순이출,,,-14648811,백만원 %p
2018,명목,대구광역시,재화와 서비스 순이출,,,-16607359,백만원 %p
2019,명목,대구광역시,재화와 서비스 순이출,,,-17231617,백만원 %p
2020,명목,대구광역시,재화와 서비스 순이출,,,-17168603,백만원 %p
2021,명목,대구광역시,재화와 서비스 순이출,,,-19574401,백만원 %p
2022,명목,대구광역시,재화와 서비스 순이출,,,-21818315,백만원 %p
2023,명목,대구광역시,재화와 서비스 순이출,,,-21683032,백만원 %p
2024,명목,대구광역시,재화와 서비스 순이출,,,-17874439,백만원 %p
2014,실질,대구광역시,재화와 서비스 순이출,,,-13492412,백만원 %p
2015,실질,대구광역시,재화와 서비스 순이출,,,-14362138,백만원 %p
2016,실질,대구광역시,재화와 서비스 순이출,,,-16109282,백만원 %p
2017,실질,대구광역시,재화와 서비스 순이출,,,-15112286,백만원 %p
2018,실질,대구광역시,재화와 서비스 순이출,,,-16580661,백만원 %p
2019,실질,대구광역시,재화와 서비스 순이출,,,-17155998,백만원 %p
2020,실질,대구광역시,재화와 서비스 순이출,,,-17168603,백만원 %p
2021,실질,대구광역시,재화와 서비스 순이출,,,-17426711,백만원 %p
2022,실질,대구광역시,재화와 서비스 순이출,,,-17478871,백만원 %p
2023,실질,대구광역시,재화와 서비스 순이출,,,-17312839,백만원 %p
2024,실질,대구광역시,재화와 서비스 순이출,,,-13786385,백만원 %p
2014,실질기여도,대구광역시,재화와 서비스 순이출,,,-1.4714920044,백만원 %p
2015,실질기여도,대구광역시,재화와 서비스 순이출,,,-1.721940162,백만원 %p
2016,실질기여도,대구광역시,재화와 서비스 순이출,,,-2.984058428,백만원 %p
2017,실질기여도,대구광역시,재화와 서비스 순이출,,,1.6835767106,백만원 %p
2018,실질기여도,대구광역시,재화와 서비스 순이출,,,-2.4067924163,백만원 %p
2019,실질기여도,대구광역시,재화와 서비스 순이출,,,-0.9314643225,백만원 %p
2020,실질기여도,대구광역시,재화와 서비스 순이출,,,-0.0316763478,백만원 %p
2021,실질기여도,대구광역시,재화와 서비스 순이출,,,-0.4123273,백만원 %p
2022,실질기여도,대구광역시,재화와 서비스 순이출,,,-0.1212066501,백만원 %p
2023,실질기여도,대구광역시,재화와 서비스 순이출,,,0.205888652,백만원 %p
2024,실질기여도,대구광역시,재화와 서비스 순이출,,,5.753566496,백만원 %p
2014,명목,대구광역시,통계상 불일치,,,904484,백만원 %p
2015,명목,대구광역시,통계상 불일치,,,243627,백만원 %p
2016,명목,대구광역시,통계상 불일치,,,926439,백만원 %p
2017,명목,대구광역시,통계상 불일치,,,670057,백만원 %p
2018,명목,대구광역시,통계상 불일치,,,1356457,백만원 %p
2019,명목,대구광역시,통계상 불일치,,,828786,백만원 %p
2020,명목,대구광역시,통계상 불일치,,,-72952,백만원 %p
2021,명목,대구광역시,통계상 불일치,,,35850,백만원 %p
2022,명목,대구광역시,통계상 불일치,,,14561,백만원 %p
2023,명목,대구광역시,통계상 불일치,,,-136986,백만원 %p
2024,명목,대구광역시,통계상 불일치,,,100191,백만원 %p
2014,실질,대구광역시,통계상 불일치,,,569139,백만원 %p
2015,실질,대구광역시,통계상 불일치,,,201497,백만원 %p
2016,실질,대구광역시,통계상 불일치,,,992147,백만원 %p
2017,실질,대구광역시,통계상 불일치,,,339395,백만원 %p
2018,실질,대구광역시,통계상 불일치,,,1074818,백만원 %p
2019,실질,대구광역시,통계상 불일치,,,878115,백만원 %p
2020,실질,대구광역시,통계상 불일치,,,-72952,백만원 %p
2021,실질,대구광역시,통계상 불일치,,,-192960,백만원 %p
2022,실질,대구광역시,통계상 불일치,,,-241852,백만원 %p
2023,실질,대구광역시,통계상 불일치,,,-125432,백만원 %p
2024,실질,대구광역시,통계상 불일치,,,-493780,백만원 %p
2014,실질기여도,대구광역시,통계상 불일치,,,0.9471396064,백만원 %p
2015,실질기여도,대구광역시,통계상 불일치,,,-0.6010963429,백만원 %p
2016,실질기여도,대구광역시,통계상 불일치,,,1.3140645741,백만원 %p
2017,실질기여도,대구광역시,통계상 불일치,,,-1.0807149914,백만원 %p
2018,실질기여도,대구광역시,통계상 불일치,,,1.1947100643,백만원 %p
2019,실질기여도,대구광역시,통계상 불일치,,,-0.3056777353,백만원 %p
2020,실질기여도,대구광역시,통계상 불일치,,,-1.5021845258,백만원 %p
2021,실질기여도,대구광역시,통계상 불일치,,,-0.191712673,백만원 %p
2022,실질기여도,대구광역시,통계상 불일치,,,-0.0667019099,백만원 %p
2023,실질기여도,대구광역시,통계상 불일치,,,0.173437543,백만원 %p
2024,실질기여도,대구광역시,통계상 불일치,,,-0.5484511,백만원 %p
