year,ksic,name,establishments,production,value_added
2023,13229,기타 직물제품 제조업,235,2616585,698836
2023,20129,기타 기초 무기 화학물질 제조업,167,7535359,2601662
2023,20499,그 외 기타 분류 안된 화학제품 제조업,449,15474388,5673531
2023,21220,한의약품 제조업,80,739858,403596
2023,21230,동물용 의약품 제조업,44,547714,242807
2023,21301,체외 진단 시약 제조업,68,1649908,1073317
2023,21309,그 외 기타 의료용품 및 의약 관련제품 제조업,126,1026181,631238
2023,22191,고무패킹류 제조업,299,2224112,859922
2023,22192,산업용 그 외 비경화 고무제품 제조업,280,3836521,1230754
2023,22241,운송장비 조립용 플라스틱제품 제조업,769,16760160,5371700
2023,24222,알루미늄 압연 압출 및 연신제품 제조업,318,10025366,2238856
2023,24229,기타 비철금속 압연 압출 및 연신 제품 제조업,42,1988078,238252
2023,24321,알루미늄주물 주조업,123,1321345,361460
2023,25912,금속 단조제품 제조업,152,3682207,884832
2023,25922,도금업,402,1497024,794008
2023,25924,절삭가공 및 유사처리업,1446,8304576,3136593
2023,25943,금속 스프링 제조업,127,1471092,557501
2023,26111,메모리용 전자집적회로 제조업,48,117755830,59485741
2023,26112,비메모리용 및 기타 전자집적회로 제조업,82,17678531,7133562
2023,26121,발광 다이오드 제조업,43,2643091,997948
2023,26129,기타 반도체소자 제조업,316,9859251,4811668
2023,26299,그 외 기타 전자부품 제조업,235,2899078,1358417
2023,26429,기타 무선 통신장비 제조업,269,5197540,1207138
2023,26519,비디오 및 기타 영상기기 제조업,64,2194885,528274
2023,27111,방사선 장치 제조업,74,1695968,794091
2023,27112,전기식 진단 및 요법 기기 제조업,144,3379534,1768505
2023,27191,치과용 기기 제조업,63,457050,253621
2023,27192,치과기공물 제조업,221,432116,317284
2023,27193,치과용 임플란트 제조업,92,1165039,840762
2023,27194,정형외과용 및 신체보정용 기기 제조업,81,651042,442047
2023,27195,안경 및 안경렌즈 제조업,103,802867,503378
2023,27199,그 외 기타 의료용 기기 제조업,351,2453901,1414104
2023,27212,전자기 측정 시험 및 분석기구 제조업,120,871341,397595
2023,27214,속도계 및 적산계기 제조업,103,2251138,615962
2023,27215,기기용 자동측정 및 제어장치 제조업,104,612856,273339
2023,27216,산업처리공정 제어장비 제조업,401,4133795,1648131
2023,27219,기타 측정 시험 항해 제어 및 정밀기기 제조업,56,591892,290173
2023,28111,전동기 및 발전기 제조업,364,11344502,3662429
2023,28122,전기회로 접속장치 제조업,297,5376030,2097746
2023,28123,배전반 및 전기 자동제어반 제조업,954,9597908,3337560
2023,28202,운송장비용 이차전지 제조업,153,53624308,13888467
2023,28209,기타 이차전지 제조업,58,8419466,5293713
2023,28302,기타 절연선 및 케이블 제조업,356,11147889,1988369
2023,28421,운송장비용 조명장치 제조업,132,6280140,1534530
2023,28902,전기용 탄소제품 및 절연제품 제조업,60,586319,173100
2023,28903,교통 신호장치 제조업,55,392953,156990
2023,28909,그 외 기타 전기장비 제조업,159,1285690,538068
2023,29133,탭 밸브 및 유사장치 제조업,566,6151849,2381276
2023,29142,기어 및 동력전달장치 제조업,222,2231262,804014
2023,29210,농업 및 임업용 기계 제조업,289,4212268,1496545
2023,29222,디지털 적층 성형기계 제조업,28,213425,89141
2023,29224,금속 성형기계 제조업,135,1640884,668948
2023,29271,반도체 제조용 기계 제조업,1054,19676123,8566402
2023,29272,디스플레이 제조용 기계 제조업,189,4160420,1303645
2023,29280,산업용 로봇 제조업,212,2271920,816522
2023,29299,그 외 기타 특수목적용 기계 제조업,603,9514932,3743297
2023,30110,자동차용 엔진 제조업,9,1382188,248017
2023,30201,차체 및 특장차 제조업,271,3857312,1103436
2023,30202,자동차 구조 및 장치 변경업,18,134351,45941
2023,30310,자동차 엔진용 신품 부품 제조업,782,18453769,5640861
2023,30320,자동차 차체용 신품 부품 제조업,900,31246107,8320531
2023,30331,자동차용 신품 동력전달장치 제조업,624,27127348,6386153
2023,30332,자동차용 신품 전기장치 제조업,366,21875265,5793115
2023,30391,자동차용 신품 조향장치 및 현가 장치 제조업,373,10372325,3073940
2023,30392,자동차용 신품 제동장치 제조업,255,5370834,1500216
2023,30393,자동차용 신품 의자 제조업,314,9535799,2704240
2023,30399,그 외 자동차용 신품 부품 제조업,810,13477715,4185426
2023,30400,자동차 재제조 부품 제조업,73,769111,238506
2023,31311,유인 항공기 항공우주선 및 보조장치 제조업,6,3718471,1867713
2023,31312,무인 항공기 및 무인 비행장치 제조업,27,106466,46308
2023,31321,항공기용 엔진 제조업,3,200672,94836
2023,31322,항공기용 부품 제조업,147,3368753,1538338
2023,31999,그 외 기타 달리 분류되지 않은 운송장비 제조업,18,90550,36544
