region,year,hhi,sci,sci_high,spec_share_pct,high_share_pct,grdp_real_bil_won,employed_thousand,sci_avg_2015_2024,sci_high_avg_2015_2024,lq_corr_2015_2024,grdp_cagr_2015_2024_pct,productivity_cagr_2015_2024_pct,hhi_cagr_2015_2024_pct
강원,2014,844,,,63.1,7.9,44455.2,720.5,,,,,,
강원,2015,821,0.022,0.0015,62.2,7.6,45270.9,740.8,,,,,,
강원,2016,810,0.0167,0.0017,66.8,7.3,47177.3,749.4,,,,,,
강원,2017,824,0.015,0.0016,68.7,7.5,49581.9,789.7,,,,,,
강원,2018,858,0.0271,0.0005,68.8,7.6,50631.4,788.6,,,,,,
강원,2019,865,0.0158,0.0014,69.5,7.3,52507.2,811.2,,,,,,
강원,2020,908,0.0329,0.0015,69.6,7.5,51573.0,794.7,,,,,,
강원,2021,940,0.0226,0.0009,70.6,7.5,54326.5,809.3,,,,,,
강원,2022,944,0.0238,0.0021,70.2,7.7,55031.1,817.7,,,,,,
강원,2023,911,0.0259,0.0024,66.1,7.3,56387.5,840.7,,,,,,
강원,2024,915,0.0144,0.0019,66.7,7.0,56169.9,843.6,0.0216,0.0016,0.997,2.43,1.05,1.21
경기,2014,736,,,41.7,25.7,399546.1,6271.7,,,,,,
경기,2015,737,0.0206,0.0024,42.2,25.7,422460.9,6392.6,,,,,,
경기,2016,743,0.0137,0.0022,43.1,25.7,443452.4,6503.8,,,,,,
경기,2017,808,0.0291,0.0112,45.3,27.7,471235.7,6684.5,,,,,,
경기,2018,862,0.0242,0.0086,46.7,29.3,495533.9,6790.1,,,,,,
경기,2019,776,0.0292,0.0148,44.7,26.8,508689.7,6951.7,,,,,,
경기,2020,794,0.0186,0.0042,49.9,27.5,523161.9,6908.5,,,,,,
경기,2021,825,0.0234,0.0085,50.3,29.2,554006.4,7149.5,,,,,,
경기,2022,815,0.0275,0.0055,45.1,28.8,571942.1,7597.4,,,,,,
경기,2023,711,0.0403,0.0177,47.0,26.1,577310.3,7653.1,,,,,,
경기,2024,817,0.0441,0.0218,49.2,29.5,597826.0,7732.2,0.0278,0.0105,0.986,3.93,1.9,1.16
경남,2014,832,,,52.2,10.0,114875.3,1659.8,,,,,,
경남,2015,770,0.0268,0.0044,51.0,10.5,116381.6,1690.7,,,,,,
경남,2016,778,0.0188,0.0025,51.1,10.1,118456.3,1703.9,,,,,,
경남,2017,746,0.0331,0.0053,59.4,11.1,117937.7,1722.7,,,,,,
경남,2018,746,0.0147,0.0009,59.5,11.3,119142.0,1746.2,,,,,,
경남,2019,763,0.0261,0.0039,54.3,10.6,121423.7,1748.7,,,,,,
경남,2020,717,0.0299,0.0042,54.2,11.4,114654.0,1729.3,,,,,,
경남,2021,673,0.0302,0.0029,55.8,12.0,116960.0,1731.9,,,,,,
경남,2022,709,0.0257,0.002,54.1,11.9,121091.0,1740.4,,,,,,
경남,2023,765,0.0458,0.0063,56.5,10.6,124804.7,1760.2,,,,,,
경남,2024,817,0.0312,0.0029,53.0,10.1,128829.9,1757.8,0.0284,0.0034,0.987,1.14,0.84,0.66
경북,2014,1183,,,58.2,32.3,116042.2,1441.3,,,,,,
경북,2015,971,0.0522,0.0236,55.4,27.7,113620.7,1433.0,,,,,,
경북,2016,925,0.0246,0.0063,60.5,26.5,114425.4,1443.1,,,,,,
경북,2017,942,0.0161,0.002,60.4,26.9,114123.6,1446.5,,,,,,
경북,2018,893,0.0281,0.0079,53.2,25.8,114346.8,1426.5,,,,,,
경북,2019,805,0.0316,0.0139,51.1,23.1,115485.5,1430.1,,,,,,
경북,2020,761,0.0332,0.0054,57.2,22.2,112072.9,1418.4,,,,,,
경북,2021,772,0.038,0.0041,56.7,21.6,114892.7,1410.1,,,,,,
경북,2022,773,0.0354,0.004,60.8,21.4,115612.5,1461.7,,,,,,
경북,2023,693,0.0408,0.0146,60.2,18.5,118366.2,1461.6,,,,,,
경북,2024,709,0.0262,0.0082,54.5,19.5,119349.2,1461.8,0.0304,0.0074,0.915,0.55,0.38,-3.43
광주,2014,690,,,55.6,17.0,39026.7,731.6,,,,,,
광주,2015,698,0.0208,0.0039,53.2,17.0,39740.4,733.2,,,,,,
광주,2016,692,0.0229,0.0075,55.2,15.7,41006.1,730.0,,,,,,
광주,2017,704,0.0123,0.0018,55.7,15.9,42365.0,743.9,,,,,,
광주,2018,691,0.0228,0.0004,54.2,15.9,43465.9,749.1,,,,,,
광주,2019,685,0.0167,0.0027,55.2,15.8,44768.9,749.5,,,,,,
광주,2020,677,0.034,0.0072,45.5,17.2,45603.4,747.5,,,,,,
광주,2021,672,0.0266,0.0034,44.3,17.9,47474.0,744.7,,,,,,
광주,2022,688,0.0326,0.0039,43.9,18.2,47951.0,750.0,,,,,,
광주,2023,684,0.0354,0.0101,51.6,16.2,48319.0,768.7,,,,,,
광주,2024,686,0.02,0.0054,44.8,16.1,49500.8,774.3,0.0248,0.0047,0.97,2.47,1.92,-0.19
대구,2014,651,,,72.1,13.5,57929.1,1226.6,,,,,,
대구,2015,642,0.0201,0.0012,78.5,13.3,60132.3,1246.2,,,,,,
대구,2016,631,0.0164,0.0034,70.8,13.7,60452.1,1246.9,,,,,,
대구,2017,637,0.0196,0.0049,70.2,14.6,61561.8,1238.9,,,,,,
대구,2018,644,0.016,0.0039,76.6,14.2,62307.9,1226.2,,,,,,
대구,2019,649,0.0207,0.0053,76.6,13.3,63321.6,1219.2,,,,,,
대구,2020,660,0.0343,0.0015,76.6,13.3,62597.8,1184.3,,,,,,
대구,2021,666,0.0263,0.0017,79.5,13.7,65647.0,1217.2,,,,,,
대구,2022,663,0.0332,0.008,79.0,14.8,67070.1,1228.0,,,,,,
대구,2023,632,0.0292,0.0033,70.8,14.1,67161.0,1246.7,,,,,,
대구,2024,619,0.0231,0.0024,73.4,14.0,66631.6,1215.4,0.0243,0.0038,0.977,1.15,1.55,-0.4
대전,2014,628,,,62.4,14.1,39807.9,761.8,,,,,,
대전,2015,621,0.0168,0.0046,62.0,13.8,40778.7,769.6,,,,,,
대전,2016,617,0.0148,0.0017,61.5,13.6,42451.7,773.8,,,,,,
대전,2017,626,0.0194,0.005,62.2,14.1,43053.8,763.7,,,,,,
대전,2018,636,0.016,0.0015,63.5,14.1,43382.2,758.5,,,,,,
대전,2019,637,0.0173,0.003,58.2,13.5,45590.3,771.9,,,,,,
대전,2020,648,0.0281,0.0007,58.4,13.7,46659.4,780.3,,,,,,
대전,2021,660,0.0249,0.0071,63.0,15.1,47751.1,784.6,,,,,,
대전,2022,671,0.0308,0.0027,64.0,15.5,48631.9,793.5,,,,,,
대전,2023,653,0.0303,0.0051,63.9,14.5,49627.4,797.0,,,,,,
대전,2024,637,0.0203,0.0051,63.0,14.3,50622.2,789.0,0.0224,0.0035,0.947,2.43,2.18,0.29
부산,2014,628,,,77.0,11.8,90937.3,1693.3,,,,,,
부산,2015,623,0.0233,0.0019,71.4,11.5,94037.1,1684.4,,,,,,
부산,2016,620,0.0283,0.0026,78.4,11.2,96661.5,1685.9,,,,,,
부산,2017,641,0.0358,0.0041,83.9,11.9,96123.1,1684.6,,,,,,
부산,2018,634,0.0194,0.0015,85.6,12.0,99017.7,1657.0,,,,,,
부산,2019,634,0.0183,0.0026,72.1,11.8,101231.1,1675.6,,,,,,
부산,2020,642,0.0348,0.0026,77.5,12.3,98225.4,1639.7,,,,,,
부산,2021,667,0.0472,0.0021,77.8,12.1,100759.1,1657.3,,,,,,
부산,2022,684,0.0362,0.0012,72.2,12.0,102497.9,1678.7,,,,,,
부산,2023,646,0.0286,0.0015,79.2,11.7,105247.3,1691.3,,,,,,
부산,2024,631,0.0203,0.003,77.8,11.7,108065.5,1687.9,0.0299,0.0024,0.957,1.56,1.62,0.15
서울,2014,956,,,75.4,23.1,404439.5,5209.1,,,,,,
서울,2015,952,0.0122,0.003,79.8,23.3,416886.3,5165.2,,,,,,
서울,2016,955,0.0128,0.0024,80.3,23.2,431299.9,5146.2,,,,,,
서울,2017,954,0.0134,0.0038,80.3,23.8,442507.6,5152.4,,,,,,
서울,2018,949,0.0158,0.0025,80.8,24.0,460496.4,5080.2,,,,,,
서울,2019,944,0.0118,0.0033,75.8,23.5,475206.5,5086.2,,,,,,
서울,2020,969,0.033,0.0095,81.7,25.2,472863.2,5051.4,,,,,,
서울,2021,982,0.0292,0.0096,81.9,27.1,491388.7,5055.0,,,,,,
서울,2022,987,0.0218,0.0034,76.5,27.0,504359.5,5113.4,,,,,,
서울,2023,959,0.0214,0.0045,76.4,26.1,509686.9,5173.5,,,,,,
서울,2024,944,0.0078,0.0007,76.0,26.1,514920.6,5228.2,0.0185,0.0044,0.998,2.37,2.31,-0.1
세종,2014,1061,,,68.2,14.5,10002.3,,,,,,,
세종,2015,1108,0.0694,0.0123,58.7,12.1,10832.0,,,,,,,
세종,2016,1085,0.0393,0.0084,68.4,10.8,11728.2,,,,,,,
세종,2017,1080,0.0351,0.0035,69.2,11.4,12431.4,129.2,,,,,,
세종,2018,1128,0.0396,0.0028,67.1,11.5,12796.7,148.4,,,,,,
세종,2019,1165,0.0312,0.0003,66.5,11.4,13684.1,167.6,,,,,,
세종,2020,1173,0.0396,0.0058,67.2,12.4,14005.9,179.7,,,,,,
세종,2021,1208,0.0335,0.0022,64.6,12.7,15040.8,185.4,,,,,,
세종,2022,1237,0.0326,0.0029,57.1,13.2,15374.8,197.3,,,,,,
세종,2023,1245,0.035,0.0118,59.3,10.9,15524.1,208.1,,,,,,
세종,2024,1228,0.0284,0.0082,58.0,11.9,15601.6,210.4,0.0349,0.0051,0.884,4.14,,1.15
울산,2014,1616,,,62.1,5.9,78731.0,556.3,,,,,,
울산,2015,1568,0.0211,0.001,61.0,5.7,79111.4,572.5,,,,,,
울산,2016,1552,0.036,0.0016,60.5,5.6,77042.5,575.6,,,,,,
울산,2017,1542,0.0398,0.0013,67.8,5.7,77113.3,583.5,,,,,,
울산,2018,1509,0.0304,0.0018,60.8,6.0,76026.0,574.1,,,,,,
울산,2019,1425,0.0526,0.0015,60.6,6.2,75021.1,571.3,,,,,,
울산,2020,1220,0.0591,0.0045,56.5,7.1,67808.0,560.3,,,,,,
울산,2021,1440,0.1091,0.0017,64.3,6.7,72410.2,554.7,,,,,,
울산,2022,1591,0.0434,0.003,64.8,7.2,75151.7,565.7,,,,,,
울산,2023,1491,0.0748,0.0024,60.7,7.3,78963.1,571.5,,,,,,
울산,2024,1435,0.0318,0.0033,60.4,7.7,81648.7,572.2,0.053,0.0024,0.979,0.35,0.45,-0.98
인천,2014,626,,,62.1,11.5,84859.0,1472.1,,,,,,
인천,2015,628,0.0221,0.0038,61.5,11.4,86908.7,1487.6,,,,,,
인천,2016,624,0.0188,0.0026,57.0,11.6,89458.7,1520.4,,,,,,
인천,2017,630,0.0268,0.0053,60.8,12.7,93271.2,1532.5,,,,,,
인천,2018,624,0.0232,0.0025,61.1,13.2,95614.0,1574.5,,,,,,
인천,2019,619,0.0252,0.0053,61.3,12.2,97928.4,1580.9,,,,,,
인천,2020,613,0.0406,0.0015,66.1,12.5,95297.3,1559.7,,,,,,
인천,2021,628,0.0261,0.0008,60.8,12.6,99781.6,1562.9,,,,,,
인천,2022,661,0.0358,0.0022,57.1,12.7,106604.5,1613.7,,,,,,
인천,2023,638,0.0326,0.0055,63.1,11.6,112988.6,1654.9,,,,,,
인천,2024,629,0.0374,0.0069,63.0,12.2,116477.2,1696.1,0.0296,0.0036,0.866,3.31,1.97,0.02
전남,2014,962,,,67.1,5.1,77625.4,944.7,,,,,,
전남,2015,922,0.0279,0.0018,67.0,5.0,78147.1,962.4,,,,,,
전남,2016,913,0.0147,0.001,66.2,4.9,79506.8,964.3,,,,,,
전남,2017,936,0.0226,0.0013,66.1,5.2,80385.3,956.8,,,,,,
전남,2018,880,0.0358,0.0014,69.6,5.5,80900.1,960.9,,,,,,
전남,2019,816,0.0416,0.0008,68.4,5.6,82491.8,973.7,,,,,,
전남,2020,754,0.0426,0.0012,68.2,5.8,81298.6,974.1,,,,,,
전남,2021,880,0.0834,0.0015,66.8,5.5,84905.9,984.7,,,,,,
전남,2022,925,0.0343,0.0019,66.4,5.8,84275.1,1010.4,,,,,,
전남,2023,839,0.0419,0.0008,64.5,5.8,86268.7,1018.7,,,,,,
전남,2024,799,0.0347,0.0024,64.1,5.5,89183.2,1004.2,0.0391,0.0014,0.991,1.48,1.12,-1.57
전북,2014,587,,,65.6,8.3,52881.2,900.5,,,,,,
전북,2015,587,0.0174,0.0013,65.1,8.0,53156.9,922.3,,,,,,
전북,2016,583,0.0209,0.0012,65.8,7.9,52777.1,940.3,,,,,,
전북,2017,580,0.0208,0.0022,70.2,8.2,54489.6,920.6,,,,,,
전북,2018,587,0.0239,0.0018,69.7,8.6,55221.9,914.5,,,,,,
전북,2019,594,0.0226,0.0009,63.5,8.4,56459.0,927.5,,,,,,
전북,2020,603,0.024,0.0007,62.5,8.5,56361.8,932.1,,,,,,
전북,2021,608,0.0276,0.0013,59.5,8.7,58223.9,952.5,,,,,,
전북,2022,629,0.0329,0.0029,64.4,9.0,58988.7,968.1,,,,,,
전북,2023,611,0.026,0.0023,58.5,8.5,58395.7,982.9,,,,,,
전북,2024,605,0.0176,0.0028,59.0,8.2,59321.3,987.5,0.024,0.0018,0.977,1.23,0.54,0.33
제주,2014,735,,,80.9,9.6,18292.2,321.9,,,,,,
제주,2015,727,0.0302,0.0044,75.4,9.8,19717.9,339.3,,,,,,
제주,2016,737,0.0321,0.0017,75.7,9.6,21100.8,354.8,,,,,,
제주,2017,753,0.0322,0.0019,74.6,9.7,22564.1,374.2,,,,,,
제주,2018,733,0.036,0.0025,79.9,10.2,22777.0,372.0,,,,,,
제주,2019,731,0.0268,0.0018,78.8,10.4,22951.9,381.7,,,,,,
제주,2020,743,0.0514,0.0034,78.0,11.1,21668.8,378.1,,,,,,
제주,2021,746,0.0278,0.0028,74.9,11.0,22346.4,382.9,,,,,,
제주,2022,770,0.0378,0.0056,76.0,10.6,23364.4,401.6,,,,,,
제주,2023,754,0.0421,0.0066,76.1,9.3,24143.2,401.0,,,,,,
제주,2024,755,0.0199,0.0037,75.9,9.5,24229.3,400.4,0.034,0.0033,0.942,2.32,0.6,0.42
충남,2014,851,,,66.7,21.0,103895.6,1163.3,,,,,,
충남,2015,805,0.0254,0.0068,66.1,19.7,105415.1,1198.7,,,,,,
충남,2016,814,0.0152,0.0019,67.0,19.8,109138.6,1226.1,,,,,,
충남,2017,919,0.0419,0.0173,68.2,23.1,117356.8,1140.4,,,,,,
충남,2018,950,0.0294,0.0087,61.1,24.9,120403.7,1178.9,,,,,,
충남,2019,884,0.026,0.0078,59.9,23.5,121633.7,1195.9,,,,,,
충남,2020,880,0.0285,0.0023,59.3,24.0,122866.9,1176.2,,,,,,
충남,2021,916,0.0386,0.0011,66.9,24.1,129853.3,1192.9,,,,,,
충남,2022,904,0.0398,0.009,65.6,22.7,133543.6,1225.6,,,,,,
충남,2023,795,0.0499,0.0184,64.5,19.1,133617.1,1247.8,,,,,,
충남,2024,805,0.0281,0.0052,65.3,19.6,135065.5,1264.0,0.033,0.008,0.972,2.79,2.26,-0.01
충북,2014,686,,,61.4,20.7,57390.1,822.6,,,,,,
충북,2015,721,0.027,0.0068,62.9,21.5,61313.7,839.1,,,,,,
충북,2016,742,0.0207,0.0049,63.7,21.9,65640.2,844.7,,,,,,
충북,2017,828,0.0324,0.0148,65.4,24.7,70009.0,860.6,,,,,,
충북,2018,865,0.0259,0.0054,65.7,25.7,74445.9,876.3,,,,,,
충북,2019,838,0.029,0.0059,64.5,24.5,77100.4,880.1,,,,,,
충북,2020,783,0.0402,0.0128,58.3,22.3,75771.6,890.0,,,,,,
충북,2021,828,0.0225,0.0074,65.5,23.7,80226.0,897.3,,,,,,
충북,2022,840,0.0307,0.0018,71.9,23.9,83583.2,925.9,,,,,,
충북,2023,726,0.0412,0.0166,69.3,20.6,82957.4,938.6,,,,,,
충북,2024,717,0.0162,0.0014,61.8,20.3,81746.4,950.5,0.0288,0.0079,0.952,3.25,1.91,-0.06
