year,scope,kind,region,firms,firms_share,staff,staff_share,amount,amount_share,unit,pub,source_url
2016,전체,생산,서울,668,22.70,8364,16.01,673424513,12.02,천원,2017년도,https://www.mfds.go.kr/brd/m_386/view.do?seq=32621
2016,전체,생산,부산,131,4.45,1822,3.49,753492708,13.45,천원,2017년도,https://www.mfds.go.kr/brd/m_386/view.do?seq=32621
2016,전체,생산,대구,159,5.40,2262,4.33,160399540,2.86,천원,2017년도,https://www.mfds.go.kr/brd/m_386/view.do?seq=32621
2016,전체,생산,인천,123,4.18,1457,2.79,75255551,1.34,천원,2017년도,https://www.mfds.go.kr/brd/m_386/view.do?seq=32621
2016,전체,생산,광주,80,2.72,1143,2.19,77863749,1.39,천원,2017년도,https://www.mfds.go.kr/brd/m_386/view.do?seq=32621
2016,전체,생산,대전,110,3.74,2300,4.40,195433473,3.49,천원,2017년도,https://www.mfds.go.kr/brd/m_386/view.do?seq=32621
2016,전체,생산,울산,9,0.31,75,0.14,4217069,0.08,천원,2017년도,https://www.mfds.go.kr/brd/m_386/view.do?seq=32621
2016,전체,생산,세종,4,0.14,69,0.13,370898,0.01,천원,2017년도,https://www.mfds.go.kr/brd/m_386/view.do?seq=32621
2016,전체,생산,경기북부,200,6.80,2722,5.21,234354063,4.18,천원,2017년도,https://www.mfds.go.kr/brd/m_386/view.do?seq=32621
2016,전체,생산,경기남부,932,31.67,17869,34.20,1858521640,33.17,천원,2017년도,https://www.mfds.go.kr/brd/m_386/view.do?seq=32621
2016,전체,생산,강원,137,4.66,4716,9.03,609815551,10.88,천원,2017년도,https://www.mfds.go.kr/brd/m_386/view.do?seq=32621
2016,전체,생산,충북,114,3.87,3332,6.38,335732935,5.99,천원,2017년도,https://www.mfds.go.kr/brd/m_386/view.do?seq=32621
2016,전체,생산,충남,87,2.96,2430,4.65,216768774,3.87,천원,2017년도,https://www.mfds.go.kr/brd/m_386/view.do?seq=32621
2016,전체,생산,전북,40,1.36,534,1.02,45905710,0.82,천원,2017년도,https://www.mfds.go.kr/brd/m_386/view.do?seq=32621
2016,전체,생산,전남,20,0.68,190,0.36,13340066,0.24,천원,2017년도,https://www.mfds.go.kr/brd/m_386/view.do?seq=32621
2016,전체,생산,경북,60,2.04,1942,3.72,264875909,4.73,천원,2017년도,https://www.mfds.go.kr/brd/m_386/view.do?seq=32621
2016,전체,생산,경남,64,2.17,945,1.81,80767292,1.44,천원,2017년도,https://www.mfds.go.kr/brd/m_386/view.do?seq=32621
2016,전체,생산,제주,5,0.17,81,0.16,2524401,0.05,천원,2017년도,https://www.mfds.go.kr/brd/m_386/view.do?seq=32621
2016,전체,생산,합계,2943,100.00,52253,100.00,5603063842,100.00,천원,2017년도,https://www.mfds.go.kr/brd/m_386/view.do?seq=32621
2016,전체,수출,서울,182,20.54,3652,13.02,279077573,9.56,USD,2017년도,https://www.mfds.go.kr/brd/m_386/view.do?seq=32621
2016,전체,수출,부산,30,3.39,1128,4.02,95177458,3.26,USD,2017년도,https://www.mfds.go.kr/brd/m_386/view.do?seq=32621
2016,전체,수출,대구,43,4.85,1220,4.35,67244926,2.30,USD,2017년도,https://www.mfds.go.kr/brd/m_386/view.do?seq=32621
2016,전체,수출,인천,30,3.39,544,1.94,31708451,1.09,USD,2017년도,https://www.mfds.go.kr/brd/m_386/view.do?seq=32621
2016,전체,수출,광주,18,2.03,606,2.16,39115340,1.34,USD,2017년도,https://www.mfds.go.kr/brd/m_386/view.do?seq=32621
2016,전체,수출,대전,38,4.29,1061,3.78,76017311,2.60,USD,2017년도,https://www.mfds.go.kr/brd/m_386/view.do?seq=32621
2016,전체,수출,울산,3,0.34,49,0.17,2312204,0.08,USD,2017년도,https://www.mfds.go.kr/brd/m_386/view.do?seq=32621
2016,전체,수출,세종,,,,,,,USD,2017년도,https://www.mfds.go.kr/brd/m_386/view.do?seq=32621
2016,전체,수출,경기북부,54,6.09,1476,5.26,95010942,3.26,USD,2017년도,https://www.mfds.go.kr/brd/m_386/view.do?seq=32621
2016,전체,수출,경기남부,299,33.75,9662,34.45,1235037605,42.32,USD,2017년도,https://www.mfds.go.kr/brd/m_386/view.do?seq=32621
2016,전체,수출,강원,59,6.66,3347,11.93,434914060,14.90,USD,2017년도,https://www.mfds.go.kr/brd/m_386/view.do?seq=32621
2016,전체,수출,충북,36,4.06,1730,6.17,132750229,4.55,USD,2017년도,https://www.mfds.go.kr/brd/m_386/view.do?seq=32621
2016,전체,수출,충남,34,3.84,1757,6.26,160311286,5.49,USD,2017년도,https://www.mfds.go.kr/brd/m_386/view.do?seq=32621
2016,전체,수출,전북,15,1.69,310,1.11,43659899,1.50,USD,2017년도,https://www.mfds.go.kr/brd/m_386/view.do?seq=32621
2016,전체,수출,전남,8,0.90,104,0.37,7524664,0.26,USD,2017년도,https://www.mfds.go.kr/brd/m_386/view.do?seq=32621
2016,전체,수출,경북,15,1.69,930,3.32,185438284,6.35,USD,2017년도,https://www.mfds.go.kr/brd/m_386/view.do?seq=32621
2016,전체,수출,경남,22,2.48,473,1.69,33223095,1.14,USD,2017년도,https://www.mfds.go.kr/brd/m_386/view.do?seq=32621
2016,전체,수출,제주,,,,,,,USD,2017년도,https://www.mfds.go.kr/brd/m_386/view.do?seq=32621
2016,전체,수출,합계,886,100.00,28049,100.00,2918523327,100.00,USD,2017년도,https://www.mfds.go.kr/brd/m_386/view.do?seq=32621
2016,전체,수입,서울,1246,59.96,16059,62.65,2813373907,89.27,USD,2017년도,https://www.mfds.go.kr/brd/m_386/view.do?seq=32621
2016,전체,수입,부산,65,3.13,379,1.48,26432899,0.84,USD,2017년도,https://www.mfds.go.kr/brd/m_386/view.do?seq=32621
2016,전체,수입,대구,61,2.94,587,2.29,8891667,0.28,USD,2017년도,https://www.mfds.go.kr/brd/m_386/view.do?seq=32621
2016,전체,수입,인천,36,1.73,225,0.88,8282653,0.26,USD,2017년도,https://www.mfds.go.kr/brd/m_386/view.do?seq=32621
2016,전체,수입,광주,24,1.15,120,0.47,3181017,0.10,USD,2017년도,https://www.mfds.go.kr/brd/m_386/view.do?seq=32621
2016,전체,수입,대전,46,2.21,446,1.74,21829355,0.69,USD,2017년도,https://www.mfds.go.kr/brd/m_386/view.do?seq=32621
2016,전체,수입,울산,2,0.10,15,0.06,42192,0.00,USD,2017년도,https://www.mfds.go.kr/brd/m_386/view.do?seq=32621
2016,전체,수입,세종,2,0.10,11,0.04,1328,0.00,USD,2017년도,https://www.mfds.go.kr/brd/m_386/view.do?seq=32621
2016,전체,수입,경기북부,119,5.73,1599,6.24,22891196,0.73,USD,2017년도,https://www.mfds.go.kr/brd/m_386/view.do?seq=32621
2016,전체,수입,경기남부,363,17.47,3899,15.21,152472076,4.84,USD,2017년도,https://www.mfds.go.kr/brd/m_386/view.do?seq=32621
2016,전체,수입,강원,30,1.44,687,2.68,5588030,0.18,USD,2017년도,https://www.mfds.go.kr/brd/m_386/view.do?seq=32621
2016,전체,수입,충북,29,1.40,741,2.89,37399101,1.19,USD,2017년도,https://www.mfds.go.kr/brd/m_386/view.do?seq=32621
2016,전체,수입,충남,14,0.67,324,1.26,11471443,0.36,USD,2017년도,https://www.mfds.go.kr/brd/m_386/view.do?seq=32621
2016,전체,수입,전북,13,0.63,191,0.75,15262253,0.48,USD,2017년도,https://www.mfds.go.kr/brd/m_386/view.do?seq=32621
2016,전체,수입,전남,2,0.10,12,0.05,56976,0.00,USD,2017년도,https://www.mfds.go.kr/brd/m_386/view.do?seq=32621
2016,전체,수입,경북,13,0.63,145,0.57,8444091,0.27,USD,2017년도,https://www.mfds.go.kr/brd/m_386/view.do?seq=32621
2016,전체,수입,경남,13,0.63,192,0.75,15746474,0.50,USD,2017년도,https://www.mfds.go.kr/brd/m_386/view.do?seq=32621
2016,전체,수입,제주,,,,,,,USD,2017년도,https://www.mfds.go.kr/brd/m_386/view.do?seq=32621
2016,전체,수입,합계,2078,100.00,25632,100.00,3151366658,100.00,USD,2017년도,https://www.mfds.go.kr/brd/m_386/view.do?seq=32621
2017,전체,생산,서울,753,22.94,9188,15.95,674361736,11.58,천원,2017년도,https://www.mfds.go.kr/brd/m_386/view.do?seq=32621
2017,전체,생산,부산,126,3.84,1897,3.29,799613903,13.73,천원,2017년도,https://www.mfds.go.kr/brd/m_386/view.do?seq=32621
2017,전체,생산,대구,174,5.30,2337,4.06,180681209,3.10,천원,2017년도,https://www.mfds.go.kr/brd/m_386/view.do?seq=32621
2017,전체,생산,인천,143,4.36,1522,2.64,79911599,1.37,천원,2017년도,https://www.mfds.go.kr/brd/m_386/view.do?seq=32621
2017,전체,생산,광주,86,2.62,1206,2.09,94811237,1.63,천원,2017년도,https://www.mfds.go.kr/brd/m_386/view.do?seq=32621
2017,전체,생산,대전,123,3.75,2886,5.01,220747131,3.79,천원,2017년도,https://www.mfds.go.kr/brd/m_386/view.do?seq=32621
2017,전체,생산,울산,10,0.30,102,0.18,6638787,0.11,천원,2017년도,https://www.mfds.go.kr/brd/m_386/view.do?seq=32621
2017,전체,생산,세종,7,0.21,82,0.14,867872,0.01,천원,2017년도,https://www.mfds.go.kr/brd/m_386/view.do?seq=32621
2017,전체,생산,경기북부,238,7.25,3144,5.46,252739236,4.34,천원,2017년도,https://www.mfds.go.kr/brd/m_386/view.do?seq=32621
2017,전체,생산,경기남부,1034,31.50,19729,34.25,1931091708,33.16,천원,2017년도,https://www.mfds.go.kr/brd/m_386/view.do?seq=32621
2017,전체,생산,강원,154,4.69,5015,8.71,661221601,11.36,천원,2017년도,https://www.mfds.go.kr/brd/m_386/view.do?seq=32621
2017,전체,생산,충북,124,3.78,3430,5.96,335492948,5.76,천원,2017년도,https://www.mfds.go.kr/brd/m_386/view.do?seq=32621
2017,전체,생산,충남,98,2.99,3016,5.24,209666195,3.60,천원,2017년도,https://www.mfds.go.kr/brd/m_386/view.do?seq=32621
2017,전체,생산,전북,43,1.31,576,1.00,40470654,0.69,천원,2017년도,https://www.mfds.go.kr/brd/m_386/view.do?seq=32621
2017,전체,생산,전남,20,0.61,218,0.38,17204941,0.30,천원,2017년도,https://www.mfds.go.kr/brd/m_386/view.do?seq=32621
2017,전체,생산,경북,73,2.22,2062,3.58,244417133,4.20,천원,2017년도,https://www.mfds.go.kr/brd/m_386/view.do?seq=32621
2017,전체,생산,경남,72,2.19,1091,1.89,71289867,1.22,천원,2017년도,https://www.mfds.go.kr/brd/m_386/view.do?seq=32621
2017,전체,생산,제주,5,0.15,94,0.16,1926901,0.03,천원,2017년도,https://www.mfds.go.kr/brd/m_386/view.do?seq=32621
2017,전체,생산,합계,3283,100.00,57595,100.00,5823154658,100.00,천원,2017년도,https://www.mfds.go.kr/brd/m_386/view.do?seq=32621
2017,전체,수출,서울,183,19.66,3866,13.29,295165033,9.33,USD,2017년도,https://www.mfds.go.kr/brd/m_386/view.do?seq=32621
2017,전체,수출,부산,28,3.01,1226,4.21,115551393,3.65,USD,2017년도,https://www.mfds.go.kr/brd/m_386/view.do?seq=32621
2017,전체,수출,대구,44,4.73,1338,4.60,74858139,2.37,USD,2017년도,https://www.mfds.go.kr/brd/m_386/view.do?seq=32621
2017,전체,수출,인천,31,3.33,593,2.04,33731855,1.07,USD,2017년도,https://www.mfds.go.kr/brd/m_386/view.do?seq=32621
2017,전체,수출,광주,23,2.47,752,2.58,31402534,0.99,USD,2017년도,https://www.mfds.go.kr/brd/m_386/view.do?seq=32621
2017,전체,수출,대전,44,4.73,1592,5.47,82030488,2.59,USD,2017년도,https://www.mfds.go.kr/brd/m_386/view.do?seq=32621
2017,전체,수출,울산,3,0.32,55,0.19,2723317,0.09,USD,2017년도,https://www.mfds.go.kr/brd/m_386/view.do?seq=32621
2017,전체,수출,세종,1,0.11,11,0.04,94989,0.00,USD,2017년도,https://www.mfds.go.kr/brd/m_386/view.do?seq=32621
2017,전체,수출,경기북부,57,6.12,1694,5.82,98648753,3.12,USD,2017년도,https://www.mfds.go.kr/brd/m_386/view.do?seq=32621
2017,전체,수출,경기남부,325,34.91,10118,34.77,1392341921,44.00,USD,2017년도,https://www.mfds.go.kr/brd/m_386/view.do?seq=32621
2017,전체,수출,강원,65,6.98,2518,8.65,461397223,14.58,USD,2017년도,https://www.mfds.go.kr/brd/m_386/view.do?seq=32621
2017,전체,수출,충북,36,3.87,1862,6.40,147251096,4.65,USD,2017년도,https://www.mfds.go.kr/brd/m_386/view.do?seq=32621
2017,전체,수출,충남,32,3.44,1633,5.61,172500633,5.45,USD,2017년도,https://www.mfds.go.kr/brd/m_386/view.do?seq=32621
2017,전체,수출,전북,16,1.72,393,1.35,53339104,1.69,USD,2017년도,https://www.mfds.go.kr/brd/m_386/view.do?seq=32621
2017,전체,수출,전남,5,0.54,71,0.24,7847438,0.25,USD,2017년도,https://www.mfds.go.kr/brd/m_386/view.do?seq=32621
2017,전체,수출,경북,17,1.83,929,3.19,154515351,4.88,USD,2017년도,https://www.mfds.go.kr/brd/m_386/view.do?seq=32621
2017,전체,수출,경남,20,2.15,366,1.26,40785053,1.29,USD,2017년도,https://www.mfds.go.kr/brd/m_386/view.do?seq=32621
2017,전체,수출,제주,1,0.11,82,0.28,26000,0.00,USD,2017년도,https://www.mfds.go.kr/brd/m_386/view.do?seq=32621
2017,전체,수출,합계,931,100.00,29099,100.00,3164210320,100.00,USD,2017년도,https://www.mfds.go.kr/brd/m_386/view.do?seq=32621
2017,전체,수입,서울,1311,58.09,18200,59.38,3146839150,90.02,USD,2017년도,https://www.mfds.go.kr/brd/m_386/view.do?seq=32621
2017,전체,수입,부산,67,2.97,391,1.28,22395028,0.64,USD,2017년도,https://www.mfds.go.kr/brd/m_386/view.do?seq=32621
2017,전체,수입,대구,55,2.44,630,2.06,6571146,0.19,USD,2017년도,https://www.mfds.go.kr/brd/m_386/view.do?seq=32621
2017,전체,수입,인천,43,1.91,345,1.13,7718954,0.22,USD,2017년도,https://www.mfds.go.kr/brd/m_386/view.do?seq=32621
2017,전체,수입,광주,28,1.24,152,0.50,6433237,0.18,USD,2017년도,https://www.mfds.go.kr/brd/m_386/view.do?seq=32621
2017,전체,수입,대전,48,2.13,603,1.97,22536470,0.64,USD,2017년도,https://www.mfds.go.kr/brd/m_386/view.do?seq=32621
2017,전체,수입,울산,2,0.09,22,0.07,,,USD,2017년도,https://www.mfds.go.kr/brd/m_386/view.do?seq=32621
2017,전체,수입,세종,2,0.09,11,0.04,13243,0.00,USD,2017년도,https://www.mfds.go.kr/brd/m_386/view.do?seq=32621
2017,전체,수입,경기북부,148,6.56,1973,6.44,26679489,0.76,USD,2017년도,https://www.mfds.go.kr/brd/m_386/view.do?seq=32621
2017,전체,수입,경기남부,423,18.74,5106,16.66,164734159,4.71,USD,2017년도,https://www.mfds.go.kr/brd/m_386/view.do?seq=32621
2017,전체,수입,강원,37,1.64,745,2.43,5506991,0.16,USD,2017년도,https://www.mfds.go.kr/brd/m_386/view.do?seq=32621
2017,전체,수입,충북,31,1.37,1365,4.45,28995791,0.83,USD,2017년도,https://www.mfds.go.kr/brd/m_386/view.do?seq=32621
2017,전체,수입,충남,16,0.71,491,1.60,15292147,0.44,USD,2017년도,https://www.mfds.go.kr/brd/m_386/view.do?seq=32621
2017,전체,수입,전북,14,0.62,229,0.75,16187200,0.46,USD,2017년도,https://www.mfds.go.kr/brd/m_386/view.do?seq=32621
2017,전체,수입,전남,3,0.13,12,0.04,47589,0.00,USD,2017년도,https://www.mfds.go.kr/brd/m_386/view.do?seq=32621
2017,전체,수입,경북,15,0.66,148,0.48,7796103,0.22,USD,2017년도,https://www.mfds.go.kr/brd/m_386/view.do?seq=32621
2017,전체,수입,경남,14,0.62,227,0.74,17779792,0.51,USD,2017년도,https://www.mfds.go.kr/brd/m_386/view.do?seq=32621
2017,전체,수입,제주,,,,,,,USD,2017년도,https://www.mfds.go.kr/brd/m_386/view.do?seq=32621
2017,전체,수입,합계,2257,100.00,30650,100.00,3495526489,100.00,USD,2017년도,https://www.mfds.go.kr/brd/m_386/view.do?seq=32621
2019,전체,생산,서울,826,23.14,10281,15.95,741632687,10.19,천원,2020년도,https://www.mfds.go.kr/brd/m_386/view.do?seq=33106
2019,전체,생산,부산,139,3.89,2491,3.86,1197498770,16.45,천원,2020년도,https://www.mfds.go.kr/brd/m_386/view.do?seq=33106
2019,전체,생산,대구,196,5.49,2854,4.43,294683881,4.05,천원,2020년도,https://www.mfds.go.kr/brd/m_386/view.do?seq=33106
2019,전체,생산,인천,146,4.09,1729,2.68,120973879,1.66,천원,2020년도,https://www.mfds.go.kr/brd/m_386/view.do?seq=33106
2019,전체,생산,광주,81,2.27,1225,1.90,114549068,1.57,천원,2020년도,https://www.mfds.go.kr/brd/m_386/view.do?seq=33106
2019,전체,생산,대전,129,3.61,2754,4.27,238338636,3.27,천원,2020년도,https://www.mfds.go.kr/brd/m_386/view.do?seq=33106
2019,전체,생산,울산,17,0.48,167,0.26,8791201,0.12,천원,2020년도,https://www.mfds.go.kr/brd/m_386/view.do?seq=33106
2019,전체,생산,세종,10,0.28,637,0.99,356236,0.00,천원,2020년도,https://www.mfds.go.kr/brd/m_386/view.do?seq=33106
2019,전체,생산,경기북부,268,7.51,3178,4.93,305274890,4.19,천원,2020년도,https://www.mfds.go.kr/brd/m_386/view.do?seq=33106
2019,전체,생산,경기남부,1124,31.48,23126,35.87,2402332357,33.00,천원,2020년도,https://www.mfds.go.kr/brd/m_386/view.do?seq=33106
2019,전체,생산,강원,161,4.51,4903,7.61,703190800,9.66,천원,2020년도,https://www.mfds.go.kr/brd/m_386/view.do?seq=33106
2019,전체,생산,충북,135,3.78,3860,5.99,456335101,6.27,천원,2020년도,https://www.mfds.go.kr/brd/m_386/view.do?seq=33106
2019,전체,생산,충남,98,2.75,3093,4.80,255471231,3.51,천원,2020년도,https://www.mfds.go.kr/brd/m_386/view.do?seq=33106
2019,전체,생산,전북,51,1.43,651,1.01,62301082,0.86,천원,2020년도,https://www.mfds.go.kr/brd/m_386/view.do?seq=33106
2019,전체,생산,전남,22,0.62,267,0.41,23350578,0.32,천원,2020년도,https://www.mfds.go.kr/brd/m_386/view.do?seq=33106
2019,전체,생산,경북,83,2.32,1988,3.08,258955911,3.56,천원,2020년도,https://www.mfds.go.kr/brd/m_386/view.do?seq=33106
2019,전체,생산,경남,77,2.16,1126,1.75,93083026,1.28,천원,2020년도,https://www.mfds.go.kr/brd/m_386/view.do?seq=33106
2019,전체,생산,제주,7,0.20,140,0.22,2264890,0.03,천원,2020년도,https://www.mfds.go.kr/brd/m_386/view.do?seq=33106
2019,전체,생산,합계,3570,100.00,64470,100.00,7279384224,100.00,천원,2020년도,https://www.mfds.go.kr/brd/m_386/view.do?seq=33106
2019,전체,수출,서울,190,18.94,3865,11.08,335252551,9.04,USD,2020년도,https://www.mfds.go.kr/brd/m_386/view.do?seq=33106
2019,전체,수출,부산,31,3.09,1666,4.78,154878053,4.17,USD,2020년도,https://www.mfds.go.kr/brd/m_386/view.do?seq=33106
2019,전체,수출,대구,51,5.08,1763,5.06,142574122,3.84,USD,2020년도,https://www.mfds.go.kr/brd/m_386/view.do?seq=33106
2019,전체,수출,인천,32,3.19,809,2.32,37601910,1.01,USD,2020년도,https://www.mfds.go.kr/brd/m_386/view.do?seq=33106
2019,전체,수출,광주,27,2.69,874,2.51,45076047,1.22,USD,2020년도,https://www.mfds.go.kr/brd/m_386/view.do?seq=33106
2019,전체,수출,대전,47,4.69,1708,4.90,102134027,2.75,USD,2020년도,https://www.mfds.go.kr/brd/m_386/view.do?seq=33106
2019,전체,수출,울산,2,0.20,21,0.06,2202378,0.06,USD,2020년도,https://www.mfds.go.kr/brd/m_386/view.do?seq=33106
2019,전체,수출,세종,1,0.10,13,0.04,200956,0.01,USD,2020년도,https://www.mfds.go.kr/brd/m_386/view.do?seq=33106
2019,전체,수출,경기북부,56,5.58,1536,4.40,119636980,3.22,USD,2020년도,https://www.mfds.go.kr/brd/m_386/view.do?seq=33106
2019,전체,수출,경기남부,363,36.19,11837,33.94,1577549787,42.52,USD,2020년도,https://www.mfds.go.kr/brd/m_386/view.do?seq=33106
2019,전체,수출,강원,59,5.88,3600,10.32,516344175,13.92,USD,2020년도,https://www.mfds.go.kr/brd/m_386/view.do?seq=33106
2019,전체,수출,충북,43,4.29,2503,7.18,197243852,5.32,USD,2020년도,https://www.mfds.go.kr/brd/m_386/view.do?seq=33106
2019,전체,수출,충남,38,3.79,2522,7.23,179329062,4.83,USD,2020년도,https://www.mfds.go.kr/brd/m_386/view.do?seq=33106
2019,전체,수출,전북,12,1.20,381,1.09,66289872,1.79,USD,2020년도,https://www.mfds.go.kr/brd/m_386/view.do?seq=33106
2019,전체,수출,전남,8,0.80,152,0.44,9257713,0.25,USD,2020년도,https://www.mfds.go.kr/brd/m_386/view.do?seq=33106
2019,전체,수출,경북,23,2.29,1175,3.37,190969501,5.15,USD,2020년도,https://www.mfds.go.kr/brd/m_386/view.do?seq=33106
2019,전체,수출,경남,19,1.89,328,0.94,33378524,0.90,USD,2020년도,https://www.mfds.go.kr/brd/m_386/view.do?seq=33106
2019,전체,수출,제주,1,0.10,123,0.35,9857,0.00,USD,2020년도,https://www.mfds.go.kr/brd/m_386/view.do?seq=33106
2019,전체,수출,합계,1003,100.00,34876,100.00,3709929367,100.00,USD,2020년도,https://www.mfds.go.kr/brd/m_386/view.do?seq=33106
2019,전체,수입,서울,1366,54.47,20196,53.30,3768687692,90.60,USD,2020년도,https://www.mfds.go.kr/brd/m_386/view.do?seq=33106
2019,전체,수입,부산,80,3.19,813,2.15,19820451,0.48,USD,2020년도,https://www.mfds.go.kr/brd/m_386/view.do?seq=33106
2019,전체,수입,대구,66,2.63,909,2.40,8485857,0.20,USD,2020년도,https://www.mfds.go.kr/brd/m_386/view.do?seq=33106
2019,전체,수입,인천,46,1.83,368,0.97,9481750,0.23,USD,2020년도,https://www.mfds.go.kr/brd/m_386/view.do?seq=33106
2019,전체,수입,광주,28,1.12,173,0.46,2852318,0.07,USD,2020년도,https://www.mfds.go.kr/brd/m_386/view.do?seq=33106
2019,전체,수입,대전,53,2.11,939,2.48,10650987,0.26,USD,2020년도,https://www.mfds.go.kr/brd/m_386/view.do?seq=33106
2019,전체,수입,울산,3,0.12,6,0.02,32430,0,USD,2020년도,https://www.mfds.go.kr/brd/m_386/view.do?seq=33106
2019,전체,수입,세종,2,0.08,14,0.04,31856,0.00,USD,2020년도,https://www.mfds.go.kr/brd/m_386/view.do?seq=33106
2019,전체,수입,경기북부,193,7.70,2164,5.71,37714306,0.91,USD,2020년도,https://www.mfds.go.kr/brd/m_386/view.do?seq=33106
2019,전체,수입,경기남부,512,20.41,7405,19.54,192541698,4.63,USD,2020년도,https://www.mfds.go.kr/brd/m_386/view.do?seq=33106
2019,전체,수입,강원,46,1.83,2232,5.89,5612017,0.13,USD,2020년도,https://www.mfds.go.kr/brd/m_386/view.do?seq=33106
2019,전체,수입,충북,36,1.44,870,2.30,40960645,0.98,USD,2020년도,https://www.mfds.go.kr/brd/m_386/view.do?seq=33106
2019,전체,수입,충남,17,0.68,721,1.90,18764445,0.45,USD,2020년도,https://www.mfds.go.kr/brd/m_386/view.do?seq=33106
2019,전체,수입,전북,15,0.60,296,0.78,19844648,0.48,USD,2020년도,https://www.mfds.go.kr/brd/m_386/view.do?seq=33106
2019,전체,수입,전남,3,0.12,25,0.07,40697,0.00,USD,2020년도,https://www.mfds.go.kr/brd/m_386/view.do?seq=33106
2019,전체,수입,경북,21,0.84,428,1.13,10245111,0.25,USD,2020년도,https://www.mfds.go.kr/brd/m_386/view.do?seq=33106
2019,전체,수입,경남,21,0.84,334,0.88,14148252,0.34,USD,2020년도,https://www.mfds.go.kr/brd/m_386/view.do?seq=33106
2019,전체,수입,제주,,,,,,,USD,2020년도,https://www.mfds.go.kr/brd/m_386/view.do?seq=33106
2019,전체,수입,합계,2508,100.00,37893,100.00,4159915160,100.00,USD,2020년도,https://www.mfds.go.kr/brd/m_386/view.do?seq=33106
2020,전체,생산,서울,871,22.41,12908,16.07,1993570839,19.67,천원,2021년도,https://www.mfds.go.kr/brd/m_386/view.do?seq=33109
2020,전체,생산,부산,153,3.94,2574,3.20,1307381265,12.90,천원,2021년도,https://www.mfds.go.kr/brd/m_386/view.do?seq=33109
2020,전체,생산,대구,193,4.97,3032,3.78,295929778,2.92,천원,2021년도,https://www.mfds.go.kr/brd/m_386/view.do?seq=33109
2020,전체,생산,인천,168,4.32,1841,2.29,122055828,1.20,천원,2021년도,https://www.mfds.go.kr/brd/m_386/view.do?seq=33109
2020,전체,생산,광주,91,2.34,1295,1.61,101718949,1.00,천원,2021년도,https://www.mfds.go.kr/brd/m_386/view.do?seq=33109
2020,전체,생산,대전,141,3.63,3317,4.13,393686055,3.88,천원,2021년도,https://www.mfds.go.kr/brd/m_386/view.do?seq=33109
2020,전체,생산,울산,14,0.36,113,0.14,7084073,0.07,천원,2021년도,https://www.mfds.go.kr/brd/m_386/view.do?seq=33109
2020,전체,생산,세종,12,0.31,746,0.93,15396331,0.15,천원,2021년도,https://www.mfds.go.kr/brd/m_386/view.do?seq=33109
2020,전체,생산,경기북부,282,7.25,3435,4.28,317912522,3.14,천원,2021년도,https://www.mfds.go.kr/brd/m_386/view.do?seq=33109
2020,전체,생산,경기남부,1268,32.62,28565,35.57,3173669377,31.31,천원,2021년도,https://www.mfds.go.kr/brd/m_386/view.do?seq=33109
2020,전체,생산,강원,171,4.40,5893,7.34,642343974,6.34,천원,2021년도,https://www.mfds.go.kr/brd/m_386/view.do?seq=33109
2020,전체,생산,충북,149,3.83,5238,6.52,947366063,9.35,천원,2021년도,https://www.mfds.go.kr/brd/m_386/view.do?seq=33109
2020,전체,생산,충남,112,2.88,6422,8.00,311590073,3.07,천원,2021년도,https://www.mfds.go.kr/brd/m_386/view.do?seq=33109
2020,전체,생산,전북,57,1.47,1028,1.28,66409918,0.66,천원,2021년도,https://www.mfds.go.kr/brd/m_386/view.do?seq=33109
2020,전체,생산,전남,29,0.75,391,0.49,32354903,0.32,천원,2021년도,https://www.mfds.go.kr/brd/m_386/view.do?seq=33109
2020,전체,생산,경북,82,2.11,2038,2.54,314656098,3.10,천원,2021년도,https://www.mfds.go.kr/brd/m_386/view.do?seq=33109
2020,전체,생산,경남,84,2.16,1302,1.62,88914334,0.88,천원,2021년도,https://www.mfds.go.kr/brd/m_386/view.do?seq=33109
2020,전체,생산,제주,10,0.26,179,0.22,3744998,0.04,천원,2021년도,https://www.mfds.go.kr/brd/m_386/view.do?seq=33109
2020,전체,생산,합계,3887,100.00,80317,100.00,10135785378,100.00,천원,2021년도,https://www.mfds.go.kr/brd/m_386/view.do?seq=33109
2020,전체,수출,서울,205,19.34,5372,13.75,1111718151,16.75,USD,2021년도,https://www.mfds.go.kr/brd/m_386/view.do?seq=33109
2020,전체,수출,부산,37,3.49,1795,4.60,169526441,2.55,USD,2021년도,https://www.mfds.go.kr/brd/m_386/view.do?seq=33109
2020,전체,수출,대구,54,5.09,1846,4.73,129425091,1.95,USD,2021년도,https://www.mfds.go.kr/brd/m_386/view.do?seq=33109
2020,전체,수출,인천,31,2.92,697,1.78,59324110,0.89,USD,2021년도,https://www.mfds.go.kr/brd/m_386/view.do?seq=33109
2020,전체,수출,광주,25,2.36,801,2.05,31988977,0.48,USD,2021년도,https://www.mfds.go.kr/brd/m_386/view.do?seq=33109
2020,전체,수출,대전,50,4.72,2052,5.25,277958092,4.19,USD,2021년도,https://www.mfds.go.kr/brd/m_386/view.do?seq=33109
2020,전체,수출,울산,2,0.19,34,0.09,2003971,0.03,USD,2021년도,https://www.mfds.go.kr/brd/m_386/view.do?seq=33109
2020,전체,수출,세종,3,0.28,58,0.15,4787423,0.07,USD,2021년도,https://www.mfds.go.kr/brd/m_386/view.do?seq=33109
2020,전체,수출,경기북부,52,4.91,1570,4.02,132342504,1.99,USD,2021년도,https://www.mfds.go.kr/brd/m_386/view.do?seq=33109
2020,전체,수출,경기남부,387,36.51,12479,31.95,2321730121,34.98,USD,2021년도,https://www.mfds.go.kr/brd/m_386/view.do?seq=33109
2020,전체,수출,강원,62,5.85,3964,10.15,516782590,7.79,USD,2021년도,https://www.mfds.go.kr/brd/m_386/view.do?seq=33109
2020,전체,수출,충북,46,4.34,2699,6.91,1370364846,20.65,USD,2021년도,https://www.mfds.go.kr/brd/m_386/view.do?seq=33109
2020,전체,수출,충남,44,4.15,3248,8.32,178046418,2.68,USD,2021년도,https://www.mfds.go.kr/brd/m_386/view.do?seq=33109
2020,전체,수출,전북,13,1.23,660,1.69,49356577,0.74,USD,2021년도,https://www.mfds.go.kr/brd/m_386/view.do?seq=33109
2020,전체,수출,전남,9,0.85,147,0.38,20557220,0.31,USD,2021년도,https://www.mfds.go.kr/brd/m_386/view.do?seq=33109
2020,전체,수출,경북,22,2.08,1318,3.37,225834054,3.40,USD,2021년도,https://www.mfds.go.kr/brd/m_386/view.do?seq=33109
2020,전체,수출,경남,17,1.60,308,0.79,34740960,0.52,USD,2021년도,https://www.mfds.go.kr/brd/m_386/view.do?seq=33109
2020,전체,수출,제주,1,0.09,12,0.03,87027,0.00,USD,2021년도,https://www.mfds.go.kr/brd/m_386/view.do?seq=33109
2020,전체,수출,합계,1060,100.00,39060,100.00,6636574573,100.00,USD,2021년도,https://www.mfds.go.kr/brd/m_386/view.do?seq=33109
2020,전체,수입,서울,1508,53.76,27105,56.81,3852018375,86.96,USD,2021년도,https://www.mfds.go.kr/brd/m_386/view.do?seq=33109
2020,전체,수입,부산,83,2.96,949,1.99,28044383,0.63,USD,2021년도,https://www.mfds.go.kr/brd/m_386/view.do?seq=33109
2020,전체,수입,대구,80,2.85,963,2.02,11961846,0.27,USD,2021년도,https://www.mfds.go.kr/brd/m_386/view.do?seq=33109
2020,전체,수입,인천,63,2.25,618,1.30,13217735,0.30,USD,2021년도,https://www.mfds.go.kr/brd/m_386/view.do?seq=33109
2020,전체,수입,광주,31,1.11,210,0.44,4041783,0.09,USD,2021년도,https://www.mfds.go.kr/brd/m_386/view.do?seq=33109
2020,전체,수입,대전,56,2.00,714,1.50,10907656,0.25,USD,2021년도,https://www.mfds.go.kr/brd/m_386/view.do?seq=33109
2020,전체,수입,울산,4,0.14,6,0.01,6643,0.00,USD,2021년도,https://www.mfds.go.kr/brd/m_386/view.do?seq=33109
2020,전체,수입,세종,4,0.14,72,0.15,17085730,0.39,USD,2021년도,https://www.mfds.go.kr/brd/m_386/view.do?seq=33109
2020,전체,수입,경기북부,199,7.09,2397,5.02,44176264,1.00,USD,2021년도,https://www.mfds.go.kr/brd/m_386/view.do?seq=33109
2020,전체,수입,경기남부,602,21.46,8330,17.46,211393168,4.77,USD,2021년도,https://www.mfds.go.kr/brd/m_386/view.do?seq=33109
2020,전체,수입,강원,45,1.60,2473,5.18,6613262,0.15,USD,2021년도,https://www.mfds.go.kr/brd/m_386/view.do?seq=33109
2020,전체,수입,충북,38,1.35,1344,2.82,143004100,3.23,USD,2021년도,https://www.mfds.go.kr/brd/m_386/view.do?seq=33109
2020,전체,수입,충남,26,0.93,1399,2.93,18067597,0.41,USD,2021년도,https://www.mfds.go.kr/brd/m_386/view.do?seq=33109
2020,전체,수입,전북,13,0.46,312,0.65,8687312,0.20,USD,2021년도,https://www.mfds.go.kr/brd/m_386/view.do?seq=33109
2020,전체,수입,전남,4,0.14,12,0.03,,0.00,USD,2021년도,https://www.mfds.go.kr/brd/m_386/view.do?seq=33109
2020,전체,수입,경북,21,0.75,508,1.06,47285872,1.07,USD,2021년도,https://www.mfds.go.kr/brd/m_386/view.do?seq=33109
2020,전체,수입,경남,28,1.00,296,0.62,13299646,0.30,USD,2021년도,https://www.mfds.go.kr/brd/m_386/view.do?seq=33109
2020,전체,수입,제주,,0.00,,0.00,,0.00,USD,2021년도,https://www.mfds.go.kr/brd/m_386/view.do?seq=33109
2020,전체,수입,합계,2805,100.00,47708,100.00,4429811372,100.00,USD,2021년도,https://www.mfds.go.kr/brd/m_386/view.do?seq=33109
2020,체외진단,생산,서울,85,24.36,2725,18.70,1407634871,41.96,천원,2021년도,https://www.mfds.go.kr/brd/m_386/view.do?seq=33109
2020,체외진단,생산,부산,4,1.15,22,0.15,900982,0.03,천원,2021년도,https://www.mfds.go.kr/brd/m_386/view.do?seq=33109
2020,체외진단,생산,대구,8,2.29,111,0.76,1615750,0.05,천원,2021년도,https://www.mfds.go.kr/brd/m_386/view.do?seq=33109
2020,체외진단,생산,인천,8,2.29,202,1.39,24289561,0.72,천원,2021년도,https://www.mfds.go.kr/brd/m_386/view.do?seq=33109
2020,체외진단,생산,광주,2,0.57,12,0.08,183133,0.01,천원,2021년도,https://www.mfds.go.kr/brd/m_386/view.do?seq=33109
2020,체외진단,생산,대전,24,6.88,788,5.41,181514988,5.41,천원,2021년도,https://www.mfds.go.kr/brd/m_386/view.do?seq=33109
2020,체외진단,생산,울산,1,0.29,13,0.09,33595,0.00,천원,2021년도,https://www.mfds.go.kr/brd/m_386/view.do?seq=33109
2020,체외진단,생산,세종,2,0.57,32,0.22,1070750,0.03,천원,2021년도,https://www.mfds.go.kr/brd/m_386/view.do?seq=33109
2020,체외진단,생산,경기북부,15,4.30,234,1.61,7687397,0.23,천원,2021년도,https://www.mfds.go.kr/brd/m_386/view.do?seq=33109
2020,체외진단,생산,경기남부,137,39.26,6422,44.07,893657233,26.64,천원,2021년도,https://www.mfds.go.kr/brd/m_386/view.do?seq=33109
2020,체외진단,생산,강원,16,4.58,1015,6.97,107580559,3.21,천원,2021년도,https://www.mfds.go.kr/brd/m_386/view.do?seq=33109
2020,체외진단,생산,충북,18,5.16,975,6.69,642961101,19.16,천원,2021년도,https://www.mfds.go.kr/brd/m_386/view.do?seq=33109
2020,체외진단,생산,충남,11,3.15,1459,10.01,31683349,0.94,천원,2021년도,https://www.mfds.go.kr/brd/m_386/view.do?seq=33109
2020,체외진단,생산,전북,4,1.15,327,2.24,33212569,0.99,천원,2021년도,https://www.mfds.go.kr/brd/m_386/view.do?seq=33109
2020,체외진단,생산,전남,5,1.43,79,0.54,7937474,0.24,천원,2021년도,https://www.mfds.go.kr/brd/m_386/view.do?seq=33109
2020,체외진단,생산,경북,6,1.72,104,0.71,3817254,0.11,천원,2021년도,https://www.mfds.go.kr/brd/m_386/view.do?seq=33109
2020,체외진단,생산,경남,2,0.57,40,0.27,8986793,0.27,천원,2021년도,https://www.mfds.go.kr/brd/m_386/view.do?seq=33109
2020,체외진단,생산,제주,1,0.29,12,0.08,161225,0.00,천원,2021년도,https://www.mfds.go.kr/brd/m_386/view.do?seq=33109
2020,체외진단,생산,합계,349,100.00,14572,100.00,3354928584,100.00,천원,2021년도,https://www.mfds.go.kr/brd/m_386/view.do?seq=33109
2020,체외진단,수출,서울,26,20.31,1691,24.98,832070468,23.32,USD,2021년도,https://www.mfds.go.kr/brd/m_386/view.do?seq=33109
2020,체외진단,수출,부산,1,0.78,4,0.06,,0.00,USD,2021년도,https://www.mfds.go.kr/brd/m_386/view.do?seq=33109
2020,체외진단,수출,대구,2,1.56,8,0.12,2048747,0.06,USD,2021년도,https://www.mfds.go.kr/brd/m_386/view.do?seq=33109
2020,체외진단,수출,인천,2,1.56,156,2.30,35489896,0.99,USD,2021년도,https://www.mfds.go.kr/brd/m_386/view.do?seq=33109
2020,체외진단,수출,광주,1,0.78,9,0.13,132776,0.00,USD,2021년도,https://www.mfds.go.kr/brd/m_386/view.do?seq=33109
2020,체외진단,수출,대전,14,10.94,413,6.10,182199714,5.11,USD,2021년도,https://www.mfds.go.kr/brd/m_386/view.do?seq=33109
2020,체외진단,수출,울산,,0.00,,,,0.00,USD,2021년도,https://www.mfds.go.kr/brd/m_386/view.do?seq=33109
2020,체외진단,수출,세종,1,0.78,21,0.31,733196,0.02,USD,2021년도,https://www.mfds.go.kr/brd/m_386/view.do?seq=33109
2020,체외진단,수출,경기북부,2,1.56,70,1.03,1377748,0.04,USD,2021년도,https://www.mfds.go.kr/brd/m_386/view.do?seq=33109
2020,체외진단,수출,경기남부,52,40.63,2266,33.47,1020324883,28.59,USD,2021년도,https://www.mfds.go.kr/brd/m_386/view.do?seq=33109
2020,체외진단,수출,강원,7,5.47,788,11.64,174640665,4.89,USD,2021년도,https://www.mfds.go.kr/brd/m_386/view.do?seq=33109
2020,체외진단,수출,충북,7,5.47,750,11.08,1254898807,35.16,USD,2021년도,https://www.mfds.go.kr/brd/m_386/view.do?seq=33109
2020,체외진단,수출,충남,3,2.34,122,1.80,32671706,0.92,USD,2021년도,https://www.mfds.go.kr/brd/m_386/view.do?seq=33109
2020,체외진단,수출,전북,2,1.56,316,4.67,14314564,0.40,USD,2021년도,https://www.mfds.go.kr/brd/m_386/view.do?seq=33109
2020,체외진단,수출,전남,1,0.78,23,0.34,10727402,0.30,USD,2021년도,https://www.mfds.go.kr/brd/m_386/view.do?seq=33109
2020,체외진단,수출,경북,4,3.13,85,1.26,2310047,0.06,USD,2021년도,https://www.mfds.go.kr/brd/m_386/view.do?seq=33109
2020,체외진단,수출,경남,2,1.56,36,0.53,4629323,0.13,USD,2021년도,https://www.mfds.go.kr/brd/m_386/view.do?seq=33109
2020,체외진단,수출,제주,1,0.78,12,0.18,87027,0.00,USD,2021년도,https://www.mfds.go.kr/brd/m_386/view.do?seq=33109
2020,체외진단,수출,합계,128,100.00,6770,100.00,3568656969,100.00,USD,2021년도,https://www.mfds.go.kr/brd/m_386/view.do?seq=33109
2020,체외진단,수입,서울,216,63.91,5812,65.11,612225971,89.66,USD,2021년도,https://www.mfds.go.kr/brd/m_386/view.do?seq=33109
2020,체외진단,수입,부산,1,0.30,8,0.09,40024,0.01,USD,2021년도,https://www.mfds.go.kr/brd/m_386/view.do?seq=33109
2020,체외진단,수입,대구,4,1.18,26,0.29,53906,0.01,USD,2021년도,https://www.mfds.go.kr/brd/m_386/view.do?seq=33109
2020,체외진단,수입,인천,3,0.89,18,0.20,452328,0.07,USD,2021년도,https://www.mfds.go.kr/brd/m_386/view.do?seq=33109
2020,체외진단,수입,광주,2,0.59,4,0.04,19000,0.00,USD,2021년도,https://www.mfds.go.kr/brd/m_386/view.do?seq=33109
2020,체외진단,수입,대전,7,2.07,79,0.88,74813,0.01,USD,2021년도,https://www.mfds.go.kr/brd/m_386/view.do?seq=33109
2020,체외진단,수입,울산,,0.00,,0.00,,0.00,USD,2021년도,https://www.mfds.go.kr/brd/m_386/view.do?seq=33109
2020,체외진단,수입,세종,1,0.30,18,0.20,,0.00,USD,2021년도,https://www.mfds.go.kr/brd/m_386/view.do?seq=33109
2020,체외진단,수입,경기북부,14,4.14,148,1.66,2144213,0.31,USD,2021년도,https://www.mfds.go.kr/brd/m_386/view.do?seq=33109
2020,체외진단,수입,경기남부,76,22.49,1295,14.51,24041270,3.52,USD,2021년도,https://www.mfds.go.kr/brd/m_386/view.do?seq=33109
2020,체외진단,수입,강원,3,0.89,311,3.48,70510,0.01,USD,2021년도,https://www.mfds.go.kr/brd/m_386/view.do?seq=33109
2020,체외진단,수입,충북,6,1.78,464,5.20,13550395,1.98,USD,2021년도,https://www.mfds.go.kr/brd/m_386/view.do?seq=33109
2020,체외진단,수입,충남,3,0.89,622,6.97,10235,0.00,USD,2021년도,https://www.mfds.go.kr/brd/m_386/view.do?seq=33109
2020,체외진단,수입,전북,,0.00,,0.00,,0.00,USD,2021년도,https://www.mfds.go.kr/brd/m_386/view.do?seq=33109
2020,체외진단,수입,전남,,0.00,,0.00,,0.00,USD,2021년도,https://www.mfds.go.kr/brd/m_386/view.do?seq=33109
2020,체외진단,수입,경북,1,0.30,117,1.31,30118741,4.41,USD,2021년도,https://www.mfds.go.kr/brd/m_386/view.do?seq=33109
2020,체외진단,수입,경남,1,0.30,5,0.06,,0.00,USD,2021년도,https://www.mfds.go.kr/brd/m_386/view.do?seq=33109
2020,체외진단,수입,제주,,0.00,,0.00,,0.00,USD,2021년도,https://www.mfds.go.kr/brd/m_386/view.do?seq=33109
2020,체외진단,수입,합계,338,100.00,8927,100.00,682801406,100.00,USD,2021년도,https://www.mfds.go.kr/brd/m_386/view.do?seq=33109
2021,전체,생산,서울,921,22.55,14627,17.23,1991117004,15.46,천원,2022년도,https://www.mfds.go.kr/brd/m_386/view.do?seq=33112
2021,전체,생산,부산,157,3.84,2755,3.24,1844372208,14.32,천원,2022년도,https://www.mfds.go.kr/brd/m_386/view.do?seq=33112
2021,전체,생산,대구,190,4.65,3312,3.90,422569166,3.28,천원,2022년도,https://www.mfds.go.kr/brd/m_386/view.do?seq=33112
2021,전체,생산,인천,180,4.41,1895,2.23,121168680,0.94,천원,2022년도,https://www.mfds.go.kr/brd/m_386/view.do?seq=33112
2021,전체,생산,광주,89,2.18,1332,1.57,112108356,0.87,천원,2022년도,https://www.mfds.go.kr/brd/m_386/view.do?seq=33112
2021,전체,생산,대전,147,3.60,3687,4.34,373243117,2.90,천원,2022년도,https://www.mfds.go.kr/brd/m_386/view.do?seq=33112
2021,전체,생산,울산,16,0.39,137,0.16,9360466,0.07,천원,2022년도,https://www.mfds.go.kr/brd/m_386/view.do?seq=33112
2021,전체,생산,세종,19,0.47,745,0.88,59769920,0.46,천원,2022년도,https://www.mfds.go.kr/brd/m_386/view.do?seq=33112
2021,전체,생산,경기북부,295,7.22,3921,4.62,365128777,2.83,천원,2022년도,https://www.mfds.go.kr/brd/m_386/view.do?seq=33112
2021,전체,생산,경기남부,1371,33.56,31096,36.62,3899107792,30.27,천원,2022년도,https://www.mfds.go.kr/brd/m_386/view.do?seq=33112
2021,전체,생산,강원,174,4.26,6448,7.59,765467716,5.94,천원,2022년도,https://www.mfds.go.kr/brd/m_386/view.do?seq=33112
2021,전체,생산,충북,153,3.75,5781,6.81,1890416831,14.67,천원,2022년도,https://www.mfds.go.kr/brd/m_386/view.do?seq=33112
2021,전체,생산,충남,114,2.79,3939,4.64,455654428,3.54,천원,2022년도,https://www.mfds.go.kr/brd/m_386/view.do?seq=33112
2021,전체,생산,전북,53,1.30,1183,1.39,115633894,0.90,천원,2022년도,https://www.mfds.go.kr/brd/m_386/view.do?seq=33112
2021,전체,생산,전남,30,0.73,414,0.49,43872160,0.34,천원,2022년도,https://www.mfds.go.kr/brd/m_386/view.do?seq=33112
2021,전체,생산,경북,80,1.96,2136,2.52,308296039,2.39,천원,2022년도,https://www.mfds.go.kr/brd/m_386/view.do?seq=33112
2021,전체,생산,경남,88,2.15,1334,1.57,101120810,0.78,천원,2022년도,https://www.mfds.go.kr/brd/m_386/view.do?seq=33112
2021,전체,생산,제주,8,0.20,173,0.20,4698466,0.04,천원,2022년도,https://www.mfds.go.kr/brd/m_386/view.do?seq=33112
2021,전체,생산,합계,4085,100.00,84915,100.00,12883105830,100.00,천원,2022년도,https://www.mfds.go.kr/brd/m_386/view.do?seq=33112
2021,전체,수출,서울,209,19.17,5919,14.00,1262714694,14.63,USD,2022년도,https://www.mfds.go.kr/brd/m_386/view.do?seq=33112
2021,전체,수출,부산,32,2.94,1447,3.42,273203829,3.17,USD,2022년도,https://www.mfds.go.kr/brd/m_386/view.do?seq=33112
2021,전체,수출,대구,56,5.14,2156,5.10,237714779,2.75,USD,2022년도,https://www.mfds.go.kr/brd/m_386/view.do?seq=33112
2021,전체,수출,인천,31,2.84,710,1.68,41937595,0.49,USD,2022년도,https://www.mfds.go.kr/brd/m_386/view.do?seq=33112
2021,전체,수출,광주,28,2.57,909,2.15,40513747,0.47,USD,2022년도,https://www.mfds.go.kr/brd/m_386/view.do?seq=33112
2021,전체,수출,대전,51,4.68,2204,5.21,249138830,2.89,USD,2022년도,https://www.mfds.go.kr/brd/m_386/view.do?seq=33112
2021,전체,수출,울산,3,0.28,48,0.11,4716495,0.05,USD,2022년도,https://www.mfds.go.kr/brd/m_386/view.do?seq=33112
2021,전체,수출,세종,3,0.28,59,0.14,1823397,0.02,USD,2022년도,https://www.mfds.go.kr/brd/m_386/view.do?seq=33112
2021,전체,수출,경기북부,57,5.23,1853,4.38,161215231,1.87,USD,2022년도,https://www.mfds.go.kr/brd/m_386/view.do?seq=33112
2021,전체,수출,경기남부,400,36.70,13582,32.14,2668717730,30.93,USD,2022년도,https://www.mfds.go.kr/brd/m_386/view.do?seq=33112
2021,전체,수출,강원,68,6.24,4204,9.95,654772181,7.59,USD,2022년도,https://www.mfds.go.kr/brd/m_386/view.do?seq=33112
2021,전체,수출,충북,46,4.22,3434,8.13,2467659458,28.60,USD,2022년도,https://www.mfds.go.kr/brd/m_386/view.do?seq=33112
2021,전체,수출,충남,42,3.85,2924,6.92,215697111,2.50,USD,2022년도,https://www.mfds.go.kr/brd/m_386/view.do?seq=33112
2021,전체,수출,전북,12,1.10,854,2.02,62323713,0.72,USD,2022년도,https://www.mfds.go.kr/brd/m_386/view.do?seq=33112
2021,전체,수출,전남,9,0.83,195,0.46,11689428,0.14,USD,2022년도,https://www.mfds.go.kr/brd/m_386/view.do?seq=33112
2021,전체,수출,경북,22,2.02,1421,3.36,231509397,2.68,USD,2022년도,https://www.mfds.go.kr/brd/m_386/view.do?seq=33112
2021,전체,수출,경남,21,1.93,345,0.82,43165866,0.50,USD,2022년도,https://www.mfds.go.kr/brd/m_386/view.do?seq=33112
2021,전체,수출,제주,0,0.00,,0.00,,0.00,USD,2022년도,https://www.mfds.go.kr/brd/m_386/view.do?seq=33112
2021,전체,수출,합계,1090,100.00,42264,100.00,8628513481,100.00,USD,2022년도,https://www.mfds.go.kr/brd/m_386/view.do?seq=33112
2021,전체,수입,서울,1517,52.02,27310,53.38,4416074678,82.50,USD,2022년도,https://www.mfds.go.kr/brd/m_386/view.do?seq=33112
2021,전체,수입,부산,85,2.91,806,1.58,25258652,0.47,USD,2022년도,https://www.mfds.go.kr/brd/m_386/view.do?seq=33112
2021,전체,수입,대구,68,2.33,914,1.79,12333229,0.23,USD,2022년도,https://www.mfds.go.kr/brd/m_386/view.do?seq=33112
2021,전체,수입,인천,80,2.74,663,1.30,14672423,0.27,USD,2022년도,https://www.mfds.go.kr/brd/m_386/view.do?seq=33112
2021,전체,수입,광주,29,0.99,220,0.43,3849928,0.07,USD,2022년도,https://www.mfds.go.kr/brd/m_386/view.do?seq=33112
2021,전체,수입,대전,62,2.13,917,1.79,9797776,0.18,USD,2022년도,https://www.mfds.go.kr/brd/m_386/view.do?seq=33112
2021,전체,수입,울산,4,0.14,6,0.01,1740414,0.03,USD,2022년도,https://www.mfds.go.kr/brd/m_386/view.do?seq=33112
2021,전체,수입,세종,5,0.17,98,0.19,13288588,0.25,USD,2022년도,https://www.mfds.go.kr/brd/m_386/view.do?seq=33112
2021,전체,수입,경기북부,220,7.54,2656,5.19,61928717,1.16,USD,2022년도,https://www.mfds.go.kr/brd/m_386/view.do?seq=33112
2021,전체,수입,경기남부,660,22.63,8792,17.19,537620645,10.04,USD,2022년도,https://www.mfds.go.kr/brd/m_386/view.do?seq=33112
2021,전체,수입,강원,50,1.71,2632,5.14,6092319,0.11,USD,2022년도,https://www.mfds.go.kr/brd/m_386/view.do?seq=33112
2021,전체,수입,충북,43,1.47,4114,8.04,175057815,3.27,USD,2022년도,https://www.mfds.go.kr/brd/m_386/view.do?seq=33112
2021,전체,수입,충남,28,0.96,1082,2.11,17081607,0.32,USD,2022년도,https://www.mfds.go.kr/brd/m_386/view.do?seq=33112
2021,전체,수입,전북,14,0.48,206,0.40,9586348,0.18,USD,2022년도,https://www.mfds.go.kr/brd/m_386/view.do?seq=33112
2021,전체,수입,전남,2,0.07,2,0.00,,0.00,USD,2022년도,https://www.mfds.go.kr/brd/m_386/view.do?seq=33112
2021,전체,수입,경북,25,0.86,433,0.85,30893170,0.58,USD,2022년도,https://www.mfds.go.kr/brd/m_386/view.do?seq=33112
2021,전체,수입,경남,24,0.82,308,0.60,17377331,0.32,USD,2022년도,https://www.mfds.go.kr/brd/m_386/view.do?seq=33112
2021,전체,수입,제주,,0.00,,0.00,,0.00,USD,2022년도,https://www.mfds.go.kr/brd/m_386/view.do?seq=33112
2021,전체,수입,합계,2916,100.00,51159,100.00,5352653640,100.00,USD,2022년도,https://www.mfds.go.kr/brd/m_386/view.do?seq=33112
2021,체외진단,생산,서울,103,25.06,3208,20.85,1203037390,27.66,천원,2022년도,https://www.mfds.go.kr/brd/m_386/view.do?seq=33112
2021,체외진단,생산,부산,5,1.22,29,0.19,812784,0.02,천원,2022년도,https://www.mfds.go.kr/brd/m_386/view.do?seq=33112
2021,체외진단,생산,대구,9,2.19,127,0.83,1690480,0.04,천원,2022년도,https://www.mfds.go.kr/brd/m_386/view.do?seq=33112
2021,체외진단,생산,인천,9,2.19,215,1.40,14698811,0.34,천원,2022년도,https://www.mfds.go.kr/brd/m_386/view.do?seq=33112
2021,체외진단,생산,광주,2,0.49,15,0.10,176087,0.00,천원,2022년도,https://www.mfds.go.kr/brd/m_386/view.do?seq=33112
2021,체외진단,생산,대전,28,6.81,927,6.02,97582558,2.24,천원,2022년도,https://www.mfds.go.kr/brd/m_386/view.do?seq=33112
2021,체외진단,생산,울산,,0.00,,0.00,,0.00,천원,2022년도,https://www.mfds.go.kr/brd/m_386/view.do?seq=33112
2021,체외진단,생산,세종,3,0.73,59,0.38,1008676,0.02,천원,2022년도,https://www.mfds.go.kr/brd/m_386/view.do?seq=33112
2021,체외진단,생산,경기북부,15,3.65,229,1.49,7804681,0.18,천원,2022년도,https://www.mfds.go.kr/brd/m_386/view.do?seq=33112
2021,체외진단,생산,경기남부,166,40.39,7138,46.39,1274931749,29.31,천원,2022년도,https://www.mfds.go.kr/brd/m_386/view.do?seq=33112
2021,체외진단,생산,강원,18,4.38,1292,8.40,113947509,2.62,천원,2022년도,https://www.mfds.go.kr/brd/m_386/view.do?seq=33112
2021,체외진단,생산,충북,21,5.11,1179,7.66,1522256975,34.99,천원,2022년도,https://www.mfds.go.kr/brd/m_386/view.do?seq=33112
2021,체외진단,생산,충남,12,2.92,388,2.52,44446492,1.02,천원,2022년도,https://www.mfds.go.kr/brd/m_386/view.do?seq=33112
2021,체외진단,생산,전북,4,0.97,295,1.92,40958448,0.94,천원,2022년도,https://www.mfds.go.kr/brd/m_386/view.do?seq=33112
2021,체외진단,생산,전남,5,1.22,85,0.55,10165342,0.23,천원,2022년도,https://www.mfds.go.kr/brd/m_386/view.do?seq=33112
2021,체외진단,생산,경북,7,1.70,139,0.90,4532414,0.10,천원,2022년도,https://www.mfds.go.kr/brd/m_386/view.do?seq=33112
2021,체외진단,생산,경남,3,0.73,56,0.36,11246684,0.26,천원,2022년도,https://www.mfds.go.kr/brd/m_386/view.do?seq=33112
2021,체외진단,생산,제주,1,0.24,5,0.03,847511,0.02,천원,2022년도,https://www.mfds.go.kr/brd/m_386/view.do?seq=33112
2021,체외진단,생산,합계,411,100.00,15386,100.00,4350144591,100.00,천원,2022년도,https://www.mfds.go.kr/brd/m_386/view.do?seq=33112
2021,체외진단,수출,서울,29,21.17,1840,24.96,835724674,17.97,USD,2022년도,https://www.mfds.go.kr/brd/m_386/view.do?seq=33112
2021,체외진단,수출,부산,,0.00,,,,0.00,USD,2022년도,https://www.mfds.go.kr/brd/m_386/view.do?seq=33112
2021,체외진단,수출,대구,3,2.19,24,0.33,1105845,0.02,USD,2022년도,https://www.mfds.go.kr/brd/m_386/view.do?seq=33112
2021,체외진단,수출,인천,2,1.46,154,2.09,14659102,0.32,USD,2022년도,https://www.mfds.go.kr/brd/m_386/view.do?seq=33112
2021,체외진단,수출,광주,1,0.73,8,0.11,146821,0.00,USD,2022년도,https://www.mfds.go.kr/brd/m_386/view.do?seq=33112
2021,체외진단,수출,대전,14,10.22,444,6.02,130709905,2.81,USD,2022년도,https://www.mfds.go.kr/brd/m_386/view.do?seq=33112
2021,체외진단,수출,울산,,0.00,,,,0.00,USD,2022년도,https://www.mfds.go.kr/brd/m_386/view.do?seq=33112
2021,체외진단,수출,세종,1,0.73,14,0.19,811420,0.02,USD,2022년도,https://www.mfds.go.kr/brd/m_386/view.do?seq=33112
2021,체외진단,수출,경기북부,3,2.19,82,1.11,961112,0.02,USD,2022년도,https://www.mfds.go.kr/brd/m_386/view.do?seq=33112
2021,체외진단,수출,경기남부,55,40.15,2352,31.90,1041674345,22.40,USD,2022년도,https://www.mfds.go.kr/brd/m_386/view.do?seq=33112
2021,체외진단,수출,강원,9,6.57,976,13.24,219060581,4.71,USD,2022년도,https://www.mfds.go.kr/brd/m_386/view.do?seq=33112
2021,체외진단,수출,충북,8,5.84,915,12.41,2334496225,50.21,USD,2022년도,https://www.mfds.go.kr/brd/m_386/view.do?seq=33112
2021,체외진단,수출,충남,3,2.19,137,1.86,53489119,1.15,USD,2022년도,https://www.mfds.go.kr/brd/m_386/view.do?seq=33112
2021,체외진단,수출,전북,2,1.46,283,3.84,7324168,0.16,USD,2022년도,https://www.mfds.go.kr/brd/m_386/view.do?seq=33112
2021,체외진단,수출,전남,1,0.73,19,0.26,920724,0.02,USD,2022년도,https://www.mfds.go.kr/brd/m_386/view.do?seq=33112
2021,체외진단,수출,경북,4,2.92,87,1.18,3382341,0.07,USD,2022년도,https://www.mfds.go.kr/brd/m_386/view.do?seq=33112
2021,체외진단,수출,경남,2,1.46,38,0.52,4969265,0.11,USD,2022년도,https://www.mfds.go.kr/brd/m_386/view.do?seq=33112
2021,체외진단,수출,제주,,0.00,,,,0.00,USD,2022년도,https://www.mfds.go.kr/brd/m_386/view.do?seq=33112
2021,체외진단,수출,합계,137,100.00,7373,100.00,4649435647,100.00,USD,2022년도,https://www.mfds.go.kr/brd/m_386/view.do?seq=33112
2021,체외진단,수입,서울,214,61.67,6178,63.48,740387920,92.45,USD,2022년도,https://www.mfds.go.kr/brd/m_386/view.do?seq=33112
2021,체외진단,수입,부산,1,0.29,6,0.06,33636,0.00,USD,2022년도,https://www.mfds.go.kr/brd/m_386/view.do?seq=33112
2021,체외진단,수입,대구,3,0.86,39,0.40,74265,0.01,USD,2022년도,https://www.mfds.go.kr/brd/m_386/view.do?seq=33112
2021,체외진단,수입,인천,4,1.15,23,0.24,546835,0.07,USD,2022년도,https://www.mfds.go.kr/brd/m_386/view.do?seq=33112
2021,체외진단,수입,광주,2,0.58,4,0.04,32864,0.00,USD,2022년도,https://www.mfds.go.kr/brd/m_386/view.do?seq=33112
2021,체외진단,수입,대전,9,2.59,218,2.24,130267,0.02,USD,2022년도,https://www.mfds.go.kr/brd/m_386/view.do?seq=33112
2021,체외진단,수입,울산,,0.00,,0.00,,0.00,USD,2022년도,https://www.mfds.go.kr/brd/m_386/view.do?seq=33112
2021,체외진단,수입,세종,1,0.29,30,0.31,,0.00,USD,2022년도,https://www.mfds.go.kr/brd/m_386/view.do?seq=33112
2021,체외진단,수입,경기북부,14,4.03,145,1.49,2471899,0.31,USD,2022년도,https://www.mfds.go.kr/brd/m_386/view.do?seq=33112
2021,체외진단,수입,경기남부,87,25.07,1534,15.76,50310389,6.28,USD,2022년도,https://www.mfds.go.kr/brd/m_386/view.do?seq=33112
2021,체외진단,수입,강원,3,0.86,340,3.49,,0.00,USD,2022년도,https://www.mfds.go.kr/brd/m_386/view.do?seq=33112
2021,체외진단,수입,충북,6,1.73,630,6.47,6891420,0.86,USD,2022년도,https://www.mfds.go.kr/brd/m_386/view.do?seq=33112
2021,체외진단,수입,충남,2,0.58,578,5.94,13728,0.00,USD,2022년도,https://www.mfds.go.kr/brd/m_386/view.do?seq=33112
2021,체외진단,수입,전북,,0.00,,0.00,,0.00,USD,2022년도,https://www.mfds.go.kr/brd/m_386/view.do?seq=33112
2021,체외진단,수입,전남,,0.00,,0.00,,0.00,USD,2022년도,https://www.mfds.go.kr/brd/m_386/view.do?seq=33112
2021,체외진단,수입,경북,,0.00,,0.00,,0.00,USD,2022년도,https://www.mfds.go.kr/brd/m_386/view.do?seq=33112
2021,체외진단,수입,경남,1,0.29,7,0.07,,0.00,USD,2022년도,https://www.mfds.go.kr/brd/m_386/view.do?seq=33112
2021,체외진단,수입,제주,,0.00,,0.00,,0.00,USD,2022년도,https://www.mfds.go.kr/brd/m_386/view.do?seq=33112
2021,체외진단,수입,합계,347,100.00,9732,100.00,800893223,100.00,USD,2022년도,https://www.mfds.go.kr/brd/m_386/view.do?seq=33112
2022,전체,생산,서울,923,22.10,15121,16.93,1811735918,11.51,천원,2023년도,https://www.mfds.go.kr/brd/m_386/view.do?seq=33114
2022,전체,생산,부산,160,3.83,2877,3.22,2241634544,14.24,천원,2023년도,https://www.mfds.go.kr/brd/m_386/view.do?seq=33114
2022,전체,생산,대구,186,4.45,3727,4.17,530382723,3.37,천원,2023년도,https://www.mfds.go.kr/brd/m_386/view.do?seq=33114
2022,전체,생산,인천,183,4.38,2220,2.49,139671029,0.89,천원,2023년도,https://www.mfds.go.kr/brd/m_386/view.do?seq=33114
2022,전체,생산,광주,89,2.13,1354,1.52,137648470,0.87,천원,2023년도,https://www.mfds.go.kr/brd/m_386/view.do?seq=33114
2022,전체,생산,대전,160,3.83,3882,4.35,336775656,2.14,천원,2023년도,https://www.mfds.go.kr/brd/m_386/view.do?seq=33114
2022,전체,생산,울산,18,0.43,186,0.21,10094167,0.06,천원,2023년도,https://www.mfds.go.kr/brd/m_386/view.do?seq=33114
2022,전체,생산,세종,22,0.53,849,0.95,139497639,0.89,천원,2023년도,https://www.mfds.go.kr/brd/m_386/view.do?seq=33114
2022,전체,생산,경기북부,308,7.38,4159,4.66,391339695,2.49,천원,2023년도,https://www.mfds.go.kr/brd/m_386/view.do?seq=33114
2022,전체,생산,경기남부,1406,33.67,32410,36.28,4540783149,28.85,천원,2023년도,https://www.mfds.go.kr/brd/m_386/view.do?seq=33114
2022,전체,생산,강원,180,4.31,7138,7.99,977909661,6.21,천원,2023년도,https://www.mfds.go.kr/brd/m_386/view.do?seq=33114
2022,전체,생산,충북,155,3.71,6659,7.45,3434497699,21.82,천원,2023년도,https://www.mfds.go.kr/brd/m_386/view.do?seq=33114
2022,전체,생산,충남,117,2.80,3764,4.21,502313809,3.19,천원,2023년도,https://www.mfds.go.kr/brd/m_386/view.do?seq=33114
2022,전체,생산,전북,51,1.22,880,0.99,79295893,0.50,천원,2023년도,https://www.mfds.go.kr/brd/m_386/view.do?seq=33114
2022,전체,생산,전남,31,0.74,458,0.51,42238109,0.27,천원,2023년도,https://www.mfds.go.kr/brd/m_386/view.do?seq=33114
2022,전체,생산,경북,88,2.11,2103,2.35,323878486,2.06,천원,2023년도,https://www.mfds.go.kr/brd/m_386/view.do?seq=33114
2022,전체,생산,경남,91,2.18,1366,1.53,86596798,0.55,천원,2023년도,https://www.mfds.go.kr/brd/m_386/view.do?seq=33114
2022,전체,생산,제주,8,0.19,180,0.20,11148746,0.07,천원,2023년도,https://www.mfds.go.kr/brd/m_386/view.do?seq=33114
2022,전체,생산,합계,4176,100.00,89333,100.00,15737442191,100.00,천원,2023년도,https://www.mfds.go.kr/brd/m_386/view.do?seq=33114
2022,전체,수출,서울,211,19.15,6661,13.88,903117606,11.47,USD,2023년도,https://www.mfds.go.kr/brd/m_386/view.do?seq=33114
2022,전체,수출,부산,32,2.90,1535,3.20,338578073,4.30,USD,2023년도,https://www.mfds.go.kr/brd/m_386/view.do?seq=33114
2022,전체,수출,대구,50,4.54,2580,5.38,226367969,2.87,USD,2023년도,https://www.mfds.go.kr/brd/m_386/view.do?seq=33114
2022,전체,수출,인천,37,3.36,917,1.91,37620626,0.48,USD,2023년도,https://www.mfds.go.kr/brd/m_386/view.do?seq=33114
2022,전체,수출,광주,31,2.81,944,1.97,48446264,0.62,USD,2023년도,https://www.mfds.go.kr/brd/m_386/view.do?seq=33114
2022,전체,수출,대전,50,4.54,2339,4.87,147499338,1.87,USD,2023년도,https://www.mfds.go.kr/brd/m_386/view.do?seq=33114
2022,전체,수출,울산,3,0.27,69,0.14,2322450,0.03,USD,2023년도,https://www.mfds.go.kr/brd/m_386/view.do?seq=33114
2022,전체,수출,세종,3,0.27,105,0.22,35389389,0.45,USD,2023년도,https://www.mfds.go.kr/brd/m_386/view.do?seq=33114
2022,전체,수출,경기북부,59,5.35,1897,3.95,182156505,2.31,USD,2023년도,https://www.mfds.go.kr/brd/m_386/view.do?seq=33114
2022,전체,수출,경기남부,403,36.57,16506,34.40,2526259265,32.08,USD,2023년도,https://www.mfds.go.kr/brd/m_386/view.do?seq=33114
2022,전체,수출,강원,67,6.08,4548,9.48,786878991,9.99,USD,2023년도,https://www.mfds.go.kr/brd/m_386/view.do?seq=33114
2022,전체,수출,충북,44,3.99,4184,8.72,2055290586,26.10,USD,2023년도,https://www.mfds.go.kr/brd/m_386/view.do?seq=33114
2022,전체,수출,충남,42,3.81,3009,6.27,260355238,3.31,USD,2023년도,https://www.mfds.go.kr/brd/m_386/view.do?seq=33114
2022,전체,수출,전북,13,1.18,612,1.28,48738993,0.62,USD,2023년도,https://www.mfds.go.kr/brd/m_386/view.do?seq=33114
2022,전체,수출,전남,10,0.91,210,0.44,13239968,0.17,USD,2023년도,https://www.mfds.go.kr/brd/m_386/view.do?seq=33114
2022,전체,수출,경북,22,2.00,1376,2.87,224314420,2.85,USD,2023년도,https://www.mfds.go.kr/brd/m_386/view.do?seq=33114
2022,전체,수출,경남,24,2.18,336,0.70,38741954,0.49,USD,2023년도,https://www.mfds.go.kr/brd/m_386/view.do?seq=33114
2022,전체,수출,제주,1,0.09,159,0.33,8695,0.00,USD,2023년도,https://www.mfds.go.kr/brd/m_386/view.do?seq=33114
2022,전체,수출,합계,1102,100.00,47987,100.00,7875326330,100.00,USD,2023년도,https://www.mfds.go.kr/brd/m_386/view.do?seq=33114
2022,전체,수입,서울,1521,50.51,28278,50.06,4245351838,86.85,USD,2023년도,https://www.mfds.go.kr/brd/m_386/view.do?seq=33114
2022,전체,수입,부산,91,3.02,832,1.47,23285409,0.48,USD,2023년도,https://www.mfds.go.kr/brd/m_386/view.do?seq=33114
2022,전체,수입,대구,77,2.56,1132,2.00,10349885,0.21,USD,2023년도,https://www.mfds.go.kr/brd/m_386/view.do?seq=33114
2022,전체,수입,인천,90,2.99,675,1.19,14334668,0.29,USD,2023년도,https://www.mfds.go.kr/brd/m_386/view.do?seq=33114
2022,전체,수입,광주,30,1.00,192,0.34,4304513,0.09,USD,2023년도,https://www.mfds.go.kr/brd/m_386/view.do?seq=33114
2022,전체,수입,대전,72,2.39,1112,1.97,12324715,0.25,USD,2023년도,https://www.mfds.go.kr/brd/m_386/view.do?seq=33114
2022,전체,수입,울산,5,0.17,43,0.08,7679631,0.16,USD,2023년도,https://www.mfds.go.kr/brd/m_386/view.do?seq=33114
2022,전체,수입,세종,8,0.27,125,0.22,484127,0.01,USD,2023년도,https://www.mfds.go.kr/brd/m_386/view.do?seq=33114
2022,전체,수입,경기북부,225,7.47,2680,4.74,57787873,1.18,USD,2023년도,https://www.mfds.go.kr/brd/m_386/view.do?seq=33114
2022,전체,수입,경기남부,691,22.95,11400,20.18,276114012,5.65,USD,2023년도,https://www.mfds.go.kr/brd/m_386/view.do?seq=33114
2022,전체,수입,강원,50,1.66,2595,4.59,8163502,0.17,USD,2023년도,https://www.mfds.go.kr/brd/m_386/view.do?seq=33114
2022,전체,수입,충북,45,1.49,5077,8.99,148336901,3.03,USD,2023년도,https://www.mfds.go.kr/brd/m_386/view.do?seq=33114
2022,전체,수입,충남,32,1.06,1282,2.27,20989486,0.43,USD,2023년도,https://www.mfds.go.kr/brd/m_386/view.do?seq=33114
2022,전체,수입,전북,14,0.46,188,0.33,9155123,0.19,USD,2023년도,https://www.mfds.go.kr/brd/m_386/view.do?seq=33114
2022,전체,수입,전남,3,0.10,88,0.16,13600,0.00,USD,2023년도,https://www.mfds.go.kr/brd/m_386/view.do?seq=33114
2022,전체,수입,경북,25,0.83,462,0.82,33023533,0.68,USD,2023년도,https://www.mfds.go.kr/brd/m_386/view.do?seq=33114
2022,전체,수입,경남,32,1.06,332,0.59,16458127,0.34,USD,2023년도,https://www.mfds.go.kr/brd/m_386/view.do?seq=33114
2022,전체,수입,제주,,0.00,,0.00,,0.00,USD,2023년도,https://www.mfds.go.kr/brd/m_386/view.do?seq=33114
2022,전체,수입,합계,3011,100.00,56493,100.00,4888156943,100.00,USD,2023년도,https://www.mfds.go.kr/brd/m_386/view.do?seq=33114
2022,체외진단,생산,서울,105,23.76,3170,19.88,933876792,15.46,천원,2023년도,https://www.mfds.go.kr/brd/m_386/view.do?seq=33114
2022,체외진단,생산,부산,5,1.13,32,0.20,667248,0.01,천원,2023년도,https://www.mfds.go.kr/brd/m_386/view.do?seq=33114
2022,체외진단,생산,대구,8,1.81,116,0.73,50008,0.00,천원,2023년도,https://www.mfds.go.kr/brd/m_386/view.do?seq=33114
2022,체외진단,생산,인천,13,2.94,477,2.99,14332668,0.24,천원,2023년도,https://www.mfds.go.kr/brd/m_386/view.do?seq=33114
2022,체외진단,생산,광주,3,0.68,21,0.13,123735,0.00,천원,2023년도,https://www.mfds.go.kr/brd/m_386/view.do?seq=33114
2022,체외진단,생산,대전,29,6.56,949,5.95,53884454,0.89,천원,2023년도,https://www.mfds.go.kr/brd/m_386/view.do?seq=33114
2022,체외진단,생산,울산,2,0.45,20,0.13,185000,0.00,천원,2023년도,https://www.mfds.go.kr/brd/m_386/view.do?seq=33114
2022,체외진단,생산,세종,3,0.68,47,0.29,318535,0.01,천원,2023년도,https://www.mfds.go.kr/brd/m_386/view.do?seq=33114
2022,체외진단,생산,경기북부,18,4.07,241,1.51,16363245,0.27,천원,2023년도,https://www.mfds.go.kr/brd/m_386/view.do?seq=33114
2022,체외진단,생산,경기남부,179,40.50,7311,45.86,1778000097,29.43,천원,2023년도,https://www.mfds.go.kr/brd/m_386/view.do?seq=33114
2022,체외진단,생산,강원,21,4.75,1442,9.05,143279104,2.37,천원,2023년도,https://www.mfds.go.kr/brd/m_386/view.do?seq=33114
2022,체외진단,생산,충북,23,5.20,1405,8.81,2974770156,49.23,천원,2023년도,https://www.mfds.go.kr/brd/m_386/view.do?seq=33114
2022,체외진단,생산,충남,11,2.49,298,1.87,70707848,1.17,천원,2023년도,https://www.mfds.go.kr/brd/m_386/view.do?seq=33114
2022,체외진단,생산,전북,4,0.90,110,0.69,34762458,0.58,천원,2023년도,https://www.mfds.go.kr/brd/m_386/view.do?seq=33114
2022,체외진단,생산,전남,6,1.36,112,0.70,8258504,0.14,천원,2023년도,https://www.mfds.go.kr/brd/m_386/view.do?seq=33114
2022,체외진단,생산,경북,8,1.81,133,0.83,2239846,0.04,천원,2023년도,https://www.mfds.go.kr/brd/m_386/view.do?seq=33114
2022,체외진단,생산,경남,3,0.68,51,0.32,10028643,0.17,천원,2023년도,https://www.mfds.go.kr/brd/m_386/view.do?seq=33114
2022,체외진단,생산,제주,1,0.23,7,0.04,493758,0.01,천원,2023년도,https://www.mfds.go.kr/brd/m_386/view.do?seq=33114
2022,체외진단,생산,합계,442,100.00,15942,100.00,6042342099,100.00,천원,2023년도,https://www.mfds.go.kr/brd/m_386/view.do?seq=33114
2022,체외진단,수출,서울,27,20.77,2172,23.69,370443212,10.48,USD,2023년도,https://www.mfds.go.kr/brd/m_386/view.do?seq=33114
2022,체외진단,수출,부산,,0.00,,,,0.00,USD,2023년도,https://www.mfds.go.kr/brd/m_386/view.do?seq=33114
2022,체외진단,수출,대구,1,0.77,17,0.19,24630,0.00,USD,2023년도,https://www.mfds.go.kr/brd/m_386/view.do?seq=33114
2022,체외진단,수출,인천,4,3.08,258,2.81,9355000,0.26,USD,2023년도,https://www.mfds.go.kr/brd/m_386/view.do?seq=33114
2022,체외진단,수출,광주,1,0.77,7,0.08,101130,0.00,USD,2023년도,https://www.mfds.go.kr/brd/m_386/view.do?seq=33114
2022,체외진단,수출,대전,14,10.77,684,7.46,39902604,1.13,USD,2023년도,https://www.mfds.go.kr/brd/m_386/view.do?seq=33114
2022,체외진단,수출,울산,1,0.77,11,0.12,1200,0.00,USD,2023년도,https://www.mfds.go.kr/brd/m_386/view.do?seq=33114
2022,체외진단,수출,세종,,0.00,,,,0.00,USD,2023년도,https://www.mfds.go.kr/brd/m_386/view.do?seq=33114
2022,체외진단,수출,경기북부,3,2.31,70,0.76,1088304,0.03,USD,2023년도,https://www.mfds.go.kr/brd/m_386/view.do?seq=33114
2022,체외진단,수출,경기남부,54,41.54,3700,40.36,820967061,23.22,USD,2023년도,https://www.mfds.go.kr/brd/m_386/view.do?seq=33114
2022,체외진단,수출,강원,7,5.38,962,10.49,290561713,8.22,USD,2023년도,https://www.mfds.go.kr/brd/m_386/view.do?seq=33114
2022,체외진단,수출,충북,7,5.38,931,10.16,1884092652,53.28,USD,2023년도,https://www.mfds.go.kr/brd/m_386/view.do?seq=33114
2022,체외진단,수출,충남,3,2.31,147,1.60,92150300,2.61,USD,2023년도,https://www.mfds.go.kr/brd/m_386/view.do?seq=33114
2022,체외진단,수출,전북,2,1.54,104,1.13,16988884,0.48,USD,2023년도,https://www.mfds.go.kr/brd/m_386/view.do?seq=33114
2022,체외진단,수출,전남,1,0.77,11,0.12,3545173,0.10,USD,2023년도,https://www.mfds.go.kr/brd/m_386/view.do?seq=33114
2022,체외진단,수출,경북,3,2.31,56,0.61,2018896,0.06,USD,2023년도,https://www.mfds.go.kr/brd/m_386/view.do?seq=33114
2022,체외진단,수출,경남,2,1.54,37,0.40,4960028,0.14,USD,2023년도,https://www.mfds.go.kr/brd/m_386/view.do?seq=33114
2022,체외진단,수출,제주,,0.00,,,,0.00,USD,2023년도,https://www.mfds.go.kr/brd/m_386/view.do?seq=33114
2022,체외진단,수출,합계,130,100.00,9167,100.00,3536200787,100.00,USD,2023년도,https://www.mfds.go.kr/brd/m_386/view.do?seq=33114
2022,체외진단,수입,서울,212,59.72,6668,62.84,728993696,92.95,USD,2023년도,https://www.mfds.go.kr/brd/m_386/view.do?seq=33114
2022,체외진단,수입,부산,1,0.28,7,0.07,8444,0.00,USD,2023년도,https://www.mfds.go.kr/brd/m_386/view.do?seq=33114
2022,체외진단,수입,대구,4,1.13,22,0.21,142487,0.02,USD,2023년도,https://www.mfds.go.kr/brd/m_386/view.do?seq=33114
2022,체외진단,수입,인천,4,1.13,21,0.20,566045,0.07,USD,2023년도,https://www.mfds.go.kr/brd/m_386/view.do?seq=33114
2022,체외진단,수입,광주,1,0.28,2,0.02,,0.00,USD,2023년도,https://www.mfds.go.kr/brd/m_386/view.do?seq=33114
2022,체외진단,수입,대전,9,2.54,223,2.10,2353178,0.30,USD,2023년도,https://www.mfds.go.kr/brd/m_386/view.do?seq=33114
2022,체외진단,수입,울산,,0.00,,0.00,,0.00,USD,2023년도,https://www.mfds.go.kr/brd/m_386/view.do?seq=33114
2022,체외진단,수입,세종,1,0.28,30,0.28,,0.00,USD,2023년도,https://www.mfds.go.kr/brd/m_386/view.do?seq=33114
2022,체외진단,수입,경기북부,16,4.51,140,1.32,2434444,0.31,USD,2023년도,https://www.mfds.go.kr/brd/m_386/view.do?seq=33114
2022,체외진단,수입,경기남부,92,25.92,1755,16.54,46805847,5.97,USD,2023년도,https://www.mfds.go.kr/brd/m_386/view.do?seq=33114
2022,체외진단,수입,강원,3,0.85,337,3.18,,0.00,USD,2023년도,https://www.mfds.go.kr/brd/m_386/view.do?seq=33114
2022,체외진단,수입,충북,7,1.97,802,7.56,2996057,0.38,USD,2023년도,https://www.mfds.go.kr/brd/m_386/view.do?seq=33114
2022,체외진단,수입,충남,2,0.56,578,5.45,,0.00,USD,2023년도,https://www.mfds.go.kr/brd/m_386/view.do?seq=33114
2022,체외진단,수입,전북,1,0.28,3,0.03,,0.00,USD,2023년도,https://www.mfds.go.kr/brd/m_386/view.do?seq=33114
2022,체외진단,수입,전남,,0.00,,0.00,,0.00,USD,2023년도,https://www.mfds.go.kr/brd/m_386/view.do?seq=33114
2022,체외진단,수입,경북,,0.00,,0.00,,0.00,USD,2023년도,https://www.mfds.go.kr/brd/m_386/view.do?seq=33114
2022,체외진단,수입,경남,2,0.56,23,0.22,1,0.00,USD,2023년도,https://www.mfds.go.kr/brd/m_386/view.do?seq=33114
2022,체외진단,수입,제주,,0.00,,0.00,,0.00,USD,2023년도,https://www.mfds.go.kr/brd/m_386/view.do?seq=33114
2022,체외진단,수입,합계,355,100.00,10611,100.00,784300199,100.00,USD,2023년도,https://www.mfds.go.kr/brd/m_386/view.do?seq=33114
2023,전체,생산,서울,917,21.71,16200,18.10,1313628409,11.61,천원,2024년도,https://www.mfds.go.kr/brd/m_386/view.do?seq=33116
2023,전체,생산,부산,155,3.67,2856,3.19,2325804548,20.56,천원,2024년도,https://www.mfds.go.kr/brd/m_386/view.do?seq=33116
2023,전체,생산,대구,187,4.43,3804,4.25,602676189,5.33,천원,2024년도,https://www.mfds.go.kr/brd/m_386/view.do?seq=33116
2023,전체,생산,인천,184,4.36,2249,2.51,155420246,1.37,천원,2024년도,https://www.mfds.go.kr/brd/m_386/view.do?seq=33116
2023,전체,생산,광주,90,2.13,1449,1.62,155816662,1.38,천원,2024년도,https://www.mfds.go.kr/brd/m_386/view.do?seq=33116
2023,전체,생산,대전,157,3.72,4042,4.52,441623299,3.90,천원,2024년도,https://www.mfds.go.kr/brd/m_386/view.do?seq=33116
2023,전체,생산,울산,16,0.38,156,0.17,8543161,0.08,천원,2024년도,https://www.mfds.go.kr/brd/m_386/view.do?seq=33116
2023,전체,생산,세종,23,0.54,773,0.86,7260877,0.06,천원,2024년도,https://www.mfds.go.kr/brd/m_386/view.do?seq=33116
2023,전체,생산,경기북부,315,7.46,4166,4.66,408164047,3.61,천원,2024년도,https://www.mfds.go.kr/brd/m_386/view.do?seq=33116
2023,전체,생산,경기남부,1451,34.36,31604,35.32,3175438930,28.06,천원,2024년도,https://www.mfds.go.kr/brd/m_386/view.do?seq=33116
2023,전체,생산,강원,182,4.31,6737,7.53,1012188019,8.95,천원,2024년도,https://www.mfds.go.kr/brd/m_386/view.do?seq=33116
2023,전체,생산,충북,151,3.58,6410,7.16,803182158,7.10,천원,2024년도,https://www.mfds.go.kr/brd/m_386/view.do?seq=33116
2023,전체,생산,충남,117,2.77,3757,4.20,355934402,3.15,천원,2024년도,https://www.mfds.go.kr/brd/m_386/view.do?seq=33116
2023,전체,생산,전북,48,1.14,827,0.92,64213461,0.57,천원,2024년도,https://www.mfds.go.kr/brd/m_386/view.do?seq=33116
2023,전체,생산,전남,32,0.76,504,0.56,33310600,0.29,천원,2024년도,https://www.mfds.go.kr/brd/m_386/view.do?seq=33116
2023,전체,생산,경북,94,2.23,2457,2.75,347485687,3.07,천원,2024년도,https://www.mfds.go.kr/brd/m_386/view.do?seq=33116
2023,전체,생산,경남,97,2.30,1311,1.47,85461075,0.76,천원,2024년도,https://www.mfds.go.kr/brd/m_386/view.do?seq=33116
2023,전체,생산,제주,7,0.17,185,0.21,18599497,0.16,천원,2024년도,https://www.mfds.go.kr/brd/m_386/view.do?seq=33116
2023,전체,생산,합계,4223,100.00,89487,100.00,11314751267,100,천원,2024년도,https://www.mfds.go.kr/brd/m_386/view.do?seq=33116
2023,전체,수출,서울,203,18.69,7044,14.75,733246928,14.15,USD,2024년도,https://www.mfds.go.kr/brd/m_386/view.do?seq=33116
2023,전체,수출,부산,30,2.76,1485,3.11,355436718,6.86,USD,2024년도,https://www.mfds.go.kr/brd/m_386/view.do?seq=33116
2023,전체,수출,대구,53,4.88,2759,5.78,235688836,4.55,USD,2024년도,https://www.mfds.go.kr/brd/m_386/view.do?seq=33116
2023,전체,수출,인천,37,3.41,1049,2.20,43815913,0.85,USD,2024년도,https://www.mfds.go.kr/brd/m_386/view.do?seq=33116
2023,전체,수출,광주,28,2.58,959,2.01,48904302,0.94,USD,2024년도,https://www.mfds.go.kr/brd/m_386/view.do?seq=33116
2023,전체,수출,대전,52,4.79,2316,4.85,122335229,2.36,USD,2024년도,https://www.mfds.go.kr/brd/m_386/view.do?seq=33116
2023,전체,수출,울산,1,0.09,21,0.04,1123279,0.02,USD,2024년도,https://www.mfds.go.kr/brd/m_386/view.do?seq=33116
2023,전체,수출,세종,2,0.18,11,0.02,40160,0.00,USD,2024년도,https://www.mfds.go.kr/brd/m_386/view.do?seq=33116
2023,전체,수출,경기북부,52,4.79,1813,3.80,195147391,3.76,USD,2024년도,https://www.mfds.go.kr/brd/m_386/view.do?seq=33116
2023,전체,수출,경기남부,417,38.40,16336,34.21,1948214007,37.58,USD,2024년도,https://www.mfds.go.kr/brd/m_386/view.do?seq=33116
2023,전체,수출,강원,64,5.89,4571,9.57,694126302,13.39,USD,2024년도,https://www.mfds.go.kr/brd/m_386/view.do?seq=33116
2023,전체,수출,충북,40,3.68,3953,8.28,338186712,6.52,USD,2024년도,https://www.mfds.go.kr/brd/m_386/view.do?seq=33116
2023,전체,수출,충남,42,3.87,2905,6.08,161250222,3.11,USD,2024년도,https://www.mfds.go.kr/brd/m_386/view.do?seq=33116
2023,전체,수출,전북,12,1.10,377,0.79,34496634,0.67,USD,2024년도,https://www.mfds.go.kr/brd/m_386/view.do?seq=33116
2023,전체,수출,전남,9,0.83,227,0.48,10703728,0.21,USD,2024년도,https://www.mfds.go.kr/brd/m_386/view.do?seq=33116
2023,전체,수출,경북,21,1.93,1404,2.94,224788111,4.34,USD,2024년도,https://www.mfds.go.kr/brd/m_386/view.do?seq=33116
2023,전체,수출,경남,22,2.03,349,0.73,36269138,0.70,USD,2024년도,https://www.mfds.go.kr/brd/m_386/view.do?seq=33116
2023,전체,수출,제주,1,0.09,169,0.35,4537,0.00,USD,2024년도,https://www.mfds.go.kr/brd/m_386/view.do?seq=33116
2023,전체,수출,합계,1086,100.00,47748,100.00,5183778147,100,USD,2024년도,https://www.mfds.go.kr/brd/m_386/view.do?seq=33116
2023,전체,수입,서울,1497,50.52,27776,50.10,4204959281,88.83,USD,2024년도,https://www.mfds.go.kr/brd/m_386/view.do?seq=33116
2023,전체,수입,부산,85,2.87,793,1.43,23730091,0.50,USD,2024년도,https://www.mfds.go.kr/brd/m_386/view.do?seq=33116
2023,전체,수입,대구,66,2.23,945,1.70,7761025,0.16,USD,2024년도,https://www.mfds.go.kr/brd/m_386/view.do?seq=33116
2023,전체,수입,인천,86,2.90,703,1.27,21189232,0.45,USD,2024년도,https://www.mfds.go.kr/brd/m_386/view.do?seq=33116
2023,전체,수입,광주,28,0.94,180,0.32,5780491,0.12,USD,2024년도,https://www.mfds.go.kr/brd/m_386/view.do?seq=33116
2023,전체,수입,대전,58,1.96,1019,1.84,10014644,0.21,USD,2024년도,https://www.mfds.go.kr/brd/m_386/view.do?seq=33116
2023,전체,수입,울산,3,0.10,36,0.06,18963,0.00,USD,2024년도,https://www.mfds.go.kr/brd/m_386/view.do?seq=33116
2023,전체,수입,세종,7,0.24,50,0.09,107795,0.00,USD,2024년도,https://www.mfds.go.kr/brd/m_386/view.do?seq=33116
2023,전체,수입,경기북부,227,7.66,2542,4.59,56371830,1.19,USD,2024년도,https://www.mfds.go.kr/brd/m_386/view.do?seq=33116
2023,전체,수입,경기남부,710,23.96,11338,20.45,285703730,6.04,USD,2024년도,https://www.mfds.go.kr/brd/m_386/view.do?seq=33116
2023,전체,수입,강원,49,1.65,3050,5.50,9767881,0.21,USD,2024년도,https://www.mfds.go.kr/brd/m_386/view.do?seq=33116
2023,전체,수입,충북,42,1.42,5005,9.03,29809545,0.63,USD,2024년도,https://www.mfds.go.kr/brd/m_386/view.do?seq=33116
2023,전체,수입,충남,34,1.15,1020,1.84,22236660,0.47,USD,2024년도,https://www.mfds.go.kr/brd/m_386/view.do?seq=33116
2023,전체,수입,전북,13,0.44,381,0.69,9123191,0.19,USD,2024년도,https://www.mfds.go.kr/brd/m_386/view.do?seq=33116
2023,전체,수입,전남,3,0.10,95,0.17,22839,0.00,USD,2024년도,https://www.mfds.go.kr/brd/m_386/view.do?seq=33116
2023,전체,수입,경북,22,0.74,207,0.37,32095294,0.68,USD,2024년도,https://www.mfds.go.kr/brd/m_386/view.do?seq=33116
2023,전체,수입,경남,33,1.11,298,0.54,15009487,0.32,USD,2024년도,https://www.mfds.go.kr/brd/m_386/view.do?seq=33116
2023,전체,수입,제주,,0.00,,0.00,,0.00,USD,2024년도,https://www.mfds.go.kr/brd/m_386/view.do?seq=33116
2023,전체,수입,합계,2963,100.00,55438,100.00,4733701979,100,USD,2024년도,https://www.mfds.go.kr/brd/m_386/view.do?seq=33116
2023,체외진단,생산,서울,112,23.98,3219,22.40,339357659,28.65,천원,2024년도,https://www.mfds.go.kr/brd/m_386/view.do?seq=33116
2023,체외진단,생산,부산,5,1.07,33,0.23,904497,0.08,천원,2024년도,https://www.mfds.go.kr/brd/m_386/view.do?seq=33116
2023,체외진단,생산,대구,6,1.28,98,0.68,129990,0.01,천원,2024년도,https://www.mfds.go.kr/brd/m_386/view.do?seq=33116
2023,체외진단,생산,인천,15,3.21,404,2.81,17808879,1.50,천원,2024년도,https://www.mfds.go.kr/brd/m_386/view.do?seq=33116
2023,체외진단,생산,광주,3,0.64,24,0.17,237704,0.02,천원,2024년도,https://www.mfds.go.kr/brd/m_386/view.do?seq=33116
2023,체외진단,생산,대전,31,6.64,980,6.82,20567872,1.74,천원,2024년도,https://www.mfds.go.kr/brd/m_386/view.do?seq=33116
2023,체외진단,생산,울산,2,0.43,14,0.10,74880,0.01,천원,2024년도,https://www.mfds.go.kr/brd/m_386/view.do?seq=33116
2023,체외진단,생산,세종,3,0.64,43,0.30,164442,0.01,천원,2024년도,https://www.mfds.go.kr/brd/m_386/view.do?seq=33116
2023,체외진단,생산,경기북부,18,3.85,223,1.55,19232229,1.62,천원,2024년도,https://www.mfds.go.kr/brd/m_386/view.do?seq=33116
2023,체외진단,생산,경기남부,193,41.33,6446,44.86,352956520,29.80,천원,2024년도,https://www.mfds.go.kr/brd/m_386/view.do?seq=33116
2023,체외진단,생산,강원,21,4.50,1069,7.44,127997563,10.81,천원,2024년도,https://www.mfds.go.kr/brd/m_386/view.do?seq=33116
2023,체외진단,생산,충북,21,4.50,1091,7.59,273198066,23.07,천원,2024년도,https://www.mfds.go.kr/brd/m_386/view.do?seq=33116
2023,체외진단,생산,충남,14,3.00,319,2.22,13054345,1.10,천원,2024년도,https://www.mfds.go.kr/brd/m_386/view.do?seq=33116
2023,체외진단,생산,전북,3,0.64,94,0.65,7447924,0.63,천원,2024년도,https://www.mfds.go.kr/brd/m_386/view.do?seq=33116
2023,체외진단,생산,전남,6,1.28,121,0.84,959147,0.08,천원,2024년도,https://www.mfds.go.kr/brd/m_386/view.do?seq=33116
2023,체외진단,생산,경북,9,1.93,123,0.86,516449,0.04,천원,2024년도,https://www.mfds.go.kr/brd/m_386/view.do?seq=33116
2023,체외진단,생산,경남,4,0.86,60,0.42,9682867,0.82,천원,2024년도,https://www.mfds.go.kr/brd/m_386/view.do?seq=33116
2023,체외진단,생산,제주,1,0.21,7,0.05,22000,0.00,천원,2024년도,https://www.mfds.go.kr/brd/m_386/view.do?seq=33116
2023,체외진단,생산,합계,467,100.00,14368,100.00,1184313033,100,천원,2024년도,https://www.mfds.go.kr/brd/m_386/view.do?seq=33116
2023,체외진단,수출,서울,24,21.24,2019,26.79,162822169,18.92,USD,2024년도,https://www.mfds.go.kr/brd/m_386/view.do?seq=33116
2023,체외진단,수출,부산,,0.00,,,,0.00,USD,2024년도,https://www.mfds.go.kr/brd/m_386/view.do?seq=33116
2023,체외진단,수출,대구,1,0.88,6,0.08,12900,0.00,USD,2024년도,https://www.mfds.go.kr/brd/m_386/view.do?seq=33116
2023,체외진단,수출,인천,3,2.65,238,3.16,10963373,1.27,USD,2024년도,https://www.mfds.go.kr/brd/m_386/view.do?seq=33116
2023,체외진단,수출,광주,1,0.88,9,0.12,104250,0.01,USD,2024년도,https://www.mfds.go.kr/brd/m_386/view.do?seq=33116
2023,체외진단,수출,대전,13,11.50,444,5.89,7558671,0.88,USD,2024년도,https://www.mfds.go.kr/brd/m_386/view.do?seq=33116
2023,체외진단,수출,울산,,0.00,,,,0.00,USD,2024년도,https://www.mfds.go.kr/brd/m_386/view.do?seq=33116
2023,체외진단,수출,세종,,0.00,,,,0.00,USD,2024년도,https://www.mfds.go.kr/brd/m_386/view.do?seq=33116
2023,체외진단,수출,경기북부,3,2.65,64,0.85,2251510,0.26,USD,2024년도,https://www.mfds.go.kr/brd/m_386/view.do?seq=33116
2023,체외진단,수출,경기남부,48,42.48,2785,36.96,349657612,40.64,USD,2024년도,https://www.mfds.go.kr/brd/m_386/view.do?seq=33116
2023,체외진단,수출,강원,5,4.42,801,10.63,154193075,17.92,USD,2024년도,https://www.mfds.go.kr/brd/m_386/view.do?seq=33116
2023,체외진단,수출,충북,7,6.19,911,12.09,158274362,18.40,USD,2024년도,https://www.mfds.go.kr/brd/m_386/view.do?seq=33116
2023,체외진단,수출,충남,3,2.65,125,1.66,3203567,0.37,USD,2024년도,https://www.mfds.go.kr/brd/m_386/view.do?seq=33116
2023,체외진단,수출,전북,1,0.88,86,1.14,5094173,0.59,USD,2024년도,https://www.mfds.go.kr/brd/m_386/view.do?seq=33116
2023,체외진단,수출,전남,1,0.88,8,0.11,239200,0.03,USD,2024년도,https://www.mfds.go.kr/brd/m_386/view.do?seq=33116
2023,체외진단,수출,경북,1,0.88,3,0.04,34911,0.00,USD,2024년도,https://www.mfds.go.kr/brd/m_386/view.do?seq=33116
2023,체외진단,수출,경남,2,1.77,37,0.49,5969470,0.69,USD,2024년도,https://www.mfds.go.kr/brd/m_386/view.do?seq=33116
2023,체외진단,수출,제주,,0.00,,,,0.00,USD,2024년도,https://www.mfds.go.kr/brd/m_386/view.do?seq=33116
2023,체외진단,수출,합계,113,100.00,7536,100.00,860379243,100,USD,2024년도,https://www.mfds.go.kr/brd/m_386/view.do?seq=33116
2023,체외진단,수입,서울,209,57.10,6516,62.61,696068528,91.70,USD,2024년도,https://www.mfds.go.kr/brd/m_386/view.do?seq=33116
2023,체외진단,수입,부산,1,0.27,7,0.07,12450,0.00,USD,2024년도,https://www.mfds.go.kr/brd/m_386/view.do?seq=33116
2023,체외진단,수입,대구,4,1.09,20,0.19,243006,0.03,USD,2024년도,https://www.mfds.go.kr/brd/m_386/view.do?seq=33116
2023,체외진단,수입,인천,5,1.37,35,0.34,675403,0.09,USD,2024년도,https://www.mfds.go.kr/brd/m_386/view.do?seq=33116
2023,체외진단,수입,광주,4,1.09,7,0.07,32953,0.00,USD,2024년도,https://www.mfds.go.kr/brd/m_386/view.do?seq=33116
2023,체외진단,수입,대전,8,2.19,181,1.74,435608,0.06,USD,2024년도,https://www.mfds.go.kr/brd/m_386/view.do?seq=33116
2023,체외진단,수입,울산,,0.00,,0.00,,0.00,USD,2024년도,https://www.mfds.go.kr/brd/m_386/view.do?seq=33116
2023,체외진단,수입,세종,1,0.27,4,0.04,,0.00,USD,2024년도,https://www.mfds.go.kr/brd/m_386/view.do?seq=33116
2023,체외진단,수입,경기북부,17,4.64,144,1.38,2554010,0.34,USD,2024년도,https://www.mfds.go.kr/brd/m_386/view.do?seq=33116
2023,체외진단,수입,경기남부,103,28.14,1794,17.24,55594274,7.32,USD,2024년도,https://www.mfds.go.kr/brd/m_386/view.do?seq=33116
2023,체외진단,수입,강원,3,0.82,296,2.84,,0.00,USD,2024년도,https://www.mfds.go.kr/brd/m_386/view.do?seq=33116
2023,체외진단,수입,충북,6,1.64,803,7.72,3429765,0.45,USD,2024년도,https://www.mfds.go.kr/brd/m_386/view.do?seq=33116
2023,체외진단,수입,충남,2,0.55,579,5.56,,0.00,USD,2024년도,https://www.mfds.go.kr/brd/m_386/view.do?seq=33116
2023,체외진단,수입,전북,1,0.27,1,0.01,,0.00,USD,2024년도,https://www.mfds.go.kr/brd/m_386/view.do?seq=33116
2023,체외진단,수입,전남,,0.00,,0.00,,0.00,USD,2024년도,https://www.mfds.go.kr/brd/m_386/view.do?seq=33116
2023,체외진단,수입,경북,,0.00,,0.00,,0.00,USD,2024년도,https://www.mfds.go.kr/brd/m_386/view.do?seq=33116
2023,체외진단,수입,경남,2,0.55,20,0.19,440,0.00,USD,2024년도,https://www.mfds.go.kr/brd/m_386/view.do?seq=33116
2023,체외진단,수입,제주,,0.00,,0.00,,0.00,USD,2024년도,https://www.mfds.go.kr/brd/m_386/view.do?seq=33116
2023,체외진단,수입,합계,366,100.00,10407,100.00,759046437,100,USD,2024년도,https://www.mfds.go.kr/brd/m_386/view.do?seq=33116
2024,전체,생산,서울,960,22.09,17026,18.55,1222413976,10.70,천원,2025년도,https://www.mfds.go.kr/brd/m_386/view.do?seq=33118
2024,전체,생산,부산,159,3.66,3011,3.28,2472280562,21.64,천원,2025년도,https://www.mfds.go.kr/brd/m_386/view.do?seq=33118
2024,전체,생산,대구,184,4.23,3773,4.11,743085430,6.50,천원,2025년도,https://www.mfds.go.kr/brd/m_386/view.do?seq=33118
2024,전체,생산,인천,198,4.56,2499,2.72,222201357,1.94,천원,2025년도,https://www.mfds.go.kr/brd/m_386/view.do?seq=33118
2024,전체,생산,광주,93,2.14,1436,1.56,153383933,1.34,천원,2025년도,https://www.mfds.go.kr/brd/m_386/view.do?seq=33118
2024,전체,생산,대전,155,3.57,3813,4.15,361596873,3.16,천원,2025년도,https://www.mfds.go.kr/brd/m_386/view.do?seq=33118
2024,전체,생산,울산,14,0.32,115,0.13,9617233,0.08,천원,2025년도,https://www.mfds.go.kr/brd/m_386/view.do?seq=33118
2024,전체,생산,세종,23,0.53,833,0.91,21563897,0.19,천원,2025년도,https://www.mfds.go.kr/brd/m_386/view.do?seq=33118
2024,전체,생산,경기북부,334,7.69,4212,4.59,410532815,3.59,천원,2025년도,https://www.mfds.go.kr/brd/m_386/view.do?seq=33118
2024,전체,생산,경기남부,1484,34.15,31554,34.37,3142705605,27.50,천원,2025년도,https://www.mfds.go.kr/brd/m_386/view.do?seq=33118
2024,전체,생산,강원,188,4.33,7493,8.16,1065715824,9.33,천원,2025년도,https://www.mfds.go.kr/brd/m_386/view.do?seq=33118
2024,전체,생산,충북,156,3.59,6795,7.40,706149350,6.18,천원,2025년도,https://www.mfds.go.kr/brd/m_386/view.do?seq=33118
2024,전체,생산,충남,120,2.76,3821,4.16,351742293,3.08,천원,2025년도,https://www.mfds.go.kr/brd/m_386/view.do?seq=33118
2024,전체,생산,전북,50,1.15,826,0.90,66499074,0.58,천원,2025년도,https://www.mfds.go.kr/brd/m_386/view.do?seq=33118
2024,전체,생산,전남,35,0.81,597,0.65,32622092,0.29,천원,2025년도,https://www.mfds.go.kr/brd/m_386/view.do?seq=33118
2024,전체,생산,경북,91,2.09,2516,2.74,336062675,2.94,천원,2025년도,https://www.mfds.go.kr/brd/m_386/view.do?seq=33118
2024,전체,생산,경남,95,2.19,1294,1.41,85688645,0.75,천원,2025년도,https://www.mfds.go.kr/brd/m_386/view.do?seq=33118
2024,전체,생산,제주,7,0.16,187,0.20,22844616,0.20,천원,2025년도,https://www.mfds.go.kr/brd/m_386/view.do?seq=33118
2024,전체,생산,합계,4346,100,91801,100,11426706250,100,천원,2025년도,https://www.mfds.go.kr/brd/m_386/view.do?seq=33118
2024,전체,수출,서울,221,19.57,7478,14.18,674071887,12.83,USD,2025년도,https://www.mfds.go.kr/brd/m_386/view.do?seq=33118
2024,전체,수출,부산,32,2.83,2042,3.87,389671025,7.42,USD,2025년도,https://www.mfds.go.kr/brd/m_386/view.do?seq=33118
2024,전체,수출,대구,57,5.05,2882,5.46,285677261,5.44,USD,2025년도,https://www.mfds.go.kr/brd/m_386/view.do?seq=33118
2024,전체,수출,인천,35,3.10,1284,2.43,59077099,1.12,USD,2025년도,https://www.mfds.go.kr/brd/m_386/view.do?seq=33118
2024,전체,수출,광주,28,2.48,1028,1.95,46341651,0.88,USD,2025년도,https://www.mfds.go.kr/brd/m_386/view.do?seq=33118
2024,전체,수출,대전,54,4.78,2256,4.28,143471212,2.73,USD,2025년도,https://www.mfds.go.kr/brd/m_386/view.do?seq=33118
2024,전체,수출,울산,1,0.09,19,0.04,1874328,0.04,USD,2025년도,https://www.mfds.go.kr/brd/m_386/view.do?seq=33118
2024,전체,수출,세종,5,0.44,79,0.15,1631989,0.03,USD,2025년도,https://www.mfds.go.kr/brd/m_386/view.do?seq=33118
2024,전체,수출,경기북부,58,5.14,1944,3.69,187234281,3.56,USD,2025년도,https://www.mfds.go.kr/brd/m_386/view.do?seq=33118
2024,전체,수출,경기남부,420,37.20,17380,32.95,1909817492,36.34,USD,2025년도,https://www.mfds.go.kr/brd/m_386/view.do?seq=33118
2024,전체,수출,강원,65,5.76,5691,10.79,747204623,14.22,USD,2025년도,https://www.mfds.go.kr/brd/m_386/view.do?seq=33118
2024,전체,수출,충북,45,3.99,4687,8.89,330774338,6.29,USD,2025년도,https://www.mfds.go.kr/brd/m_386/view.do?seq=33118
2024,전체,수출,충남,43,3.81,2846,5.40,183691646,3.50,USD,2025년도,https://www.mfds.go.kr/brd/m_386/view.do?seq=33118
2024,전체,수출,전북,10,0.89,344,0.65,30426586,0.58,USD,2025년도,https://www.mfds.go.kr/brd/m_386/view.do?seq=33118
2024,전체,수출,전남,12,1.06,275,0.52,10617488,0.20,USD,2025년도,https://www.mfds.go.kr/brd/m_386/view.do?seq=33118
2024,전체,수출,경북,20,1.77,1801,3.41,223225130,4.25,USD,2025년도,https://www.mfds.go.kr/brd/m_386/view.do?seq=33118
2024,전체,수출,경남,22,1.95,531,1.01,30283853,0.58,USD,2025년도,https://www.mfds.go.kr/brd/m_386/view.do?seq=33118
2024,전체,수출,제주,1,0.09,173,0.33,20746,0.00,USD,2025년도,https://www.mfds.go.kr/brd/m_386/view.do?seq=33118
2024,전체,수출,합계,1129,100,52740,100,5255112635,100,USD,2025년도,https://www.mfds.go.kr/brd/m_386/view.do?seq=33118
2024,전체,수입,서울,1487,48.63,28967,49.15,4085944163,88.66,USD,2025년도,https://www.mfds.go.kr/brd/m_386/view.do?seq=33118
2024,전체,수입,부산,95,3.11,786,1.33,23297127,0.51,USD,2025년도,https://www.mfds.go.kr/brd/m_386/view.do?seq=33118
2024,전체,수입,대구,68,2.22,950,1.61,12091278,0.26,USD,2025년도,https://www.mfds.go.kr/brd/m_386/view.do?seq=33118
2024,전체,수입,인천,101,3.30,821,1.39,19992049,0.43,USD,2025년도,https://www.mfds.go.kr/brd/m_386/view.do?seq=33118
2024,전체,수입,광주,22,0.72,167,0.28,6671168,0.14,USD,2025년도,https://www.mfds.go.kr/brd/m_386/view.do?seq=33118
2024,전체,수입,대전,65,2.13,1038,1.76,8956730,0.19,USD,2025년도,https://www.mfds.go.kr/brd/m_386/view.do?seq=33118
2024,전체,수입,울산,5,0.16,36,0.06,20382,0.00,USD,2025년도,https://www.mfds.go.kr/brd/m_386/view.do?seq=33118
2024,전체,수입,세종,11,0.36,62,0.11,565130,0.01,USD,2025년도,https://www.mfds.go.kr/brd/m_386/view.do?seq=33118
2024,전체,수입,경기북부,240,7.85,2691,4.57,58961345,1.28,USD,2025년도,https://www.mfds.go.kr/brd/m_386/view.do?seq=33118
2024,전체,수입,경기남부,757,24.75,12107,20.54,286595586,6.22,USD,2025년도,https://www.mfds.go.kr/brd/m_386/view.do?seq=33118
2024,전체,수입,강원,52,1.70,3797,6.44,7791156,0.17,USD,2025년도,https://www.mfds.go.kr/brd/m_386/view.do?seq=33118
2024,전체,수입,충북,43,1.41,5644,9.58,27177979,0.59,USD,2025년도,https://www.mfds.go.kr/brd/m_386/view.do?seq=33118
2024,전체,수입,충남,36,1.18,942,1.60,18863164,0.41,USD,2025년도,https://www.mfds.go.kr/brd/m_386/view.do?seq=33118
2024,전체,수입,전북,12,0.39,379,0.64,9140757,0.20,USD,2025년도,https://www.mfds.go.kr/brd/m_386/view.do?seq=33118
2024,전체,수입,전남,5,0.16,98,0.17,36872,0.00,USD,2025년도,https://www.mfds.go.kr/brd/m_386/view.do?seq=33118
2024,전체,수입,경북,24,0.78,194,0.33,25906969,0.56,USD,2025년도,https://www.mfds.go.kr/brd/m_386/view.do?seq=33118
2024,전체,수입,경남,34,1.11,259,0.44,16447177,0.36,USD,2025년도,https://www.mfds.go.kr/brd/m_386/view.do?seq=33118
2024,전체,수입,제주,1,0.03,1,0.00,,0.00,USD,2025년도,https://www.mfds.go.kr/brd/m_386/view.do?seq=33118
2024,전체,수입,합계,3058,100,58939,100,4608459032,100,USD,2025년도,https://www.mfds.go.kr/brd/m_386/view.do?seq=33118
2024,체외진단,생산,서울,116,24.79,3220,22.86,300096934,30.09,천원,2025년도,https://www.mfds.go.kr/brd/m_386/view.do?seq=33118
2024,체외진단,생산,부산,6,1.28,42,0.30,1336778,0.13,천원,2025년도,https://www.mfds.go.kr/brd/m_386/view.do?seq=33118
2024,체외진단,생산,대구,5,1.07,66,0.47,277135,0.03,천원,2025년도,https://www.mfds.go.kr/brd/m_386/view.do?seq=33118
2024,체외진단,생산,인천,18,3.85,464,3.29,59494883,5.97,천원,2025년도,https://www.mfds.go.kr/brd/m_386/view.do?seq=33118
2024,체외진단,생산,광주,4,0.85,31,0.22,212908,0.02,천원,2025년도,https://www.mfds.go.kr/brd/m_386/view.do?seq=33118
2024,체외진단,생산,대전,30,6.41,776,5.51,17764127,1.78,천원,2025년도,https://www.mfds.go.kr/brd/m_386/view.do?seq=33118
2024,체외진단,생산,울산,1,0.21,8,0.06,,0.00,천원,2025년도,https://www.mfds.go.kr/brd/m_386/view.do?seq=33118
2024,체외진단,생산,세종,3,0.64,43,0.31,240094,0.02,천원,2025년도,https://www.mfds.go.kr/brd/m_386/view.do?seq=33118
2024,체외진단,생산,경기북부,19,4.06,211,1.50,14569898,1.46,천원,2025년도,https://www.mfds.go.kr/brd/m_386/view.do?seq=33118
2024,체외진단,생산,경기남부,187,39.96,6268,44.50,291079597,29.19,천원,2025년도,https://www.mfds.go.kr/brd/m_386/view.do?seq=33118
2024,체외진단,생산,강원,23,4.91,1090,7.74,89286106,8.95,천원,2025년도,https://www.mfds.go.kr/brd/m_386/view.do?seq=33118
2024,체외진단,생산,충북,23,4.91,1170,8.31,184601730,18.51,천원,2025년도,https://www.mfds.go.kr/brd/m_386/view.do?seq=33118
2024,체외진단,생산,충남,12,2.56,320,2.27,13611884,1.36,천원,2025년도,https://www.mfds.go.kr/brd/m_386/view.do?seq=33118
2024,체외진단,생산,전북,2,0.43,88,0.62,13289216,1.33,천원,2025년도,https://www.mfds.go.kr/brd/m_386/view.do?seq=33118
2024,체외진단,생산,전남,6,1.28,112,0.80,1591510,0.16,천원,2025년도,https://www.mfds.go.kr/brd/m_386/view.do?seq=33118
2024,체외진단,생산,경북,9,1.92,118,0.84,225607,0.02,천원,2025년도,https://www.mfds.go.kr/brd/m_386/view.do?seq=33118
2024,체외진단,생산,경남,4,0.85,57,0.40,9671048,0.97,천원,2025년도,https://www.mfds.go.kr/brd/m_386/view.do?seq=33118
2024,체외진단,생산,제주,,0.00,,0.00,,0.00,천원,2025년도,https://www.mfds.go.kr/brd/m_386/view.do?seq=33118
2024,체외진단,생산,합계,468,100,14084,100,997349455,100,천원,2025년도,https://www.mfds.go.kr/brd/m_386/view.do?seq=33118
2024,체외진단,수출,서울,27,22.13,1427,19.78,167031792,24.00,USD,2025년도,https://www.mfds.go.kr/brd/m_386/view.do?seq=33118
2024,체외진단,수출,부산,1,0.82,13,0.18,522500,0.08,USD,2025년도,https://www.mfds.go.kr/brd/m_386/view.do?seq=33118
2024,체외진단,수출,대구,2,1.64,19,0.26,68368,0.01,USD,2025년도,https://www.mfds.go.kr/brd/m_386/view.do?seq=33118
2024,체외진단,수출,인천,4,3.28,323,4.48,21216637,3.05,USD,2025년도,https://www.mfds.go.kr/brd/m_386/view.do?seq=33118
2024,체외진단,수출,광주,1,0.82,8,0.11,144110,0.02,USD,2025년도,https://www.mfds.go.kr/brd/m_386/view.do?seq=33118
2024,체외진단,수출,대전,15,12.30,443,6.14,9606130,1.38,USD,2025년도,https://www.mfds.go.kr/brd/m_386/view.do?seq=33118
2024,체외진단,수출,울산,,0.00,,,,0.00,USD,2025년도,https://www.mfds.go.kr/brd/m_386/view.do?seq=33118
2024,체외진단,수출,세종,,0.00,,,,0.00,USD,2025년도,https://www.mfds.go.kr/brd/m_386/view.do?seq=33118
2024,체외진단,수출,경기북부,3,2.46,66,0.91,1911668,0.27,USD,2025년도,https://www.mfds.go.kr/brd/m_386/view.do?seq=33118
2024,체외진단,수출,경기남부,53,43.44,2904,40.26,203991445,29.31,USD,2025년도,https://www.mfds.go.kr/brd/m_386/view.do?seq=33118
2024,체외진단,수출,강원,4,3.28,800,11.09,142599558,20.49,USD,2025년도,https://www.mfds.go.kr/brd/m_386/view.do?seq=33118
2024,체외진단,수출,충북,6,4.92,931,12.91,132775718,19.07,USD,2025년도,https://www.mfds.go.kr/brd/m_386/view.do?seq=33118
2024,체외진단,수출,충남,2,1.64,149,2.07,3553958,0.51,USD,2025년도,https://www.mfds.go.kr/brd/m_386/view.do?seq=33118
2024,체외진단,수출,전북,1,0.82,83,1.15,6874772,0.99,USD,2025년도,https://www.mfds.go.kr/brd/m_386/view.do?seq=33118
2024,체외진단,수출,전남,1,0.82,11,0.15,326165,0.05,USD,2025년도,https://www.mfds.go.kr/brd/m_386/view.do?seq=33118
2024,체외진단,수출,경북,1,0.82,3,0.04,62000,0.01,USD,2025년도,https://www.mfds.go.kr/brd/m_386/view.do?seq=33118
2024,체외진단,수출,경남,1,0.82,34,0.47,5388692,0.77,USD,2025년도,https://www.mfds.go.kr/brd/m_386/view.do?seq=33118
2024,체외진단,수출,제주,,0.00,,,,0.00,USD,2025년도,https://www.mfds.go.kr/brd/m_386/view.do?seq=33118
2024,체외진단,수출,합계,122,100.00,7214,100.00,696073513,100,USD,2025년도,https://www.mfds.go.kr/brd/m_386/view.do?seq=33118
2024,체외진단,수입,서울,202,55.34,6800,61.04,614136795,90.97,USD,2025년도,https://www.mfds.go.kr/brd/m_386/view.do?seq=33118
2024,체외진단,수입,부산,2,0.55,12,0.11,11605,0.00,USD,2025년도,https://www.mfds.go.kr/brd/m_386/view.do?seq=33118
2024,체외진단,수입,대구,4,1.10,32,0.29,240995,0.04,USD,2025년도,https://www.mfds.go.kr/brd/m_386/view.do?seq=33118
2024,체외진단,수입,인천,7,1.92,51,0.46,655188,0.10,USD,2025년도,https://www.mfds.go.kr/brd/m_386/view.do?seq=33118
2024,체외진단,수입,광주,2,0.55,3,0.03,4290,0.00,USD,2025년도,https://www.mfds.go.kr/brd/m_386/view.do?seq=33118
2024,체외진단,수입,대전,8,2.19,131,1.18,316138,0.05,USD,2025년도,https://www.mfds.go.kr/brd/m_386/view.do?seq=33118
2024,체외진단,수입,울산,,0.00,,0.00,,0.00,USD,2025년도,https://www.mfds.go.kr/brd/m_386/view.do?seq=33118
2024,체외진단,수입,세종,1,0.27,4,0.04,82740,0.01,USD,2025년도,https://www.mfds.go.kr/brd/m_386/view.do?seq=33118
2024,체외진단,수입,경기북부,20,5.48,139,1.25,2733777,0.40,USD,2025년도,https://www.mfds.go.kr/brd/m_386/view.do?seq=33118
2024,체외진단,수입,경기남부,104,28.49,1851,16.62,53465839,7.92,USD,2025년도,https://www.mfds.go.kr/brd/m_386/view.do?seq=33118
2024,체외진단,수입,강원,4,1.10,794,7.13,64926,0.01,USD,2025년도,https://www.mfds.go.kr/brd/m_386/view.do?seq=33118
2024,체외진단,수입,충북,5,1.37,813,7.30,3402360,0.50,USD,2025년도,https://www.mfds.go.kr/brd/m_386/view.do?seq=33118
2024,체외진단,수입,충남,2,0.55,479,4.30,,0.00,USD,2025년도,https://www.mfds.go.kr/brd/m_386/view.do?seq=33118
2024,체외진단,수입,전북,1,0.27,1,0.01,,0.00,USD,2025년도,https://www.mfds.go.kr/brd/m_386/view.do?seq=33118
2024,체외진단,수입,전남,1,0.27,11,0.10,,0.00,USD,2025년도,https://www.mfds.go.kr/brd/m_386/view.do?seq=33118
2024,체외진단,수입,경북,,0.00,,0.00,,0.00,USD,2025년도,https://www.mfds.go.kr/brd/m_386/view.do?seq=33118
2024,체외진단,수입,경남,2,0.55,19,0.17,3520,0.00,USD,2025년도,https://www.mfds.go.kr/brd/m_386/view.do?seq=33118
2024,체외진단,수입,제주,,0.00,,0.00,,0.00,USD,2025년도,https://www.mfds.go.kr/brd/m_386/view.do?seq=33118
2024,체외진단,수입,합계,365,100.00,11140,100.00,675118173,100,USD,2025년도,https://www.mfds.go.kr/brd/m_386/view.do?seq=33118
2025,전체,생산,서울,920,21.31,15139,15.45,1236060373,10.00,천원,2025년도,https://www.mfds.go.kr/brd/m_386/view.do?seq=33118
2025,전체,생산,부산,157,3.64,2904,2.96,2509926100,20.31,천원,2025년도,https://www.mfds.go.kr/brd/m_386/view.do?seq=33118
2025,전체,생산,대구,180,4.17,3692,3.77,776904191,6.29,천원,2025년도,https://www.mfds.go.kr/brd/m_386/view.do?seq=33118
2025,전체,생산,인천,194,4.49,2747,2.80,268138126,2.17,천원,2025년도,https://www.mfds.go.kr/brd/m_386/view.do?seq=33118
2025,전체,생산,광주,89,2.06,1393,1.42,156944101,1.27,천원,2025년도,https://www.mfds.go.kr/brd/m_386/view.do?seq=33118
2025,전체,생산,대전,148,3.43,3911,3.99,471352251,3.81,천원,2025년도,https://www.mfds.go.kr/brd/m_386/view.do?seq=33118
2025,전체,생산,울산,14,0.32,124,0.13,9844609,0.08,천원,2025년도,https://www.mfds.go.kr/brd/m_386/view.do?seq=33118
2025,전체,생산,세종,29,0.67,2334,2.38,13333532,0.11,천원,2025년도,https://www.mfds.go.kr/brd/m_386/view.do?seq=33118
2025,전체,생산,경기북부,359,8.32,4500,4.59,490176140,3.97,천원,2025년도,https://www.mfds.go.kr/brd/m_386/view.do?seq=33118
2025,전체,생산,경기남부,1496,34.65,35759,36.50,3528802702,28.56,천원,2025년도,https://www.mfds.go.kr/brd/m_386/view.do?seq=33118
2025,전체,생산,강원,180,4.17,9071,9.26,1240886413,10.04,천원,2025년도,https://www.mfds.go.kr/brd/m_386/view.do?seq=33118
2025,전체,생산,충북,157,3.64,6931,7.07,690686756,5.59,천원,2025년도,https://www.mfds.go.kr/brd/m_386/view.do?seq=33118
2025,전체,생산,충남,119,2.76,4205,4.29,404404869,3.27,천원,2025년도,https://www.mfds.go.kr/brd/m_386/view.do?seq=33118
2025,전체,생산,전북,49,1.14,680,0.69,54675733,0.44,천원,2025년도,https://www.mfds.go.kr/brd/m_386/view.do?seq=33118
2025,전체,생산,전남,38,0.88,551,0.56,44416136,0.36,천원,2025년도,https://www.mfds.go.kr/brd/m_386/view.do?seq=33118
2025,전체,생산,경북,88,2.04,2426,2.48,347735522,2.81,천원,2025년도,https://www.mfds.go.kr/brd/m_386/view.do?seq=33118
2025,전체,생산,경남,95,2.20,1364,1.39,90999986,0.74,천원,2025년도,https://www.mfds.go.kr/brd/m_386/view.do?seq=33118
2025,전체,생산,제주,5,0.12,240,0.24,20513853,0.17,천원,2025년도,https://www.mfds.go.kr/brd/m_386/view.do?seq=33118
2025,전체,생산,합계,4317,100,97971,100,12355801393,100,천원,2025년도,https://www.mfds.go.kr/brd/m_386/view.do?seq=33118
2025,전체,수출,서울,205,18.30,5958,11.29,717251760,13.35,USD,2025년도,https://www.mfds.go.kr/brd/m_386/view.do?seq=33118
2025,전체,수출,부산,33,2.95,1576,2.99,337402708,6.28,USD,2025년도,https://www.mfds.go.kr/brd/m_386/view.do?seq=33118
2025,전체,수출,대구,55,4.91,2806,5.32,259123506,4.82,USD,2025년도,https://www.mfds.go.kr/brd/m_386/view.do?seq=33118
2025,전체,수출,인천,37,3.30,1474,2.79,83954143,1.56,USD,2025년도,https://www.mfds.go.kr/brd/m_386/view.do?seq=33118
2025,전체,수출,광주,30,2.68,952,1.80,35286099,0.66,USD,2025년도,https://www.mfds.go.kr/brd/m_386/view.do?seq=33118
2025,전체,수출,대전,52,4.64,2385,4.52,197198864,3.67,USD,2025년도,https://www.mfds.go.kr/brd/m_386/view.do?seq=33118
2025,전체,수출,울산,1,0.09,19,0.04,1730180,0.03,USD,2025년도,https://www.mfds.go.kr/brd/m_386/view.do?seq=33118
2025,전체,수출,세종,6,0.54,86,0.16,1296442,0.02,USD,2025년도,https://www.mfds.go.kr/brd/m_386/view.do?seq=33118
2025,전체,수출,경기북부,64,5.71,1935,3.67,231655680,4.31,USD,2025년도,https://www.mfds.go.kr/brd/m_386/view.do?seq=33118
2025,전체,수출,경기남부,427,38.13,18085,34.27,1923657523,35.81,USD,2025년도,https://www.mfds.go.kr/brd/m_386/view.do?seq=33118
2025,전체,수출,강원,65,5.80,6909,13.09,810256771,15.08,USD,2025년도,https://www.mfds.go.kr/brd/m_386/view.do?seq=33118
2025,전체,수출,충북,45,4.02,4727,8.96,299708181,5.58,USD,2025년도,https://www.mfds.go.kr/brd/m_386/view.do?seq=33118
2025,전체,수출,충남,43,3.84,3057,5.79,189988846,3.54,USD,2025년도,https://www.mfds.go.kr/brd/m_386/view.do?seq=33118
2025,전체,수출,전북,6,0.54,207,0.39,22384343,0.42,USD,2025년도,https://www.mfds.go.kr/brd/m_386/view.do?seq=33118
2025,전체,수출,전남,11,0.98,286,0.54,11669684,0.22,USD,2025년도,https://www.mfds.go.kr/brd/m_386/view.do?seq=33118
2025,전체,수출,경북,18,1.61,1661,3.15,215813837,4.02,USD,2025년도,https://www.mfds.go.kr/brd/m_386/view.do?seq=33118
2025,전체,수출,경남,21,1.88,420,0.80,32717071,0.61,USD,2025년도,https://www.mfds.go.kr/brd/m_386/view.do?seq=33118
2025,전체,수출,제주,1,0.09,228,0.43,1362709,0.03,USD,2025년도,https://www.mfds.go.kr/brd/m_386/view.do?seq=33118
2025,전체,수출,합계,1120,100,52771,100,5372458347,100,USD,2025년도,https://www.mfds.go.kr/brd/m_386/view.do?seq=33118
2025,전체,수입,서울,1528,46.97,29911,46.33,4482206027,89.01,USD,2025년도,https://www.mfds.go.kr/brd/m_386/view.do?seq=33118
2025,전체,수입,부산,94,2.89,798,1.24,23672959,0.47,USD,2025년도,https://www.mfds.go.kr/brd/m_386/view.do?seq=33118
2025,전체,수입,대구,76,2.34,1224,1.90,9687497,0.19,USD,2025년도,https://www.mfds.go.kr/brd/m_386/view.do?seq=33118
2025,전체,수입,인천,118,3.63,932,1.44,26024429,0.52,USD,2025년도,https://www.mfds.go.kr/brd/m_386/view.do?seq=33118
2025,전체,수입,광주,26,0.80,228,0.35,8275229,0.16,USD,2025년도,https://www.mfds.go.kr/brd/m_386/view.do?seq=33118
2025,전체,수입,대전,73,2.24,1370,2.12,12781267,0.25,USD,2025년도,https://www.mfds.go.kr/brd/m_386/view.do?seq=33118
2025,전체,수입,울산,6,0.18,38,0.06,45732,0.00,USD,2025년도,https://www.mfds.go.kr/brd/m_386/view.do?seq=33118
2025,전체,수입,세종,10,0.31,53,0.08,908041,0.02,USD,2025년도,https://www.mfds.go.kr/brd/m_386/view.do?seq=33118
2025,전체,수입,경기북부,273,8.39,2863,4.43,73591495,1.46,USD,2025년도,https://www.mfds.go.kr/brd/m_386/view.do?seq=33118
2025,전체,수입,경기남부,818,25.15,15015,23.26,294164242,5.84,USD,2025년도,https://www.mfds.go.kr/brd/m_386/view.do?seq=33118
2025,전체,수입,강원,55,1.69,4229,6.55,8030576,0.16,USD,2025년도,https://www.mfds.go.kr/brd/m_386/view.do?seq=33118
2025,전체,수입,충북,46,1.41,5940,9.20,23944597,0.48,USD,2025년도,https://www.mfds.go.kr/brd/m_386/view.do?seq=33118
2025,전체,수입,충남,38,1.17,1126,1.74,17274568,0.34,USD,2025년도,https://www.mfds.go.kr/brd/m_386/view.do?seq=33118
2025,전체,수입,전북,15,0.46,206,0.32,9632641,0.19,USD,2025년도,https://www.mfds.go.kr/brd/m_386/view.do?seq=33118
2025,전체,수입,전남,8,0.25,95,0.15,82237,0.00,USD,2025년도,https://www.mfds.go.kr/brd/m_386/view.do?seq=33118
2025,전체,수입,경북,30,0.92,196,0.30,28366712,0.56,USD,2025년도,https://www.mfds.go.kr/brd/m_386/view.do?seq=33118
2025,전체,수입,경남,34,1.05,326,0.50,16982212,0.34,USD,2025년도,https://www.mfds.go.kr/brd/m_386/view.do?seq=33118
2025,전체,수입,제주,5,0.15,10,0.02,11039,0.00,USD,2025년도,https://www.mfds.go.kr/brd/m_386/view.do?seq=33118
2025,전체,수입,합계,3253,100,64560,100,5035681500,100,USD,2025년도,https://www.mfds.go.kr/brd/m_386/view.do?seq=33118
2025,체외진단,생산,서울,108,23.95,2330,16.89,348560731,34.95,천원,2025년도,https://www.mfds.go.kr/brd/m_386/view.do?seq=33118
2025,체외진단,생산,부산,5,1.11,35,0.25,1022836,0.10,천원,2025년도,https://www.mfds.go.kr/brd/m_386/view.do?seq=33118
2025,체외진단,생산,대구,4,0.89,57,0.41,15079,0.00,천원,2025년도,https://www.mfds.go.kr/brd/m_386/view.do?seq=33118
2025,체외진단,생산,인천,18,3.99,566,4.10,74870186,7.51,천원,2025년도,https://www.mfds.go.kr/brd/m_386/view.do?seq=33118
2025,체외진단,생산,광주,3,0.67,22,0.16,139523,0.01,천원,2025년도,https://www.mfds.go.kr/brd/m_386/view.do?seq=33118
2025,체외진단,생산,대전,27,5.99,759,5.50,17109384,1.72,천원,2025년도,https://www.mfds.go.kr/brd/m_386/view.do?seq=33118
2025,체외진단,생산,울산,1,0.22,8,0.06,,0.00,천원,2025년도,https://www.mfds.go.kr/brd/m_386/view.do?seq=33118
2025,체외진단,생산,세종,4,0.89,46,0.33,560164,0.06,천원,2025년도,https://www.mfds.go.kr/brd/m_386/view.do?seq=33118
2025,체외진단,생산,경기북부,20,4.43,220,1.59,14713441,1.48,천원,2025년도,https://www.mfds.go.kr/brd/m_386/view.do?seq=33118
2025,체외진단,생산,경기남부,186,41.24,6593,47.79,231119349,23.18,천원,2025년도,https://www.mfds.go.kr/brd/m_386/view.do?seq=33118
2025,체외진단,생산,강원,22,4.88,1213,8.79,98512409,9.88,천원,2025년도,https://www.mfds.go.kr/brd/m_386/view.do?seq=33118
2025,체외진단,생산,충북,22,4.88,1286,9.32,166465454,16.69,천원,2025년도,https://www.mfds.go.kr/brd/m_386/view.do?seq=33118
2025,체외진단,생산,충남,12,2.66,394,2.86,30091505,3.02,천원,2025년도,https://www.mfds.go.kr/brd/m_386/view.do?seq=33118
2025,체외진단,생산,전북,1,0.22,6,0.04,1040000,0.10,천원,2025년도,https://www.mfds.go.kr/brd/m_386/view.do?seq=33118
2025,체외진단,생산,전남,6,1.33,105,0.76,3595082,0.36,천원,2025년도,https://www.mfds.go.kr/brd/m_386/view.do?seq=33118
2025,체외진단,생산,경북,8,1.77,102,0.74,140111,0.01,천원,2025년도,https://www.mfds.go.kr/brd/m_386/view.do?seq=33118
2025,체외진단,생산,경남,4,0.89,55,0.40,9235921,0.93,천원,2025년도,https://www.mfds.go.kr/brd/m_386/view.do?seq=33118
2025,체외진단,생산,제주,,0.00,,0.00,,0.00,천원,2025년도,https://www.mfds.go.kr/brd/m_386/view.do?seq=33118
2025,체외진단,생산,합계,451,100,13797,100,997191175,100,천원,2025년도,https://www.mfds.go.kr/brd/m_386/view.do?seq=33118
2025,체외진단,수출,서울,21,19.09,896,14.21,194224455,26.32,USD,2025년도,https://www.mfds.go.kr/brd/m_386/view.do?seq=33118
2025,체외진단,수출,부산,1,0.91,13,0.21,292500,0.04,USD,2025년도,https://www.mfds.go.kr/brd/m_386/view.do?seq=33118
2025,체외진단,수출,대구,2,1.82,52,0.82,17890,0.00,USD,2025년도,https://www.mfds.go.kr/brd/m_386/view.do?seq=33118
2025,체외진단,수출,인천,6,5.45,435,6.90,29555270,4.01,USD,2025년도,https://www.mfds.go.kr/brd/m_386/view.do?seq=33118
2025,체외진단,수출,광주,1,0.91,6,0.10,92150,0.01,USD,2025년도,https://www.mfds.go.kr/brd/m_386/view.do?seq=33118
2025,체외진단,수출,대전,12,10.91,400,6.35,7200291,0.98,USD,2025년도,https://www.mfds.go.kr/brd/m_386/view.do?seq=33118
2025,체외진단,수출,울산,,0.00,,0.00,,0.00,USD,2025년도,https://www.mfds.go.kr/brd/m_386/view.do?seq=33118
2025,체외진단,수출,세종,,0.00,,0.00,,0.00,USD,2025년도,https://www.mfds.go.kr/brd/m_386/view.do?seq=33118
2025,체외진단,수출,경기북부,4,3.64,61,0.97,1637686,0.22,USD,2025년도,https://www.mfds.go.kr/brd/m_386/view.do?seq=33118
2025,체외진단,수출,경기남부,49,44.55,2365,37.52,217065811,29.41,USD,2025년도,https://www.mfds.go.kr/brd/m_386/view.do?seq=33118
2025,체외진단,수출,강원,3,2.73,873,13.85,154728956,20.97,USD,2025년도,https://www.mfds.go.kr/brd/m_386/view.do?seq=33118
2025,체외진단,수출,충북,6,5.45,997,15.82,115692636,15.68,USD,2025년도,https://www.mfds.go.kr/brd/m_386/view.do?seq=33118
2025,체외진단,수출,충남,2,1.82,160,2.54,12054323,1.63,USD,2025년도,https://www.mfds.go.kr/brd/m_386/view.do?seq=33118
2025,체외진단,수출,전북,,0.00,,0.00,,0.00,USD,2025년도,https://www.mfds.go.kr/brd/m_386/view.do?seq=33118
2025,체외진단,수출,전남,1,0.91,12,0.19,226120,0.03,USD,2025년도,https://www.mfds.go.kr/brd/m_386/view.do?seq=33118
2025,체외진단,수출,경북,1,0.91,4,0.06,11260,0.00,USD,2025년도,https://www.mfds.go.kr/brd/m_386/view.do?seq=33118
2025,체외진단,수출,경남,1,0.91,30,0.48,5155058,0.70,USD,2025년도,https://www.mfds.go.kr/brd/m_386/view.do?seq=33118
2025,체외진단,수출,제주,,0.00,,0.00,,0.00,USD,2025년도,https://www.mfds.go.kr/brd/m_386/view.do?seq=33118
2025,체외진단,수출,합계,110,100,6304,100,737954406,100,USD,2025년도,https://www.mfds.go.kr/brd/m_386/view.do?seq=33118
2025,체외진단,수입,서울,200,52.49,6974,58.30,676280016,90.92,USD,2025년도,https://www.mfds.go.kr/brd/m_386/view.do?seq=33118
2025,체외진단,수입,부산,2,0.52,10,0.08,165400,0.02,USD,2025년도,https://www.mfds.go.kr/brd/m_386/view.do?seq=33118
2025,체외진단,수입,대구,3,0.79,66,0.55,461733,0.06,USD,2025년도,https://www.mfds.go.kr/brd/m_386/view.do?seq=33118
2025,체외진단,수입,인천,10,2.62,71,0.59,1157355,0.16,USD,2025년도,https://www.mfds.go.kr/brd/m_386/view.do?seq=33118
2025,체외진단,수입,광주,3,0.79,9,0.08,4410,0.00,USD,2025년도,https://www.mfds.go.kr/brd/m_386/view.do?seq=33118
2025,체외진단,수입,대전,11,2.89,356,2.98,2072736,0.28,USD,2025년도,https://www.mfds.go.kr/brd/m_386/view.do?seq=33118
2025,체외진단,수입,울산,,0.00,,0.00,,0.00,USD,2025년도,https://www.mfds.go.kr/brd/m_386/view.do?seq=33118
2025,체외진단,수입,세종,1,0.26,4,0.03,,0.00,USD,2025년도,https://www.mfds.go.kr/brd/m_386/view.do?seq=33118
2025,체외진단,수입,경기북부,23,6.04,153,1.28,3036067,0.41,USD,2025년도,https://www.mfds.go.kr/brd/m_386/view.do?seq=33118
2025,체외진단,수입,경기남부,113,29.66,1947,16.28,57918026,7.79,USD,2025년도,https://www.mfds.go.kr/brd/m_386/view.do?seq=33118
2025,체외진단,수입,강원,4,1.05,880,7.36,120359,0.02,USD,2025년도,https://www.mfds.go.kr/brd/m_386/view.do?seq=33118
2025,체외진단,수입,충북,5,1.31,913,7.63,2620683,0.35,USD,2025년도,https://www.mfds.go.kr/brd/m_386/view.do?seq=33118
2025,체외진단,수입,충남,2,0.52,549,4.59,,0.00,USD,2025년도,https://www.mfds.go.kr/brd/m_386/view.do?seq=33118
2025,체외진단,수입,전북,1,0.26,1,0.01,,0.00,USD,2025년도,https://www.mfds.go.kr/brd/m_386/view.do?seq=33118
2025,체외진단,수입,전남,1,0.26,12,0.10,,0.00,USD,2025년도,https://www.mfds.go.kr/brd/m_386/view.do?seq=33118
2025,체외진단,수입,경북,,0.00,,0.00,,0.00,USD,2025년도,https://www.mfds.go.kr/brd/m_386/view.do?seq=33118
2025,체외진단,수입,경남,2,0.52,17,0.14,1125,0.00,USD,2025년도,https://www.mfds.go.kr/brd/m_386/view.do?seq=33118
2025,체외진단,수입,제주,,0.00,,0.00,,0.00,USD,2025년도,https://www.mfds.go.kr/brd/m_386/view.do?seq=33118
2025,체외진단,수입,합계,381,100,11962,100,743837910,100,USD,2025년도,https://www.mfds.go.kr/brd/m_386/view.do?seq=33118
