기업명,주소,선정연도,구분,지원기관,사업명,지원유형,금액,단위,출처,출처URL,기준일
(주)케이제이,,2025,국비,중소벤처기업부,지역기업 역량강화,R&D,,,중소벤처기업부 중소기업기술개발과제정보(공공데이터포털),https://www.data.go.kr/data/3044610/fileData.do,20260831
한울농업회사법인(주),,2025,국비,중소벤처기업부,지역기업 역량강화,R&D,,,중소벤처기업부 중소기업기술개발과제정보(공공데이터포털),https://www.data.go.kr/data/3044610/fileData.do,20260831
성창주식회사,,2025,국비,중소벤처기업부,지역기업 역량강화,R&D,,,중소벤처기업부 중소기업기술개발과제정보(공공데이터포털),https://www.data.go.kr/data/3044610/fileData.do,20260831
스마트솔루션,,2025,국비,중소벤처기업부,지역기업 역량강화,R&D,,,중소벤처기업부 중소기업기술개발과제정보(공공데이터포털),https://www.data.go.kr/data/3044610/fileData.do,20260831
테스코 주식회사,,2025,국비,중소벤처기업부,지역기업 역량강화,R&D,,,중소벤처기업부 중소기업기술개발과제정보(공공데이터포털),https://www.data.go.kr/data/3044610/fileData.do,20260831
가나이엔지(주),,2025,국비,중소벤처기업부,지역기업 역량강화,R&D,,,중소벤처기업부 중소기업기술개발과제정보(공공데이터포털),https://www.data.go.kr/data/3044610/fileData.do,20260831
에스제이앤텍,,2025,국비,중소벤처기업부,지역기업 역량강화,R&D,,,중소벤처기업부 중소기업기술개발과제정보(공공데이터포털),https://www.data.go.kr/data/3044610/fileData.do,20260831
대신네트웍스(주),,2025,국비,중소벤처기업부,지역기업 역량강화,R&D,,,중소벤처기업부 중소기업기술개발과제정보(공공데이터포털),https://www.data.go.kr/data/3044610/fileData.do,20260831
에이엠씨주식회사,,2025,국비,중소벤처기업부,지역기업 역량강화,R&D,,,중소벤처기업부 중소기업기술개발과제정보(공공데이터포털),https://www.data.go.kr/data/3044610/fileData.do,20260831
(주)대정,,2025,국비,중소벤처기업부,지역기업 역량강화,R&D,,,중소벤처기업부 중소기업기술개발과제정보(공공데이터포털),https://www.data.go.kr/data/3044610/fileData.do,20260831
주식회사아진,,2025,국비,중소벤처기업부,지역기업 역량강화,R&D,,,중소벤처기업부 중소기업기술개발과제정보(공공데이터포털),https://www.data.go.kr/data/3044610/fileData.do,20260831
(주)네오텍,,2025,국비,중소벤처기업부,지역기업 역량강화,R&D,,,중소벤처기업부 중소기업기술개발과제정보(공공데이터포털),https://www.data.go.kr/data/3044610/fileData.do,20260831
주식회사한림기술,,2025,국비,중소벤처기업부,지역기업 역량강화,R&D,,,중소벤처기업부 중소기업기술개발과제정보(공공데이터포털),https://www.data.go.kr/data/3044610/fileData.do,20260831
오션코리아,,2025,국비,중소벤처기업부,지역기업 역량강화,R&D,,,중소벤처기업부 중소기업기술개발과제정보(공공데이터포털),https://www.data.go.kr/data/3044610/fileData.do,20260831
(주)씨오알엔,,2025,국비,중소벤처기업부,지역기업 역량강화,R&D,,,중소벤처기업부 중소기업기술개발과제정보(공공데이터포털),https://www.data.go.kr/data/3044610/fileData.do,20260831
주식회사 바론,,2025,국비,중소벤처기업부,지역기업 역량강화,R&D,,,중소벤처기업부 중소기업기술개발과제정보(공공데이터포털),https://www.data.go.kr/data/3044610/fileData.do,20260831
주식회사 엠알이노베이션,,2025,국비,중소벤처기업부,지역기업 역량강화,R&D,,,중소벤처기업부 중소기업기술개발과제정보(공공데이터포털),https://www.data.go.kr/data/3044610/fileData.do,20260831
(재)대구테크노파크,,2025,국비,중소벤처기업부,(비R&D)지역주력산업육성,R&D,,,중소벤처기업부 중소기업기술개발과제정보(공공데이터포털),https://www.data.go.kr/data/3044610/fileData.do,20260831
(재)대구기계부품연구원,,2025,국비,중소벤처기업부,(비R&D)지역주력산업육성,R&D,,,중소벤처기업부 중소기업기술개발과제정보(공공데이터포털),https://www.data.go.kr/data/3044610/fileData.do,20260831
주식회사에이테크,,2025,국비,중소벤처기업부,고경력연구인력채용지원(참여기업접수용),R&D,,,중소벤처기업부 중소기업기술개발과제정보(공공데이터포털),https://www.data.go.kr/data/3044610/fileData.do,20260831
(주)토코스,,2025,국비,중소벤처기업부,고경력연구인력채용지원(참여기업접수용),R&D,,,중소벤처기업부 중소기업기술개발과제정보(공공데이터포털),https://www.data.go.kr/data/3044610/fileData.do,20260831
주식회사 이엠에스,,2025,국비,중소벤처기업부,고경력연구인력채용지원(참여기업접수용),R&D,,,중소벤처기업부 중소기업기술개발과제정보(공공데이터포털),https://www.data.go.kr/data/3044610/fileData.do,20260831
(주)휴컨,,2025,국비,중소벤처기업부,고경력연구인력채용지원(참여기업접수용),R&D,,,중소벤처기업부 중소기업기술개발과제정보(공공데이터포털),https://www.data.go.kr/data/3044610/fileData.do,20260831
주식회사이엘,,2025,국비,중소벤처기업부,고경력연구인력채용지원(참여기업접수용),R&D,,,중소벤처기업부 중소기업기술개발과제정보(공공데이터포털),https://www.data.go.kr/data/3044610/fileData.do,20260831
(주)아스트로젠,,2025,국비,중소벤처기업부,고경력연구인력채용지원(참여기업접수용),R&D,,,중소벤처기업부 중소기업기술개발과제정보(공공데이터포털),https://www.data.go.kr/data/3044610/fileData.do,20260831
(주)와이테크,,2025,국비,중소벤처기업부,고경력연구인력채용지원(참여기업접수용),R&D,,,중소벤처기업부 중소기업기술개발과제정보(공공데이터포털),https://www.data.go.kr/data/3044610/fileData.do,20260831
에스제이에프(주),,2025,국비,중소벤처기업부,고경력연구인력채용지원(참여기업접수용),R&D,,,중소벤처기업부 중소기업기술개발과제정보(공공데이터포털),https://www.data.go.kr/data/3044610/fileData.do,20260831
A.F.W(주),,2025,국비,중소벤처기업부,신진연구인력채용지원(참여기업접수용),R&D,,,중소벤처기업부 중소기업기술개발과제정보(공공데이터포털),https://www.data.go.kr/data/3044610/fileData.do,20260831
(주)에이프로,,2025,국비,중소벤처기업부,신진연구인력채용지원(참여기업접수용),R&D,,,중소벤처기업부 중소기업기술개발과제정보(공공데이터포털),https://www.data.go.kr/data/3044610/fileData.do,20260831
주식회사네오테크,,2025,국비,중소벤처기업부,신진연구인력채용지원(참여기업접수용),R&D,,,중소벤처기업부 중소기업기술개발과제정보(공공데이터포털),https://www.data.go.kr/data/3044610/fileData.do,20260831
(주)YH데이타베이스,,2025,국비,중소벤처기업부,신진연구인력채용지원(참여기업접수용),R&D,,,중소벤처기업부 중소기업기술개발과제정보(공공데이터포털),https://www.data.go.kr/data/3044610/fileData.do,20260831
(주)광진금속,,2025,국비,중소벤처기업부,신진연구인력채용지원(참여기업접수용),R&D,,,중소벤처기업부 중소기업기술개발과제정보(공공데이터포털),https://www.data.go.kr/data/3044610/fileData.do,20260831
한국도키멕 주식회사,,2025,국비,중소벤처기업부,신진연구인력채용지원(참여기업접수용),R&D,,,중소벤처기업부 중소기업기술개발과제정보(공공데이터포털),https://www.data.go.kr/data/3044610/fileData.do,20260831
주식회사 씨앤테크,,2025,국비,중소벤처기업부,신진연구인력채용지원(참여기업접수용),R&D,,,중소벤처기업부 중소기업기술개발과제정보(공공데이터포털),https://www.data.go.kr/data/3044610/fileData.do,20260831
에스피티,,2025,국비,중소벤처기업부,신진연구인력채용지원(참여기업접수용),R&D,,,중소벤처기업부 중소기업기술개발과제정보(공공데이터포털),https://www.data.go.kr/data/3044610/fileData.do,20260831
대한환경,,2025,국비,중소벤처기업부,신진연구인력채용지원(참여기업접수용),R&D,,,중소벤처기업부 중소기업기술개발과제정보(공공데이터포털),https://www.data.go.kr/data/3044610/fileData.do,20260831
(주)솔지,,2025,국비,중소벤처기업부,신진연구인력채용지원(참여기업접수용),R&D,,,중소벤처기업부 중소기업기술개발과제정보(공공데이터포털),https://www.data.go.kr/data/3044610/fileData.do,20260831
(주)신화에스티,,2025,국비,중소벤처기업부,신진연구인력채용지원(참여기업접수용),R&D,,,중소벤처기업부 중소기업기술개발과제정보(공공데이터포털),https://www.data.go.kr/data/3044610/fileData.do,20260831
주식회사천일,,2025,국비,중소벤처기업부,신진연구인력채용지원(참여기업접수용),R&D,,,중소벤처기업부 중소기업기술개발과제정보(공공데이터포털),https://www.data.go.kr/data/3044610/fileData.do,20260831
니어네트웍스,,2025,국비,중소벤처기업부,신진연구인력채용지원(참여기업접수용),R&D,,,중소벤처기업부 중소기업기술개발과제정보(공공데이터포털),https://www.data.go.kr/data/3044610/fileData.do,20260831
주식회사 아이테크,,2025,국비,중소벤처기업부,신진연구인력채용지원(참여기업접수용),R&D,,,중소벤처기업부 중소기업기술개발과제정보(공공데이터포털),https://www.data.go.kr/data/3044610/fileData.do,20260831
주식회사 바론,,2025,국비,중소벤처기업부,신진연구인력채용지원(참여기업접수용),R&D,,,중소벤처기업부 중소기업기술개발과제정보(공공데이터포털),https://www.data.go.kr/data/3044610/fileData.do,20260831
고려전선(주),,2025,국비,중소벤처기업부,신진연구인력채용지원(참여기업접수용),R&D,,,중소벤처기업부 중소기업기술개발과제정보(공공데이터포털),https://www.data.go.kr/data/3044610/fileData.do,20260831
주식회사 하이로젠,,2025,국비,중소벤처기업부,신진연구인력채용지원(참여기업접수용),R&D,,,중소벤처기업부 중소기업기술개발과제정보(공공데이터포털),https://www.data.go.kr/data/3044610/fileData.do,20260831
(주)에이텍,,2025,국비,중소벤처기업부,신진연구인력채용지원(참여기업접수용),R&D,,,중소벤처기업부 중소기업기술개발과제정보(공공데이터포털),https://www.data.go.kr/data/3044610/fileData.do,20260831
(주)성창,,2025,국비,중소벤처기업부,신진연구인력채용지원(참여기업접수용),R&D,,,중소벤처기업부 중소기업기술개발과제정보(공공데이터포털),https://www.data.go.kr/data/3044610/fileData.do,20260831
(재)대구테크노파크,,2025,국비,중소벤처기업부,(비R&D)지역주력산업육성,R&D,,,중소벤처기업부 중소기업기술개발과제정보(공공데이터포털),https://www.data.go.kr/data/3044610/fileData.do,20260831
(재)대구테크노파크,,2025,국비,중소벤처기업부,시군구연고산업육성,R&D,,,중소벤처기업부 중소기업기술개발과제정보(공공데이터포털),https://www.data.go.kr/data/3044610/fileData.do,20260831
(재)대구테크노파크,,2025,국비,중소벤처기업부,산업기술단지거점기능강화,R&D,,,중소벤처기업부 중소기업기술개발과제정보(공공데이터포털),https://www.data.go.kr/data/3044610/fileData.do,20260831
(주)진성정밀,,2025,국비,중소벤처기업부,주력산업 생태계 구축,R&D,,,중소벤처기업부 중소기업기술개발과제정보(공공데이터포털),https://www.data.go.kr/data/3044610/fileData.do,20260831
(주)유림테크,,2025,국비,중소벤처기업부,주력산업 생태계 구축,R&D,,,중소벤처기업부 중소기업기술개발과제정보(공공데이터포털),https://www.data.go.kr/data/3044610/fileData.do,20260831
퍼시픽엑스코리아 주식회사,,2025,국비,중소벤처기업부,주력산업 생태계 구축,R&D,,,중소벤처기업부 중소기업기술개발과제정보(공공데이터포털),https://www.data.go.kr/data/3044610/fileData.do,20260831
한국피아이엠(주),,2025,국비,중소벤처기업부,주력산업 생태계 구축,R&D,,,중소벤처기업부 중소기업기술개발과제정보(공공데이터포털),https://www.data.go.kr/data/3044610/fileData.do,20260831
(주)윈테크,,2025,국비,중소벤처기업부,주력산업 생태계 구축,R&D,,,중소벤처기업부 중소기업기술개발과제정보(공공데이터포털),https://www.data.go.kr/data/3044610/fileData.do,20260831
제핏,,2026,국비,중소벤처기업부,기술사업화 패키지 사업,R&D,,,중소벤처기업부 중소기업기술개발과제정보(공공데이터포털),https://www.data.go.kr/data/3044610/fileData.do,20260831
(주)지엘테크,,2026,국비,중소벤처기업부,기술사업화 패키지 사업,R&D,,,중소벤처기업부 중소기업기술개발과제정보(공공데이터포털),https://www.data.go.kr/data/3044610/fileData.do,20260831
티에이치티 주식회사,,2026,국비,중소벤처기업부,기술사업화 패키지 사업,R&D,,,중소벤처기업부 중소기업기술개발과제정보(공공데이터포털),https://www.data.go.kr/data/3044610/fileData.do,20260831
(주)유엔디로보틱스,,2026,국비,중소벤처기업부,기술사업화 패키지 사업,R&D,,,중소벤처기업부 중소기업기술개발과제정보(공공데이터포털),https://www.data.go.kr/data/3044610/fileData.do,20260831
리텍 주식회사,,2026,국비,중소벤처기업부,고경력연구인력채용지원(참여기업접수용),R&D,,,중소벤처기업부 중소기업기술개발과제정보(공공데이터포털),https://www.data.go.kr/data/3044610/fileData.do,20260831
웨이온 주식회사,,2026,국비,중소벤처기업부,고경력연구인력채용지원(참여기업접수용),R&D,,,중소벤처기업부 중소기업기술개발과제정보(공공데이터포털),https://www.data.go.kr/data/3044610/fileData.do,20260831
(주)원셀로보,,2026,국비,중소벤처기업부,고경력연구인력채용지원(참여기업접수용),R&D,,,중소벤처기업부 중소기업기술개발과제정보(공공데이터포털),https://www.data.go.kr/data/3044610/fileData.do,20260831
주식회사 테스,,2026,국비,중소벤처기업부,고경력연구인력채용지원(참여기업접수용),R&D,,,중소벤처기업부 중소기업기술개발과제정보(공공데이터포털),https://www.data.go.kr/data/3044610/fileData.do,20260831
(재)대구테크노파크,,2026,국비,중소벤처기업부,(비R&D)지역주력산업육성,R&D,,,중소벤처기업부 중소기업기술개발과제정보(공공데이터포털),https://www.data.go.kr/data/3044610/fileData.do,20260831
주식회사 팸텍,,2026,국비,중소벤처기업부,기술사업화 패키지 사업,R&D,,,중소벤처기업부 중소기업기술개발과제정보(공공데이터포털),https://www.data.go.kr/data/3044610/fileData.do,20260831
주식회사 에스제이컴퍼니,,2026,국비,중소벤처기업부,기술사업화 패키지 사업,R&D,,,중소벤처기업부 중소기업기술개발과제정보(공공데이터포털),https://www.data.go.kr/data/3044610/fileData.do,20260831
썬테크,,2026,국비,중소벤처기업부,기술사업화 패키지 사업,R&D,,,중소벤처기업부 중소기업기술개발과제정보(공공데이터포털),https://www.data.go.kr/data/3044610/fileData.do,20260831
(주)팔랑크스시스템즈,,2026,국비,중소벤처기업부,기술사업화 패키지 사업,R&D,,,중소벤처기업부 중소기업기술개발과제정보(공공데이터포털),https://www.data.go.kr/data/3044610/fileData.do,20260831
주식회사 아이테크,,2026,국비,중소벤처기업부,기술사업화 패키지 사업,R&D,,,중소벤처기업부 중소기업기술개발과제정보(공공데이터포털),https://www.data.go.kr/data/3044610/fileData.do,20260831
바이오링크 주식회사,,2026,국비,중소벤처기업부,기술사업화 패키지 사업,R&D,,,중소벤처기업부 중소기업기술개발과제정보(공공데이터포털),https://www.data.go.kr/data/3044610/fileData.do,20260831
(주)토코스,,2026,국비,중소벤처기업부,기술사업화 패키지 사업,R&D,,,중소벤처기업부 중소기업기술개발과제정보(공공데이터포털),https://www.data.go.kr/data/3044610/fileData.do,20260831
주식회사 연,,2026,국비,중소벤처기업부,기술사업화 패키지 사업,R&D,,,중소벤처기업부 중소기업기술개발과제정보(공공데이터포털),https://www.data.go.kr/data/3044610/fileData.do,20260831
에이이티피,,2026,국비,중소벤처기업부,신진연구인력채용지원(참여기업접수용),R&D,,,중소벤처기업부 중소기업기술개발과제정보(공공데이터포털),https://www.data.go.kr/data/3044610/fileData.do,20260831
모비루스,,2026,국비,중소벤처기업부,신진연구인력채용지원(참여기업접수용),R&D,,,중소벤처기업부 중소기업기술개발과제정보(공공데이터포털),https://www.data.go.kr/data/3044610/fileData.do,20260831
동문이엔티(주),,2026,국비,중소벤처기업부,신진연구인력채용지원(참여기업접수용),R&D,,,중소벤처기업부 중소기업기술개발과제정보(공공데이터포털),https://www.data.go.kr/data/3044610/fileData.do,20260831
주식회사 왕별,,2026,국비,중소벤처기업부,신진연구인력채용지원(참여기업접수용),R&D,,,중소벤처기업부 중소기업기술개발과제정보(공공데이터포털),https://www.data.go.kr/data/3044610/fileData.do,20260831
주식회사 에스티앤아이,,2026,국비,중소벤처기업부,신진연구인력채용지원(참여기업접수용),R&D,,,중소벤처기업부 중소기업기술개발과제정보(공공데이터포털),https://www.data.go.kr/data/3044610/fileData.do,20260831
(주)에스씨솔루션글로벌,,2026,국비,중소벤처기업부,신진연구인력채용지원(참여기업접수용),R&D,,,중소벤처기업부 중소기업기술개발과제정보(공공데이터포털),https://www.data.go.kr/data/3044610/fileData.do,20260831
(주)에스엔제이,,2026,국비,중소벤처기업부,신진연구인력채용지원(참여기업접수용),R&D,,,중소벤처기업부 중소기업기술개발과제정보(공공데이터포털),https://www.data.go.kr/data/3044610/fileData.do,20260831
(주) 이스타이엔지,,2026,국비,중소벤처기업부,신진연구인력채용지원(참여기업접수용),R&D,,,중소벤처기업부 중소기업기술개발과제정보(공공데이터포털),https://www.data.go.kr/data/3044610/fileData.do,20260831
주식회사 이엠에스,,2026,국비,중소벤처기업부,신진연구인력채용지원(참여기업접수용),R&D,,,중소벤처기업부 중소기업기술개발과제정보(공공데이터포털),https://www.data.go.kr/data/3044610/fileData.do,20260831
(주)위드텍,,2026,국비,중소벤처기업부,신진연구인력채용지원(참여기업접수용),R&D,,,중소벤처기업부 중소기업기술개발과제정보(공공데이터포털),https://www.data.go.kr/data/3044610/fileData.do,20260831
위인터랙트(주),,2026,국비,중소벤처기업부,신진연구인력채용지원(참여기업접수용),R&D,,,중소벤처기업부 중소기업기술개발과제정보(공공데이터포털),https://www.data.go.kr/data/3044610/fileData.do,20260831
바이오링크 주식회사,,2026,국비,중소벤처기업부,신진연구인력채용지원(참여기업접수용),R&D,,,중소벤처기업부 중소기업기술개발과제정보(공공데이터포털),https://www.data.go.kr/data/3044610/fileData.do,20260831
다산소프트,,2026,국비,중소벤처기업부,신진연구인력채용지원(참여기업접수용),R&D,,,중소벤처기업부 중소기업기술개발과제정보(공공데이터포털),https://www.data.go.kr/data/3044610/fileData.do,20260831
주식회사한림기술,,2026,국비,중소벤처기업부,신진연구인력채용지원(참여기업접수용),R&D,,,중소벤처기업부 중소기업기술개발과제정보(공공데이터포털),https://www.data.go.kr/data/3044610/fileData.do,20260831
(주)로드텍,,2026,국비,중소벤처기업부,신진연구인력채용지원(참여기업접수용),R&D,,,중소벤처기업부 중소기업기술개발과제정보(공공데이터포털),https://www.data.go.kr/data/3044610/fileData.do,20260831
WENS(웬스),,2026,국비,중소벤처기업부,신진연구인력채용지원(참여기업접수용),R&D,,,중소벤처기업부 중소기업기술개발과제정보(공공데이터포털),https://www.data.go.kr/data/3044610/fileData.do,20260831
주식회사동성하이텍,,2026,국비,중소벤처기업부,신진연구인력채용지원(참여기업접수용),R&D,,,중소벤처기업부 중소기업기술개발과제정보(공공데이터포털),https://www.data.go.kr/data/3044610/fileData.do,20260831
(주)팀로보틱스,,2026,국비,중소벤처기업부,신진연구인력채용지원(참여기업접수용),R&D,,,중소벤처기업부 중소기업기술개발과제정보(공공데이터포털),https://www.data.go.kr/data/3044610/fileData.do,20260831
경향산업 주식회사,,2026,국비,중소벤처기업부,신진연구인력채용지원(참여기업접수용),R&D,,,중소벤처기업부 중소기업기술개발과제정보(공공데이터포털),https://www.data.go.kr/data/3044610/fileData.do,20260831
(주)에이티지,,2026,국비,중소벤처기업부,신진연구인력채용지원(참여기업접수용),R&D,,,중소벤처기업부 중소기업기술개발과제정보(공공데이터포털),https://www.data.go.kr/data/3044610/fileData.do,20260831
주식회사 큐빅,,2026,국비,중소벤처기업부,신진연구인력채용지원(참여기업접수용),R&D,,,중소벤처기업부 중소기업기술개발과제정보(공공데이터포털),https://www.data.go.kr/data/3044610/fileData.do,20260831
주식회사 에이티삼일바이오,,2026,국비,중소벤처기업부,신진연구인력채용지원(참여기업접수용),R&D,,,중소벤처기업부 중소기업기술개발과제정보(공공데이터포털),https://www.data.go.kr/data/3044610/fileData.do,20260831
(주)투비스,,2026,국비,중소벤처기업부,기술사업화 패키지 사업,R&D,,,중소벤처기업부 중소기업기술개발과제정보(공공데이터포털),https://www.data.go.kr/data/3044610/fileData.do,20260831
(주)쓰리아이,,2026,국비,중소벤처기업부,기술사업화 패키지 사업,R&D,,,중소벤처기업부 중소기업기술개발과제정보(공공데이터포털),https://www.data.go.kr/data/3044610/fileData.do,20260831
(주)엠엔비젼,,2026,국비,중소벤처기업부,주력산업 생태계 구축,R&D,,,중소벤처기업부 중소기업기술개발과제정보(공공데이터포털),https://www.data.go.kr/data/3044610/fileData.do,20260831
주식회사 루타스,,2026,국비,중소벤처기업부,주력산업 생태계 구축,R&D,,,중소벤처기업부 중소기업기술개발과제정보(공공데이터포털),https://www.data.go.kr/data/3044610/fileData.do,20260831
(주)디엠테크놀러지,,2026,국비,중소벤처기업부,주력산업 생태계 구축,R&D,,,중소벤처기업부 중소기업기술개발과제정보(공공데이터포털),https://www.data.go.kr/data/3044610/fileData.do,20260831
에스제이에프(주),,2026,국비,중소벤처기업부,주력산업 생태계 구축,R&D,,,중소벤처기업부 중소기업기술개발과제정보(공공데이터포털),https://www.data.go.kr/data/3044610/fileData.do,20260831
서창전기통신(주),,2026,국비,중소벤처기업부,주력산업 생태계 구축,R&D,,,중소벤처기업부 중소기업기술개발과제정보(공공데이터포털),https://www.data.go.kr/data/3044610/fileData.do,20260831
(주)유로테크,,2026,국비,중소벤처기업부,주력산업 생태계 구축,R&D,,,중소벤처기업부 중소기업기술개발과제정보(공공데이터포털),https://www.data.go.kr/data/3044610/fileData.do,20260831
동재공업주식회사,,2026,국비,중소벤처기업부,주력산업 생태계 구축,R&D,,,중소벤처기업부 중소기업기술개발과제정보(공공데이터포털),https://www.data.go.kr/data/3044610/fileData.do,20260831
(주)에이치알티로보틱스,,2026,국비,중소벤처기업부,주력산업 생태계 구축,R&D,,,중소벤처기업부 중소기업기술개발과제정보(공공데이터포털),https://www.data.go.kr/data/3044610/fileData.do,20260831
(주)하이박,,2026,국비,중소벤처기업부,주력산업 생태계 구축,R&D,,,중소벤처기업부 중소기업기술개발과제정보(공공데이터포털),https://www.data.go.kr/data/3044610/fileData.do,20260831
(주)디엠티,,2026,국비,중소벤처기업부,주력산업 생태계 구축,R&D,,,중소벤처기업부 중소기업기술개발과제정보(공공데이터포털),https://www.data.go.kr/data/3044610/fileData.do,20260831
케이디텍,,2026,국비,중소벤처기업부,주력산업 생태계 구축,R&D,,,중소벤처기업부 중소기업기술개발과제정보(공공데이터포털),https://www.data.go.kr/data/3044610/fileData.do,20260831
전진산업 주식회사,,2026,국비,중소벤처기업부,주력산업 생태계 구축,R&D,,,중소벤처기업부 중소기업기술개발과제정보(공공데이터포털),https://www.data.go.kr/data/3044610/fileData.do,20260831
(주)로보아이,,2026,국비,중소벤처기업부,주력산업 생태계 구축,R&D,,,중소벤처기업부 중소기업기술개발과제정보(공공데이터포털),https://www.data.go.kr/data/3044610/fileData.do,20260831
인터텍,,2026,국비,중소벤처기업부,주력산업 생태계 구축,R&D,,,중소벤처기업부 중소기업기술개발과제정보(공공데이터포털),https://www.data.go.kr/data/3044610/fileData.do,20260831
퍼시픽엑스코리아 주식회사,,2026,국비,중소벤처기업부,주력산업 생태계 구축,R&D,,,중소벤처기업부 중소기업기술개발과제정보(공공데이터포털),https://www.data.go.kr/data/3044610/fileData.do,20260831
와이피알이엠티 주식회사 대구지점,,2026,국비,중소벤처기업부,주력산업 생태계 구축,R&D,,,중소벤처기업부 중소기업기술개발과제정보(공공데이터포털),https://www.data.go.kr/data/3044610/fileData.do,20260831
주식회사레이월드,,2026,국비,중소벤처기업부,주력산업 생태계 구축,R&D,,,중소벤처기업부 중소기업기술개발과제정보(공공데이터포털),https://www.data.go.kr/data/3044610/fileData.do,20260831
(주)유엔디로보틱스,,2026,국비,중소벤처기업부,주력산업 생태계 구축,R&D,,,중소벤처기업부 중소기업기술개발과제정보(공공데이터포털),https://www.data.go.kr/data/3044610/fileData.do,20260831
주식회사씨엘모빌리티,,2026,국비,중소벤처기업부,주력산업 생태계 구축,R&D,,,중소벤처기업부 중소기업기술개발과제정보(공공데이터포털),https://www.data.go.kr/data/3044610/fileData.do,20260831
(주)에이시스테크놀로지,,2026,국비,중소벤처기업부,주력산업 생태계 구축,R&D,,,중소벤처기업부 중소기업기술개발과제정보(공공데이터포털),https://www.data.go.kr/data/3044610/fileData.do,20260831
인셀(주),,2026,국비,중소벤처기업부,주력산업 생태계 구축,R&D,,,중소벤처기업부 중소기업기술개발과제정보(공공데이터포털),https://www.data.go.kr/data/3044610/fileData.do,20260831
케이앤피,,2026,국비,중소벤처기업부,주력산업 생태계 구축,R&D,,,중소벤처기업부 중소기업기술개발과제정보(공공데이터포털),https://www.data.go.kr/data/3044610/fileData.do,20260831
주식회사 이스트,,2026,국비,중소벤처기업부,주력산업 생태계 구축,R&D,,,중소벤처기업부 중소기업기술개발과제정보(공공데이터포털),https://www.data.go.kr/data/3044610/fileData.do,20260831
주식회사 창림,,2026,국비,중소벤처기업부,주력산업 생태계 구축,R&D,,,중소벤처기업부 중소기업기술개발과제정보(공공데이터포털),https://www.data.go.kr/data/3044610/fileData.do,20260831
주식회사 라지,,2026,국비,중소벤처기업부,주력산업 생태계 구축,R&D,,,중소벤처기업부 중소기업기술개발과제정보(공공데이터포털),https://www.data.go.kr/data/3044610/fileData.do,20260831
주식회사 엠디엠,,2026,국비,중소벤처기업부,주력산업 생태계 구축,R&D,,,중소벤처기업부 중소기업기술개발과제정보(공공데이터포털),https://www.data.go.kr/data/3044610/fileData.do,20260831
(주)태진,,2026,국비,중소벤처기업부,주력산업 생태계 구축,R&D,,,중소벤처기업부 중소기업기술개발과제정보(공공데이터포털),https://www.data.go.kr/data/3044610/fileData.do,20260831
태림산업(주),,2026,국비,중소벤처기업부,주력산업 생태계 구축,R&D,,,중소벤처기업부 중소기업기술개발과제정보(공공데이터포털),https://www.data.go.kr/data/3044610/fileData.do,20260831
에스앤씨 주식회사,,2026,국비,중소벤처기업부,지역기업 역량강화,R&D,,,중소벤처기업부 중소기업기술개발과제정보(공공데이터포털),https://www.data.go.kr/data/3044610/fileData.do,20260831
다온 주식회사,,2026,국비,중소벤처기업부,지역기업 역량강화,R&D,,,중소벤처기업부 중소기업기술개발과제정보(공공데이터포털),https://www.data.go.kr/data/3044610/fileData.do,20260831
유성정밀공업(주),,2026,국비,중소벤처기업부,지역기업 역량강화,R&D,,,중소벤처기업부 중소기업기술개발과제정보(공공데이터포털),https://www.data.go.kr/data/3044610/fileData.do,20260831
(주) 이스타이엔지,,2026,국비,중소벤처기업부,지역기업 역량강화,R&D,,,중소벤처기업부 중소기업기술개발과제정보(공공데이터포털),https://www.data.go.kr/data/3044610/fileData.do,20260831
(주)배터와이,,2026,국비,중소벤처기업부,지역기업 역량강화,R&D,,,중소벤처기업부 중소기업기술개발과제정보(공공데이터포털),https://www.data.go.kr/data/3044610/fileData.do,20260831
에스제이앤텍,,2026,국비,중소벤처기업부,지역기업 역량강화,R&D,,,중소벤처기업부 중소기업기술개발과제정보(공공데이터포털),https://www.data.go.kr/data/3044610/fileData.do,20260831
주식회사 제이디,,2026,국비,중소벤처기업부,지역기업 역량강화,R&D,,,중소벤처기업부 중소기업기술개발과제정보(공공데이터포털),https://www.data.go.kr/data/3044610/fileData.do,20260831
공성,,2026,국비,중소벤처기업부,지역기업 역량강화,R&D,,,중소벤처기업부 중소기업기술개발과제정보(공공데이터포털),https://www.data.go.kr/data/3044610/fileData.do,20260831
비엔비테크,,2026,국비,중소벤처기업부,지역기업 역량강화,R&D,,,중소벤처기업부 중소기업기술개발과제정보(공공데이터포털),https://www.data.go.kr/data/3044610/fileData.do,20260831
(주)이노알앤씨,,2026,국비,중소벤처기업부,지역기업 역량강화,R&D,,,중소벤처기업부 중소기업기술개발과제정보(공공데이터포털),https://www.data.go.kr/data/3044610/fileData.do,20260831
셀러스,,2026,국비,중소벤처기업부,지역기업 역량강화,R&D,,,중소벤처기업부 중소기업기술개발과제정보(공공데이터포털),https://www.data.go.kr/data/3044610/fileData.do,20260831
(주)효광,,2026,국비,중소벤처기업부,지역기업 역량강화,R&D,,,중소벤처기업부 중소기업기술개발과제정보(공공데이터포털),https://www.data.go.kr/data/3044610/fileData.do,20260831
(주)동진금속,,2026,국비,중소벤처기업부,지역기업 역량강화,R&D,,,중소벤처기업부 중소기업기술개발과제정보(공공데이터포털),https://www.data.go.kr/data/3044610/fileData.do,20260831
산시스템 주식회사,,2026,국비,중소벤처기업부,지역기업 역량강화,R&D,,,중소벤처기업부 중소기업기술개발과제정보(공공데이터포털),https://www.data.go.kr/data/3044610/fileData.do,20260831
(주)신흥,,2026,국비,중소벤처기업부,지역기업 역량강화,R&D,,,중소벤처기업부 중소기업기술개발과제정보(공공데이터포털),https://www.data.go.kr/data/3044610/fileData.do,20260831
(주)씨디씨뉴매틱,,2026,국비,중소벤처기업부,지역기업 역량강화,R&D,,,중소벤처기업부 중소기업기술개발과제정보(공공데이터포털),https://www.data.go.kr/data/3044610/fileData.do,20260831
주식회사네오테크,,2026,국비,중소벤처기업부,지역기업 역량강화,R&D,,,중소벤처기업부 중소기업기술개발과제정보(공공데이터포털),https://www.data.go.kr/data/3044610/fileData.do,20260831
주식회사 이브이타고,,2026,국비,중소벤처기업부,지역기업 역량강화,R&D,,,중소벤처기업부 중소기업기술개발과제정보(공공데이터포털),https://www.data.go.kr/data/3044610/fileData.do,20260831
신흥정공(주),,2026,국비,중소벤처기업부,지역기업 역량강화,R&D,,,중소벤처기업부 중소기업기술개발과제정보(공공데이터포털),https://www.data.go.kr/data/3044610/fileData.do,20260831
(주)화성,,2026,국비,중소벤처기업부,지역기업 역량강화,R&D,,,중소벤처기업부 중소기업기술개발과제정보(공공데이터포털),https://www.data.go.kr/data/3044610/fileData.do,20260831
(주)설텍,,2026,국비,중소벤처기업부,지역기업 역량강화,R&D,,,중소벤처기업부 중소기업기술개발과제정보(공공데이터포털),https://www.data.go.kr/data/3044610/fileData.do,20260831
(주)금도시스템,,2026,국비,중소벤처기업부,지역기업 역량강화,R&D,,,중소벤처기업부 중소기업기술개발과제정보(공공데이터포털),https://www.data.go.kr/data/3044610/fileData.do,20260831
(주)엘라인,,2026,국비,중소벤처기업부,지역기업 역량강화,R&D,,,중소벤처기업부 중소기업기술개발과제정보(공공데이터포털),https://www.data.go.kr/data/3044610/fileData.do,20260831
테라랩 주식회사,,2026,국비,중소벤처기업부,지역기업 역량강화,R&D,,,중소벤처기업부 중소기업기술개발과제정보(공공데이터포털),https://www.data.go.kr/data/3044610/fileData.do,20260831
(재)대구테크노파크,,2026,국비,중소벤처기업부,산업기술단지거점기능강화,R&D,,,중소벤처기업부 중소기업기술개발과제정보(공공데이터포털),https://www.data.go.kr/data/3044610/fileData.do,20260831
주식회사애드,,2026,국비,중소벤처기업부,기술사업화 패키지 사업,R&D,,,중소벤처기업부 중소기업기술개발과제정보(공공데이터포털),https://www.data.go.kr/data/3044610/fileData.do,20260831
(재)대구기계부품연구원,,2026,국비,중소벤처기업부,(비R&D)지역주력산업육성,R&D,,,중소벤처기업부 중소기업기술개발과제정보(공공데이터포털),https://www.data.go.kr/data/3044610/fileData.do,20260831
(재)대구테크노파크,,2026,국비,중소벤처기업부,(비R&D)지역주력산업육성,R&D,,,중소벤처기업부 중소기업기술개발과제정보(공공데이터포털),https://www.data.go.kr/data/3044610/fileData.do,20260831
