TIME,ITEM_NAME1,ITEM_NAME2,ITEM_NAME3,ITEM_NAME4,DATA_VALUE,UNIT_NAME
2021Q1,"농업, 임업 및 어업",대구,,,834.6,십억원
2021Q1,광업,대구,,,27.4,십억원
2021Q1,제조업,대구,,,22338.3,십억원
2021Q1,  식료품 및 음료,대구,,,951,십억원
2021Q1,  섬유제품,대구,,,2958.7,십억원
2021Q1,"  의복, 의복액세서리 및 모피제품",대구,,,289.8,십억원
2021Q1,"  가죽, 가방 및 신발",대구,,,21.2,십억원
2021Q1,  목재 및 나무제품,대구,,,131.8,십억원
2021Q1,"  펄프, 종이 및 종이제품",대구,,,425.9,십억원
2021Q1,  인쇄 및 기록매체,대구,,,306.7,십억원
2021Q1,"  코크스, 연탄 및 석유정제품",대구,,,17.5,십억원
2021Q1,  화학제품 및 의료용제품,대구,,,940.2,십억원
2021Q1,  고무제품 및 플라스틱제품,대구,,,1351.3,십억원
2021Q1,  비금속 광물제품,대구,,,448.4,십억원
2021Q1,  1차 금속,대구,,,1539.8,십억원
2021Q1,  금속가공제품 제조,대구,,,3024.6,십억원
2021Q1,"  전자부품, 컴퓨터, 영상, 음향 및 통신장비",대구,,,540.7,십억원
2021Q1,"  의료, 정밀, 광학기기 및 시계",대구,,,719.4,십억원
2021Q1,  전기장비,대구,,,822.2,십억원
2021Q1,  기타 기계 및 장비,대구,,,3853.7,십억원
2021Q1,  자동차 및 트레일러,대구,,,3421.3,십억원
2021Q1,  기타 운송장비,대구,,,120.1,십억원
2021Q1,  가구 제조 및 기타제품,대구,,,432.5,십억원
2021Q1,  산업용기계 및 장비수리업,대구,,,21.5,십억원
2021Q1,"전기, 가스, 증기 및 공기조절공급업",대구,,,309.8,십억원
2021Q1,"수도, 하수, 폐기물처리, 원료재생업",대구,,,346.2,십억원
2021Q1,건설업,대구,,,1357.5,십억원
2021Q1,도매 및 소매업,대구,,,8411.1,십억원
2021Q1,운수 및 창고업,대구,,,826.5,십억원
2021Q1,숙박 및 음식점업,대구,,,2708.2,십억원
2021Q1,정보통신업,대구,,,428,십억원
2021Q1,금융 및 보험업,대구,,,746.8,십억원
2021Q1,부동산업,대구,,,11279.9,십억원
2021Q1,"전문, 과학 및 기술 서비스업",대구,,,698.3,십억원
2021Q1,사업시설관리 및 사업지원 및 임대서비스업,대구,,,380.2,십억원
2021Q1,공공행정 등 기타 서비스,대구,,,1313.3,십억원
2021Q1,교육 서비스업,대구,,,641.6,십억원
2021Q1,보건업 및 사회복지 서비스업,대구,,,2130.1,십억원
2021Q1,"예술, 스포츠 및 여가관련 서비스업",대구,,,782.8,십억원
2021Q1,서비스업,대구,,,30346.8,십억원
2021Q1,산업별대출금 합계,대구,,,55560.6,십억원
2021Q2,"농업, 임업 및 어업",대구,,,870.6,십억원
2021Q2,광업,대구,,,18.2,십억원
2021Q2,제조업,대구,,,22409.2,십억원
2021Q2,  식료품 및 음료,대구,,,970.8,십억원
2021Q2,  섬유제품,대구,,,2965,십억원
2021Q2,"  의복, 의복액세서리 및 모피제품",대구,,,291.7,십억원
2021Q2,"  가죽, 가방 및 신발",대구,,,23.5,십억원
2021Q2,  목재 및 나무제품,대구,,,137.3,십억원
2021Q2,"  펄프, 종이 및 종이제품",대구,,,438.2,십억원
2021Q2,  인쇄 및 기록매체,대구,,,330.9,십억원
2021Q2,"  코크스, 연탄 및 석유정제품",대구,,,16.1,십억원
2021Q2,  화학제품 및 의료용제품,대구,,,1015.6,십억원
2021Q2,  고무제품 및 플라스틱제품,대구,,,1375,십억원
2021Q2,  비금속 광물제품,대구,,,453.5,십억원
2021Q2,  1차 금속,대구,,,1457.1,십억원
2021Q2,  금속가공제품 제조,대구,,,3068.1,십억원
2021Q2,"  전자부품, 컴퓨터, 영상, 음향 및 통신장비",대구,,,523.6,십억원
2021Q2,"  의료, 정밀, 광학기기 및 시계",대구,,,732.6,십억원
2021Q2,  전기장비,대구,,,857.8,십억원
2021Q2,  기타 기계 및 장비,대구,,,3818.8,십억원
2021Q2,  자동차 및 트레일러,대구,,,3330.8,십억원
2021Q2,  기타 운송장비,대구,,,117.7,십억원
2021Q2,  가구 제조 및 기타제품,대구,,,458.2,십억원
2021Q2,  산업용기계 및 장비수리업,대구,,,27.2,십억원
2021Q2,"전기, 가스, 증기 및 공기조절공급업",대구,,,309,십억원
2021Q2,"수도, 하수, 폐기물처리, 원료재생업",대구,,,363,십억원
2021Q2,건설업,대구,,,1487.5,십억원
2021Q2,도매 및 소매업,대구,,,8647.9,십억원
2021Q2,운수 및 창고업,대구,,,836.2,십억원
2021Q2,숙박 및 음식점업,대구,,,2757.7,십억원
2021Q2,정보통신업,대구,,,459.1,십억원
2021Q2,금융 및 보험업,대구,,,799.5,십억원
2021Q2,부동산업,대구,,,11400.1,십억원
2021Q2,"전문, 과학 및 기술 서비스업",대구,,,1121.7,십억원
2021Q2,사업시설관리 및 사업지원 및 임대서비스업,대구,,,384.6,십억원
2021Q2,공공행정 등 기타 서비스,대구,,,1322.8,십억원
2021Q2,교육 서비스업,대구,,,660.8,십억원
2021Q2,보건업 및 사회복지 서비스업,대구,,,2214.2,십억원
2021Q2,"예술, 스포츠 및 여가관련 서비스업",대구,,,810.3,십억원
2021Q2,서비스업,대구,,,31414.9,십억원
2021Q2,산업별대출금 합계,대구,,,56872.4,십억원
2021Q3,"농업, 임업 및 어업",대구,,,893.7,십억원
2021Q3,광업,대구,,,17.3,십억원
2021Q3,제조업,대구,,,22643,십억원
2021Q3,  식료품 및 음료,대구,,,984.6,십억원
2021Q3,  섬유제품,대구,,,2963,십억원
2021Q3,"  의복, 의복액세서리 및 모피제품",대구,,,293.9,십억원
2021Q3,"  가죽, 가방 및 신발",대구,,,23.5,십억원
2021Q3,  목재 및 나무제품,대구,,,140.9,십억원
2021Q3,"  펄프, 종이 및 종이제품",대구,,,471.4,십억원
2021Q3,  인쇄 및 기록매체,대구,,,354.5,십억원
2021Q3,"  코크스, 연탄 및 석유정제품",대구,,,15.6,십억원
2021Q3,  화학제품 및 의료용제품,대구,,,1019.9,십억원
2021Q3,  고무제품 및 플라스틱제품,대구,,,1393.6,십억원
2021Q3,  비금속 광물제품,대구,,,445,십억원
2021Q3,  1차 금속,대구,,,1483.1,십억원
2021Q3,  금속가공제품 제조,대구,,,3083.5,십억원
2021Q3,"  전자부품, 컴퓨터, 영상, 음향 및 통신장비",대구,,,550.2,십억원
2021Q3,"  의료, 정밀, 광학기기 및 시계",대구,,,744.4,십억원
2021Q3,  전기장비,대구,,,910.3,십억원
2021Q3,  기타 기계 및 장비,대구,,,3874,십억원
2021Q3,  자동차 및 트레일러,대구,,,3266.9,십억원
2021Q3,  기타 운송장비,대구,,,123,십억원
2021Q3,  가구 제조 및 기타제품,대구,,,473.3,십억원
2021Q3,  산업용기계 및 장비수리업,대구,,,28.5,십억원
2021Q3,"전기, 가스, 증기 및 공기조절공급업",대구,,,312.3,십억원
2021Q3,"수도, 하수, 폐기물처리, 원료재생업",대구,,,374.2,십억원
2021Q3,건설업,대구,,,1558.2,십억원
2021Q3,도매 및 소매업,대구,,,8838.6,십억원
2021Q3,운수 및 창고업,대구,,,854.1,십억원
2021Q3,숙박 및 음식점업,대구,,,2829,십억원
2021Q3,정보통신업,대구,,,479.9,십억원
2021Q3,금융 및 보험업,대구,,,769.9,십억원
2021Q3,부동산업,대구,,,11778.6,십억원
2021Q3,"전문, 과학 및 기술 서비스업",대구,,,1156.9,십억원
2021Q3,사업시설관리 및 사업지원 및 임대서비스업,대구,,,388,십억원
2021Q3,공공행정 등 기타 서비스,대구,,,1344,십억원
2021Q3,교육 서비스업,대구,,,679.2,십억원
2021Q3,보건업 및 사회복지 서비스업,대구,,,2197.8,십억원
2021Q3,"예술, 스포츠 및 여가관련 서비스업",대구,,,902.9,십억원
2021Q3,서비스업,대구,,,32218.9,십억원
2021Q3,산업별대출금 합계,대구,,,58017.3,십억원
2021Q4,"농업, 임업 및 어업",대구,,,909.5,십억원
2021Q4,광업,대구,,,15.7,십억원
2021Q4,제조업,대구,,,22809.2,십억원
2021Q4,  식료품 및 음료,대구,,,1014.1,십억원
2021Q4,  섬유제품,대구,,,2948.8,십억원
2021Q4,"  의복, 의복액세서리 및 모피제품",대구,,,298.3,십억원
2021Q4,"  가죽, 가방 및 신발",대구,,,25.4,십억원
2021Q4,  목재 및 나무제품,대구,,,135.3,십억원
2021Q4,"  펄프, 종이 및 종이제품",대구,,,463.2,십억원
2021Q4,  인쇄 및 기록매체,대구,,,355.3,십억원
2021Q4,"  코크스, 연탄 및 석유정제품",대구,,,15.9,십억원
2021Q4,  화학제품 및 의료용제품,대구,,,1018.7,십억원
2021Q4,  고무제품 및 플라스틱제품,대구,,,1388.9,십억원
2021Q4,  비금속 광물제품,대구,,,437.5,십억원
2021Q4,  1차 금속,대구,,,1522.6,십억원
2021Q4,  금속가공제품 제조,대구,,,3091.5,십억원
2021Q4,"  전자부품, 컴퓨터, 영상, 음향 및 통신장비",대구,,,584.7,십억원
2021Q4,"  의료, 정밀, 광학기기 및 시계",대구,,,741.5,십억원
2021Q4,  전기장비,대구,,,925.6,십억원
2021Q4,  기타 기계 및 장비,대구,,,3918.2,십억원
2021Q4,  자동차 및 트레일러,대구,,,3295.7,십억원
2021Q4,  기타 운송장비,대구,,,130,십억원
2021Q4,  가구 제조 및 기타제품,대구,,,475.9,십억원
2021Q4,  산업용기계 및 장비수리업,대구,,,22.3,십억원
2021Q4,"전기, 가스, 증기 및 공기조절공급업",대구,,,1433.4,십억원
2021Q4,"수도, 하수, 폐기물처리, 원료재생업",대구,,,371.2,십억원
2021Q4,건설업,대구,,,1563.1,십억원
2021Q4,도매 및 소매업,대구,,,8896.5,십억원
2021Q4,운수 및 창고업,대구,,,841.9,십억원
2021Q4,숙박 및 음식점업,대구,,,2818.6,십억원
2021Q4,정보통신업,대구,,,490.5,십억원
2021Q4,금융 및 보험업,대구,,,893.9,십억원
2021Q4,부동산업,대구,,,12088.1,십억원
2021Q4,"전문, 과학 및 기술 서비스업",대구,,,1190.5,십억원
2021Q4,사업시설관리 및 사업지원 및 임대서비스업,대구,,,369.7,십억원
2021Q4,공공행정 등 기타 서비스,대구,,,1354.3,십억원
2021Q4,교육 서비스업,대구,,,685,십억원
2021Q4,보건업 및 사회복지 서비스업,대구,,,2243.8,십억원
2021Q4,"예술, 스포츠 및 여가관련 서비스업",대구,,,957.4,십억원
2021Q4,서비스업,대구,,,32830.2,십억원
2021Q4,산업별대출금 합계,대구,,,59932.1,십억원
2022Q1,"농업, 임업 및 어업",대구,,,924.9,십억원
2022Q1,광업,대구,,,15.5,십억원
2022Q1,제조업,대구,,,23168.9,십억원
2022Q1,  식료품 및 음료,대구,,,1046,십억원
2022Q1,  섬유제품,대구,,,2957.4,십억원
2022Q1,"  의복, 의복액세서리 및 모피제품",대구,,,295.6,십억원
2022Q1,"  가죽, 가방 및 신발",대구,,,26.5,십억원
2022Q1,  목재 및 나무제품,대구,,,140.1,십억원
2022Q1,"  펄프, 종이 및 종이제품",대구,,,481.2,십억원
2022Q1,  인쇄 및 기록매체,대구,,,369.4,십억원
2022Q1,"  코크스, 연탄 및 석유정제품",대구,,,17.1,십억원
2022Q1,  화학제품 및 의료용제품,대구,,,980.5,십억원
2022Q1,  고무제품 및 플라스틱제품,대구,,,1426,십억원
2022Q1,  비금속 광물제품,대구,,,438.1,십억원
2022Q1,  1차 금속,대구,,,1591,십억원
2022Q1,  금속가공제품 제조,대구,,,3131.2,십억원
2022Q1,"  전자부품, 컴퓨터, 영상, 음향 및 통신장비",대구,,,592.7,십억원
2022Q1,"  의료, 정밀, 광학기기 및 시계",대구,,,760,십억원
2022Q1,  전기장비,대구,,,937.8,십억원
2022Q1,  기타 기계 및 장비,대구,,,4006.6,십억원
2022Q1,  자동차 및 트레일러,대구,,,3330.6,십억원
2022Q1,  기타 운송장비,대구,,,134.4,십억원
2022Q1,  가구 제조 및 기타제품,대구,,,485.8,십억원
2022Q1,  산업용기계 및 장비수리업,대구,,,20.8,십억원
2022Q1,"전기, 가스, 증기 및 공기조절공급업",대구,,,333.2,십억원
2022Q1,"수도, 하수, 폐기물처리, 원료재생업",대구,,,373.5,십억원
2022Q1,건설업,대구,,,1625.9,십억원
2022Q1,도매 및 소매업,대구,,,9162.8,십억원
2022Q1,운수 및 창고업,대구,,,862.5,십억원
2022Q1,숙박 및 음식점업,대구,,,2867.2,십억원
2022Q1,정보통신업,대구,,,516.8,십억원
2022Q1,금융 및 보험업,대구,,,778.1,십억원
2022Q1,부동산업,대구,,,12261.6,십억원
2022Q1,"전문, 과학 및 기술 서비스업",대구,,,1201.6,십억원
2022Q1,사업시설관리 및 사업지원 및 임대서비스업,대구,,,377.2,십억원
2022Q1,공공행정 등 기타 서비스,대구,,,1356.2,십억원
2022Q1,교육 서비스업,대구,,,701.3,십억원
2022Q1,보건업 및 사회복지 서비스업,대구,,,2335.4,십억원
2022Q1,"예술, 스포츠 및 여가관련 서비스업",대구,,,995.4,십억원
2022Q1,서비스업,대구,,,33416.1,십억원
2022Q1,산업별대출금 합계,대구,,,59858,십억원
2022Q2,"농업, 임업 및 어업",대구,,,934.8,십억원
2022Q2,광업,대구,,,19.1,십억원
2022Q2,제조업,대구,,,23268.7,십억원
2022Q2,  식료품 및 음료,대구,,,1074.3,십억원
2022Q2,  섬유제품,대구,,,2942.2,십억원
2022Q2,"  의복, 의복액세서리 및 모피제품",대구,,,294.2,십억원
2022Q2,"  가죽, 가방 및 신발",대구,,,26.8,십억원
2022Q2,  목재 및 나무제품,대구,,,141.5,십억원
2022Q2,"  펄프, 종이 및 종이제품",대구,,,494.7,십억원
2022Q2,  인쇄 및 기록매체,대구,,,368.1,십억원
2022Q2,"  코크스, 연탄 및 석유정제품",대구,,,15.3,십억원
2022Q2,  화학제품 및 의료용제품,대구,,,1022.4,십억원
2022Q2,  고무제품 및 플라스틱제품,대구,,,1461.7,십억원
2022Q2,  비금속 광물제품,대구,,,445.4,십억원
2022Q2,  1차 금속,대구,,,1558.1,십억원
2022Q2,  금속가공제품 제조,대구,,,3139.4,십억원
2022Q2,"  전자부품, 컴퓨터, 영상, 음향 및 통신장비",대구,,,591.9,십억원
2022Q2,"  의료, 정밀, 광학기기 및 시계",대구,,,786.3,십억원
2022Q2,  전기장비,대구,,,996.9,십억원
2022Q2,  기타 기계 및 장비,대구,,,3991.9,십억원
2022Q2,  자동차 및 트레일러,대구,,,3268.2,십억원
2022Q2,  기타 운송장비,대구,,,126.1,십억원
2022Q2,  가구 제조 및 기타제품,대구,,,502.6,십억원
2022Q2,  산업용기계 및 장비수리업,대구,,,20.6,십억원
2022Q2,"전기, 가스, 증기 및 공기조절공급업",대구,,,941.7,십억원
2022Q2,"수도, 하수, 폐기물처리, 원료재생업",대구,,,380.4,십억원
2022Q2,건설업,대구,,,1852,십억원
2022Q2,도매 및 소매업,대구,,,9315.9,십억원
2022Q2,운수 및 창고업,대구,,,883.1,십억원
2022Q2,숙박 및 음식점업,대구,,,2887.8,십억원
2022Q2,정보통신업,대구,,,548.8,십억원
2022Q2,금융 및 보험업,대구,,,776.2,십억원
2022Q2,부동산업,대구,,,12459.9,십억원
2022Q2,"전문, 과학 및 기술 서비스업",대구,,,1226.2,십억원
2022Q2,사업시설관리 및 사업지원 및 임대서비스업,대구,,,382.3,십억원
2022Q2,공공행정 등 기타 서비스,대구,,,1355.5,십억원
2022Q2,교육 서비스업,대구,,,705.5,십억원
2022Q2,보건업 및 사회복지 서비스업,대구,,,2385.4,십억원
2022Q2,"예술, 스포츠 및 여가관련 서비스업",대구,,,1105.4,십억원
2022Q2,서비스업,대구,,,34032,십억원
2022Q2,산업별대출금 합계,대구,,,61428.5,십억원
2022Q3,"농업, 임업 및 어업",대구,,,960.1,십억원
2022Q3,광업,대구,,,19,십억원
2022Q3,제조업,대구,,,23557.9,십억원
2022Q3,  식료품 및 음료,대구,,,1084.9,십억원
2022Q3,  섬유제품,대구,,,2953.1,십억원
2022Q3,"  의복, 의복액세서리 및 모피제품",대구,,,294.1,십억원
2022Q3,"  가죽, 가방 및 신발",대구,,,27.8,십억원
2022Q3,  목재 및 나무제품,대구,,,140.9,십억원
2022Q3,"  펄프, 종이 및 종이제품",대구,,,511,십억원
2022Q3,  인쇄 및 기록매체,대구,,,378.8,십억원
2022Q3,"  코크스, 연탄 및 석유정제품",대구,,,15.3,십억원
2022Q3,  화학제품 및 의료용제품,대구,,,1037,십억원
2022Q3,  고무제품 및 플라스틱제품,대구,,,1472.4,십억원
2022Q3,  비금속 광물제품,대구,,,443.9,십억원
2022Q3,  1차 금속,대구,,,1592.8,십억원
2022Q3,  금속가공제품 제조,대구,,,3184.2,십억원
2022Q3,"  전자부품, 컴퓨터, 영상, 음향 및 통신장비",대구,,,604.3,십억원
2022Q3,"  의료, 정밀, 광학기기 및 시계",대구,,,794.1,십억원
2022Q3,  전기장비,대구,,,1101.4,십억원
2022Q3,  기타 기계 및 장비,대구,,,3969.6,십억원
2022Q3,  자동차 및 트레일러,대구,,,3287.8,십억원
2022Q3,  기타 운송장비,대구,,,124.7,십억원
2022Q3,  가구 제조 및 기타제품,대구,,,513.5,십억원
2022Q3,  산업용기계 및 장비수리업,대구,,,26.2,십억원
2022Q3,"전기, 가스, 증기 및 공기조절공급업",대구,,,978.8,십억원
2022Q3,"수도, 하수, 폐기물처리, 원료재생업",대구,,,389.2,십억원
2022Q3,건설업,대구,,,1892.6,십억원
2022Q3,도매 및 소매업,대구,,,9606.8,십억원
2022Q3,운수 및 창고업,대구,,,886.5,십억원
2022Q3,숙박 및 음식점업,대구,,,2952.3,십억원
2022Q3,정보통신업,대구,,,559,십억원
2022Q3,금융 및 보험업,대구,,,828.4,십억원
2022Q3,부동산업,대구,,,12763.2,십억원
2022Q3,"전문, 과학 및 기술 서비스업",대구,,,1250.4,십억원
2022Q3,사업시설관리 및 사업지원 및 임대서비스업,대구,,,401.9,십억원
2022Q3,공공행정 등 기타 서비스,대구,,,1414.3,십억원
2022Q3,교육 서비스업,대구,,,721.1,십억원
2022Q3,보건업 및 사회복지 서비스업,대구,,,2413.6,십억원
2022Q3,"예술, 스포츠 및 여가관련 서비스업",대구,,,1069.1,십억원
2022Q3,서비스업,대구,,,34866.6,십억원
2022Q3,산업별대출금 합계,대구,,,62664.2,십억원
2022Q4,"농업, 임업 및 어업",대구,,,979.8,십억원
2022Q4,광업,대구,,,17.5,십억원
2022Q4,제조업,대구,,,23584.6,십억원
2022Q4,  식료품 및 음료,대구,,,1106.2,십억원
2022Q4,  섬유제품,대구,,,2931.8,십억원
2022Q4,"  의복, 의복액세서리 및 모피제품",대구,,,290.1,십억원
2022Q4,"  가죽, 가방 및 신발",대구,,,27.9,십억원
2022Q4,  목재 및 나무제품,대구,,,140.6,십억원
2022Q4,"  펄프, 종이 및 종이제품",대구,,,508.5,십억원
2022Q4,  인쇄 및 기록매체,대구,,,370.6,십억원
2022Q4,"  코크스, 연탄 및 석유정제품",대구,,,15.5,십억원
2022Q4,  화학제품 및 의료용제품,대구,,,1068.8,십억원
2022Q4,  고무제품 및 플라스틱제품,대구,,,1441.8,십억원
2022Q4,  비금속 광물제품,대구,,,446.9,십억원
2022Q4,  1차 금속,대구,,,1565.1,십억원
2022Q4,  금속가공제품 제조,대구,,,3147.5,십억원
2022Q4,"  전자부품, 컴퓨터, 영상, 음향 및 통신장비",대구,,,614.6,십억원
2022Q4,"  의료, 정밀, 광학기기 및 시계",대구,,,785.6,십억원
2022Q4,  전기장비,대구,,,1218.2,십억원
2022Q4,  기타 기계 및 장비,대구,,,3996.2,십억원
2022Q4,  자동차 및 트레일러,대구,,,3255.6,십억원
2022Q4,  기타 운송장비,대구,,,127.5,십억원
2022Q4,  가구 제조 및 기타제품,대구,,,498.4,십억원
2022Q4,  산업용기계 및 장비수리업,대구,,,27.2,십억원
2022Q4,"전기, 가스, 증기 및 공기조절공급업",대구,,,1903.9,십억원
2022Q4,"수도, 하수, 폐기물처리, 원료재생업",대구,,,397.7,십억원
2022Q4,건설업,대구,,,1823.9,십억원
2022Q4,도매 및 소매업,대구,,,9499.1,십억원
2022Q4,운수 및 창고업,대구,,,882.8,십억원
2022Q4,숙박 및 음식점업,대구,,,2977.1,십억원
2022Q4,정보통신업,대구,,,575.9,십억원
2022Q4,금융 및 보험업,대구,,,944.1,십억원
2022Q4,부동산업,대구,,,12798.9,십억원
2022Q4,"전문, 과학 및 기술 서비스업",대구,,,1147.2,십억원
2022Q4,사업시설관리 및 사업지원 및 임대서비스업,대구,,,404.2,십억원
2022Q4,공공행정 등 기타 서비스,대구,,,1213.6,십억원
2022Q4,교육 서비스업,대구,,,719.8,십억원
2022Q4,보건업 및 사회복지 서비스업,대구,,,2416.1,십억원
2022Q4,"예술, 스포츠 및 여가관련 서비스업",대구,,,1096.3,십억원
2022Q4,서비스업,대구,,,34675.1,십억원
2022Q4,산업별대출금 합계,대구,,,63382.4,십억원
2023Q1,"농업, 임업 및 어업",대구,,,989.8,십억원
2023Q1,광업,대구,,,18.1,십억원
2023Q1,제조업,대구,,,23965,십억원
2023Q1,  식료품 및 음료,대구,,,1107.3,십억원
2023Q1,  섬유제품,대구,,,2924.6,십억원
2023Q1,"  의복, 의복액세서리 및 모피제품",대구,,,289.2,십억원
2023Q1,"  가죽, 가방 및 신발",대구,,,27.4,십억원
2023Q1,  목재 및 나무제품,대구,,,128.6,십억원
2023Q1,"  펄프, 종이 및 종이제품",대구,,,504.3,십억원
2023Q1,  인쇄 및 기록매체,대구,,,398.4,십억원
2023Q1,"  코크스, 연탄 및 석유정제품",대구,,,15.4,십억원
2023Q1,  화학제품 및 의료용제품,대구,,,1220.4,십억원
2023Q1,  고무제품 및 플라스틱제품,대구,,,1462.4,십억원
2023Q1,  비금속 광물제품,대구,,,437,십억원
2023Q1,  1차 금속,대구,,,1616.1,십억원
2023Q1,  금속가공제품 제조,대구,,,3185,십억원
2023Q1,"  전자부품, 컴퓨터, 영상, 음향 및 통신장비",대구,,,635.7,십억원
2023Q1,"  의료, 정밀, 광학기기 및 시계",대구,,,806.9,십억원
2023Q1,  전기장비,대구,,,1250.1,십억원
2023Q1,  기타 기계 및 장비,대구,,,3986.6,십억원
2023Q1,  자동차 및 트레일러,대구,,,3312.6,십억원
2023Q1,  기타 운송장비,대구,,,127.3,십억원
2023Q1,  가구 제조 및 기타제품,대구,,,502.6,십억원
2023Q1,  산업용기계 및 장비수리업,대구,,,27.1,십억원
2023Q1,"전기, 가스, 증기 및 공기조절공급업",대구,,,339.8,십억원
2023Q1,"수도, 하수, 폐기물처리, 원료재생업",대구,,,416.5,십억원
2023Q1,건설업,대구,,,1987.2,십억원
2023Q1,도매 및 소매업,대구,,,9638,십억원
2023Q1,운수 및 창고업,대구,,,900.3,십억원
2023Q1,숙박 및 음식점업,대구,,,3026.2,십억원
2023Q1,정보통신업,대구,,,580.1,십억원
2023Q1,금융 및 보험업,대구,,,826.9,십억원
2023Q1,부동산업,대구,,,12581.2,십억원
2023Q1,"전문, 과학 및 기술 서비스업",대구,,,1273.8,십억원
2023Q1,사업시설관리 및 사업지원 및 임대서비스업,대구,,,417.9,십억원
2023Q1,공공행정 등 기타 서비스,대구,,,1172.5,십억원
2023Q1,교육 서비스업,대구,,,726.4,십억원
2023Q1,보건업 및 사회복지 서비스업,대구,,,2438.4,십억원
2023Q1,"예술, 스포츠 및 여가관련 서비스업",대구,,,1092.2,십억원
2023Q1,서비스업,대구,,,34673.9,십억원
2023Q1,산업별대출금 합계,대구,,,62390.3,십억원
2023Q2,"농업, 임업 및 어업",대구,,,999.1,십억원
2023Q2,광업,대구,,,17.6,십억원
2023Q2,제조업,대구,,,23974.8,십억원
2023Q2,  식료품 및 음료,대구,,,1147.8,십억원
2023Q2,  섬유제품,대구,,,2882.4,십억원
2023Q2,"  의복, 의복액세서리 및 모피제품",대구,,,285,십억원
2023Q2,"  가죽, 가방 및 신발",대구,,,27.7,십억원
2023Q2,  목재 및 나무제품,대구,,,136.5,십억원
2023Q2,"  펄프, 종이 및 종이제품",대구,,,522.3,십억원
2023Q2,  인쇄 및 기록매체,대구,,,394.6,십억원
2023Q2,"  코크스, 연탄 및 석유정제품",대구,,,15.1,십억원
2023Q2,  화학제품 및 의료용제품,대구,,,1162.6,십억원
2023Q2,  고무제품 및 플라스틱제품,대구,,,1463.6,십억원
2023Q2,  비금속 광물제품,대구,,,462.3,십억원
2023Q2,  1차 금속,대구,,,1547.8,십억원
2023Q2,  금속가공제품 제조,대구,,,3214.5,십억원
2023Q2,"  전자부품, 컴퓨터, 영상, 음향 및 통신장비",대구,,,602.2,십억원
2023Q2,"  의료, 정밀, 광학기기 및 시계",대구,,,822.6,십억원
2023Q2,  전기장비,대구,,,1348.4,십억원
2023Q2,  기타 기계 및 장비,대구,,,3941.5,십억원
2023Q2,  자동차 및 트레일러,대구,,,3350.4,십억원
2023Q2,  기타 운송장비,대구,,,128,십억원
2023Q2,  가구 제조 및 기타제품,대구,,,490.6,십억원
2023Q2,  산업용기계 및 장비수리업,대구,,,28.8,십억원
2023Q2,"전기, 가스, 증기 및 공기조절공급업",대구,,,576.4,십억원
2023Q2,"수도, 하수, 폐기물처리, 원료재생업",대구,,,439.5,십억원
2023Q2,건설업,대구,,,2081.6,십억원
2023Q2,도매 및 소매업,대구,,,9591.1,십억원
2023Q2,운수 및 창고업,대구,,,904.8,십억원
2023Q2,숙박 및 음식점업,대구,,,3073.6,십억원
2023Q2,정보통신업,대구,,,594.1,십억원
2023Q2,금융 및 보험업,대구,,,786.8,십억원
2023Q2,부동산업,대구,,,12980.6,십억원
2023Q2,"전문, 과학 및 기술 서비스업",대구,,,1078.1,십억원
2023Q2,사업시설관리 및 사업지원 및 임대서비스업,대구,,,414.3,십억원
2023Q2,공공행정 등 기타 서비스,대구,,,1186.5,십억원
2023Q2,교육 서비스업,대구,,,721,십억원
2023Q2,보건업 및 사회복지 서비스업,대구,,,2464,십억원
2023Q2,"예술, 스포츠 및 여가관련 서비스업",대구,,,1107.6,십억원
2023Q2,서비스업,대구,,,34902.5,십억원
2023Q2,산업별대출금 합계,대구,,,62991.6,십억원
2023Q3,"농업, 임업 및 어업",대구,,,1137,십억원
2023Q3,광업,대구,,,19.5,십억원
2023Q3,제조업,대구,,,24596.3,십억원
2023Q3,  식료품 및 음료,대구,,,1174.9,십억원
2023Q3,  섬유제품,대구,,,2870.2,십억원
2023Q3,"  의복, 의복액세서리 및 모피제품",대구,,,287.7,십억원
2023Q3,"  가죽, 가방 및 신발",대구,,,26.7,십억원
2023Q3,  목재 및 나무제품,대구,,,132.2,십억원
2023Q3,"  펄프, 종이 및 종이제품",대구,,,535.4,십억원
2023Q3,  인쇄 및 기록매체,대구,,,394.9,십억원
2023Q3,"  코크스, 연탄 및 석유정제품",대구,,,15.3,십억원
2023Q3,  화학제품 및 의료용제품,대구,,,1224.4,십억원
2023Q3,  고무제품 및 플라스틱제품,대구,,,1474.5,십억원
2023Q3,  비금속 광물제품,대구,,,480.6,십억원
2023Q3,  1차 금속,대구,,,1625.6,십억원
2023Q3,  금속가공제품 제조,대구,,,3244.4,십억원
2023Q3,"  전자부품, 컴퓨터, 영상, 음향 및 통신장비",대구,,,619.2,십억원
2023Q3,"  의료, 정밀, 광학기기 및 시계",대구,,,913.3,십억원
2023Q3,  전기장비,대구,,,1395.5,십억원
2023Q3,  기타 기계 및 장비,대구,,,4041.6,십억원
2023Q3,  자동차 및 트레일러,대구,,,3502.4,십억원
2023Q3,  기타 운송장비,대구,,,119.5,십억원
2023Q3,  가구 제조 및 기타제품,대구,,,490,십억원
2023Q3,  산업용기계 및 장비수리업,대구,,,28.1,십억원
2023Q3,"전기, 가스, 증기 및 공기조절공급업",대구,,,344.3,십억원
2023Q3,"수도, 하수, 폐기물처리, 원료재생업",대구,,,443.3,십억원
2023Q3,건설업,대구,,,2158.6,십억원
2023Q3,도매 및 소매업,대구,,,9759,십억원
2023Q3,운수 및 창고업,대구,,,903.1,십억원
2023Q3,숙박 및 음식점업,대구,,,3159.2,십억원
2023Q3,정보통신업,대구,,,692.4,십억원
2023Q3,금융 및 보험업,대구,,,829.5,십억원
2023Q3,부동산업,대구,,,13294.5,십억원
2023Q3,"전문, 과학 및 기술 서비스업",대구,,,962.8,십억원
2023Q3,사업시설관리 및 사업지원 및 임대서비스업,대구,,,421.7,십억원
2023Q3,공공행정 등 기타 서비스,대구,,,1227.8,십억원
2023Q3,교육 서비스업,대구,,,722.7,십억원
2023Q3,보건업 및 사회복지 서비스업,대구,,,2503.9,십억원
2023Q3,"예술, 스포츠 및 여가관련 서비스업",대구,,,1160,십억원
2023Q3,서비스업,대구,,,35636.6,십억원
2023Q3,산업별대출금 합계,대구,,,64335.5,십억원
2023Q4,"농업, 임업 및 어업",대구,,,1138.9,십억원
2023Q4,광업,대구,,,26.9,십억원
2023Q4,제조업,대구,,,24655.5,십억원
2023Q4,  식료품 및 음료,대구,,,1189.1,십억원
2023Q4,  섬유제품,대구,,,2860,십억원
2023Q4,"  의복, 의복액세서리 및 모피제품",대구,,,286.7,십억원
2023Q4,"  가죽, 가방 및 신발",대구,,,27.7,십억원
2023Q4,  목재 및 나무제품,대구,,,133.1,십억원
2023Q4,"  펄프, 종이 및 종이제품",대구,,,527.6,십억원
2023Q4,  인쇄 및 기록매체,대구,,,395,십억원
2023Q4,"  코크스, 연탄 및 석유정제품",대구,,,16.1,십억원
2023Q4,  화학제품 및 의료용제품,대구,,,1192.6,십억원
2023Q4,  고무제품 및 플라스틱제품,대구,,,1448.7,십억원
2023Q4,  비금속 광물제품,대구,,,491.8,십억원
2023Q4,  1차 금속,대구,,,1632.9,십억원
2023Q4,  금속가공제품 제조,대구,,,3250.5,십억원
2023Q4,"  전자부품, 컴퓨터, 영상, 음향 및 통신장비",대구,,,624.9,십억원
2023Q4,"  의료, 정밀, 광학기기 및 시계",대구,,,922.5,십억원
2023Q4,  전기장비,대구,,,1459.9,십억원
2023Q4,  기타 기계 및 장비,대구,,,4056.9,십억원
2023Q4,  자동차 및 트레일러,대구,,,3515.5,십억원
2023Q4,  기타 운송장비,대구,,,113.4,십억원
2023Q4,  가구 제조 및 기타제품,대구,,,482.1,십억원
2023Q4,  산업용기계 및 장비수리업,대구,,,28.5,십억원
2023Q4,"전기, 가스, 증기 및 공기조절공급업",대구,,,352.2,십억원
2023Q4,"수도, 하수, 폐기물처리, 원료재생업",대구,,,434.3,십억원
2023Q4,건설업,대구,,,2101.8,십억원
2023Q4,도매 및 소매업,대구,,,9784.8,십억원
2023Q4,운수 및 창고업,대구,,,900.7,십억원
2023Q4,숙박 및 음식점업,대구,,,3163.2,십억원
2023Q4,정보통신업,대구,,,701,십억원
2023Q4,금융 및 보험업,대구,,,916.9,십억원
2023Q4,부동산업,대구,,,13610.2,십억원
2023Q4,"전문, 과학 및 기술 서비스업",대구,,,969.3,십억원
2023Q4,사업시설관리 및 사업지원 및 임대서비스업,대구,,,431.9,십억원
2023Q4,공공행정 등 기타 서비스,대구,,,1222.8,십억원
2023Q4,교육 서비스업,대구,,,710.2,십억원
2023Q4,보건업 및 사회복지 서비스업,대구,,,2507,십억원
2023Q4,"예술, 스포츠 및 여가관련 서비스업",대구,,,1148.6,십억원
2023Q4,서비스업,대구,,,36066.6,십억원
2023Q4,산업별대출금 합계,대구,,,64776.1,십억원
2024Q1,"농업, 임업 및 어업",대구,,,1140.2,십억원
2024Q1,광업,대구,,,21.6,십억원
2024Q1,제조업,대구,,,25070.6,십억원
2024Q1,  식료품 및 음료,대구,,,1199.1,십억원
2024Q1,  섬유제품,대구,,,2865.7,십억원
2024Q1,"  의복, 의복액세서리 및 모피제품",대구,,,278.9,십억원
2024Q1,"  가죽, 가방 및 신발",대구,,,28.3,십억원
2024Q1,  목재 및 나무제품,대구,,,144.7,십억원
2024Q1,"  펄프, 종이 및 종이제품",대구,,,534.2,십억원
2024Q1,  인쇄 및 기록매체,대구,,,399.6,십억원
2024Q1,"  코크스, 연탄 및 석유정제품",대구,,,15.9,십억원
2024Q1,  화학제품 및 의료용제품,대구,,,1210.3,십억원
2024Q1,  고무제품 및 플라스틱제품,대구,,,1505.3,십억원
2024Q1,  비금속 광물제품,대구,,,493.6,십억원
2024Q1,  1차 금속,대구,,,1680.7,십억원
2024Q1,  금속가공제품 제조,대구,,,3256.6,십억원
2024Q1,"  전자부품, 컴퓨터, 영상, 음향 및 통신장비",대구,,,648,십억원
2024Q1,"  의료, 정밀, 광학기기 및 시계",대구,,,1012.1,십억원
2024Q1,  전기장비,대구,,,1520.7,십억원
2024Q1,  기타 기계 및 장비,대구,,,4074.5,십억원
2024Q1,  자동차 및 트레일러,대구,,,3567,십억원
2024Q1,  기타 운송장비,대구,,,108.8,십억원
2024Q1,  가구 제조 및 기타제품,대구,,,494.9,십억원
2024Q1,  산업용기계 및 장비수리업,대구,,,31.5,십억원
2024Q1,"전기, 가스, 증기 및 공기조절공급업",대구,,,380.5,십억원
2024Q1,"수도, 하수, 폐기물처리, 원료재생업",대구,,,445.8,십억원
2024Q1,건설업,대구,,,2177.5,십억원
2024Q1,도매 및 소매업,대구,,,9960.7,십억원
2024Q1,운수 및 창고업,대구,,,917.4,십억원
2024Q1,숙박 및 음식점업,대구,,,3203.5,십억원
2024Q1,정보통신업,대구,,,608.8,십억원
2024Q1,금융 및 보험업,대구,,,878.9,십억원
2024Q1,부동산업,대구,,,13317.7,십억원
2024Q1,"전문, 과학 및 기술 서비스업",대구,,,701.8,십억원
2024Q1,사업시설관리 및 사업지원 및 임대서비스업,대구,,,438.4,십억원
2024Q1,공공행정 등 기타 서비스,대구,,,1251,십억원
2024Q1,교육 서비스업,대구,,,718.2,십억원
2024Q1,보건업 및 사회복지 서비스업,대구,,,2541.9,십억원
2024Q1,"예술, 스포츠 및 여가관련 서비스업",대구,,,1085.1,십억원
2024Q1,서비스업,대구,,,35623.4,십억원
2024Q1,산업별대출금 합계,대구,,,64859.3,십억원
2024Q2,"농업, 임업 및 어업",대구,,,1160.2,십억원
2024Q2,광업,대구,,,20.5,십억원
2024Q2,제조업,대구,,,25421.2,십억원
2024Q2,  식료품 및 음료,대구,,,1234.6,십억원
2024Q2,  섬유제품,대구,,,2863.2,십억원
2024Q2,"  의복, 의복액세서리 및 모피제품",대구,,,278.3,십억원
2024Q2,"  가죽, 가방 및 신발",대구,,,28,십억원
2024Q2,  목재 및 나무제품,대구,,,146.2,십억원
2024Q2,"  펄프, 종이 및 종이제품",대구,,,546.2,십억원
2024Q2,  인쇄 및 기록매체,대구,,,391.8,십억원
2024Q2,"  코크스, 연탄 및 석유정제품",대구,,,16.2,십억원
2024Q2,  화학제품 및 의료용제품,대구,,,1266.3,십억원
2024Q2,  고무제품 및 플라스틱제품,대구,,,1454.6,십억원
2024Q2,  비금속 광물제품,대구,,,519.3,십억원
2024Q2,  1차 금속,대구,,,1660.5,십억원
2024Q2,  금속가공제품 제조,대구,,,3224.9,십억원
2024Q2,"  전자부품, 컴퓨터, 영상, 음향 및 통신장비",대구,,,620.7,십억원
2024Q2,"  의료, 정밀, 광학기기 및 시계",대구,,,1067.6,십억원
2024Q2,  전기장비,대구,,,1515.7,십억원
2024Q2,  기타 기계 및 장비,대구,,,4118.2,십억원
2024Q2,  자동차 및 트레일러,대구,,,3779.7,십억원
2024Q2,  기타 운송장비,대구,,,132.1,십억원
2024Q2,  가구 제조 및 기타제품,대구,,,522.1,십억원
2024Q2,  산업용기계 및 장비수리업,대구,,,34.7,십억원
2024Q2,"전기, 가스, 증기 및 공기조절공급업",대구,,,386,십억원
2024Q2,"수도, 하수, 폐기물처리, 원료재생업",대구,,,462,십억원
2024Q2,건설업,대구,,,2289.7,십억원
2024Q2,도매 및 소매업,대구,,,9974.8,십억원
2024Q2,운수 및 창고업,대구,,,939,십억원
2024Q2,숙박 및 음식점업,대구,,,3299.8,십억원
2024Q2,정보통신업,대구,,,589.8,십억원
2024Q2,금융 및 보험업,대구,,,882.8,십억원
2024Q2,부동산업,대구,,,13585.6,십억원
2024Q2,"전문, 과학 및 기술 서비스업",대구,,,716.5,십억원
2024Q2,사업시설관리 및 사업지원 및 임대서비스업,대구,,,450,십억원
2024Q2,공공행정 등 기타 서비스,대구,,,1266.9,십억원
2024Q2,교육 서비스업,대구,,,724.8,십억원
2024Q2,보건업 및 사회복지 서비스업,대구,,,2552.6,십억원
2024Q2,"예술, 스포츠 및 여가관련 서비스업",대구,,,1127.5,십억원
2024Q2,서비스업,대구,,,36110.1,십억원
2024Q2,산업별대출금 합계,대구,,,65849.9,십억원
2024Q3,"농업, 임업 및 어업",대구,,,1169.4,십억원
2024Q3,광업,대구,,,22.4,십억원
2024Q3,제조업,대구,,,25670.9,십억원
2024Q3,  식료품 및 음료,대구,,,1278,십억원
2024Q3,  섬유제품,대구,,,2853.1,십억원
2024Q3,"  의복, 의복액세서리 및 모피제품",대구,,,284,십억원
2024Q3,"  가죽, 가방 및 신발",대구,,,29.7,십억원
2024Q3,  목재 및 나무제품,대구,,,149.8,십억원
2024Q3,"  펄프, 종이 및 종이제품",대구,,,604.1,십억원
2024Q3,  인쇄 및 기록매체,대구,,,386.6,십억원
2024Q3,"  코크스, 연탄 및 석유정제품",대구,,,16,십억원
2024Q3,  화학제품 및 의료용제품,대구,,,1215.5,십억원
2024Q3,  고무제품 및 플라스틱제품,대구,,,1432.8,십억원
2024Q3,  비금속 광물제품,대구,,,540.1,십억원
2024Q3,  1차 금속,대구,,,1629.1,십억원
2024Q3,  금속가공제품 제조,대구,,,3190.2,십억원
2024Q3,"  전자부품, 컴퓨터, 영상, 음향 및 통신장비",대구,,,612.1,십억원
2024Q3,"  의료, 정밀, 광학기기 및 시계",대구,,,1103.4,십억원
2024Q3,  전기장비,대구,,,1564.5,십억원
2024Q3,  기타 기계 및 장비,대구,,,4154.8,십억원
2024Q3,  자동차 및 트레일러,대구,,,3945.9,십억원
2024Q3,  기타 운송장비,대구,,,126.3,십억원
2024Q3,  가구 제조 및 기타제품,대구,,,523.5,십억원
2024Q3,  산업용기계 및 장비수리업,대구,,,31.1,십억원
2024Q3,"전기, 가스, 증기 및 공기조절공급업",대구,,,400.9,십억원
2024Q3,"수도, 하수, 폐기물처리, 원료재생업",대구,,,465.7,십억원
2024Q3,건설업,대구,,,2307.4,십억원
2024Q3,도매 및 소매업,대구,,,10171.8,십억원
2024Q3,운수 및 창고업,대구,,,949.3,십억원
2024Q3,숙박 및 음식점업,대구,,,3343.5,십억원
2024Q3,정보통신업,대구,,,607.8,십억원
2024Q3,금융 및 보험업,대구,,,878.2,십억원
2024Q3,부동산업,대구,,,13510.1,십억원
2024Q3,"전문, 과학 및 기술 서비스업",대구,,,728.5,십억원
2024Q3,사업시설관리 및 사업지원 및 임대서비스업,대구,,,460.5,십억원
2024Q3,공공행정 등 기타 서비스,대구,,,1294.5,십억원
2024Q3,교육 서비스업,대구,,,726.9,십억원
2024Q3,보건업 및 사회복지 서비스업,대구,,,2533.7,십억원
2024Q3,"예술, 스포츠 및 여가관련 서비스업",대구,,,1187,십억원
2024Q3,서비스업,대구,,,36391.8,십억원
2024Q3,산업별대출금 합계,대구,,,66428.5,십억원
2024Q4,"농업, 임업 및 어업",대구,,,1167.2,십억원
2024Q4,광업,대구,,,22.2,십억원
2024Q4,제조업,대구,,,25751.9,십억원
2024Q4,  식료품 및 음료,대구,,,1281.1,십억원
2024Q4,  섬유제품,대구,,,2849.6,십억원
2024Q4,"  의복, 의복액세서리 및 모피제품",대구,,,275.9,십억원
2024Q4,"  가죽, 가방 및 신발",대구,,,29.9,십억원
2024Q4,  목재 및 나무제품,대구,,,148.3,십억원
2024Q4,"  펄프, 종이 및 종이제품",대구,,,601.7,십억원
2024Q4,  인쇄 및 기록매체,대구,,,384.3,십억원
2024Q4,"  코크스, 연탄 및 석유정제품",대구,,,16,십억원
2024Q4,  화학제품 및 의료용제품,대구,,,1194,십억원
2024Q4,  고무제품 및 플라스틱제품,대구,,,1436,십억원
2024Q4,  비금속 광물제품,대구,,,543.6,십억원
2024Q4,  1차 금속,대구,,,1628.8,십억원
2024Q4,  금속가공제품 제조,대구,,,3192.1,십억원
2024Q4,"  전자부품, 컴퓨터, 영상, 음향 및 통신장비",대구,,,652.9,십억원
2024Q4,"  의료, 정밀, 광학기기 및 시계",대구,,,1115.2,십억원
2024Q4,  전기장비,대구,,,1602.3,십억원
2024Q4,  기타 기계 및 장비,대구,,,4164.6,십억원
2024Q4,  자동차 및 트레일러,대구,,,3945.4,십억원
2024Q4,  기타 운송장비,대구,,,130.1,십억원
2024Q4,  가구 제조 및 기타제품,대구,,,531.8,십억원
2024Q4,  산업용기계 및 장비수리업,대구,,,28.5,십억원
2024Q4,"전기, 가스, 증기 및 공기조절공급업",대구,,,408,십억원
2024Q4,"수도, 하수, 폐기물처리, 원료재생업",대구,,,485.1,십억원
2024Q4,건설업,대구,,,2175.3,십억원
2024Q4,도매 및 소매업,대구,,,10125.3,십억원
2024Q4,운수 및 창고업,대구,,,936.9,십억원
2024Q4,숙박 및 음식점업,대구,,,3294,십억원
2024Q4,정보통신업,대구,,,583.6,십억원
2024Q4,금융 및 보험업,대구,,,1011.9,십억원
2024Q4,부동산업,대구,,,13464.5,십억원
2024Q4,"전문, 과학 및 기술 서비스업",대구,,,728.2,십억원
2024Q4,사업시설관리 및 사업지원 및 임대서비스업,대구,,,463.7,십억원
2024Q4,공공행정 등 기타 서비스,대구,,,1303.8,십억원
2024Q4,교육 서비스업,대구,,,714,십억원
2024Q4,보건업 및 사회복지 서비스업,대구,,,2529.2,십억원
2024Q4,"예술, 스포츠 및 여가관련 서비스업",대구,,,1225.9,십억원
2024Q4,서비스업,대구,,,36381,십억원
2024Q4,산업별대출금 합계,대구,,,66390.8,십억원
2025Q1,"농업, 임업 및 어업",대구,,,1153.6,십억원
2025Q1,광업,대구,,,21.5,십억원
2025Q1,제조업,대구,,,26070.6,십억원
2025Q1,  식료품 및 음료,대구,,,1281.9,십억원
2025Q1,  섬유제품,대구,,,2836.5,십억원
2025Q1,"  의복, 의복액세서리 및 모피제품",대구,,,282.6,십억원
2025Q1,"  가죽, 가방 및 신발",대구,,,30.6,십억원
2025Q1,  목재 및 나무제품,대구,,,151.3,십억원
2025Q1,"  펄프, 종이 및 종이제품",대구,,,603.9,십억원
2025Q1,  인쇄 및 기록매체,대구,,,396.9,십억원
2025Q1,"  코크스, 연탄 및 석유정제품",대구,,,16.1,십억원
2025Q1,  화학제품 및 의료용제품,대구,,,1162.3,십억원
2025Q1,  고무제품 및 플라스틱제품,대구,,,1437.4,십억원
2025Q1,  비금속 광물제품,대구,,,559.3,십억원
2025Q1,  1차 금속,대구,,,1729.3,십억원
2025Q1,  금속가공제품 제조,대구,,,3219.2,십억원
2025Q1,"  전자부품, 컴퓨터, 영상, 음향 및 통신장비",대구,,,730.2,십억원
2025Q1,"  의료, 정밀, 광학기기 및 시계",대구,,,1109.4,십억원
2025Q1,  전기장비,대구,,,1624.8,십억원
2025Q1,  기타 기계 및 장비,대구,,,4156.8,십억원
2025Q1,  자동차 및 트레일러,대구,,,4057.4,십억원
2025Q1,  기타 운송장비,대구,,,121.6,십억원
2025Q1,  가구 제조 및 기타제품,대구,,,536.2,십억원
2025Q1,  산업용기계 및 장비수리업,대구,,,26.9,십억원
2025Q1,"전기, 가스, 증기 및 공기조절공급업",대구,,,390.2,십억원
2025Q1,"수도, 하수, 폐기물처리, 원료재생업",대구,,,493.4,십억원
2025Q1,건설업,대구,,,2306.1,십억원
2025Q1,도매 및 소매업,대구,,,10193.9,십억원
2025Q1,운수 및 창고업,대구,,,912.5,십억원
2025Q1,숙박 및 음식점업,대구,,,3344.7,십억원
2025Q1,정보통신업,대구,,,594.8,십억원
2025Q1,금융 및 보험업,대구,,,952.9,십억원
2025Q1,부동산업,대구,,,13338.5,십억원
2025Q1,"전문, 과학 및 기술 서비스업",대구,,,753.2,십억원
2025Q1,사업시설관리 및 사업지원 및 임대서비스업,대구,,,466.6,십억원
2025Q1,공공행정 등 기타 서비스,대구,,,1318.2,십억원
2025Q1,교육 서비스업,대구,,,721.2,십억원
2025Q1,보건업 및 사회복지 서비스업,대구,,,2534.2,십억원
2025Q1,"예술, 스포츠 및 여가관련 서비스업",대구,,,1215.9,십억원
2025Q1,서비스업,대구,,,36346.6,십억원
2025Q1,산업별대출금 합계,대구,,,66782,십억원
2025Q2,"농업, 임업 및 어업",대구,,,1141.6,십억원
2025Q2,광업,대구,,,22,십억원
2025Q2,제조업,대구,,,26100,십억원
2025Q2,  식료품 및 음료,대구,,,1296.3,십억원
2025Q2,  섬유제품,대구,,,2821.3,십억원
2025Q2,"  의복, 의복액세서리 및 모피제품",대구,,,291.5,십억원
2025Q2,"  가죽, 가방 및 신발",대구,,,33.4,십억원
2025Q2,  목재 및 나무제품,대구,,,151.4,십억원
2025Q2,"  펄프, 종이 및 종이제품",대구,,,628.5,십억원
2025Q2,  인쇄 및 기록매체,대구,,,398.9,십억원
2025Q2,"  코크스, 연탄 및 석유정제품",대구,,,16.1,십억원
2025Q2,  화학제품 및 의료용제품,대구,,,1196.7,십억원
2025Q2,  고무제품 및 플라스틱제품,대구,,,1415.8,십억원
2025Q2,  비금속 광물제품,대구,,,579.5,십억원
2025Q2,  1차 금속,대구,,,1683.1,십억원
2025Q2,  금속가공제품 제조,대구,,,3230.9,십억원
2025Q2,"  전자부품, 컴퓨터, 영상, 음향 및 통신장비",대구,,,681.7,십억원
2025Q2,"  의료, 정밀, 광학기기 및 시계",대구,,,1103.6,십억원
2025Q2,  전기장비,대구,,,1592.2,십억원
2025Q2,  기타 기계 및 장비,대구,,,4142.5,십억원
2025Q2,  자동차 및 트레일러,대구,,,4155.4,십억원
2025Q2,  기타 운송장비,대구,,,121.8,십억원
2025Q2,  가구 제조 및 기타제품,대구,,,532.1,십억원
2025Q2,  산업용기계 및 장비수리업,대구,,,27.1,십억원
2025Q2,"전기, 가스, 증기 및 공기조절공급업",대구,,,359.4,십억원
2025Q2,"수도, 하수, 폐기물처리, 원료재생업",대구,,,528.1,십억원
2025Q2,건설업,대구,,,2418.6,십억원
2025Q2,도매 및 소매업,대구,,,10293.6,십억원
2025Q2,운수 및 창고업,대구,,,928.8,십억원
2025Q2,숙박 및 음식점업,대구,,,3360.3,십억원
2025Q2,정보통신업,대구,,,598.2,십억원
2025Q2,금융 및 보험업,대구,,,976.1,십억원
2025Q2,부동산업,대구,,,13186.7,십억원
2025Q2,"전문, 과학 및 기술 서비스업",대구,,,770.2,십억원
2025Q2,사업시설관리 및 사업지원 및 임대서비스업,대구,,,467.1,십억원
2025Q2,공공행정 등 기타 서비스,대구,,,1315.4,십억원
2025Q2,교육 서비스업,대구,,,719.4,십억원
2025Q2,보건업 및 사회복지 서비스업,대구,,,2567.7,십억원
2025Q2,"예술, 스포츠 및 여가관련 서비스업",대구,,,1264.7,십억원
2025Q2,서비스업,대구,,,36448.2,십억원
2025Q2,산업별대출금 합계,대구,,,67017.9,십억원
2025Q3,"농업, 임업 및 어업",대구,,,1151.3,십억원
2025Q3,광업,대구,,,22.6,십억원
2025Q3,제조업,대구,,,26157.6,십억원
2025Q3,  식료품 및 음료,대구,,,1300.9,십억원
2025Q3,  섬유제품,대구,,,2790.7,십억원
2025Q3,"  의복, 의복액세서리 및 모피제품",대구,,,288.1,십억원
2025Q3,"  가죽, 가방 및 신발",대구,,,41.3,십억원
2025Q3,  목재 및 나무제품,대구,,,159.1,십억원
2025Q3,"  펄프, 종이 및 종이제품",대구,,,611.9,십억원
2025Q3,  인쇄 및 기록매체,대구,,,391.2,십억원
2025Q3,"  코크스, 연탄 및 석유정제품",대구,,,15.7,십억원
2025Q3,  화학제품 및 의료용제품,대구,,,1191.2,십억원
2025Q3,  고무제품 및 플라스틱제품,대구,,,1432.1,십억원
2025Q3,  비금속 광물제품,대구,,,602.9,십억원
2025Q3,  1차 금속,대구,,,1674.1,십억원
2025Q3,  금속가공제품 제조,대구,,,3267.1,십억원
2025Q3,"  전자부품, 컴퓨터, 영상, 음향 및 통신장비",대구,,,683.4,십억원
2025Q3,"  의료, 정밀, 광학기기 및 시계",대구,,,1096.4,십억원
2025Q3,  전기장비,대구,,,1602.9,십억원
2025Q3,  기타 기계 및 장비,대구,,,4124.7,십억원
2025Q3,  자동차 및 트레일러,대구,,,4200.4,십억원
2025Q3,  기타 운송장비,대구,,,124.8,십억원
2025Q3,  가구 제조 및 기타제품,대구,,,533.4,십억원
2025Q3,  산업용기계 및 장비수리업,대구,,,25.5,십억원
2025Q3,"전기, 가스, 증기 및 공기조절공급업",대구,,,367.5,십억원
2025Q3,"수도, 하수, 폐기물처리, 원료재생업",대구,,,518.5,십억원
2025Q3,건설업,대구,,,2477.1,십억원
2025Q3,도매 및 소매업,대구,,,10449.1,십억원
2025Q3,운수 및 창고업,대구,,,937.4,십억원
2025Q3,숙박 및 음식점업,대구,,,3422.8,십억원
2025Q3,정보통신업,대구,,,604.9,십억원
2025Q3,금융 및 보험업,대구,,,1589.6,십억원
2025Q3,부동산업,대구,,,13968.4,십억원
2025Q3,"전문, 과학 및 기술 서비스업",대구,,,771.5,십억원
2025Q3,사업시설관리 및 사업지원 및 임대서비스업,대구,,,470,십억원
2025Q3,공공행정 등 기타 서비스,대구,,,1342.4,십억원
2025Q3,교육 서비스업,대구,,,728.5,십억원
2025Q3,보건업 및 사회복지 서비스업,대구,,,2635.1,십억원
2025Q3,"예술, 스포츠 및 여가관련 서비스업",대구,,,1323.5,십억원
2025Q3,서비스업,대구,,,38243.2,십억원
2025Q3,산업별대출금 합계,대구,,,68937.7,십억원
2025Q4,"농업, 임업 및 어업",대구,,,1145.2,십억원
2025Q4,광업,대구,,,22.8,십억원
2025Q4,제조업,대구,,,26268.8,십억원
2025Q4,  식료품 및 음료,대구,,,1292.2,십억원
2025Q4,  섬유제품,대구,,,2780.5,십억원
2025Q4,"  의복, 의복액세서리 및 모피제품",대구,,,289.4,십억원
2025Q4,"  가죽, 가방 및 신발",대구,,,33.9,십억원
2025Q4,  목재 및 나무제품,대구,,,161.6,십억원
2025Q4,"  펄프, 종이 및 종이제품",대구,,,609,십억원
2025Q4,  인쇄 및 기록매체,대구,,,386.6,십억원
2025Q4,"  코크스, 연탄 및 석유정제품",대구,,,15.3,십억원
2025Q4,  화학제품 및 의료용제품,대구,,,1227.3,십억원
2025Q4,  고무제품 및 플라스틱제품,대구,,,1410.1,십억원
2025Q4,  비금속 광물제품,대구,,,601.6,십억원
2025Q4,  1차 금속,대구,,,1670.6,십억원
2025Q4,  금속가공제품 제조,대구,,,3273.5,십억원
2025Q4,"  전자부품, 컴퓨터, 영상, 음향 및 통신장비",대구,,,728.8,십억원
2025Q4,"  의료, 정밀, 광학기기 및 시계",대구,,,1090.2,십억원
2025Q4,  전기장비,대구,,,1609.9,십억원
2025Q4,  기타 기계 및 장비,대구,,,4135.8,십억원
2025Q4,  자동차 및 트레일러,대구,,,4280.7,십억원
2025Q4,  기타 운송장비,대구,,,116.6,십억원
2025Q4,  가구 제조 및 기타제품,대구,,,529.9,십억원
2025Q4,  산업용기계 및 장비수리업,대구,,,25.3,십억원
2025Q4,"전기, 가스, 증기 및 공기조절공급업",대구,,,379.9,십억원
2025Q4,"수도, 하수, 폐기물처리, 원료재생업",대구,,,482.9,십억원
2025Q4,건설업,대구,,,1632.4,십억원
2025Q4,도매 및 소매업,대구,,,10485.9,십억원
2025Q4,운수 및 창고업,대구,,,932.1,십억원
2025Q4,숙박 및 음식점업,대구,,,3443,십억원
2025Q4,정보통신업,대구,,,609.7,십억원
2025Q4,금융 및 보험업,대구,,,569.3,십억원
2025Q4,부동산업,대구,,,11212.1,십억원
2025Q4,"전문, 과학 및 기술 서비스업",대구,,,769.3,십억원
2025Q4,사업시설관리 및 사업지원 및 임대서비스업,대구,,,462.4,십억원
2025Q4,공공행정 등 기타 서비스,대구,,,1339,십억원
2025Q4,교육 서비스업,대구,,,630,십억원
2025Q4,보건업 및 사회복지 서비스업,대구,,,2707.5,십억원
2025Q4,"예술, 스포츠 및 여가관련 서비스업",대구,,,1309.1,십억원
2025Q4,서비스업,대구,,,34469.4,십억원
2025Q4,산업별대출금 합계,대구,,,64401.6,십억원
2026Q1,"농업, 임업 및 어업",대구,,,1135.9,십억원
2026Q1,광업,대구,,,21.5,십억원
2026Q1,제조업,대구,,,26477.4,십억원
2026Q1,  식료품 및 음료,대구,,,1296.7,십억원
2026Q1,  섬유제품,대구,,,2787.3,십억원
2026Q1,"  의복, 의복액세서리 및 모피제품",대구,,,289.5,십억원
2026Q1,"  가죽, 가방 및 신발",대구,,,34,십억원
2026Q1,  목재 및 나무제품,대구,,,164.6,십억원
2026Q1,"  펄프, 종이 및 종이제품",대구,,,606.2,십억원
2026Q1,  인쇄 및 기록매체,대구,,,386.6,십억원
2026Q1,"  코크스, 연탄 및 석유정제품",대구,,,26.7,십억원
2026Q1,  화학제품 및 의료용제품,대구,,,1212.4,십억원
2026Q1,  고무제품 및 플라스틱제품,대구,,,1424.5,십억원
2026Q1,  비금속 광물제품,대구,,,611.3,십억원
2026Q1,  1차 금속,대구,,,1734.2,십억원
2026Q1,  금속가공제품 제조,대구,,,3244.1,십억원
2026Q1,"  전자부품, 컴퓨터, 영상, 음향 및 통신장비",대구,,,697.9,십억원
2026Q1,"  의료, 정밀, 광학기기 및 시계",대구,,,1102.7,십억원
2026Q1,  전기장비,대구,,,1603.4,십억원
2026Q1,  기타 기계 및 장비,대구,,,4178.4,십억원
2026Q1,  자동차 및 트레일러,대구,,,4397.7,십억원
2026Q1,  기타 운송장비,대구,,,121.6,십억원
2026Q1,  가구 제조 및 기타제품,대구,,,530.7,십억원
2026Q1,  산업용기계 및 장비수리업,대구,,,26.9,십억원
2026Q1,"전기, 가스, 증기 및 공기조절공급업",대구,,,373.2,십억원
2026Q1,"수도, 하수, 폐기물처리, 원료재생업",대구,,,476.9,십억원
2026Q1,건설업,대구,,,1708.6,십억원
2026Q1,도매 및 소매업,대구,,,10581.3,십억원
2026Q1,운수 및 창고업,대구,,,937.2,십억원
2026Q1,숙박 및 음식점업,대구,,,3501.8,십억원
2026Q1,정보통신업,대구,,,616.5,십억원
2026Q1,금융 및 보험업,대구,,,563.5,십억원
2026Q1,부동산업,대구,,,11197.3,십억원
2026Q1,"전문, 과학 및 기술 서비스업",대구,,,799.3,십억원
2026Q1,사업시설관리 및 사업지원 및 임대서비스업,대구,,,467,십억원
2026Q1,공공행정 등 기타 서비스,대구,,,1356,십억원
2026Q1,교육 서비스업,대구,,,647.6,십억원
2026Q1,보건업 및 사회복지 서비스업,대구,,,2724.6,십억원
2026Q1,"예술, 스포츠 및 여가관련 서비스업",대구,,,1317.6,십억원
2026Q1,서비스업,대구,,,34709.7,십억원
2026Q1,산업별대출금 합계,대구,,,64903.3,십억원
2026Q2,"농업, 임업 및 어업",대구,,,1135.1,십억원
2026Q2,광업,대구,,,23.5,십억원
2026Q2,제조업,대구,,,26812.3,십억원
2026Q2,  식료품 및 음료,대구,,,1312.3,십억원
2026Q2,  섬유제품,대구,,,2767.9,십억원
2026Q2,"  의복, 의복액세서리 및 모피제품",대구,,,293.1,십억원
2026Q2,"  가죽, 가방 및 신발",대구,,,31.1,십억원
2026Q2,  목재 및 나무제품,대구,,,176,십억원
2026Q2,"  펄프, 종이 및 종이제품",대구,,,622.9,십억원
2026Q2,  인쇄 및 기록매체,대구,,,384.8,십억원
2026Q2,"  코크스, 연탄 및 석유정제품",대구,,,30.7,십억원
2026Q2,  화학제품 및 의료용제품,대구,,,1221.8,십억원
2026Q2,  고무제품 및 플라스틱제품,대구,,,1432.3,십억원
2026Q2,  비금속 광물제품,대구,,,596.8,십억원
2026Q2,  1차 금속,대구,,,1752.8,십억원
2026Q2,  금속가공제품 제조,대구,,,3276.9,십억원
2026Q2,"  전자부품, 컴퓨터, 영상, 음향 및 통신장비",대구,,,778.7,십억원
2026Q2,"  의료, 정밀, 광학기기 및 시계",대구,,,1112.1,십억원
2026Q2,  전기장비,대구,,,1581.1,십억원
2026Q2,  기타 기계 및 장비,대구,,,4256.9,십억원
2026Q2,  자동차 및 트레일러,대구,,,4508.1,십억원
2026Q2,  기타 운송장비,대구,,,112.9,십억원
2026Q2,  가구 제조 및 기타제품,대구,,,539,십억원
2026Q2,  산업용기계 및 장비수리업,대구,,,24.2,십억원
2026Q2,"전기, 가스, 증기 및 공기조절공급업",대구,,,363.7,십억원
2026Q2,"수도, 하수, 폐기물처리, 원료재생업",대구,,,475.3,십억원
2026Q2,건설업,대구,,,1676,십억원
2026Q2,도매 및 소매업,대구,,,10786.6,십억원
2026Q2,운수 및 창고업,대구,,,943.9,십억원
2026Q2,숙박 및 음식점업,대구,,,3548.7,십억원
2026Q2,정보통신업,대구,,,620.4,십억원
2026Q2,금융 및 보험업,대구,,,587.6,십억원
2026Q2,부동산업,대구,,,11275.9,십억원
2026Q2,"전문, 과학 및 기술 서비스업",대구,,,808.8,십억원
2026Q2,사업시설관리 및 사업지원 및 임대서비스업,대구,,,478.3,십억원
2026Q2,공공행정 등 기타 서비스,대구,,,1399.3,십억원
2026Q2,교육 서비스업,대구,,,647.2,십억원
2026Q2,보건업 및 사회복지 서비스업,대구,,,2788,십억원
2026Q2,"예술, 스포츠 및 여가관련 서비스업",대구,,,1316.2,십억원
2026Q2,서비스업,대구,,,35200.9,십억원
2026Q2,산업별대출금 합계,대구,,,65686.7,십억원
