program,name,kind,sub,region,district,id,ids,as_of
motor,경창산업,기업,,대구,달성군,c9768,c9768;c5986,2023-09
motor,대동모빌리티,기업,,대구,달성군,c10453,c10453;c5688,2023-09
motor,보그워너,기업,,,,,,2023-09
motor,성림첨단산업,기업,,대구,달서구,c5615,c5615;c9854,2023-09
motor,유림테크,기업,,대구,달성군,c10721,c10721;c10720,2023-09
motor,이래AMS,기업,,,,,,2023-09
motor,코아오토모티브,기업,,대구,달성군,c10429,c10429,2023-09
rfz,경북대학교  산학협력단,기관,스마트 웰니스,,,,,
rfz,㈜멘티스로지텍,기업,스마트 웰니스,,,,,
rfz,㈜코렌텍,기업,스마트 웰니스,,,,,
rfz,㈜지비에스커먼웰스,기업,스마트 웰니스,,,,,
rfz,(재)대구경북첨단의료산업진흥재단,기관,스마트 웰니스,,,,,
rfz,㈜엔도비전,기업,스마트 웰니스,대구,동구,c0544,c0544,
rfz,㈜이노리젠,기업,스마트 웰니스,대구,수성구,x3282,x3282,
rfz,경북대학교병원(칠곡),기관,스마트 웰니스,,,,,
rfz,㈜제윤,기업,스마트 웰니스,대구,달서구,c8667,c8667;x4679,
rfz,클루피㈜,기업,스마트 웰니스,대구,북구,x3201,x3201,
rfz,헬스커넥트㈜,기업,스마트 웰니스,,,,,
rfz,㈜트라이벨랩,기업,스마트 웰니스,,,,,
rfz,㈜메가젠임플란트,기업,스마트 웰니스,대구,달성군,c9587,c9587,
rfz,㈜씨유메디칼시스템,기업,스마트 웰니스,,,,,
rfz,㈜원소프트다임,기업,스마트 웰니스,,,,,
rfz,㈜제나,기업,스마트 웰니스,,,,,
rfz,㈜이튜,기업,스마트 웰니스,대구,수성구,c5286,c5286,
rfz,㈜휴원트,기업,스마트 웰니스,대구,북구,x3391,x3391,
rfz,㈜인피니트헬스케어,기업,스마트 웰니스,대구,동구,x4842,x4842,
rfz,계명대학교동산의료원,기관,스마트 웰니스,,,,,
rfz,한국산업기술시험원,기관,스마트 웰니스,,,,,
rfz,(재)대구테크노파크,기관,스마트 웰니스,,,,,
rfz,에스엘주식회사 전자공장,기업,이동식 협동로봇,대구,달서구,c7739,c7739,
rfz,남경소프트,기업,이동식 협동로봇,대구,수성구,x4652,x4652,
rfz,피에이치에이 주식회사,기업,이동식 협동로봇,대구,달서구,c7811,c7811;c1713;c9881;c5502;c7813;c7812,
rfz,원시스템,기업,이동식 협동로봇,대구,달서구,c6911,c6911,
rfz,파워테크,기업,이동식 협동로봇,대구,북구,x2359,x2359,
rfz,㈜유진엠에스,기업,이동식 협동로봇,대구,달서구,c7543,c7543;c9802,
rfz,유림F.A,기업,이동식 협동로봇,대구,달서구,c6918,c6918,
rfz,유성정밀공업㈜,기업,이동식 협동로봇,대구,달성군,c10711,c10711;c10950,
rfz,옵티머스시스템(주) 대구지점,기업,이동식 협동로봇,대구,달성군,c9862,c9862,
rfz,㈜아진엑스텍,기업,이동식 협동로봇,대구,달서구,c5548,c5548,
rfz,㈜래딕스,기업,이동식 협동로봇,대구,달서구,c5330,c5330,
rfz,로봇 인공지능 대구연구소((주)제타뱅크),기업,이동식 협동로봇,,,,,
rfz,㈜휴온스메디케어,기업,이동식 협동로봇,,,,,
rfz,(재)대구경북과학기술원,기관,이동식 협동로봇,,,,,
rfz,(재)대구디지털산업진흥원,기관,이동식 협동로봇,,,,,
rfz,(재)대구기계부품연구원,기관,이동식 협동로봇,,,,,
rfz,(재)한국로봇산업진흥원,기관,이동식 협동로봇,,,,,
grfz,대구광역시,기관,최초,대구,북구,,,2025-09
grfz,아이엠로보틱스㈜,기업,최초,대구,달서구,c4890,c4890,2025-09
grfz,모빈㈜,기업,최초,대구,달서구,x3864,x3864,2025-09
grfz,(주)아이솔,기업,최초,대구,달서구,,,2025-09
grfz,(주)대동로보틱스,기업,최초,역외,서울,,,2025-09
grfz,(주)에이아이씨유,기업,최초,대구,중구,x4058,x4058,2025-09
grfz,(주)베어로보틱스코리아,기업,최초,역외,서울,,,2025-09
grfz,(주)도구공간,기업,최초,대구,북구,,,2025-09
grfz,㈜지오로봇,기업,최초,대구,달서구,c6678,c6678;x4446,2025-09
grfz,로봇 인공지능 대구연구소,기업,최초,대구,북구,,,2025-09
grfz,(주)로보프린트,기업,최초,대구,수성구,,,2025-09
grfz,(주)베이리스,기업,최초,대구,북구,x2794,x2794,2025-09
grfz,(주)아이로바,기업,최초,대구,달서구,c6625,c6625,2025-09
grfz,(주)차로보틱스,기업,최초,대구,동구,x4431,x4431,2025-09
grfz,레시피랩,기업,최초,대구,달서구,c8298,c8298,2025-09
grfz,대구기계부품연구원,기관,최초,대구,달서구,,,2025-09
grfz,한국로봇산업진흥원,기관,최초,대구,북구,,,2025-09
grfz,대구디지털혁신진흥원,기관,최초,대구,수성구,,,2025-09
grfz,글로벌로봇클러스터,기관,최초,대구,달서구,,,2025-09
kmedi,㈜인성메디칼,기업,의료기기,대구,동구,c0553,c0553,2025-05
kmedi,㈜유니메딕스,기업,의료기기,대구,동구,c0552,c0552,2025-05
kmedi,한림제약㈜,기업,"제약,바이오",대구,동구,x4831,x4831,2025-05
kmedi,㈜루트로닉,기업,의료기기,,,,,2025-05
kmedi,㈜세신정밀,기업,의료기기,대구,달성군,c9598,c9598;c8365;c0541,2025-05
kmedi,㈜제이에스테크윈,기업,의료기기,대구,동구,c0413,c0413;c2612;c0546,2025-05
kmedi,동성제약㈜,기업,"제약,바이오",대구,동구,x4819,x4819,2025-05
kmedi,플라즈맵,기업,의료기기,대구,동구,c0547,c0547,2025-05
kmedi,㈜쎄텍,기업,의료기기,대구,동구,c0517,c0517,2025-05
kmedi,㈜한국파마,기업,"제약,바이오",대구,동구,x4827,x4827,2025-05
kmedi,㈜엔도비전,기업,의료기기,대구,동구,c0544,c0544,2025-05
kmedi,㈜오성하이텍,기업,의료기기,대구,동구,x2683,x2683,2025-05
kmedi,(주)써지덴트,기업,의료기기,대구,동구,x4731,x4731,2025-05
kmedi,㈜인코아,기업,의료기기,대구,동구,c0554,c0554,2025-05
kmedi,대우제약㈜,기업,"제약,바이오",대구,동구,x4825,x4825,2025-05
kmedi,㈜이노벡테크놀리지,기업,의료기기,,,,,2025-05
kmedi,인트인(㈜종로의료기),기업,의료기기,,,,,2025-05
kmedi,㈜케미메디,기업,"제약,바이오",,,,,2025-05
kmedi,㈜오스젠,기업,의료기기,대구,동구,x2872,x2872,2025-05
kmedi,㈜레피오,기업,의료기기,대구,동구,c0540,c0540,2025-05
kmedi,㈜로우템,기업,의료기기,대구,동구,x2735,x2735,2025-05
kmedi,㈜아스트로젠,기업,"제약,바이오",대구,동구,x3204,x3204,2025-05
kmedi,㈜멘티스,기업,의료기기,,,,,2025-05
kmedi,㈜이롭,기업,의료기기,대구,동구,c0545,c0545,2025-05
kmedi,㈜줌랩,기업,의료기기,대구,동구,c0549,c0549,2025-05
kmedi,㈜오대,기업,의료기기,대구,달성군,c9283,c9283;c9204;c9284;c9328,2025-05
kmedi,㈜올소테크,기업,의료기기,대구,동구,c0444,c0444,2025-05
kmedi,㈜심플스틱,기업,"제약,바이오",대구,북구,c2667,c2667,2025-05
kmedi,㈜테슬론,기업,의료기기,대구,동구,c0448,c0448,2025-05
kmedi,㈜프리클리나,기업,"제약,바이오",대구,북구,x4817,x4817,2025-05
kmedi,㈜허니스트,기업,의료기기,대구,달서구,c5583,c5583,2025-05
kmedi,㈜프로토텍,기업,의료기기,대구,동구,x4868,x4868,2025-05
kmedi,해피엘,기업,의료기기,,,,,2025-05
kmedi,㈜엔솔바이오사이언스,기업,"제약,바이오",대구,동구,x4857,x4857,2025-05
kmedi,㈜씨비에이치,기업,의료기기,대구,동구,x4858,x4858,2025-05
kmedi,㈜오디스젠,기업,"제약,바이오",대구,동구,x4790,x4790,2025-05
kmedi,㈜에이엔제이사이언스,기업,"제약,바이오",대구,동구,x3634,x3634,2025-05
kmedi,킴스랩유한책임회사,기업,"제약,바이오",대구,동구,x3211,x3211,2025-05
kmedi,㈜아울바이오,기업,"제약,바이오",,,,,2025-05
kmedi,㈜뉴다이브,기업,의료기기,대구,동구,x4860,x4860,2025-05
kmedi,㈜나눔컴퍼니,기업,의료기기,대구,수성구,x4562,x4562,2025-05
kmedi,㈜지에스메디칼,기업,의료기기,,,,,2025-05
kmedi,㈜비트러스트메디텍,기업,의료기기,대구,동구,x4869,x4869,2025-05
kmedi,㈜티큐브잇,기업,"제약,바이오",대구,동구,x4862,x4862,2025-05
kmedi,㈜세븐밸리메디컬,기업,의료기기,대구,동구,x4856,x4856,2025-05
kmedi,㈜성조파인세라믹,기업,의료기기,대구,동구,x4835,x4835,2025-05
kmedi,이엠메디칼(윤호메디칼),기업,의료기기,,,,,2025-05
kmedi,㈜메디와이어,기업,의료기기,대구,북구,x2981,x2981;x4836,2025-05
kmedi,㈜한국OSG,기업,의료기기,대구,달서구,c8787,c8787;c6489;x4839,2025-05
kmedi,㈜움직스,기업,의료기기,,,,,2025-05
kmedi,㈜유바이오메드,기업,의료기기,대구,동구,c0465,c0465,2025-05
kmedi,메디사이언스,기업,의료기기,,,,,2025-05
kmedi,지티텍(광개토화상연구소),기업,의료기기,,,,,2025-05
kmedi,㈜바이오리드,기업,의료기기,대구,동구,x4841,x4841,2025-05
kmedi,㈜에스티원,기업,의료기기,,,,,2025-05
kmedi,㈜바이오록스(마션팜),기업,의료기기,,,,,2025-05
kmedi,㈜인피닉스,기업,의료기기,대구,달성군,x3368,x3368;x4854,2025-05
kmedi,㈜인피니트헬스케어,기업,의료기기,대구,동구,x4842,x4842,2025-05
kmedi,㈜메디팁,기업,의료기기,대구,동구,x4843,x4843,2025-05
kmedi,㈜메디제이,기업,의료기기,대구,동구,x3208,x3208,2025-05
kmedi,㈜와이에이치라이프,기업,의료기기,대구,동구,x4852,x4852,2025-05
kmedi,㈜포위즈시스템,기업,의료기기,대구,동구,x2507,x2507,2025-05
kmedi,㈜디앤티,기업,의료기기,,,,,2025-05
kmedi,엘에스웨어㈜,기업,의료기기,대구,동구,x4844,x4844,2025-05
kmedi,㈜바스플렉스,기업,의료기기,대구,동구,x4851,x4851,2025-05
kmedi,㈜엘앤와이,기업,의료기기,대구,동구,x4853,x4853,2025-05
kmedi,㈜비에스케이바이오,기업,의료기기,대구,동구,x4845,x4845,2025-05
kmedi,㈜가온기술,기업,의료기기,대구,동구,x4604,x4604,2025-05
kmedi,㈜퍼비스코리아,기업,의료기기,대구,동구,x4846,x4846,2025-05
kmedi,㈜스파인닥터스,기업,의료기기,대구,동구,x4847,x4847,2025-05
kmedi,㈜솔라라이트,기업,의료기기,대구,동구,c0542,c0542,2025-05
kmedi,㈜나노레이,기업,의료기기,대구,달서구,c8603,c8603;x4848,2025-05
kmedi,올패스바이오,기업,"제약,바이오",대구,동구,x4850,x4850,2025-05
kmedi,코리아향진원,기업,"제약,바이오",,,,,2025-05
kmedi,㈜레이델코리아,기업,"제약,바이오",대구,동구,x4849,x4849,2025-05
kmedi,㈜코넥스트,기업,"제약,바이오",대구,동구,x4396,x4396;c0550,2025-05
sandbox,(주)동그라미,기업,친환경 동물건조장 장비를 활용한 도심형 동물장례서비스,대구,달서구,c7454,c7454,
sandbox,제이에스인터내셔널,기업,이동식 반려동물 화장 및 찾아가는 장례 서비스,대구,수성구,c5213,c5213,
sandbox,(주)아소,기업,커피박(커피찌꺼기) 발효 재자원화 축사 깔개 실증사업,대구,군위군,c11134,c11134,
sandbox,현대모비스,기업,200kg급 수소연료전지 무인비행체 충전 및 비행 실증,대구,달성군,c9822,c9822,
sandbox,현대모비스,기업,수소연료전지 휠로더의 수소 충전 및 운용시험,대구,달성군,c9822,c9822,
sandbox,현대모비스,기업,수소연료전지 트랙터의 수소 충전 및 운용시험,대구,달성군,c9822,c9822,
sandbox,한국자동차연구원,기업,다차종·동시·고속 충전 수소스테이션 운영 실증,대구,달성군,c10552,c10552,
sandbox,한국가스공사,기업,수소튜브트레일러(T/T)를 활용한 제조식 수소충전소 운영,대구,동구,x2210,x2210;c6490;c1720,
sandbox,씨제이 대한통운,기업,액화수소전용 탱크로리를 활용한 수소 운송시스템 실증,대구,서구,c2288,c2288,
sandbox,한국가스공사,기업,셀프 수소충전소 구축 및 운영,대구,동구,x2210,x2210;c6490;c1720,
sandbox,한국자동차연구원,기업,충방전 모사장치용 수소충전소 구축운영,대구,달성군,c10552,c10552,
sandbox,(주)대경엔지니어링,기업,V2G 양방향 급속 전기차충전기,대구,북구,c4700,c4700,
sandbox,㈜에이치투,기업,태양광 연계 바나듐 레독스플로배터리 ESS,대구,서구,c1449,c1449,
sandbox,㈜차지인,기업,전기차 충전용 과금형 콘센트,대구,달성군,x4573,x4573,
labfirm,지인숨터아로마코스메딕스연구소㈜,기업,2026,대구,,,,2026-07
labfirm,㈜코보틱스,기업,2026,대구,북구,c4615,c4615,2026-07
labfirm,㈜케이로컬농수산연구소,기업,2026,대구,,,,2026-07
labfirm,㈜뉴럴바이오일렉트로닉스,기업,2026,대구,,,,2026-07
labfirm,휴미로㈜,기업,2025,대구,,,,2026-07
labfirm,피노더마㈜,기업,2025,대구,,,,2026-07
labfirm,제비원농산㈜,기업,2025,대구,,,,2026-07
labfirm,엠에프밤,기업,2025,대구,,,,2026-07
labfirm,엘브이수의학임상센터㈜,기업,2025,대구,,,,2026-07
labfirm,뉴로비타랩㈜,기업,2025,대구,,,,2026-07
labfirm,㈜히어로연구소,기업,2025,대구,,,,2026-07
labfirm,㈜해담,기업,2025,대구,,,,2026-07
labfirm,㈜피플히어로,기업,2025,대구,,,,2026-07
labfirm,㈜케이에스티,기업,2025,대구,달성군,c9082,c9082,2026-07
labfirm,㈜케이뷰티메디연구소,기업,2025,대구,,,,2026-07
labfirm,㈜조이랩,기업,2025,대구,,,,2026-07
labfirm,㈜월가앤미소,기업,2025,대구,,,,2026-07
labfirm,㈜와이비테크,기업,2025,대구,,,,2026-07
labfirm,㈜온필드랩,기업,2025,대구,,,,2026-07
labfirm,㈜엔더블유아이,기업,2025,대구,,,,2026-07
labfirm,㈜에어앤캣,기업,2025,대구,,,,2026-07
labfirm,㈜아이테르온,기업,2025,대구,,,,2026-07
labfirm,㈜디와이피,기업,2025,대구,북구,x4813,x4813,2026-07
labfirm,알엠이디㈜,기업,2024,대구,달서구,c7735,c7735,2026-07
labfirm,바실리㈜,기업,2024,대구,,,,2026-07
labfirm,메스텔㈜,기업,2024,대구,,,,2026-07
labfirm,디에스모빌리티㈜,기업,2024,대구,동구,c0428,c0428,2026-07
labfirm,㈜트라이벨랩,기업,2024,대구,,,,2026-07
labfirm,㈜텍스트로닉스,기업,2024,대구,,,,2026-07
labfirm,㈜크림오프,기업,2024,대구,,,,2026-07
labfirm,㈜큐아이,기업,2024,대구,,,,2026-07
labfirm,㈜케이엔유데이터사이언스연구소,기업,2024,대구,,,,2026-07
labfirm,㈜케어랩,기업,2024,대구,,,,2026-07
labfirm,㈜에임즈,기업,2024,대구,달서구,x4037,x4037,2026-07
labfirm,㈜에이제이바이오,기업,2024,대구,,,,2026-07
labfirm,㈜에스메드,기업,2024,대구,,,,2026-07
labfirm,㈜비트윈,기업,2024,대구,,,,2026-07
labfirm,㈜비전코어,기업,2024,대구,동구,x4033,x4033,2026-07
labfirm,㈜브레니아,기업,2024,대구,,,,2026-07
labfirm,㈜모파스,기업,2024,대구,,,,2026-07
labfirm,㈜머쉬로직,기업,2024,대구,,,,2026-07
labfirm,㈜리브온,기업,2024,대구,,,,2026-07
labfirm,㈜레이온,기업,2024,대구,,,,2026-07
labfirm,㈜더마센트릭바이오,기업,2024,대구,,,,2026-07
labfirm,㈜NHR,기업,2024,대구,,,,2026-07
labfirm,휴먼바이오㈜,기업,2023,대구,,,,2026-07
labfirm,트리피컬연구소㈜,기업,2023,대구,,,,2026-07
labfirm,큐에스㈜,기업,2023,대구,,,,2026-07
labfirm,지알디씨㈜,기업,2023,대구,,,,2026-07
labfirm,쥬니크㈜,기업,2023,대구,,,,2026-07
labfirm,와이에스뷰티테크㈜,기업,2023,대구,,,,2026-07
labfirm,다인테크연구소㈜,기업,2023,대구,,,,2026-07
labfirm,㈜파이로솔루션,기업,2023,대구,,,,2026-07
labfirm,㈜티지에프,기업,2023,대구,,,,2026-07
labfirm,㈜잇워즈고트,기업,2023,대구,,,,2026-07
labfirm,㈜와이디아이슬,기업,2023,대구,,,,2026-07
labfirm,㈜옥산,기업,2023,대구,달서구,c8656,c8656,2026-07
labfirm,㈜엘제이솔루션,기업,2023,대구,북구,x3822,x3822,2026-07
labfirm,㈜에이티삼일바이오,기업,2023,대구,북구,x3814,x3814,2026-07
labfirm,㈜앤켓,기업,2023,대구,달성군,x4005,x4005,2026-07
labfirm,㈜서우기술,기업,2023,대구,,,,2026-07
labfirm,㈜본젠플러스,기업,2023,대구,,,,2026-07
labfirm,㈜메타그라운드,기업,2023,대구,,,,2026-07
labfirm,㈜리본랩,기업,2023,대구,,,,2026-07
labfirm,㈜레일온,기업,2023,대구,,,,2026-07
labfirm,㈜디온알앤디,기업,2023,대구,,,,2026-07
labfirm,㈜대림에너지테크,기업,2023,대구,,,,2026-07
labfirm,㈜나고에프앤비,기업,2023,대구,,,,2026-07
labfirm,농업회사법인㈜케이빈스,기업,2022,대구,,,,2026-07
labfirm,㈜티아그로즈,기업,2022,대구,,,,2026-07
labfirm,㈜키바이오,기업,2022,대구,,,,2026-07
labfirm,㈜자이엔,기업,2022,대구,북구,x3786,x3786,2026-07
labfirm,㈜엔씨바이오사이언스,기업,2022,대구,,,,2026-07
labfirm,㈜에이치디알앤비디,기업,2022,대구,,,,2026-07
labfirm,㈜에이씨이,기업,2022,대구,,,,2026-07
labfirm,㈜에바랩코리아,기업,2022,대구,,,,2026-07
labfirm,㈜아이콘랩,기업,2022,대구,,,,2026-07
labfirm,㈜사일리움바이오사이언스,기업,2022,대구,,,,2026-07
labfirm,㈜비엠에스테크,기업,2022,대구,동구,c0401,c0401,2026-07
labfirm,㈜바른식품연구소,기업,2022,대구,,,,2026-07
labfirm,㈜민경,기업,2022,대구,,,,2026-07
labfirm,㈜디엔씨,기업,2022,대구,달서구,c8623,c8623,2026-07
labfirm,㈜제이랩스,기업,2021,대구,,,,2026-07
labfirm,㈜인터로드,기업,2021,대구,,,,2026-07
labfirm,㈜이에프생활과학연구소,기업,2021,대구,,,,2026-07
labfirm,㈜이스트바이오,기업,2021,대구,,,,2026-07
labfirm,㈜엠에프에스티,기업,2021,대구,,,,2026-07
labfirm,㈜에이치디이,기업,2021,대구,,,,2026-07
labfirm,㈜얼리고,기업,2021,대구,,,,2026-07
labfirm,㈜아이카스,기업,2021,대구,,,,2026-07
labfirm,㈜소울머티리얼,기업,2021,대구,,,,2026-07
labfirm,㈜세명시스템,기업,2021,대구,,,,2026-07
labfirm,㈜메디텍디앤디,기업,2021,대구,,,,2026-07
labfirm,㈜리클레어,기업,2021,대구,,,,2026-07
labfirm,㈜라베니아,기업,2021,대구,,,,2026-07
labfirm,에스아이테크㈜,기업,2020,대구,,,,2026-07
labfirm,농업회사법인 ㈜네이처앤리치,기업,2020,대구,,,,2026-07
labfirm,㈜피앤더블유시티,기업,2020,대구,,,,2026-07
labfirm,㈜창의공간,기업,2020,대구,,,,2026-07
labfirm,㈜진성하이테크,기업,2020,대구,,,,2026-07
labfirm,㈜제이슨랩,기업,2020,대구,,,,2026-07
labfirm,㈜제이디랩,기업,2020,대구,,,,2026-07
labfirm,㈜윈드큐브,기업,2020,대구,,,,2026-07
labfirm,㈜위드텍,기업,2020,대구,달서구,c7537,c7537;x2965;c2367;c6916,2026-07
labfirm,㈜신우첨단소재,기업,2020,대구,달서구,c7007,c7007;c0441,2026-07
labfirm,㈜서지오젠,기업,2020,대구,북구,x4800,x4800,2026-07
labfirm,㈜뷰,기업,2020,대구,수성구,c5227,c5227,2026-07
labfirm,㈜디아트,기업,2020,대구,,,,2026-07
labfirm,㈜인피닉스,기업,2019,대구,달성군,x3368,x3368;x4854,2026-07
labfirm,㈜우림테크,기업,2019,대구,달서구,c8754,c8754;c0051;c3885,2026-07
labfirm,㈜에드테크,기업,2019,대구,,,,2026-07
labfirm,㈜아이피에스오토,기업,2019,대구,,,,2026-07
labfirm,㈜디에스테크놀러지,기업,2019,대구,,,,2026-07
labfirm,㈜대경엔지니어링,기업,2019,대구,북구,c4700,c4700,2026-07
labfirm,㈜나투리아글로벌,기업,2019,대구,,,,2026-07
labfirm,빈킨즈 농업회사법인㈜,기업,2018,대구,동구,c0439,c0439,2026-07
labfirm,㈜이엠이에너지,기업,2018,대구,,,,2026-07
labfirm,㈜엔디오에스,기업,2018,대구,달성군,x2980,x2980,2026-07
labfirm,㈜에이엘텍,기업,2018,대구,달서구,x3315,x3315,2026-07
labfirm,㈜에이스테크윈,기업,2018,대구,,,,2026-07
labfirm,㈜에스엘바이오,기업,2018,대구,,,,2026-07
labfirm,㈜더원바이오,기업,2018,대구,,,,2026-07
labfirm,㈜단예,기업,2018,대구,,,,2026-07
labfirm,㈜휴메닉,기업,2017,대구,동구,c0449,c0449,2026-07
labfirm,㈜하늬바람,기업,2017,대구,,,,2026-07
labfirm,㈜지엘,기업,2017,대구,달서구,x3251,x3251;c4411,2026-07
labfirm,㈜지엔에스모바일언스,기업,2017,대구,달서구,x3161,x3161,2026-07
labfirm,㈜제이콥코리아,기업,2017,대구,,,,2026-07
labfirm,㈜에너캠프,기업,2017,대구,달서구,c5353,c5353,2026-07
labfirm,㈜맑은숲약초애,기업,2017,대구,,,,2026-07
labfirm,㈜디에이치유메디코스,기업,2017,대구,,,,2026-07
labfirm,㈜건설시스템융합기술원,기업,2017,대구,,,,2026-07
labfirm,피씨오낙㈜,기업,2016,대구,북구,c4445,c4445,2026-07
labfirm,㈜워프솔루션,기업,2016,대구,,,,2026-07
labfirm,㈜리앤투네이쳐,기업,2016,대구,,,,2026-07
labfirm,㈜대신테크젠,기업,2016,대구,,,,2026-07
labfirm,㈜케이앤에스에너지,기업,2015,대구,,,,2026-07
labfirm,㈜마이크로메디,기업,2015,대구,,,,2026-07
labfirm,㈜알앤에스랩,기업,2014,대구,,,,2026-07
star,한국피아이엠㈜,기업,2025,대구,달성군,c9733,c9733,2025-03
star,채비㈜,기업,2025,대구,수성구,x3076,x3076;c0659,2025-03
star,진명산업㈜,기업,2025,대구,달성군,c9876,c9876,2025-03
star,일신프라스틱㈜,기업,2025,대구,달성군,c10951,c10951,2025-03
star,인성데이타㈜,기업,2025,대구,서구,x3803,x3803,2025-03
star,유성정밀공업㈜,기업,2025,대구,달성군,c10711,c10711;c10950,2025-03
star,와이제이링크㈜,기업,2025,대구,달성군,c9705,c9705;c4928,2025-03
star,옵티머스시스템㈜,기업,2025,대구,달성군,c9862,c9862,2025-03
star,에스티엠㈜,기업,2025,대구,달서구,x2347,x2347;c11056;c11058;c11057,2025-03
star,에스제이에프㈜,기업,2025,대구,달서구,c8748,c8748,2025-03
star,씨아이에스㈜,기업,2025,대구,,,,2025-03
star,신한정공㈜,기업,2025,대구,달서구,c7726,c7726;c7727,2025-03
star,신성켐텍㈜,기업,2025,대구,달서구,c8739,c8739,2025-03
star,삼익정공㈜,기업,2025,대구,달서구,c8335,c8335;c10143,2025-03
star,삼우기업㈜,기업,2025,대구,달성군,c9244,c9244;c9416,2025-03
star,블루센㈜,기업,2025,대구,달성군,c10525,c10525,2025-03
star,벽진BIO텍,기업,2025,대구,달서구,c7252,c7252,2025-03
star,미래테크㈜,기업,2025,대구,달성군,c10765,c10765;x3380;c4790;c4791;c1830;c0430,2025-03
star,미래첨단소재㈜,기업,2025,대구,달성군,c10680,c10680,2025-03
star,디에스메탈㈜,기업,2025,대구,달성군,c9400,c9400,2025-03
star,대홍코스텍㈜,기업,2025,대구,달서구,c6774,c6774,2025-03
star,대영코어텍㈜,기업,2025,대구,달성군,c9848,c9848;c9811,2025-03
star,대영지에스㈜,기업,2025,대구,수성구,x2426,x2426,2025-03
star,대광소결금속㈜,기업,2025,대구,달성군,c10123,c10123;c9845,2025-03
star,고려전선㈜,기업,2025,대구,달서구,c8705,c8705;c2000,2025-03
star,거림테크㈜,기업,2025,대구,달서구,c5588,c5588,2025-03
star,㈜화신,기업,2025,대구,달서구,c8692,c8692,2025-03
star,㈜현대정밀,기업,2025,대구,달성군,c9357,c9357,2025-03
star,㈜한아IT,기업,2025,대구,동구,c0470,c0470,2025-03
star,㈜한국비엔씨,기업,2025,대구,달서구,c8689,c8689,2025-03
star,㈜한국고분자,기업,2025,대구,달성군,c10430,c10430,2025-03
star,㈜포위즈시스템,기업,2025,대구,동구,x2507,x2507,2025-03
star,㈜컴퓨터메이트,기업,2025,대구,수성구,c5287,c5287,2025-03
star,㈜청수,기업,2025,대구,서구,c1088,c1088;x2976;c10502;c9894,2025-03
star,㈜진영R&S,기업,2025,대구,달서구,c5897,c5897,2025-03
star,㈜진양오일씰,기업,2025,대구,달성군,c9629,c9629;c5896,2025-03
star,㈜진부,기업,2025,대구,달서구,c7382,c7382,2025-03
star,㈜진명아이앤씨,기업,2025,대구,달성군,c10138,c10138,2025-03
star,㈜정화테크,기업,2025,대구,달서구,c8133,c8133;c6390;c3984,2025-03
star,㈜이투컬렉션,기업,2025,대구,,,,2025-03
star,㈜유솔,기업,2025,대구,달성군,c10494,c10494,2025-03
star,㈜위니텍,기업,2025,대구,달서구,c8595,c8595,2025-03
star,㈜올소테크,기업,2025,대구,동구,c0444,c0444,2025-03
star,㈜옥천당,기업,2025,대구,동구,c0410,c0410,2025-03
star,㈜오대,기업,2025,대구,달성군,c9283,c9283;c9204;c9284;c9328,2025-03
star,㈜영풍열처리,기업,2025,대구,달서구,c8097,c8097;c9801;c8422,2025-03
star,㈜엠에이텍,기업,2025,대구,달서구,c7527,c7527;c8090,2025-03
star,㈜엔유씨전자,기업,2025,대구,북구,c2674,c2674,2025-03
star,㈜에이엘테크,기업,2025,대구,달서구,c5825,c5825,2025-03
star,㈜에스티아이,기업,2025,대구,달성군,c9609,c9609,2025-03
star,㈜에스엘씨,기업,2025,대구,달성군,c9073,c9073,2025-03
star,㈜씨엠에이글로벌,기업,2025,대구,동구,c0196,c0196,2025-03
star,㈜씨엠에스,기업,2025,대구,북구,c4541,c4541;c0195,2025-03
star,㈜씨엘모빌리티,기업,2025,대구,동구,x4686,x4686,2025-03
star,㈜씨앤보코,기업,2025,대구,서구,c0566,c0566,2025-03
star,㈜씨디씨뉴매틱,기업,2025,대구,달성군,c9603,c9603,2025-03
star,㈜쓰리에이치,기업,2025,대구,동구,c0442,c0442,2025-03
star,㈜신화에스티,기업,2025,대구,달서구,c5346,c5346;c10918,2025-03
star,㈜신도,기업,2025,대구,달성군,c10420,c10420,2025-03
star,㈜스피어에이엑스,기업,2025,대구,수성구,x2628,x2628,2025-03
star,㈜스페이스,기업,2025,대구,동구,c0490,c0490,2025-03
star,㈜스틸에이,기업,2025,대구,달서구,c7503,c7503;c10419,2025-03
star,㈜세양,기업,2025,대구,달서구,c5789,c5789;c0402,2025-03
star,㈜세신정밀,기업,2025,대구,달성군,c9598,c9598;c8365;c0541,2025-03
star,㈜세광하이테크,기업,2025,대구,북구,c4526,c4526;c4307;c4403;c10397,2025-03
star,㈜성신앤큐,기업,2025,대구,달성군,c9595,c9595,2025-03
star,㈜상아뉴매틱,기업,2025,대구,달성군,c9593,c9593;c10119,2025-03
star,㈜삼우농기,기업,2025,대구,달서구,c5337,c5337,2025-03
star,㈜삼보첨단소재,기업,2025,대구,달서구,c8030,c8030;c0983,2025-03
star,㈜보국전자,기업,2025,대구,달서구,c7472,c7472,2025-03
star,㈜베스툴,기업,2025,대구,달서구,c7469,c7469;c7470,2025-03
star,㈜백두에프앤에스,기업,2025,대구,동구,c0329,c0329,2025-03
star,㈜반도,기업,2025,대구,달성군,c10464,c10464,2025-03
star,㈜문창,기업,2025,대구,달성군,c10461,c10461,2025-03
star,㈜명성,기업,2025,대구,동구,c0399,c0399;x3931;c2142,2025-03
star,㈜로얄정공,기업,2025,대구,달서구,c5733,c5733;c10459;x3554,2025-03
star,㈜디케이코리아,기업,2025,대구,달서구,c7000,c7000,2025-03
star,㈜디에이치테크,기업,2025,대구,달성군,c9758,c9758;c10174;c3526;c9850;x5074,2025-03
star,㈜덕산코트랜,기업,2025,대구,북구,c4477,c4477;c9578;c0424,2025-03
star,㈜대주기계,기업,2025,대구,달성군,c9827,c9827;c9756;c8717,2025-03
star,㈜대정밸브,기업,2025,대구,달서구,c8612,c8612,2025-03
star,㈜대우경금속,기업,2025,대구,달성군,c10603,c10603,2025-03
star,㈜대영합섬,기업,2025,대구,달서구,c6552,c6552,2025-03
star,㈜대영알앤티,기업,2025,대구,달서구,c7098,c7098,2025-03
star,㈜대성하이텍,기업,2025,대구,달성군,c10150,c10150;c10130,2025-03
star,㈜나노아이티,기업,2025,대구,수성구,c5266,c5266,2025-03
star,㈜나경,기업,2025,대구,서구,c0932,c0932,2025-03
star,㈜굿유,기업,2025,대구,서구,c0793,c0793,2025-03
star,㈜구영테크,기업,2025,대구,달성군,c10410,c10410,2025-03
star,㈜구비테크,기업,2025,대구,달성군,c10129,c10129;c9823,2025-03
star,㈜AL네트웍스,기업,2025,대구,달서구,c6537,c6537,2025-03
prestar,휴먼플러스㈜,기업,2025,대구,달서구,c8563,c8563,2025-03
prestar,한국유체기술㈜,기업,2025,대구,달성군,c10551,c10551;c5109,2025-03
prestar,포철정밀,기업,2025,대구,북구,c4165,c4165,2025-03
prestar,퍼시픽엑스코리아(주),기업,2025,대구,달성군,c10546,c10546;c9879,2025-03
prestar,태일실업㈜,기업,2025,대구,달성군,c9477,c9477,2025-03
prestar,탑테크㈜,기업,2025,대구,달서구,c6956,c6956;c1678,2025-03
prestar,천가게,기업,2025,대구,서구,x4574,x4574,2025-03
prestar,주식회사 홍두당,기업,2025,대구,중구,c0058,c0058,2025-03
prestar,주식회사 한림기술,기업,2025,대구,수성구,c5214,c5214,2025-03
prestar,주식회사 한국파크골프,기업,2025,대구,달서구,c8171,c8171;c7406,2025-03
prestar,주식회사 지비소프트,기업,2025,대구,수성구,x3224,x3224,2025-03
prestar,주식회사 에프엠웍스,기업,2025,대구,북구,x2724,x2724,2025-03
prestar,주식회사 뭉클,기업,2025,대구,북구,c4497,c4497,2025-03
prestar,정원산업,기업,2025,대구,달성군,c9458,c9458;c2864,2025-03
prestar,우양신소재,기업,2025,대구,북구,x2494,x2494;c9899,2025-03
prestar,오스젠㈜,기업,2025,대구,동구,x2872,x2872,2025-03
prestar,오리엔트세라믹,기업,2025,대구,달서구,c7306,c7306,2025-03
prestar,영원,기업,2025,대구,서구,c2329,c2329,2025-03
prestar,엠하드웨어,기업,2025,대구,달성군,c10335,c10335,2025-03
prestar,엠-에스다이텍,기업,2025,대구,서구,c0768,c0768;c0769,2025-03
prestar,에임트㈜,기업,2025,대구,달성군,c9861,c9861,2025-03
prestar,아진하이텍,기업,2025,대구,달서구,c5626,c5626,2025-03
prestar,아이피텍㈜,기업,2025,대구,달서구,c5461,c5461,2025-03
prestar,아이즈미,기업,2025,대구,동구,c0432,c0432,2025-03
prestar,아레텍(주),기업,2025,대구,달성군,c9691,c9691,2025-03
prestar,신명하이텍,기업,2025,대구,달성군,c10944,c10944,2025-03
prestar,삼보산업,기업,2025,대구,서구,c0740,c0740,2025-03
prestar,비젼디지텍(주),기업,2025,대구,달서구,c7683,c7683;c2620,2025-03
prestar,모니(monee),기업,2025,대구,수성구,x4621,x4621,2025-03
prestar,명일폼테크㈜,기업,2025,대구,달서구,c8303,c8303;c8304,2025-03
prestar,명인스프링,기업,2025,대구,달서구,c8727,c8727,2025-03
prestar,덴스타(주),기업,2025,대구,동구,c0425,c0425;c0529,2025-03
prestar,대건금속,기업,2025,대구,달서구,c8235,c8235,2025-03
prestar,건일공업㈜,기업,2025,대구,달성군,c9647,c9647,2025-03
prestar,거인커뮤니케이션즈,기업,2025,대구,중구,c0146,c0146,2025-03
prestar,㈜휴브아이웨어,기업,2025,대구,서구,c2577,c2577,2025-03
prestar,㈜화신금속공업,기업,2025,대구,북구,c4642,c4642;c5090,2025-03
prestar,㈜홍성,기업,2025,대구,달서구,c7592,c7592,2025-03
prestar,㈜한맥아이피에스,기업,2025,대구,수성구,c5252,c5252;c5292;c3186,2025-03
prestar,㈜한국알파시스템,기업,2025,대구,수성구,c5288,c5288,2025-03
prestar,㈜푸딩,기업,2025,대구,동구,x3383,x3383,2025-03
prestar,㈜포이즈,기업,2025,대구,달서구,c6698,c6698,2025-03
prestar,㈜파인메딕스,기업,2025,대구,동구,c0417,c0417,2025-03
prestar,㈜텍스토머,기업,2025,대구,북구,x4746,x4746,2025-03
prestar,㈜코레쉬텍,기업,2025,대구,달성군,c10428,c10428;c10797,2025-03
prestar,㈜캐치볼,기업,2025,대구,중구,x2995,x2995,2025-03
prestar,㈜지오로봇,기업,2025,대구,달서구,c6678,c6678;x4446,2025-03
prestar,㈜제이컴인터내셔널,기업,2025,대구,수성구,c5206,c5206,2025-03
prestar,㈜제이에스시스템,기업,2025,대구,수성구,x2306,x2306,2025-03
prestar,㈜제이솔루션,기업,2025,대구,북구,c4319,c4319,2025-03
prestar,㈜제이비스퀘어,기업,2025,대구,동구,x5159,x5159,2025-03
prestar,㈜제윤,기업,2025,대구,달서구,c8667,c8667;x4679,2025-03
prestar,㈜일성도금,기업,2025,대구,달성군,c10733,c10733;c7155;c5873,2025-03
prestar,㈜인코아,기업,2025,대구,동구,c0554,c0554,2025-03
prestar,㈜인더텍,기업,2025,대구,동구,c0412,c0412,2025-03
prestar,㈜이롭,기업,2025,대구,동구,c0545,c0545,2025-03
prestar,㈜유니테크시스템,기업,2025,대구,달성군,c10784,c10784,2025-03
prestar,㈜위츠,기업,2025,대구,수성구,c5235,c5235;c5284,2025-03
prestar,㈜우성씰텍,기업,2025,대구,달서구,c7534,c7534,2025-03
prestar,㈜우리매니저,기업,2025,대구,달서구,x2474,x2474,2025-03
prestar,㈜오성하이텍,기업,2025,대구,동구,x2683,x2683,2025-03
prestar,㈜예진,기업,2025,대구,달서구,c7860,c7860;c1473,2025-03
prestar,㈜엠엔비젼,기업,2025,대구,서구,c1041,c1041;x4673,2025-03
prestar,㈜엔터인,기업,2025,대구,수성구,c5249,c5249,2025-03
prestar,㈜엔도비전,기업,2025,대구,동구,c0544,c0544,2025-03
prestar,㈜에이치투씨디자인,기업,2025,대구,북구,x4600,x4600,2025-03
prestar,㈜에이스기계,기업,2025,대구,북구,c4556,c4556;c4904,2025-03
prestar,㈜에스이코리아,기업,2025,대구,수성구,c5248,c5248,2025-03
prestar,㈜에너피아,기업,2025,대구,달성군,c10975,c10975,2025-03
prestar,㈜알텍,기업,2025,대구,달성군,c9605,c9605;c10306;c10297,2025-03
prestar,㈜알엔웨어,기업,2025,대구,수성구,c5247,c5247,2025-03
prestar,㈜알앤유,기업,2025,대구,동구,c0405,c0405,2025-03
prestar,㈜아피스,기업,2025,대구,동구,c0316,c0316,2025-03
prestar,㈜아이지아이에스,기업,2025,대구,수성구,c5280,c5280,2025-03
prestar,㈜아스트로젠,기업,2025,대구,동구,x3204,x3204,2025-03
prestar,㈜씨오알엔,기업,2025,대구,달성군,c10477,c10477,2025-03
prestar,㈜써지덴트,기업,2025,대구,동구,x4731,x4731,2025-03
prestar,㈜심플스틱,기업,2025,대구,북구,c2667,c2667,2025-03
prestar,㈜솔지,기업,2025,대구,달성군,c9599,c9599,2025-03
prestar,㈜세중 아이에스,기업,2025,대구,수성구,c5278,c5278,2025-03
prestar,㈜선비테크,기업,2025,대구,달서구,c5538,c5538,2025-03
prestar,㈜선미,기업,2025,대구,동구,c0194,c0194,2025-03
prestar,㈜삼쩜일사,기업,2025,대구,북구,x4594,x4594,2025-03
prestar,㈜삼우이엔지,기업,2025,대구,달성군,c9998,c9998,2025-03
prestar,㈜빅웨이브에이아이,기업,2025,대구,수성구,x3484,x3484;c6595,2025-03
prestar,㈜브리드비인터내셔널,기업,2025,대구,달성군,x4704,x4704,2025-03
prestar,㈜백일,기업,2025,대구,달성군,c9887,c9887,2025-03
prestar,㈜반디,기업,2025,대구,북구,c4504,c4504,2025-03
prestar,㈜미지에너텍,기업,2025,대구,달서구,c6584,c6584,2025-03
prestar,㈜마이크로엔엑스,기업,2025,대구,동구,c0458,c0458;c10609,2025-03
prestar,㈜마루종합식품,기업,2025,대구,북구,c3062,c3062,2025-03
prestar,㈜레피오,기업,2025,대구,동구,c0540,c0540,2025-03
prestar,㈜레이월드,기업,2025,대구,동구,c0457,c0457,2025-03
prestar,㈜러닝비전,기업,2025,대구,수성구,x4952,x4952;c8626,2025-03
prestar,㈜라임,기업,2025,대구,달서구,c6569,c6569,2025-03
prestar,㈜디케이,기업,2025,대구,동구,c0273,c0273;c8008;c8726,2025-03
prestar,㈜디월드,기업,2025,대구,북구,c4488,c4488,2025-03
prestar,㈜드림에이스,기업,2025,대구,북구,x3054,x3054,2025-03
prestar,㈜더아이엠씨,기업,2025,대구,수성구,c5269,c5269,2025-03
prestar,㈜대지메카트로닉스,기업,2025,대구,달성군,c10132,c10132;c10142,2025-03
prestar,㈜달구지푸드,기업,2025,대구,달성군,c8952,c8952;c9049,2025-03
prestar,㈜나드리,기업,2025,대구,달성군,c9901,c9901,2025-03
prestar,㈜글라우드,기업,2025,대구,동구,x4535,x4535,2025-03
prestar,㈜궁전방,기업,2025,대구,달성군,c9824,c9824,2025-03
prestar,㈜건영크리너,기업,2025,대구,북구,c5110,c5110,2025-03
prestar,㈜YH데이타베이스,기업,2025,대구,수성구,c5263,c5263,2025-03
prestar,(주)팬텀옵티칼,기업,2025,대구,북구,c4627,c4627,2025-03
prestar,(주)티지바이오텍,기업,2025,대구,북구,x2214,x2214,2025-03
prestar,(주)지클로,기업,2025,대구,달서구,c5893,c5893;c0499,2025-03
prestar,(주)제이엠바이오텍,기업,2025,대구,달서구,x2870,x2870;c8569,2025-03
prestar,(주)제이에스코리아,기업,2025,대구,달서구,c5881,c5881;c6395,2025-03
prestar,(주)인솔엠앤티,기업,2025,대구,달서구,x2957,x2957,2025-03
prestar,(주)이룸쿡,기업,2025,대구,달서구,c5560,c5560,2025-03
prestar,(주)유엔디,기업,2025,대구,수성구,c5251,c5251,2025-03
prestar,(주)에이시스테크놀로지,기업,2025,대구,달성군,c10424,c10424,2025-03
prestar,(주)씨티셀즈,기업,2025,대구,달성군,x3363,x3363,2025-03
prestar,(주)씨엠케이푸드,기업,2025,대구,수성구,c5233,c5233,2025-03
prestar,(주)신성하이텍,기업,2025,대구,달성군,c10622,c10622,2025-03
prestar,(주)소포스,기업,2025,대구,달성군,c10472,c10472,2025-03
prestar,(주)브랜디드인더스트리,기업,2025,대구,동구,c0473,c0473,2025-03
prestar,(주)무지개연구소,기업,2025,대구,수성구,x4871,x4871,2025-03
prestar,(주)모콘,기업,2025,대구,달성군,c9589,c9589,2025-03
prestar,(주)릴리커버,기업,2025,대구,수성구,x3157,x3157;c8628,2025-03
prestar,(주)로우템,기업,2025,대구,동구,x2735,x2735,2025-03
prestar,(주)라지,기업,2025,대구,달성군,c9814,c9814,2025-03
prestar,(주)디지엔터테인먼트,기업,2025,대구,남구,x2213,x2213;x4552,2025-03
k3030,화신섬유㈜,기업,2025,대구,달서구,c7361,c7361;c0581,2025-03
k3030,화성밸브㈜,기업,2025,대구,서구,c0843,c0843,2025-03
k3030,홍성정공,기업,2025,대구,달서구,c7822,c7822,2025-03
k3030,혜성정공,기업,2025,대구,북구,c5088,c5088;c4264;c10903;c7821,2025-03
k3030,현대코퍼레이션㈜,기업,2025,대구,달서구,c8551,c8551;c10956,2025-03
k3030,현대고주파열처리,기업,2025,대구,달서구,c8548,c8548,2025-03
k3030,한성섬유,기업,2025,대구,,,,2025-03
k3030,한국OSG주식회사,기업,2025,대구,달서구,c8787,c8787;c6489;x4839,2025-03
k3030,풍국주정공업(주),기업,2025,대구,달서구,c7809,c7809,2025-03
k3030,태화염공,기업,2025,대구,서구,c0825,c0825,2025-03
k3030,태창철강㈜,기업,2025,대구,달서구,x4887,x4887,2025-03
k3030,태창공업㈜,기업,2025,대구,달성군,c9908,c9908;c8508,2025-03
k3030,태광공업사,기업,2025,대구,달서구,c8503,c8503;c7798,2025-03
k3030,천일장갑,기업,2025,대구,서구,c1655,c1655;c1656,2025-03
k3030,천일금형사,기업,2025,대구,달서구,c6435,c6435,2025-03
k3030,창성정공,기업,2025,대구,달서구,c7331,c7331,2025-03
k3030,진호염직 주식회사,기업,2025,대구,서구,c0812,c0812,2025-03
k3030,진일공업사,기업,2025,대구,달서구,c6424,c6424,2025-03
k3030,중앙포장(주),기업,2025,대구,달서구,c7407,c7407,2025-03
k3030,중앙정밀주식회사,기업,2025,대구,달서구,c8480,c8480,2025-03
k3030,중앙산업사,기업,2025,대구,달서구,c7327,c7327,2025-03
k3030,주식회사아세아텍,기업,2025,대구,달성군,c9875,c9875;c7854,2025-03
k3030,주식회사 한영,기업,2025,대구,달성군,c9218,c9218;c5160,2025-03
k3030,주식회사 에이디시,기업,2025,대구,,,,2025-03
k3030,주식회사 세광하이테크,기업,2025,대구,북구,c4526,c4526;c4307;c4403;c10397,2025-03
k3030,주식회사 베스툴,기업,2025,대구,달서구,c7469,c7469;c7470,2025-03
k3030,제일정공,기업,2025,대구,달서구,c8672,c8672;c2873,2025-03
k3030,정경유압(주),기업,2025,대구,달서구,c6383,c6383,2025-03
k3030,잘만정공(주),기업,2025,대구,달서구,c7776,c7776,2025-03
k3030,일신프라스틱(주),기업,2025,대구,달성군,c10951,c10951,2025-03
k3030,이화레이스,기업,2025,대구,달서구,c8764,c8764,2025-03
k3030,유한염직공업(주),기업,2025,대구,서구,c0785,c0785,2025-03
k3030,유진섬유(주),기업,2025,대구,달성군,c9272,c9272;c8450,2025-03
k3030,유승산업㈜,기업,2025,대구,달서구,c8448,c8448;c6352,2025-03
k3030,유성정밀공업(주),기업,2025,대구,달성군,c10711,c10711;c10950,2025-03
k3030,욱일IDC,기업,2025,대구,서구,c0778,c0778,2025-03
k3030,우일염직㈜,기업,2025,대구,서구,c0777,c0777,2025-03
k3030,오대산업(주),기업,2025,대구,서구,c2337,c2337,2025-03
k3030,오대금속주식회사,기업,2025,대구,,,,2025-03
k3030,영화공업(주),기업,2025,대구,달성군,c9268,c9268,2025-03
k3030,영신타올주식회사,기업,2025,대구,달서구,c6311,c6311;c6310;c6312,2025-03
k3030,영남주물공업(주),기업,2025,대구,북구,c3850,c3850,2025-03
k3030,신흥버스(주),기업,2025,대구,달서구,c6264,c6264,2025-03
k3030,신일산업㈜,기업,2025,대구,달성군,c9429,c9429;c9257;c9690,2025-03
k3030,신성에스앤티㈜,기업,2025,대구,달성군,c9688,c9688,2025-03
k3030,신성산업(주),기업,2025,대구,달서구,c5623,c5623;c3773;c3002,2025-03
k3030,신생공업(주),기업,2025,대구,달서구,c7721,c7721;c10945,2025-03
k3030,신라철강㈜,기업,2025,대구,달서구,c6247,c6247,2025-03
k3030,세신금속㈜,기업,2025,대구,,,,2025-03
k3030,서도산업(주),기업,2025,대구,동구,c0389,c0389;c6193,2025-03
k3030,상신브레이크㈜,기업,2025,대구,달성군,c9245,c9245;c9812;c10942,2025-03
k3030,삼화식품(주),기업,2025,대구,,,,2025-03
k3030,삼일염직(주),기업,2025,대구,서구,c0747,c0747,2025-03
k3030,삼우기업(주),기업,2025,대구,달성군,c9244,c9244;c9416,2025-03
k3030,삼우공업사,기업,2025,대구,달서구,c7262,c7262;c3650,2025-03
k3030,삼영금속공업(주),기업,2025,대구,달서구,c8329,c8329,2025-03
k3030,삼영공업(주),기업,2025,대구,달서구,c8328,c8328,2025-03
k3030,삼성염직(주),기업,2025,대구,서구,c0744,c0744,2025-03
k3030,사회복지법인 미망인모자복지회,기업,2025,대구,,,,2025-03
k3030,부승섬유㈜,기업,2025,대구,달서구,c6158,c6158,2025-03
k3030,보문인쇄포장,기업,2025,대구,달서구,c8312,c8312,2025-03
k3030,보국전기공업 주식회사,기업,2025,대구,달성군,c10572,c10572,2025-03
k3030,미키코리아㈜,기업,2025,대구,서구,c1299,c1299;c10838,2025-03
k3030,미성화학,기업,2025,대구,달서구,c5432,c5432,2025-03
k3030,명일폼테크,기업,2025,대구,달서구,c8303,c8303;c8304,2025-03
k3030,디엠씨(주),기업,2025,대구,군위군,c11024,c11024,2025-03
k3030,디엘아이코리아,기업,2025,대구,달서구,c8293,c8293;c8294,2025-03
k3030,동원산자,기업,2025,대구,달성군,c8982,c8982,2025-03
k3030,동영염직(주),기업,2025,대구,서구,c0725,c0725,2025-03
k3030,동양산업,기업,2025,대구,달서구,c6106,c6106;c4753,2025-03
k3030,대홍코스텍 주식회사,기업,2025,대구,달서구,c6774,c6774,2025-03
k3030,대창정공,기업,2025,대구,달서구,c8265,c8265,2025-03
k3030,대원기계공업(주),기업,2025,대구,중구,x2422,x2422,2025-03
k3030,대영코어텍(주),기업,2025,대구,달성군,c9848,c9848;c9811,2025-03
k3030,대영염공(주),기업,2025,대구,서구,c0704,c0704,2025-03
k3030,대아정공(주),기업,2025,대구,달서구,c8254,c8254;c10181;c3396,2025-03
k3030,대성금속공업㈜,기업,2025,대구,북구,c3381,c3381,2025-03
k3030,대성공업(주),기업,2025,대구,,,,2025-03
k3030,대산금속㈜,기업,2025,대구,달서구,c6060,c6060;c8248,2025-03
k3030,대림공업사,기업,2025,대구,달서구,c8246,c8246,2025-03
k3030,대리정밀㈜,기업,2025,대구,달성군,c9232,c9232;c10434,2025-03
k3030,대동공업,기업,2025,대구,북구,c2727,c2727,2025-03
k3030,대구특수금속,기업,2025,대구,달성군,c9567,c9567;c5661,2025-03
k3030,대구탁주합동 제1공장,기업,2025,대구,동구,c0245,c0245,2025-03
k3030,농업회사법인 ㈜영풍,기업,2025,대구,달서구,c7624,c7624,2025-03
k3030,남일엔피아이,기업,2025,대구,달서구,c7621,c7621,2025-03
k3030,기승공업㈜,기업,2025,대구,북구,c4688,c4688;c4689;c10938,2025-03
k3030,금용기계주식회사,기업,2025,대구,북구,c3305,c3305,2025-03
k3030,금강파이프(주),기업,2025,대구,달서구,c7617,c7617,2025-03
k3030,구봉정공,기업,2025,대구,북구,c3276,c3276,2025-03
k3030,광림섬유㈜,기업,2025,대구,달서구,c8209,c8209;c8208,2025-03
k3030,고문당인쇄(주),기업,2025,대구,달서구,c7608,c7608,2025-03
k3030,고려전선(주),기업,2025,대구,달서구,c8705,c8705;c2000,2025-03
k3030,고광산업(주),기업,2025,대구,북구,c4665,c4665;c4667;c4666,2025-03
k3030,경일염직㈜,기업,2025,대구,,,,2025-03
k3030,경북크랑크,기업,2025,대구,달서구,c8198,c8198,2025-03
k3030,경북열처리공업사,기업,2025,대구,달서구,c7605,c7605,2025-03
k3030,경북봉투사,기업,2025,대구,중구,c0091,c0091;c7431,2025-03
k3030,경남섬유,기업,2025,대구,북구,c3235,c3235,2025-03
k3030,㈜화신,기업,2025,대구,달서구,c8692,c8692,2025-03
k3030,㈜형제인터내셔널,기업,2025,대구,중구,x2477,x2477,2025-03
k3030,㈜현대화섬,기업,2025,대구,달성군,c9358,c9358;c6514,2025-03
k3030,㈜한국이앤씨,기업,2025,대구,서구,x2415,x2415,2025-03
k3030,㈜평안,기업,2025,대구,달서구,c7581,c7581,2025-03
k3030,㈜티와이플라텍,기업,2025,대구,달성군,c9805,c9805,2025-03
k3030,㈜티에이케이,기업,2025,대구,달서구,c7018,c7018,2025-03
k3030,㈜태승섬유,기업,2025,대구,,,,2025-03
k3030,㈜청수,기업,2025,대구,서구,c1088,c1088;x2976;c10502;c9894,2025-03
k3030,㈜창보,기업,2025,대구,달성군,c9834,c9834;c5571,2025-03
k3030,㈜진양오일씰,기업,2025,대구,달성군,c9629,c9629;c5896,2025-03
k3030,㈜진부,기업,2025,대구,달서구,c7382,c7382,2025-03
k3030,㈜일성도금,기업,2025,대구,달성군,c10733,c10733;c7155;c5873,2025-03
k3030,㈜유니폴리,기업,2025,대구,달서구,c8112,c8112,2025-03
k3030,㈜월성,기업,2025,대구,달서구,c8106,c8106,2025-03
k3030,㈜우진하이텍,기업,2025,대구,달서구,c8102,c8102;c3148;c10426,2025-03
k3030,㈜엠에이텍,기업,2025,대구,달서구,c7527,c7527;c8090,2025-03
k3030,㈜아진피앤피,기업,2025,대구,달성군,c10193,c10193,2025-03
k3030,㈜씨디씨뉴매틱,기업,2025,대구,달성군,c9603,c9603,2025-03
k3030,㈜신광타올,기업,2025,대구,서구,c1009,c1009,2025-03
k3030,㈜상아뉴매틱,기업,2025,대구,달성군,c9593,c9593;c10119,2025-03
k3030,㈜삼우무역,기업,2025,대구,달성군,c8918,c8918;c7480,2025-03
k3030,㈜산찬섬유,기업,2025,대구,달서구,c5758,c5758,2025-03
k3030,㈜보우,기업,2025,대구,달서구,c8019,c8019;c9888;c9889,2025-03
k3030,㈜범서,기업,2025,대구,달서구,c7468,c7468,2025-03
k3030,㈜문창,기업,2025,대구,달성군,c10461,c10461,2025-03
k3030,㈜모간,기업,2025,대구,달성군,c9187,c9187;c10763;c10762,2025-03
k3030,㈜동화주택,기업,2025,대구,,,,2025-03
k3030,㈜동진상사,기업,2025,대구,서구,c0601,c0601;c0600;x2448;c6787,2025-03
k3030,㈜동아티오엘,기업,2025,대구,달서구,c5525,c5525,2025-03
k3030,㈜대주기계,기업,2025,대구,달성군,c9827,c9827;c9756;c8717,2025-03
k3030,㈜대양,기업,2025,대구,달서구,c5699,c5699;c2421,2025-03
k3030,㈜대명ENG,기업,2025,대구,달서구,c7970,c7970;c9826,2025-03
k3030,㈜대동정공,기업,2025,대구,달서구,c7441,c7441;x2357,2025-03
k3030,㈜대건산업,기업,2025,대구,서구,c0594,c0594,2025-03
k3030,㈜글로스코,기업,2025,대구,달성군,c9178,c9178,2025-03
k3030,㈜그랜드관광호텔,기업,2025,대구,,,,2025-03
k3030,㈜광성,기업,2025,대구,달서구,c7949,c7949;c7432,2025-03
k3030,(주)현대정밀,기업,2025,대구,달성군,c9357,c9357,2025-03
k3030,(주)한성피앤아이,기업,2025,대구,달서구,c7587,c7587,2025-03
k3030,(주)한국소방기구 제작소,기업,2025,대구,서구,c1099,c1099;c10664;c11043;c10511,2025-03
k3030,(주)풍국면,기업,2025,대구,북구,c3184,c3184,2025-03
k3030,(주)팩슨,기업,2025,대구,달서구,c7579,c7579,2025-03
k3030,(주)태양어패럴,기업,2025,대구,달서구,c7929,c7929,2025-03
k3030,(주)제일제약,기업,2025,대구,달서구,c7554,c7554;c10655,2025-03
k3030,(주)일광,기업,2025,대구,달서구,c5371,c5371,2025-03
k3030,(주)옥산산업,기업,2025,대구,달서구,c7533,c7533,2025-03
k3030,(주)영풍열처리,기업,2025,대구,달서구,c8097,c8097;c9801;c8422,2025-03
k3030,(주)야성,기업,2025,대구,동구,c0491,c0491,2025-03
k3030,(주)신양정밀,기업,2025,대구,달서구,c8057,c8057,2025-03
k3030,(주)신아엠피씨,기업,2025,대구,달성군,c10973,c10973,2025-03
k3030,(주)세양,기업,2025,대구,달서구,c5789,c5789;c0402,2025-03
k3030,(주)성안,기업,2025,대구,북구,c4523,c4523;c10469,2025-03
k3030,(주)성림티앤티,기업,2025,대구,달서구,c8040,c8040,2025-03
k3030,(주)서방,기업,2025,대구,,,,2025-03
k3030,(주)서도염직,기업,2025,대구,서구,c0621,c0621,2025-03
k3030,(주)비에스지,기업,2025,대구,북구,c3083,c3083;c0171,2025-03
k3030,(주)부성,기업,2025,대구,달성군,x3871,x3871;c0611,2025-03
k3030,(주)보국전자,기업,2025,대구,달서구,c7472,c7472,2025-03
k3030,(주)반도,기업,2025,대구,달성군,c10464,c10464,2025-03
k3030,(주)문명에이스,기업,2025,대구,달서구,c8017,c8017,2025-03
k3030,(주)로얄정공,기업,2025,대구,달서구,c5733,c5733;c10459;x3554,2025-03
k3030,(주)대호산업,기업,2025,대구,북구,c5174,c5174,2025-03
k3030,(주)대철,기업,2025,대구,달서구,c7837,c7837;c3046;c10412,2025-03
k3030,(주)대정밸브,기업,2025,대구,달서구,c8612,c8612,2025-03
k3030,(주)대림프라콘,기업,2025,대구,달서구,c5694,c5694,2025-03
k3030,(주)남선알미늄,기업,2025,대구,달성군,c9299,c9299,2025-03
k3030,(주)금성정공,기업,2025,대구,달성군,c10451,c10451;c7618,2025-03
k3030,(주)금강밸브,기업,2025,대구,달성군,c10599,c10599;c7090,2025-03
