rcept_dt,corp_code,name,report_nm,event,fields,keywords,excerpt,rcept_no,url
20260928,01090471,(주)에스에프에이넥셀,[기재정정]단일판매ㆍ공급계약체결,공급계약,2차전지,2차전지,…일판매ㆍ공급계약체결 1. 판매ㆍ공급계약 내용 2차전지 전극공정 제조장비 2. 계약내역 조건부 계약여부 미해…,20260928900924,https://dart.fss.or.kr/dsaf001/main.do?rcpNo=20260928900924
20260921,00132868,(주)우성머티리얼스,[기재정정]주요사항보고서(유상증자결정),유상증자,바이오·의료,바이오,…거래내역 및 계획 배정주식수 (주) 비 고 바이오엠피앤이 합자조합 - 회사 경영상 목적 달성 투자자의…,20260921000303,https://dart.fss.or.kr/dsaf001/main.do?rcpNo=20260921000303
20260917,00398701,(주)엘앤에프,단일판매ㆍ공급계약체결,공급계약,2차전지,양극재,…ㆍ공급계약 - 체결계약명 리튬인산철(LFP) 양극재 중장기 공급 및 구매합의서 2. 계약내역 계약금액(원…,20260917800658,https://dart.fss.or.kr/dsaf001/main.do?rcpNo=20260917800658
20260916,00132868,(주)우성머티리얼스,[기재정정]주요사항보고서(유상증자결정),유상증자,바이오·의료,바이오,…거래내역 및 계획 배정주식수 (주) 비 고 바이오엠피앤이 합자조합 - 회사 경영상 목적 달성 투자자의…,20260916000546,https://dart.fss.or.kr/dsaf001/main.do?rcpNo=20260916000546
20260914,01090471,(주)에스에프에이넥셀,[기재정정]단일판매ㆍ공급계약체결,공급계약,2차전지,2차전지,…일판매ㆍ공급계약체결 1. 판매ㆍ공급계약 내용 2차전지 전극공정 제조장비 2. 계약내역 조건부 계약여부 미해…,20260914900531,https://dart.fss.or.kr/dsaf001/main.do?rcpNo=20260914900531
20260914,00132868,(주)우성머티리얼스,[기재정정]주요사항보고서(유상증자결정),유상증자,바이오·의료,바이오,…거래내역 및 계획 배정주식수 (주) 비 고 바이오엠피앤이 합자조합 - 회사 경영상 목적 달성 투자자의…,20260914000081,https://dart.fss.or.kr/dsaf001/main.do?rcpNo=20260914000081
20260910,00132868,(주)우성머티리얼스,주요사항보고서(유상증자결정),유상증자,바이오·의료,바이오,…거래내역 및 계획 배정주식수 (주) 비 고 바이오엠피앤이 합자조합 - 회사 경영상 목적 달성 투자자의…,20260910000580,https://dart.fss.or.kr/dsaf001/main.do?rcpNo=20260910000580
20260826,00109286,(주)대동,타법인주식및출자증권취득결정,지분취득,미래차·모빌리티,모빌리티,"…증권 취득결정 1. 발행회사 회사명 (주)대동모빌리티 국적 대한민국 대표자 원유현 자본금(원) 7,458,…",20260826800386,https://dart.fss.or.kr/dsaf001/main.do?rcpNo=20260826800386
20260825,00109286,(주)대동,타법인주식및출자증권취득결정,지분취득,미래차·모빌리티,모빌리티,"…증권 취득결정 1. 발행회사 회사명 (주)대동모빌리티 국적 대한민국 대표자 원유현 자본금(원) 7,458,…",20260825800271,https://dart.fss.or.kr/dsaf001/main.do?rcpNo=20260825800271
20260619,01144569,(주)피엔티 엠에스,[기재정정]단일판매ㆍ공급계약체결,공급계약,2차전지,이차전지,…정정항목 정정전 정정후 3. 계약상대방 해외 이차전지 부품소재 업체 해외(헝가리) 이차전지 부품소재 업체…,20260619900396,https://dart.fss.or.kr/dsaf001/main.do?rcpNo=20260619900396
20260519,01090471,(주)에스에프에이넥셀,[기재정정]단일판매ㆍ공급계약체결,공급계약,2차전지,2차전지,…일판매ㆍ공급계약체결 1. 판매ㆍ공급계약 내용 2차전지 전극공정 제조장비 2. 계약내역 조건부 계약여부 미해…,20260519900625,https://dart.fss.or.kr/dsaf001/main.do?rcpNo=20260519900625
20260324,00398701,(주)엘앤에프,단일판매ㆍ공급계약체결,공급계약,2차전지,양극재·ESS,…ㆍ공급계약 - 체결계약명 리튬인산철(LFP) 양극재 중장기 공급 및 구매합의서 2. 계약내역 계약금액(원…,20260324800257,https://dart.fss.or.kr/dsaf001/main.do?rcpNo=20260324800257
20260323,01090471,(주)에스에프에이넥셀,[기재정정]단일판매ㆍ공급계약체결,공급계약,2차전지,2차전지,…일판매ㆍ공급계약체결 1. 판매ㆍ공급계약 내용 2차전지 전극공정 제조장비 2. 계약내역 조건부 계약여부 미해…,20260323901050,https://dart.fss.or.kr/dsaf001/main.do?rcpNo=20260323901050
20260317,00398701,(주)엘앤에프,투자판단관련주요경영사항,주요경영사항,2차전지,배터리,…구개발을 위하여 비밀유지협약서를 체결하였으며 배터리 개발 협력 및 계약 이행을 위해 최선을 다할 예정입니…,20260317801367,https://dart.fss.or.kr/dsaf001/main.do?rcpNo=20260317801367
20260316,00620558,(주)루트케이,주요사항보고서(유상증자결정),유상증자,바이오·의료,바이오,…항보고서(유상증자결정) 6.3 (주)에이비프로바이오 주요사항보고서 / 거래소 신고의무 사항 금융위원회 /…,20260313001404,https://dart.fss.or.kr/dsaf001/main.do?rcpNo=20260313001404
20260210,00577335,(주)대성하이텍,단일판매ㆍ공급계약체결,공급계약,방산·항공우주,방위산업,"…) 177,812,965,836 - 주요사업 방위산업 무기시스템 제작 - 회사와의 관계 - - 회사와 최근…",20260210900541,https://dart.fss.or.kr/dsaf001/main.do?rcpNo=20260210900541
20260130,01090471,(주)에스에프에이넥셀,[기재정정]단일판매ㆍ공급계약체결,공급계약,2차전지,2차전지,…일판매ㆍ공급계약체결 1. 판매ㆍ공급계약 내용 2차전지 전극공정 제조장비 2. 계약내역 조건부 계약여부 미해…,20260130900489,https://dart.fss.or.kr/dsaf001/main.do?rcpNo=20260130900489
20260121,01090471,(주)에스에프에이넥셀,[기재정정]단일판매ㆍ공급계약체결,공급계약,2차전지,2차전지,…2026-01-21 1. 정정관련 공시서류 2차전지 전극공정 제조장비 2. 정정관련 공시서류제출일 202…,20260121900468,https://dart.fss.or.kr/dsaf001/main.do?rcpNo=20260121900468
20260113,01090471,(주)에스에프에이넥셀,[기재정정]단일판매ㆍ공급계약체결,공급계약,2차전지,2차전지,…2026-01-13 1. 정정관련 공시서류 2차전지 전극공정 제조장비 2. 정정관련 공시서류제출일 202…,20260113900410,https://dart.fss.or.kr/dsaf001/main.do?rcpNo=20260113900410
20260109,01090471,(주)에스에프에이넥셀,[기재정정]단일판매ㆍ공급계약체결,공급계약,2차전지,2차전지,…2026-01-09 1. 정정관련 공시서류 2차전지 전극공정 제조장비 2. 정정관련 공시서류제출일 202…,20260109900707,https://dart.fss.or.kr/dsaf001/main.do?rcpNo=20260109900707
20251231,01090471,(주)에스에프에이넥셀,[기재정정]단일판매ㆍ공급계약체결,공급계약,2차전지,2차전지,…일판매ㆍ공급계약체결 1. 판매ㆍ공급계약 내용 2차전지 전극공정 제조장비 2. 계약내역 조건부 계약여부 미해…,20251231900644,https://dart.fss.or.kr/dsaf001/main.do?rcpNo=20251231900644
20251230,01090471,(주)에스에프에이넥셀,[기재정정]단일판매ㆍ공급계약체결,공급계약,2차전지,2차전지,…일판매ㆍ공급계약체결 1. 판매ㆍ공급계약 내용 2차전지 전극공정 제조장비 2. 계약내역 조건부 계약여부 미해…,20251230901109,https://dart.fss.or.kr/dsaf001/main.do?rcpNo=20251230901109
20251230,01090471,(주)에스에프에이넥셀,[기재정정]단일판매ㆍ공급계약체결,공급계약,2차전지,2차전지,…일판매ㆍ공급계약체결 1. 판매ㆍ공급계약 내용 2차전지 전극공정 제조장비 2. 계약내역 조건부 계약여부 미해…,20251230900350,https://dart.fss.or.kr/dsaf001/main.do?rcpNo=20251230900350
20251230,01090471,(주)에스에프에이넥셀,[기재정정]단일판매ㆍ공급계약체결,공급계약,2차전지,2차전지,…일판매ㆍ공급계약체결 1. 판매ㆍ공급계약 내용 2차전지 전극공정 제조장비 2. 계약내역 조건부 계약여부 미해…,20251230900300,https://dart.fss.or.kr/dsaf001/main.do?rcpNo=20251230900300
20251229,01090471,(주)에스에프에이넥셀,[기재정정]단일판매ㆍ공급계약체결,공급계약,2차전지,2차전지,…일판매ㆍ공급계약체결 1. 판매ㆍ공급계약 내용 2차전지 전극공정 제조장비 2. 계약내역 조건부 계약여부 미해…,20251229900976,https://dart.fss.or.kr/dsaf001/main.do?rcpNo=20251229900976
20251229,00398701,(주)엘앤에프,투자판단관련주요경영사항,주요경영사항,2차전지,양극재,…사항입니다. -. 상기 정정사항은 하이니켈 양극재 공급 계약 체결에 대한 내용입니다. -. 상기 계약금…,20251229800710,https://dart.fss.or.kr/dsaf001/main.do?rcpNo=20251229800710
20251226,00671376,(주)트리니티항공,신규시설투자등,시설투자,방산·항공우주,항공기,…. 투자구분 신규시설투자 - 투자대상 신기종 항공기 예비 엔진 도입 (Rolls-Royce Trent 7…,20251226800315,https://dart.fss.or.kr/dsaf001/main.do?rcpNo=20251226800315
20251222,00102353,경창산업(주),[기재정정]단일판매ㆍ공급계약체결,공급계약,미래차·모빌리티,전기차,"…하락 및 정책 변경에 따라 내연기관 축소, 전기차 비중 확대 정책을 시행함으로써 계약이 축소 운영되어…",20251222900789,https://dart.fss.or.kr/dsaf001/main.do?rcpNo=20251222900789
20251211,00261285,한국가스공사(주),단일판매ㆍ공급계약체결,공급계약,수소·에너지,연료전지,…. 판매ㆍ공급지역 분당복합발전소 1Block(연료전지 포함) 5. 계약기간 시작일 2027-01-01 종료…,20251211800299,https://dart.fss.or.kr/dsaf001/main.do?rcpNo=20251211800299
20251211,00671376,(주)트리니티항공,주요사항보고서(유상증자결정),유상증자,방산·항공우주,항공기,"…년 '27년 '28년 이후 합계 운영자금 - 항공기 정비 충당금 적립 - 운영자금 (유류비, 조업료, 항…",20251211000293,https://dart.fss.or.kr/dsaf001/main.do?rcpNo=20251211000293
20251208,00577335,(주)대성하이텍,단일판매ㆍ공급계약체결,공급계약,방산·항공우주,방위산업,"…) 177,812,965,836 - 주요사업 방위산업 무기 시스템 제작 - 회사와의 관계 - - 회사와 최…",20251208900139,https://dart.fss.or.kr/dsaf001/main.do?rcpNo=20251208900139
20251117,01144569,(주)피엔티 엠에스,[기재정정]주요사항보고서(회사합병결정),합병,반도체·2차전지·AI·SW·방산·항공우주,반도체·2차전지·배터리·AI·방산,…형태 소규모합병 2. 합병목적 에너지 산업과 2차전지 장비 기술력을 보유한 주식회사 피엔티 엠에스와 반도체…,20251117000077,https://dart.fss.or.kr/dsaf001/main.do?rcpNo=20251117000077
20251114,00261285,한국가스공사(주),[기재정정]단일판매ㆍ공급계약체결,공급계약,수소·에너지,연료전지,"…판매ㆍ공급지역 인천복합발전소(2,3호기 및 연료전지 1,2단계) 5. 계약기간 시작일 2027-01-01…",20251114801844,https://dart.fss.or.kr/dsaf001/main.do?rcpNo=20251114801844
20251114,00261285,한국가스공사(주),단일판매ㆍ공급계약체결,공급계약,수소·에너지,연료전지,"…판매ㆍ공급지역 인천복합발전소(2,3호기 및 연료전지 1,2단계) 5. 계약기간 시작일 2027-01-01…",20251114800853,https://dart.fss.or.kr/dsaf001/main.do?rcpNo=20251114800853
20251030,01090471,(주)에스에프에이넥셀,[기재정정]단일판매ㆍ공급계약체결,공급계약,2차전지,2차전지,…일판매ㆍ공급계약체결 1. 판매ㆍ공급계약 내용 2차전지 전극공정 제조장비 2. 계약내역 조건부 계약여부 미해…,20251030900498,https://dart.fss.or.kr/dsaf001/main.do?rcpNo=20251030900498
20251010,01090471,(주)에스에프에이넥셀,[기재정정]단일판매ㆍ공급계약체결,공급계약,2차전지,2차전지,…일판매ㆍ공급계약체결 1. 판매ㆍ공급계약 내용 2차전지 전극공정 제조장비 2. 계약내역 조건부 계약여부 미해…,20251010900452,https://dart.fss.or.kr/dsaf001/main.do?rcpNo=20251010900452
20250930,01090471,(주)에스에프에이넥셀,[기재정정]단일판매ㆍ공급계약체결,공급계약,2차전지,2차전지,…일판매ㆍ공급계약체결 1. 판매ㆍ공급계약 내용 2차전지 전극공정 제조장비 2. 계약내역 조건부 계약여부 미해…,20250930900534,https://dart.fss.or.kr/dsaf001/main.do?rcpNo=20250930900534
