fyr,waLafHgNm,lafCd,lafHgNm,fldCd,fldNm,polBizct,finAcvAmt,padmOperExps
2024,대구,2700000,대구본청,010,일반공공행정,796688008452,550916343269,0
2024,대구,2700000,대구본청,020,공공질서및안전,170249578317,50468648420,0
2024,대구,2700000,대구본청,050,교육,545409482277,5215189990,0
2024,대구,2700000,대구본청,060,문화및관광,314733442266,9699065274,0
2024,대구,2700000,대구본청,070,환경,533509970446,11483720689,0
2024,대구,2700000,대구본청,080,사회복지,4723641756450,2233856080,0
2024,대구,2700000,대구본청,090,보건,182805525267,162230564920,0
2024,대구,2700000,대구본청,100,농림해양수산,95484896994,1665526560,0
2024,대구,2700000,대구본청,110,산업ㆍ중소기업및에너지,453173619593,12616033870,0
2024,대구,2700000,대구본청,120,교통및물류,973970911304,377100325690,0
2024,대구,2700000,대구본청,140,국토및지역개발,139324452665,2786007360,0
2024,대구,2700000,대구본청,150,과학기술,22835002680,0,0
2024,대구,2700000,대구본청,160,예비비,0,0,0
2024,대구,2700000,대구본청,900,기타,0,467840340,827428507168
2024,대구,2711000,대구중구,010,일반공공행정,24219227000,10865992290,0
2024,대구,2711000,대구중구,020,공공질서및안전,2509034150,547350350,0
2024,대구,2711000,대구중구,050,교육,1726410501,0,0
2024,대구,2711000,대구중구,060,문화및관광,11374377110,6585060,0
2024,대구,2711000,대구중구,070,환경,10593331019,0,0
2024,대구,2711000,대구중구,080,사회복지,173796699462,867736835,0
2024,대구,2711000,대구중구,090,보건,8496763573,32702528,0
2024,대구,2711000,대구중구,100,농림해양수산,188716100,0,0
2024,대구,2711000,대구중구,110,산업ㆍ중소기업및에너지,4302139326,705925739,0
2024,대구,2711000,대구중구,120,교통및물류,7176470445,205643620,0
2024,대구,2711000,대구중구,140,국토및지역개발,20257432465,35442790,0
2024,대구,2711000,대구중구,160,예비비,0,0,0
2024,대구,2711000,대구중구,900,기타,0,0,67990354105
2024,대구,2712000,대구동구,010,일반공공행정,22805567024,12477504683,0
2024,대구,2712000,대구동구,020,공공질서및안전,4253384690,953038730,0
2024,대구,2712000,대구동구,050,교육,7134445225,0,0
2024,대구,2712000,대구동구,060,문화및관광,44036144780,280645710,0
2024,대구,2712000,대구동구,070,환경,51799743248,24965010,0
2024,대구,2712000,대구동구,080,사회복지,616380431388,2699051680,0
2024,대구,2712000,대구동구,090,보건,22335389693,90669789,0
2024,대구,2712000,대구동구,100,농림해양수산,5175833208,0,0
2024,대구,2712000,대구동구,110,산업ㆍ중소기업및에너지,3411444980,0,0
2024,대구,2712000,대구동구,120,교통및물류,18180734543,13534403700,0
2024,대구,2712000,대구동구,140,국토및지역개발,43119111180,1009208750,0
2024,대구,2712000,대구동구,160,예비비,0,0,0
2024,대구,2712000,대구동구,900,기타,0,850067261,110719787686
2024,대구,2713000,대구서구,010,일반공공행정,29378176114,10292993510,0
2024,대구,2713000,대구서구,020,공공질서및안전,3878566059,490866670,0
2024,대구,2713000,대구서구,050,교육,4874842130,0,0
2024,대구,2713000,대구서구,060,문화및관광,18452966453,0,0
2024,대구,2713000,대구서구,070,환경,14855124934,0,0
2024,대구,2713000,대구서구,080,사회복지,372216002058,275426200,0
2024,대구,2713000,대구서구,090,보건,10316775770,0,0
2024,대구,2713000,대구서구,100,농림해양수산,3112777520,0,0
2024,대구,2713000,대구서구,110,산업ㆍ중소기업및에너지,2197081183,0,0
2024,대구,2713000,대구서구,120,교통및물류,10949538116,0,0
2024,대구,2713000,대구서구,140,국토및지역개발,26336886760,0,0
2024,대구,2713000,대구서구,160,예비비,0,0,0
2024,대구,2713000,대구서구,900,기타,0,0,78073509633
2024,대구,2714000,대구남구,010,일반공공행정,16841544410,67838708627,0
2024,대구,2714000,대구남구,020,공공질서및안전,793324380,336872000,0
2024,대구,2714000,대구남구,050,교육,3715492510,0,0
2024,대구,2714000,대구남구,060,문화및관광,8833123922,142041910,0
2024,대구,2714000,대구남구,070,환경,14735380380,2205520,0
2024,대구,2714000,대구남구,080,사회복지,322421536697,961425330,0
2024,대구,2714000,대구남구,090,보건,11150963130,64488540,0
2024,대구,2714000,대구남구,100,농림해양수산,179206790,0,0
2024,대구,2714000,대구남구,110,산업ㆍ중소기업및에너지,1034661210,6707350,0
2024,대구,2714000,대구남구,120,교통및물류,6255303690,1663121640,0
2024,대구,2714000,대구남구,140,국토및지역개발,7337897784,10000000,0
2024,대구,2714000,대구남구,160,예비비,0,0,0
2024,대구,2714000,대구남구,900,기타,0,1800510,73777775471
2024,대구,2715000,대구북구,010,일반공공행정,29881746900,11595007100,0
2024,대구,2715000,대구북구,020,공공질서및안전,1746501900,1015728390,0
2024,대구,2715000,대구북구,050,교육,6448362244,76163427,0
2024,대구,2715000,대구북구,060,문화및관광,31742438936,264290755,0
2024,대구,2715000,대구북구,070,환경,40731856340,467887430,0
2024,대구,2715000,대구북구,080,사회복지,599247049399,4029782407,0
2024,대구,2715000,대구북구,090,보건,22264942610,198759198,0
2024,대구,2715000,대구북구,100,농림해양수산,5579053474,0,0
2024,대구,2715000,대구북구,110,산업ㆍ중소기업및에너지,4281802450,2496107006,0
2024,대구,2715000,대구북구,120,교통및물류,29918988189,33860240,0
2024,대구,2715000,대구북구,140,국토및지역개발,32691477690,116303330,0
2024,대구,2715000,대구북구,160,예비비,0,0,0
2024,대구,2715000,대구북구,900,기타,0,0,117213906587
2024,대구,2716000,대구수성구,010,일반공공행정,23482282986,15431858353,0
2024,대구,2716000,대구수성구,020,공공질서및안전,5874910267,1534624140,0
2024,대구,2716000,대구수성구,050,교육,11786745473,0,0
2024,대구,2716000,대구수성구,060,문화및관광,38780905728,318183275,0
2024,대구,2716000,대구수성구,070,환경,30588905146,26025930,0
2024,대구,2716000,대구수성구,080,사회복지,527981701766,12869897954,0
2024,대구,2716000,대구수성구,090,보건,19711595607,1489718923,0
2024,대구,2716000,대구수성구,100,농림해양수산,7993975334,333702210,0
2024,대구,2716000,대구수성구,110,산업ㆍ중소기업및에너지,9012367986,0,0
2024,대구,2716000,대구수성구,120,교통및물류,16987399318,44668360,0
2024,대구,2716000,대구수성구,140,국토및지역개발,24239529677,304342280,0
2024,대구,2716000,대구수성구,160,예비비,0,0,0
2024,대구,2716000,대구수성구,900,기타,0,0,116026680923
2024,대구,2717000,대구달서구,010,일반공공행정,43059906399,14862069402,0
2024,대구,2717000,대구달서구,020,공공질서및안전,4886132290,1450241630,0
2024,대구,2717000,대구달서구,050,교육,9528896110,0,0
2024,대구,2717000,대구달서구,060,문화및관광,18249350648,0,0
2024,대구,2717000,대구달서구,070,환경,41508559807,3159840,0
2024,대구,2717000,대구달서구,080,사회복지,772489492590,4924396963,0
2024,대구,2717000,대구달서구,090,보건,28691356142,229910839,0
2024,대구,2717000,대구달서구,100,농림해양수산,3496242475,0,0
2024,대구,2717000,대구달서구,110,산업ㆍ중소기업및에너지,6998494430,0,0
2024,대구,2717000,대구달서구,120,교통및물류,29380481801,1132926890,0
2024,대구,2717000,대구달서구,140,국토및지역개발,38269380373,1258470,0
2024,대구,2717000,대구달서구,160,예비비,0,0,0
2024,대구,2717000,대구달서구,900,기타,0,0,130924905046
2024,대구,2771000,대구달성군,010,일반공공행정,48372423301,0,0
2024,대구,2771000,대구달성군,020,공공질서및안전,2911692120,0,0
2024,대구,2771000,대구달성군,050,교육,25725506670,0,0
2024,대구,2771000,대구달성군,060,문화및관광,85742014070,0,0
2024,대구,2771000,대구달성군,070,환경,28516862365,0,0
2024,대구,2771000,대구달성군,080,사회복지,427262075250,0,0
2024,대구,2771000,대구달성군,090,보건,26876617184,0,0
2024,대구,2771000,대구달성군,100,농림해양수산,59882464400,296420020,0
2024,대구,2771000,대구달성군,110,산업ㆍ중소기업및에너지,7626470850,0,0
2024,대구,2771000,대구달성군,120,교통및물류,82590939346,0,0
2024,대구,2771000,대구달성군,140,국토및지역개발,57091852006,0,0
2024,대구,2771000,대구달성군,160,예비비,0,0,0
2024,대구,2771000,대구달성군,900,기타,0,60215966968,103548855803
2024,대구,2772000,대구군위군,010,일반공공행정,32734112232,25503259120,0
2024,대구,2772000,대구군위군,020,공공질서및안전,31133826772,0,0
2024,대구,2772000,대구군위군,050,교육,1423808040,0,0
2024,대구,2772000,대구군위군,060,문화및관광,26520247181,263549320,0
2024,대구,2772000,대구군위군,070,환경,28519589134,0,0
2024,대구,2772000,대구군위군,080,사회복지,64520091738,1938691980,0
2024,대구,2772000,대구군위군,090,보건,5487053676,241538460,0
2024,대구,2772000,대구군위군,100,농림해양수산,116983137250,2030194720,0
2024,대구,2772000,대구군위군,110,산업ㆍ중소기업및에너지,2600671177,0,0
2024,대구,2772000,대구군위군,120,교통및물류,18745698554,0,0
2024,대구,2772000,대구군위군,140,국토및지역개발,14737511222,1138501477,0
2024,대구,2772000,대구군위군,160,예비비,0,0,0
2024,대구,2772000,대구군위군,900,기타,0,285106168,50929479936
2023,대구,2700000,대구본청,010,일반공공행정,839765276367,452581401931,0
2023,대구,2700000,대구본청,020,공공질서및안전,185432281214,47152579140,0
2023,대구,2700000,대구본청,050,교육,603933014535,205606270,0
2023,대구,2700000,대구본청,060,문화및관광,304888771427,7789430380,0
2023,대구,2700000,대구본청,070,환경,473851053892,11523733890,0
2023,대구,2700000,대구본청,080,사회복지,4233355065705,3254031110,0
2023,대구,2700000,대구본청,090,보건,162650075794,149511371880,0
2023,대구,2700000,대구본청,100,농림해양수산,74239904080,2827305780,0
2023,대구,2700000,대구본청,110,산업ㆍ중소기업및에너지,533541611381,17343734110,0
2023,대구,2700000,대구본청,120,교통및물류,981883035509,288235356640,0
2023,대구,2700000,대구본청,140,국토및지역개발,187494606589,3525938490,0
2023,대구,2700000,대구본청,150,과학기술,30061716240,0,0
2023,대구,2700000,대구본청,160,예비비,0,0,0
2023,대구,2700000,대구본청,900,기타,0,692924060,787069206717
2023,대구,2711000,대구중구,010,일반공공행정,13559150572,5447612866,0
2023,대구,2711000,대구중구,020,공공질서및안전,2424271424,489200490,0
2023,대구,2711000,대구중구,050,교육,1524850590,0,0
2023,대구,2711000,대구중구,060,문화및관광,10928365455,14931120,0
2023,대구,2711000,대구중구,070,환경,9838553236,0,0
2023,대구,2711000,대구중구,080,사회복지,148550605492,1109889575,0
2023,대구,2711000,대구중구,090,보건,8049031983,126528874,0
2023,대구,2711000,대구중구,100,농림해양수산,204347870,0,0
2023,대구,2711000,대구중구,110,산업ㆍ중소기업및에너지,3129516454,389310335,0
2023,대구,2711000,대구중구,120,교통및물류,9474392155,8001336840,0
2023,대구,2711000,대구중구,140,국토및지역개발,18167023755,12528070,0
2023,대구,2711000,대구중구,160,예비비,0,0,0
2023,대구,2711000,대구중구,900,기타,0,15514430,63691179039
2023,대구,2712000,대구동구,010,일반공공행정,25092674852,12021881558,0
2023,대구,2712000,대구동구,020,공공질서및안전,4193645540,863585090,0
2023,대구,2712000,대구동구,050,교육,5096950080,0,0
2023,대구,2712000,대구동구,060,문화및관광,35533844658,30133980,0
2023,대구,2712000,대구동구,070,환경,49415710229,15289976966,0
2023,대구,2712000,대구동구,080,사회복지,551932361425,2955682001,0
2023,대구,2712000,대구동구,090,보건,21412334575,773045189,0
2023,대구,2712000,대구동구,100,농림해양수산,5030076302,0,0
2023,대구,2712000,대구동구,110,산업ㆍ중소기업및에너지,5032031450,0,0
2023,대구,2712000,대구동구,120,교통및물류,22818604115,374789460,0
2023,대구,2712000,대구동구,140,국토및지역개발,38227112078,132532670,0
2023,대구,2712000,대구동구,160,예비비,0,0,0
2023,대구,2712000,대구동구,900,기타,0,20513023385,105323133038
2023,대구,2713000,대구서구,010,일반공공행정,25435886471,12486668946,0
2023,대구,2713000,대구서구,020,공공질서및안전,4253626640,412328000,0
2023,대구,2713000,대구서구,050,교육,4772069830,0,0
2023,대구,2713000,대구서구,060,문화및관광,29357519732,0,0
2023,대구,2713000,대구서구,070,환경,14412302115,0,0
2023,대구,2713000,대구서구,080,사회복지,322047629215,302673440,0
2023,대구,2713000,대구서구,090,보건,11994898803,0,0
2023,대구,2713000,대구서구,100,농림해양수산,4030449670,0,0
2023,대구,2713000,대구서구,110,산업ㆍ중소기업및에너지,3479688580,0,0
2023,대구,2713000,대구서구,120,교통및물류,9287406300,0,0
2023,대구,2713000,대구서구,140,국토및지역개발,19495334305,0,0
2023,대구,2713000,대구서구,160,예비비,0,0,0
2023,대구,2713000,대구서구,900,기타,0,0,74919417310
2023,대구,2714000,대구남구,010,일반공공행정,16074291449,68796333506,0
2023,대구,2714000,대구남구,020,공공질서및안전,780175380,1986300000,0
2023,대구,2714000,대구남구,050,교육,3410772893,0,0
2023,대구,2714000,대구남구,060,문화및관광,11941134680,115835190,0
2023,대구,2714000,대구남구,070,환경,14286107030,0,0
2023,대구,2714000,대구남구,080,사회복지,293341102917,669501340,0
2023,대구,2714000,대구남구,090,보건,10465214607,289836820,0
2023,대구,2714000,대구남구,100,농림해양수산,183686790,0,0
2023,대구,2714000,대구남구,110,산업ㆍ중소기업및에너지,1812280170,5940940,0
2023,대구,2714000,대구남구,120,교통및물류,11075814070,1959568340,0
2023,대구,2714000,대구남구,140,국토및지역개발,8515639680,10000000,0
2023,대구,2714000,대구남구,160,예비비,0,0,0
2023,대구,2714000,대구남구,900,기타,0,1884020,69667085048
2023,대구,2715000,대구북구,010,일반공공행정,31652822473,21749331289,0
2023,대구,2715000,대구북구,020,공공질서및안전,1183145460,926311320,0
2023,대구,2715000,대구북구,050,교육,7355597306,142188563,0
2023,대구,2715000,대구북구,060,문화및관광,21617521987,69778364,0
2023,대구,2715000,대구북구,070,환경,35897612798,113942245,0
2023,대구,2715000,대구북구,080,사회복지,554763318134,3914895254,0
2023,대구,2715000,대구북구,090,보건,22301681776,663416001,0
2023,대구,2715000,대구북구,100,농림해양수산,6547510905,0,0
2023,대구,2715000,대구북구,110,산업ㆍ중소기업및에너지,7568152565,436496540,0
2023,대구,2715000,대구북구,120,교통및물류,29219117856,39845750,0
2023,대구,2715000,대구북구,140,국토및지역개발,43009144716,78336594,0
2023,대구,2715000,대구북구,160,예비비,0,0,0
2023,대구,2715000,대구북구,900,기타,0,0,111100419028
2023,대구,2716000,대구수성구,010,일반공공행정,23104706919,11565677339,0
2023,대구,2716000,대구수성구,020,공공질서및안전,11613669400,1357104720,0
2023,대구,2716000,대구수성구,050,교육,9950922799,0,0
2023,대구,2716000,대구수성구,060,문화및관광,54843415872,248816843,0
2023,대구,2716000,대구수성구,070,환경,39486089144,81281430,0
2023,대구,2716000,대구수성구,080,사회복지,485111227053,17095090569,0
2023,대구,2716000,대구수성구,090,보건,18989656137,2258255979,0
2023,대구,2716000,대구수성구,100,농림해양수산,6758578265,290814021,0
2023,대구,2716000,대구수성구,110,산업ㆍ중소기업및에너지,7645830041,0,0
2023,대구,2716000,대구수성구,120,교통및물류,24862558644,106539422,0
2023,대구,2716000,대구수성구,140,국토및지역개발,31037511554,90736350,0
2023,대구,2716000,대구수성구,160,예비비,0,0,0
2023,대구,2716000,대구수성구,900,기타,0,0,109686704459
2023,대구,2717000,대구달서구,010,일반공공행정,42044036836,46603077378,0
2023,대구,2717000,대구달서구,020,공공질서및안전,6099513910,1348125170,0
2023,대구,2717000,대구달서구,050,교육,8410219251,0,0
2023,대구,2717000,대구달서구,060,문화및관광,17579814409,0,0
2023,대구,2717000,대구달서구,070,환경,40663105727,20011479,0
2023,대구,2717000,대구달서구,080,사회복지,700214647700,4863244957,0
2023,대구,2717000,대구달서구,090,보건,29395790891,2433699375,0
2023,대구,2717000,대구달서구,100,농림해양수산,5831339330,0,0
2023,대구,2717000,대구달서구,110,산업ㆍ중소기업및에너지,4243079480,0,0
2023,대구,2717000,대구달서구,120,교통및물류,25082611906,48142090,0
2023,대구,2717000,대구달서구,140,국토및지역개발,34761497054,32610940,0
2023,대구,2717000,대구달서구,160,예비비,0,0,0
2023,대구,2717000,대구달서구,900,기타,0,0,121744123234
2023,대구,2771000,대구달성군,010,일반공공행정,46762973945,0,0
2023,대구,2771000,대구달성군,020,공공질서및안전,4192668510,0,0
2023,대구,2771000,대구달성군,050,교육,25532608040,0,0
2023,대구,2771000,대구달성군,060,문화및관광,67106380350,0,0
2023,대구,2771000,대구달성군,070,환경,25796628163,0,0
2023,대구,2771000,대구달성군,080,사회복지,391648784930,0,0
2023,대구,2771000,대구달성군,090,보건,23281417654,0,0
2023,대구,2771000,대구달성군,100,농림해양수산,61223592916,0,0
2023,대구,2771000,대구달성군,110,산업ㆍ중소기업및에너지,6408278583,0,0
2023,대구,2771000,대구달성군,120,교통및물류,90846656730,0,0
2023,대구,2771000,대구달성군,140,국토및지역개발,67865015374,0,0
2023,대구,2771000,대구달성군,160,예비비,0,0,0
2023,대구,2771000,대구달성군,900,기타,0,86764811143,95659654958
2022,대구,2700000,대구본청,010,일반공공행정,842215003348,746392042066,0
2022,대구,2700000,대구본청,020,공공질서및안전,139141556228,49652272120,0
2022,대구,2700000,대구본청,050,교육,692765369304,10020066990,0
2022,대구,2700000,대구본청,060,문화및관광,280459192486,7401026679,0
2022,대구,2700000,대구본청,070,환경,432085367254,30597500668,0
2022,대구,2700000,대구본청,080,사회복지,4099030844231,2279941463,0
2022,대구,2700000,대구본청,090,보건,261959358765,140352196510,0
2022,대구,2700000,대구본청,100,농림해양수산,81035430920,588623620,0
2022,대구,2700000,대구본청,110,산업ㆍ중소기업및에너지,701640538879,11637405500,0
2022,대구,2700000,대구본청,120,교통및물류,1022628358937,287537177990,0
2022,대구,2700000,대구본청,140,국토및지역개발,351688090333,3563452760,0
2022,대구,2700000,대구본청,150,과학기술,43557216540,0,0
2022,대구,2700000,대구본청,160,예비비,0,0,0
2022,대구,2700000,대구본청,900,기타,949629000,239915050,734335452214
2022,대구,2711000,대구중구,010,일반공공행정,14095279516,32061639326,0
2022,대구,2711000,대구중구,020,공공질서및안전,4536874650,435605000,0
2022,대구,2711000,대구중구,050,교육,1456104145,0,0
2022,대구,2711000,대구중구,060,문화및관광,7404196930,4769610,0
2022,대구,2711000,대구중구,070,환경,9531019403,0,0
2022,대구,2711000,대구중구,080,사회복지,135509348503,839425728,0
2022,대구,2711000,대구중구,090,보건,8198872038,73817504,0
2022,대구,2711000,대구중구,100,농림해양수산,242634030,0,0
2022,대구,2711000,대구중구,110,산업ㆍ중소기업및에너지,2905719000,218900859,0
2022,대구,2711000,대구중구,120,교통및물류,8693994410,34000000000,0
2022,대구,2711000,대구중구,140,국토및지역개발,9521275910,870784660,0
2022,대구,2711000,대구중구,160,예비비,0,0,0
2022,대구,2711000,대구중구,900,기타,0,236850070,61073200802
2022,대구,2712000,대구동구,010,일반공공행정,33284166986,20412069013,0
2022,대구,2712000,대구동구,020,공공질서및안전,4375467980,790510660,0
2022,대구,2712000,대구동구,050,교육,5075428200,0,0
2022,대구,2712000,대구동구,060,문화및관광,13952439087,186510402,0
2022,대구,2712000,대구동구,070,환경,47455924950,14581850,0
2022,대구,2712000,대구동구,080,사회복지,532317859857,2579480663,0
2022,대구,2712000,대구동구,090,보건,26712267952,425158605,0
2022,대구,2712000,대구동구,100,농림해양수산,4635433676,0,0
2022,대구,2712000,대구동구,110,산업ㆍ중소기업및에너지,3409152740,0,0
2022,대구,2712000,대구동구,120,교통및물류,26933197720,780380,0
2022,대구,2712000,대구동구,140,국토및지역개발,31925932583,170856078,0
2022,대구,2712000,대구동구,160,예비비,0,0,0
2022,대구,2712000,대구동구,900,기타,0,1483129055,98295186579
2022,대구,2713000,대구서구,010,일반공공행정,30515794552,51627130565,0
2022,대구,2713000,대구서구,020,공공질서및안전,450432650,370691000,0
2022,대구,2713000,대구서구,050,교육,3149222000,0,0
2022,대구,2713000,대구서구,060,문화및관광,8228363894,0,0
2022,대구,2713000,대구서구,070,환경,12618411685,0,0
2022,대구,2713000,대구서구,080,사회복지,312539786825,314306061,0
2022,대구,2713000,대구서구,090,보건,12768278340,0,0
2022,대구,2713000,대구서구,100,농림해양수산,752569410,0,0
2022,대구,2713000,대구서구,110,산업ㆍ중소기업및에너지,767394930,0,0
2022,대구,2713000,대구서구,120,교통및물류,13178259250,0,0
2022,대구,2713000,대구서구,140,국토및지역개발,30491813410,200000000,0
2022,대구,2713000,대구서구,160,예비비,0,0,0
2022,대구,2713000,대구서구,900,기타,0,0,70940920193
2022,대구,2714000,대구남구,010,일반공공행정,13066892077,68868354241,0
2022,대구,2714000,대구남구,020,공공질서및안전,5252206910,248609000,0
2022,대구,2714000,대구남구,050,교육,2554323310,0,0
2022,대구,2714000,대구남구,060,문화및관광,6166507700,151520590,0
2022,대구,2714000,대구남구,070,환경,11773830160,6139020,0
2022,대구,2714000,대구남구,080,사회복지,282241867175,788084108,0
2022,대구,2714000,대구남구,090,보건,12767103750,123773279,0
2022,대구,2714000,대구남구,100,농림해양수산,951929230,0,0
2022,대구,2714000,대구남구,110,산업ㆍ중소기업및에너지,877685770,38870,0
2022,대구,2714000,대구남구,120,교통및물류,7668624130,32855710,0
2022,대구,2714000,대구남구,140,국토및지역개발,11373504310,20000340,0
2022,대구,2714000,대구남구,160,예비비,0,0,0
2022,대구,2714000,대구남구,900,기타,0,33404560,67091881665
2022,대구,2715000,대구북구,010,일반공공행정,24445815000,11592432984,0
2022,대구,2715000,대구북구,020,공공질서및안전,15454754520,2455169640,0
2022,대구,2715000,대구북구,050,교육,6249003050,85536939,0
2022,대구,2715000,대구북구,060,문화및관광,18264125450,53093723,0
2022,대구,2715000,대구북구,070,환경,32507563573,3359550,0
2022,대구,2715000,대구북구,080,사회복지,538411013446,3234151116,0
2022,대구,2715000,대구북구,090,보건,29881194071,329784855,0
2022,대구,2715000,대구북구,100,농림해양수산,5775053747,0,0
2022,대구,2715000,대구북구,110,산업ㆍ중소기업및에너지,11329979513,3857829647,0
2022,대구,2715000,대구북구,120,교통및물류,46111640950,8345030,0
2022,대구,2715000,대구북구,140,국토및지역개발,41390196333,182455140,0
2022,대구,2715000,대구북구,160,예비비,0,0,0
2022,대구,2715000,대구북구,900,기타,0,0,106900697011
2022,대구,2716000,대구수성구,010,일반공공행정,22840063475,12768060182,0
2022,대구,2716000,대구수성구,020,공공질서및안전,6617830178,2374266920,0
2022,대구,2716000,대구수성구,050,교육,9075803321,0,0
2022,대구,2716000,대구수성구,060,문화및관광,54131763071,156312076,0
2022,대구,2716000,대구수성구,070,환경,42935728826,37331190,0
2022,대구,2716000,대구수성구,080,사회복지,501335442469,11845864873,0
2022,대구,2716000,대구수성구,090,보건,26316288977,1080568681,0
2022,대구,2716000,대구수성구,100,농림해양수산,6402400925,206919839,0
2022,대구,2716000,대구수성구,110,산업ㆍ중소기업및에너지,1850474567,0,0
2022,대구,2716000,대구수성구,120,교통및물류,24492731947,4821548321,0
2022,대구,2716000,대구수성구,140,국토및지역개발,24517786264,47936210,0
2022,대구,2716000,대구수성구,160,예비비,0,0,0
2022,대구,2716000,대구수성구,900,기타,0,0,107406094006
2022,대구,2717000,대구달서구,010,일반공공행정,42086782383,15778125975,0
2022,대구,2717000,대구달서구,020,공공질서및안전,5653820906,1293151576,0
2022,대구,2717000,대구달서구,050,교육,9333268780,0,0
2022,대구,2717000,대구달서구,060,문화및관광,24694082263,0,0
2022,대구,2717000,대구달서구,070,환경,36603350110,0,0
2022,대구,2717000,대구달서구,080,사회복지,683642309068,2723480747,0
2022,대구,2717000,대구달서구,090,보건,40889525868,547261617,0
2022,대구,2717000,대구달서구,100,농림해양수산,4839764418,0,0
2022,대구,2717000,대구달서구,110,산업ㆍ중소기업및에너지,4389078790,0,0
2022,대구,2717000,대구달서구,120,교통및물류,27434654653,0,0
2022,대구,2717000,대구달서구,140,국토및지역개발,31824753383,299910,0
2022,대구,2717000,대구달서구,160,예비비,0,0,0
2022,대구,2717000,대구달서구,900,기타,0,0,115378055786
2022,대구,2771000,대구달성군,010,일반공공행정,54572561885,837153884,0
2022,대구,2771000,대구달성군,020,공공질서및안전,3586211340,0,0
2022,대구,2771000,대구달성군,050,교육,14087607360,0,0
2022,대구,2771000,대구달성군,060,문화및관광,47249725490,0,0
2022,대구,2771000,대구달성군,070,환경,24615536800,0,0
2022,대구,2771000,대구달성군,080,사회복지,376510659404,0,0
2022,대구,2771000,대구달성군,090,보건,27426725217,67597570,0
2022,대구,2771000,대구달성군,100,농림해양수산,54985182279,0,0
2022,대구,2771000,대구달성군,110,산업ㆍ중소기업및에너지,2778999760,0,0
2022,대구,2771000,대구달성군,120,교통및물류,115297321950,0,0
2022,대구,2771000,대구달성군,140,국토및지역개발,63023725738,0,0
2022,대구,2771000,대구달성군,160,예비비,0,0,0
2022,대구,2771000,대구달성군,900,기타,33000000,109587810286,89713324887
2021,대구,2700000,대구본청,010,일반공공행정,856526368903,620495268713,0
2021,대구,2700000,대구본청,020,공공질서및안전,132291701484,135091647760,0
2021,대구,2700000,대구본청,050,교육,683563416490,36429329634,0
2021,대구,2700000,대구본청,060,문화및관광,265074282761,4455397974,0
2021,대구,2700000,대구본청,070,환경,422756217930,60551757070,0
2021,대구,2700000,대구본청,080,사회복지,3745291900466,11807164440,0
2021,대구,2700000,대구본청,090,보건,151363635810,131131943910,0
2021,대구,2700000,대구본청,100,농림해양수산,69585013682,293687460,0
2021,대구,2700000,대구본청,110,산업ㆍ중소기업및에너지,671689438181,33005089279,0
2021,대구,2700000,대구본청,120,교통및물류,883776490365,254816762709,0
2021,대구,2700000,대구본청,140,국토및지역개발,346774644410,4381724320,0
2021,대구,2700000,대구본청,150,과학기술,51413459830,0,0
2021,대구,2700000,대구본청,160,예비비,0,0,0
2021,대구,2700000,대구본청,900,기타,1015337000,92052710,707930938777
2021,대구,2711000,대구중구,010,일반공공행정,11863716528,39217535399,0
2021,대구,2711000,대구중구,020,공공질서및안전,15067830301,392535000,0
2021,대구,2711000,대구중구,050,교육,1219756700,0,0
2021,대구,2711000,대구중구,060,문화및관광,13280303875,5729030,0
2021,대구,2711000,대구중구,070,환경,9919444066,0,0
2021,대구,2711000,대구중구,080,사회복지,125645178202,2649052256,0
2021,대구,2711000,대구중구,090,보건,6628716168,107160430,0
2021,대구,2711000,대구중구,100,농림해양수산,195359650,0,0
2021,대구,2711000,대구중구,110,산업ㆍ중소기업및에너지,4904902200,182430744,0
2021,대구,2711000,대구중구,120,교통및물류,8335201780,5001885640,0
2021,대구,2711000,대구중구,140,국토및지역개발,12787125852,0,0
2021,대구,2711000,대구중구,160,예비비,0,0,0
2021,대구,2711000,대구중구,900,기타,0,201057870,59083775742
2021,대구,2712000,대구동구,010,일반공공행정,84365474617,41760272014,0
2021,대구,2712000,대구동구,020,공공질서및안전,5201420450,725654200,0
2021,대구,2712000,대구동구,050,교육,3895908330,0,0
2021,대구,2712000,대구동구,060,문화및관광,17040662853,321245122,0
2021,대구,2712000,대구동구,070,환경,23290382740,12397166,0
2021,대구,2712000,대구동구,080,사회복지,489138062242,1952208780,0
2021,대구,2712000,대구동구,090,보건,18494954150,449274118,0
2021,대구,2712000,대구동구,100,농림해양수산,4371267615,0,0
2021,대구,2712000,대구동구,110,산업ㆍ중소기업및에너지,4235235734,0,0
2021,대구,2712000,대구동구,120,교통및물류,19035081640,41108500,0
2021,대구,2712000,대구동구,140,국토및지역개발,24082506752,126624450,0
2021,대구,2712000,대구동구,160,예비비,0,0,0
2021,대구,2712000,대구동구,900,기타,0,2719505320,93813723647
2021,대구,2713000,대구서구,010,일반공공행정,48332101765,45383511498,0
2021,대구,2713000,대구서구,020,공공질서및안전,711933530,335108000,0
2021,대구,2713000,대구서구,050,교육,2970956230,0,0
2021,대구,2713000,대구서구,060,문화및관광,6327253630,0,0
2021,대구,2713000,대구서구,070,환경,11941610115,0,0
2021,대구,2713000,대구서구,080,사회복지,283364520175,281977015,0
2021,대구,2713000,대구서구,090,보건,8920697350,0,0
2021,대구,2713000,대구서구,100,농림해양수산,840725870,0,0
2021,대구,2713000,대구서구,110,산업ㆍ중소기업및에너지,478448460,0,0
2021,대구,2713000,대구서구,120,교통및물류,9388322430,931780,0
2021,대구,2713000,대구서구,140,국토및지역개발,26154466990,200000000,0
2021,대구,2713000,대구서구,160,예비비,0,0,0
2021,대구,2713000,대구서구,900,기타,0,0,67513313551
2021,대구,2714000,대구남구,010,일반공공행정,12696417590,53641544460,0
2021,대구,2714000,대구남구,020,공공질서및안전,28108309220,210629000,0
2021,대구,2714000,대구남구,050,교육,2381689440,0,0
2021,대구,2714000,대구남구,060,문화및관광,5958376650,104874160,0
2021,대구,2714000,대구남구,070,환경,10472652190,23388350,0
2021,대구,2714000,대구남구,080,사회복지,262736103182,1093423420,0
2021,대구,2714000,대구남구,090,보건,9266486690,194536929,0
2021,대구,2714000,대구남구,100,농림해양수산,441184180,0,0
2021,대구,2714000,대구남구,110,산업ㆍ중소기업및에너지,606483640,3872130,0
2021,대구,2714000,대구남구,120,교통및물류,7054278850,115880,0
2021,대구,2714000,대구남구,140,국토및지역개발,13883812410,390331870,0
2021,대구,2714000,대구남구,160,예비비,0,0,0
2021,대구,2714000,대구남구,900,기타,0,19977300,63009026474
2021,대구,2715000,대구북구,010,일반공공행정,21945354987,35029044960,0
2021,대구,2715000,대구북구,020,공공질서및안전,83119469490,1767063650,0
2021,대구,2715000,대구북구,050,교육,5801137377,144519585,0
2021,대구,2715000,대구북구,060,문화및관광,16990816784,488944511,0
2021,대구,2715000,대구북구,070,환경,25284679611,5031630,0
2021,대구,2715000,대구북구,080,사회복지,492447610326,3603945560,0
2021,대구,2715000,대구북구,090,보건,17497131000,463081263,0
2021,대구,2715000,대구북구,100,농림해양수산,3453262865,0,0
2021,대구,2715000,대구북구,110,산업ㆍ중소기업및에너지,7626495541,569440719,0
2021,대구,2715000,대구북구,120,교통및물류,18719183341,4270180,0
2021,대구,2715000,대구북구,140,국토및지역개발,31930451390,22689940,0
2021,대구,2715000,대구북구,160,예비비,0,0,0
2021,대구,2715000,대구북구,900,기타,0,0,101243078554
2021,대구,2716000,대구수성구,010,일반공공행정,21428494780,44640203769,0
2021,대구,2716000,대구수성구,020,공공질서및안전,9633590676,2070412400,0
2021,대구,2716000,대구수성구,050,교육,8741890887,0,0
2021,대구,2716000,대구수성구,060,문화및관광,39066306529,155174166,0
2021,대구,2716000,대구수성구,070,환경,26056322258,1414570,0
2021,대구,2716000,대구수성구,080,사회복지,511619504811,13085822551,0
2021,대구,2716000,대구수성구,090,보건,17437898158,2113409672,0
2021,대구,2716000,대구수성구,100,농림해양수산,6116934730,156915544,0
2021,대구,2716000,대구수성구,110,산업ㆍ중소기업및에너지,1891494782,0,0
2021,대구,2716000,대구수성구,120,교통및물류,22829106022,688420081,0
2021,대구,2716000,대구수성구,140,국토및지역개발,23052403764,676089380,0
2021,대구,2716000,대구수성구,160,예비비,0,0,0
2021,대구,2716000,대구수성구,900,기타,0,0,100426498258
2021,대구,2717000,대구달서구,010,일반공공행정,130939976937,23914992647,0
2021,대구,2717000,대구달서구,020,공공질서및안전,5282296736,1216020490,0
2021,대구,2717000,대구달서구,050,교육,7863793220,0,0
2021,대구,2717000,대구달서구,060,문화및관광,15233970612,14750529,0
2021,대구,2717000,대구달서구,070,환경,35486004920,8971330,0
2021,대구,2717000,대구달서구,080,사회복지,625368732152,2823513265,0
2021,대구,2717000,대구달서구,090,보건,24493104196,645751829,0
2021,대구,2717000,대구달서구,100,농림해양수산,7168307890,0,0
2021,대구,2717000,대구달서구,110,산업ㆍ중소기업및에너지,5278410509,0,0
2021,대구,2717000,대구달서구,120,교통및물류,24904427413,0,0
2021,대구,2717000,대구달서구,140,국토및지역개발,39190248815,1444855740,0
2021,대구,2717000,대구달서구,160,예비비,0,0,0
2021,대구,2717000,대구달서구,900,기타,0,0,109217096435
2021,대구,2771000,대구달성군,010,일반공공행정,93838610706,110986131,0
2021,대구,2771000,대구달성군,020,공공질서및안전,3432288920,0,0
2021,대구,2771000,대구달성군,050,교육,9598759680,0,0
2021,대구,2771000,대구달성군,060,문화및관광,33663531033,132980120,0
2021,대구,2771000,대구달성군,070,환경,27643155959,0,0
2021,대구,2771000,대구달성군,080,사회복지,339500270903,0,0
2021,대구,2771000,대구달성군,090,보건,19486407600,6813160,0
2021,대구,2771000,대구달성군,100,농림해양수산,53553549719,0,0
2021,대구,2771000,대구달성군,110,산업ㆍ중소기업및에너지,3400143870,0,0
2021,대구,2771000,대구달성군,120,교통및물류,121558443670,0,0
2021,대구,2771000,대구달성군,140,국토및지역개발,59620039359,0,0
2021,대구,2771000,대구달성군,160,예비비,0,0,0
2021,대구,2771000,대구달성군,900,기타,4704310343,59219361998,85191929251
2020,대구,2700000,대구본청,010,일반공공행정,743150367821,498380924008,0
2020,대구,2700000,대구본청,020,공공질서및안전,121583341318,119239583781,0
2020,대구,2700000,대구본청,050,교육,571192706050,88110531500,0
2020,대구,2700000,대구본청,060,문화및관광,220078340705,5552341880,0
2020,대구,2700000,대구본청,070,환경,805803060357,9697825230,0
2020,대구,2700000,대구본청,080,사회복지,4055877133270,3953005154,0
2020,대구,2700000,대구본청,090,보건,170484970790,131044049860,0
2020,대구,2700000,대구본청,100,농림해양수산,68989235254,182078810,0
2020,대구,2700000,대구본청,110,산업ㆍ중소기업및에너지,690718820367,47665569040,0
2020,대구,2700000,대구본청,120,교통및물류,917971692806,291833262550,0
2020,대구,2700000,대구본청,140,국토및지역개발,419610368170,6158255590,0
2020,대구,2700000,대구본청,150,과학기술,55621388170,0,0
2020,대구,2700000,대구본청,160,예비비,0,0,0
2020,대구,2700000,대구본청,900,기타,1195922690,0,675321103128
2020,대구,2711000,대구중구,010,일반공공행정,44669857095,34851022577,0
2020,대구,2711000,대구중구,020,공공질서및안전,2572128111,366889000,0
2020,대구,2711000,대구중구,050,교육,835108342,0,0
2020,대구,2711000,대구중구,060,문화및관광,13559098186,1955250,0
2020,대구,2711000,대구중구,070,환경,8806154534,0,0
2020,대구,2711000,대구중구,080,사회복지,127330072575,1507625095,0
2020,대구,2711000,대구중구,090,보건,6228492340,35750298,0
2020,대구,2711000,대구중구,100,농림해양수산,155413660,0,0
2020,대구,2711000,대구중구,110,산업ㆍ중소기업및에너지,23536223705,175070368,0
2020,대구,2711000,대구중구,120,교통및물류,10509612986,1002034200,0
2020,대구,2711000,대구중구,140,국토및지역개발,12670092977,0,0
2020,대구,2711000,대구중구,160,예비비,0,0,0
2020,대구,2711000,대구중구,900,기타,0,46081478,58732645149
2020,대구,2712000,대구동구,010,일반공공행정,148817928546,8896329910,0
2020,대구,2712000,대구동구,020,공공질서및안전,4459316820,675000000,0
2020,대구,2712000,대구동구,050,교육,2378852330,0,0
2020,대구,2712000,대구동구,060,문화및관광,11732490908,108860440,0
2020,대구,2712000,대구동구,070,환경,19932797990,276249820,0
2020,대구,2712000,대구동구,080,사회복지,491428206950,862546543,0
2020,대구,2712000,대구동구,090,보건,17914107458,149656493,0
2020,대구,2712000,대구동구,100,농림해양수산,4576326370,0,0
2020,대구,2712000,대구동구,110,산업ㆍ중소기업및에너지,23216859330,0,0
2020,대구,2712000,대구동구,120,교통및물류,33077228211,72783370,0
2020,대구,2712000,대구동구,140,국토및지역개발,34969357552,79777540,0
2020,대구,2712000,대구동구,160,예비비,0,0,0
2020,대구,2712000,대구동구,900,기타,0,1788920513,91219306602
2020,대구,2713000,대구서구,010,일반공공행정,84401341046,26590823084,0
2020,대구,2713000,대구서구,020,공공질서및안전,656501500,314072000,0
2020,대구,2713000,대구서구,050,교육,2380356590,0,0
2020,대구,2713000,대구서구,060,문화및관광,7404977110,0,0
2020,대구,2713000,대구서구,070,환경,11708620800,0,0
2020,대구,2713000,대구서구,080,사회복지,280682024176,51436783,0
2020,대구,2713000,대구서구,090,보건,8018954260,0,0
2020,대구,2713000,대구서구,100,농림해양수산,831647120,0,0
2020,대구,2713000,대구서구,110,산업ㆍ중소기업및에너지,13138185300,0,0
2020,대구,2713000,대구서구,120,교통및물류,8866329940,0,0
2020,대구,2713000,대구서구,140,국토및지역개발,23443590150,200000000,0
2020,대구,2713000,대구서구,160,예비비,0,0,0
2020,대구,2713000,대구서구,900,기타,0,0,69395364420
2020,대구,2714000,대구남구,010,일반공공행정,14761800861,42509377026,0
2020,대구,2714000,대구남구,020,공공질서및안전,58090874790,197275000,0
2020,대구,2714000,대구남구,050,교육,2206904756,0,0
2020,대구,2714000,대구남구,060,문화및관광,4918479633,21810590,0
2020,대구,2714000,대구남구,070,환경,12357645360,538761220,0
2020,대구,2714000,대구남구,080,사회복지,262289933678,611467365,0
2020,대구,2714000,대구남구,090,보건,9881571570,121519511,0
2020,대구,2714000,대구남구,100,농림해양수산,252456770,0,0
2020,대구,2714000,대구남구,110,산업ㆍ중소기업및에너지,10334529080,59389300,0
2020,대구,2714000,대구남구,120,교통및물류,10726658160,14127550,0
2020,대구,2714000,대구남구,140,국토및지역개발,8725963110,0,0
2020,대구,2714000,대구남구,160,예비비,0,0,0
2020,대구,2714000,대구남구,900,기타,0,32522800,62040773057
2020,대구,2715000,대구북구,010,일반공공행정,186759926812,19222188301,0
2020,대구,2715000,대구북구,020,공공질서및안전,884626310,722741440,0
2020,대구,2715000,대구북구,050,교육,3519534540,43601864,0
2020,대구,2715000,대구북구,060,문화및관광,15397648954,58629330,0
2020,대구,2715000,대구북구,070,환경,27127428363,9028760,0
2020,대구,2715000,대구북구,080,사회복지,490326637314,2217555397,0
2020,대구,2715000,대구북구,090,보건,17931789770,149182456,0
2020,대구,2715000,대구북구,100,농림해양수산,3764966770,0,0
2020,대구,2715000,대구북구,110,산업ㆍ중소기업및에너지,40858070850,141573034,0
2020,대구,2715000,대구북구,120,교통및물류,22372180376,77807960,0
2020,대구,2715000,대구북구,140,국토및지역개발,38648695017,158035380,0
2020,대구,2715000,대구북구,160,예비비,0,0,0
2020,대구,2715000,대구북구,900,기타,0,0,99143990616
2020,대구,2716000,대구수성구,010,일반공공행정,179166617758,40067855966,0
2020,대구,2716000,대구수성구,020,공공질서및안전,4112774320,941226620,0
2020,대구,2716000,대구수성구,050,교육,6261595834,0,0
2020,대구,2716000,대구수성구,060,문화및관광,29546607990,106638665,0
2020,대구,2716000,대구수성구,070,환경,24293668015,0,0
2020,대구,2716000,대구수성구,080,사회복지,450305611461,7222681092,0
2020,대구,2716000,대구수성구,090,보건,15990841060,1177465705,0
2020,대구,2716000,대구수성구,100,농림해양수산,5533503891,151337500,0
2020,대구,2716000,대구수성구,110,산업ㆍ중소기업및에너지,25378191604,0,0
2020,대구,2716000,대구수성구,120,교통및물류,23921813110,883719005,0
2020,대구,2716000,대구수성구,140,국토및지역개발,23814036689,57801420,0
2020,대구,2716000,대구수성구,160,예비비,0,0,0
2020,대구,2716000,대구수성구,900,기타,0,0,99141064103
2020,대구,2717000,대구달서구,010,일반공공행정,231238511043,7261795112,0
2020,대구,2717000,대구달서구,020,공공질서및안전,6000631910,3117276400,0
2020,대구,2717000,대구달서구,050,교육,5250322380,0,0
2020,대구,2717000,대구달서구,060,문화및관광,16139135858,451231,0
2020,대구,2717000,대구달서구,070,환경,33218735472,958390,0
2020,대구,2717000,대구달서구,080,사회복지,636126311037,5615210162,0
2020,대구,2717000,대구달서구,090,보건,24941701436,243388088,0
2020,대구,2717000,대구달서구,100,농림해양수산,3570416538,0,0
2020,대구,2717000,대구달서구,110,산업ㆍ중소기업및에너지,38143397320,0,0
2020,대구,2717000,대구달서구,120,교통및물류,25937911336,0,0
2020,대구,2717000,대구달서구,140,국토및지역개발,34592940874,290792550,0
2020,대구,2717000,대구달서구,160,예비비,0,0,0
2020,대구,2717000,대구달서구,900,기타,0,0,106115883346
2020,대구,2771000,대구달성군,010,일반공공행정,131933395036,54468539,0
2020,대구,2771000,대구달성군,020,공공질서및안전,10507001920,0,0
2020,대구,2771000,대구달성군,050,교육,7466569500,0,0
2020,대구,2771000,대구달성군,060,문화및관광,34137606820,125348760,0
2020,대구,2771000,대구달성군,070,환경,22887478345,0,0
2020,대구,2771000,대구달성군,080,사회복지,344795899607,0,0
2020,대구,2771000,대구달성군,090,보건,31049765271,38060300,0
2020,대구,2771000,대구달성군,100,농림해양수산,47065117389,0,0
2020,대구,2771000,대구달성군,110,산업ㆍ중소기업및에너지,15769654260,0,0
2020,대구,2771000,대구달성군,120,교통및물류,130808451410,0,0
2020,대구,2771000,대구달성군,140,국토및지역개발,66001167675,0,0
2020,대구,2771000,대구달성군,160,예비비,0,0,0
2020,대구,2771000,대구달성군,900,기타,368642433,57008621344,81959633296
2019,대구,2700000,대구본청,010,일반공공행정,735255337185,520591486870,0
2019,대구,2700000,대구본청,020,공공질서및안전,118471558479,40453263010,0
2019,대구,2700000,대구본청,050,교육,548320060600,0,0
2019,대구,2700000,대구본청,060,문화및관광,274929346888,8594647630,0
2019,대구,2700000,대구본청,070,환경보호,341376783168,8510276630,0
2019,대구,2700000,대구본청,080,사회복지,3065775548830,3528850370,0
2019,대구,2700000,대구본청,090,보건,109731414366,109852855530,0
2019,대구,2700000,대구본청,100,농림해양수산,59614124455,218448390,0
2019,대구,2700000,대구본청,110,산업ㆍ중소기업,413627368097,29926319547,0
2019,대구,2700000,대구본청,120,수송및교통,724550065541,277819968560,0
2019,대구,2700000,대구본청,140,국토및지역개발,182843514219,8282797590,0
2019,대구,2700000,대구본청,150,과학기술,79154661880,0,0
2019,대구,2700000,대구본청,160,예비비,0,0,0
2019,대구,2700000,대구본청,900,기타,0,79994350,654312907743
2019,대구,2711000,대구중구,010,일반공공행정,16062089858,28893659875,0
2019,대구,2711000,대구중구,020,공공질서및안전,2783059593,346339000,0
2019,대구,2711000,대구중구,050,교육,889761364,0,0
2019,대구,2711000,대구중구,060,문화및관광,10985172015,2886160,0
2019,대구,2711000,대구중구,070,환경보호,6765841924,1113430,0
2019,대구,2711000,대구중구,080,사회복지,106257761214,502276492,0
2019,대구,2711000,대구중구,090,보건,5037822105,48054521,0
2019,대구,2711000,대구중구,100,농림해양수산,158407740,0,0
2019,대구,2711000,대구중구,110,산업ㆍ중소기업,4540093590,36642160,0
2019,대구,2711000,대구중구,120,수송및교통,11597971682,6771852020,0
2019,대구,2711000,대구중구,140,국토및지역개발,12650998176,225606110,0
2019,대구,2711000,대구중구,160,예비비,0,0,0
2019,대구,2711000,대구중구,900,기타,0,114877612,56086806860
2019,대구,2712000,대구동구,010,일반공공행정,16942715055,7384163764,0
2019,대구,2712000,대구동구,020,공공질서및안전,5630083750,642234370,0
2019,대구,2712000,대구동구,050,교육,2801801110,0,0
2019,대구,2712000,대구동구,060,문화및관광,14878882860,85026450,0
2019,대구,2712000,대구동구,070,환경보호,17900047578,11374980,0
2019,대구,2712000,대구동구,080,사회복지,401385880355,802847704,0
2019,대구,2712000,대구동구,090,보건,16220231030,118270930,0
2019,대구,2712000,대구동구,100,농림해양수산,4268006578,0,0
2019,대구,2712000,대구동구,110,산업ㆍ중소기업,2129554560,0,0
2019,대구,2712000,대구동구,120,수송및교통,29099526390,866478750,0
2019,대구,2712000,대구동구,140,국토및지역개발,25746068830,47711420,0
2019,대구,2712000,대구동구,160,예비비,0,0,0
2019,대구,2712000,대구동구,900,기타,0,50223507,85001624712
2019,대구,2713000,대구서구,010,일반공공행정,13510916452,50366608148,0
2019,대구,2713000,대구서구,020,공공질서및안전,1106215510,298837000,0
2019,대구,2713000,대구서구,050,교육,2187054320,0,0
2019,대구,2713000,대구서구,060,문화및관광,6265635010,0,0
2019,대구,2713000,대구서구,070,환경보호,9585786410,0,0
2019,대구,2713000,대구서구,080,사회복지,222370738158,156187130,0
2019,대구,2713000,대구서구,090,보건,7980500700,0,0
2019,대구,2713000,대구서구,100,농림해양수산,572783770,0,0
2019,대구,2713000,대구서구,110,산업ㆍ중소기업,463910890,0,0
2019,대구,2713000,대구서구,120,수송및교통,7844804890,0,0
2019,대구,2713000,대구서구,140,국토및지역개발,22005834480,200000000,0
2019,대구,2713000,대구서구,160,예비비,0,0,0
2019,대구,2713000,대구서구,900,기타,0,0,65249798708
2019,대구,2714000,대구남구,010,일반공공행정,16227241240,21676484315,0
2019,대구,2714000,대구남구,020,공공질서및안전,539616800,187851000,0
2019,대구,2714000,대구남구,050,교육,2156686150,0,0
2019,대구,2714000,대구남구,060,문화및관광,6036287860,11345130,0
2019,대구,2714000,대구남구,070,환경보호,9342537510,6361210,0
2019,대구,2714000,대구남구,080,사회복지,207519353346,919884630,0
2019,대구,2714000,대구남구,090,보건,7847621140,122043460,0
2019,대구,2714000,대구남구,100,농림해양수산,214682590,0,0
2019,대구,2714000,대구남구,110,산업ㆍ중소기업,549946030,208218980,0
2019,대구,2714000,대구남구,120,수송및교통,3867008830,5487220,0
2019,대구,2714000,대구남구,140,국토및지역개발,11016564900,0,0
2019,대구,2714000,대구남구,160,예비비,0,0,0
2019,대구,2714000,대구남구,900,기타,0,1860000,58118700545
2019,대구,2715000,대구북구,010,일반공공행정,22299462586,7038906974,0
2019,대구,2715000,대구북구,020,공공질서및안전,1284293430,694894570,0
2019,대구,2715000,대구북구,050,교육,4251714010,335780,0
2019,대구,2715000,대구북구,060,문화및관광,19454229760,538329658,0
2019,대구,2715000,대구북구,070,환경보호,24043789774,54637190,0
2019,대구,2715000,대구북구,080,사회복지,392459914836,2029254965,0
2019,대구,2715000,대구북구,090,보건,19107841833,139411337,0
2019,대구,2715000,대구북구,100,농림해양수산,4993321324,0,0
2019,대구,2715000,대구북구,110,산업ㆍ중소기업,3034372870,264176440,0
2019,대구,2715000,대구북구,120,수송및교통,22895700115,4899690,0
2019,대구,2715000,대구북구,140,국토및지역개발,33203620050,506236110,0
2019,대구,2715000,대구북구,160,예비비,0,0,0
2019,대구,2715000,대구북구,900,기타,0,0,91725210224
2019,대구,2716000,대구수성구,010,일반공공행정,29300406026,55050085348,0
2019,대구,2716000,대구수성구,020,공공질서및안전,5208717740,895872680,0
2019,대구,2716000,대구수성구,050,교육,6685852212,0,0
2019,대구,2716000,대구수성구,060,문화및관광,23701140960,102548620,0
2019,대구,2716000,대구수성구,070,환경보호,20960368067,94148920,0
2019,대구,2716000,대구수성구,080,사회복지,348972300284,4957261745,0
2019,대구,2716000,대구수성구,090,보건,13039689002,1257772068,0
2019,대구,2716000,대구수성구,100,농림해양수산,5418967437,254516634,0
2019,대구,2716000,대구수성구,110,산업ㆍ중소기업,1764727734,0,0
2019,대구,2716000,대구수성구,120,수송및교통,20515375923,521090900,0
2019,대구,2716000,대구수성구,140,국토및지역개발,16890308649,409250,0
2019,대구,2716000,대구수성구,160,예비비,0,0,0
2019,대구,2716000,대구수성구,900,기타,0,0,92915785126
2019,대구,2717000,대구달서구,010,일반공공행정,25240125934,7661190240,0
2019,대구,2717000,대구달서구,020,공공질서및안전,5042617100,1060220430,0
2019,대구,2717000,대구달서구,050,교육,7317675534,0,0
2019,대구,2717000,대구달서구,060,문화및관광,12858009345,49551,0
2019,대구,2717000,대구달서구,070,환경보호,25318132578,18978340,0
2019,대구,2717000,대구달서구,080,사회복지,506316888016,919419412,0
2019,대구,2717000,대구달서구,090,보건,19873680820,198146290,0
2019,대구,2717000,대구달서구,100,농림해양수산,1927450825,0,0
2019,대구,2717000,대구달서구,110,산업ㆍ중소기업,8498317620,0,0
2019,대구,2717000,대구달서구,120,수송및교통,22592434585,0,0
2019,대구,2717000,대구달서구,140,국토및지역개발,28809279067,296559760,0
2019,대구,2717000,대구달서구,160,예비비,0,0,0
2019,대구,2717000,대구달서구,900,기타,0,0,101591741088
2019,대구,2771000,대구달성군,010,일반공공행정,46750073583,15429491,0
2019,대구,2771000,대구달성군,020,공공질서및안전,15050688890,0,0
2019,대구,2771000,대구달성군,050,교육,11154670610,0,0
2019,대구,2771000,대구달성군,060,문화및관광,50487365714,52567670,0
2019,대구,2771000,대구달성군,070,환경보호,18348667831,0,0
2019,대구,2771000,대구달성군,080,사회복지,275464632647,0,0
2019,대구,2771000,대구달성군,090,보건,27263803819,11580840,0
2019,대구,2771000,대구달성군,100,농림해양수산,45765447425,0,0
2019,대구,2771000,대구달성군,110,산업ㆍ중소기업,4177515220,0,0
2019,대구,2771000,대구달성군,120,수송및교통,141134812340,0,0
2019,대구,2771000,대구달성군,140,국토및지역개발,50897259061,0,0
2019,대구,2771000,대구달성군,160,예비비,0,0,0
2019,대구,2771000,대구달성군,900,기타,271450278,42885963701,75910911722
2018,대구,2700000,대구본청,010,일반공공행정,695753683146,532877517620,0
2018,대구,2700000,대구본청,020,공공질서및안전,103982995422,32547043480,0
2018,대구,2700000,대구본청,050,교육,548061880570,0,0
2018,대구,2700000,대구본청,060,문화및관광,253627514416,5445913990,0
2018,대구,2700000,대구본청,070,환경보호,312781424294,11042184360,0
2018,대구,2700000,대구본청,080,사회복지,2542642926829,147518320,0
2018,대구,2700000,대구본청,090,보건,105174205680,90061025620,0
2018,대구,2700000,대구본청,100,농림해양수산,55563673280,314249430,0
2018,대구,2700000,대구본청,110,산업ㆍ중소기업,435670740379,12333929300,0
2018,대구,2700000,대구본청,120,수송및교통,658051626990,324676185460,0
2018,대구,2700000,대구본청,140,국토및지역개발,138446211699,4664627990,0
2018,대구,2700000,대구본청,150,과학기술,65722671310,0,0
2018,대구,2700000,대구본청,160,예비비,0,0,0
2018,대구,2700000,대구본청,900,기타,198116660,0,612936589402
2018,대구,2711000,대구중구,010,일반공공행정,15446411878,3896620712,0
2018,대구,2711000,대구중구,020,공공질서및안전,765516480,327229000,0
2018,대구,2711000,대구중구,050,교육,647547958,0,0
2018,대구,2711000,대구중구,060,문화및관광,10050114730,223617070,0
2018,대구,2711000,대구중구,070,환경보호,7244936185,595290,0
2018,대구,2711000,대구중구,080,사회복지,91079823999,384381003,0
2018,대구,2711000,대구중구,090,보건,4996517132,74037236,0
2018,대구,2711000,대구중구,100,농림해양수산,122770090,0,0
2018,대구,2711000,대구중구,110,산업ㆍ중소기업,2837858630,226593570,0
2018,대구,2711000,대구중구,120,수송및교통,10826941905,211712260,0
2018,대구,2711000,대구중구,140,국토및지역개발,8862088960,49380980,0
2018,대구,2711000,대구중구,160,예비비,0,0,0
2018,대구,2711000,대구중구,900,기타,0,0,52923735866
2018,대구,2712000,대구동구,010,일반공공행정,18470793389,6152883945,0
2018,대구,2712000,대구동구,020,공공질서및안전,4969614010,590000000,0
2018,대구,2712000,대구동구,050,교육,3452294520,0,0
2018,대구,2712000,대구동구,060,문화및관광,14044026780,563290200,0
2018,대구,2712000,대구동구,070,환경보호,14187370150,13455880,0
2018,대구,2712000,대구동구,080,사회복지,339091316940,1043111534,0
2018,대구,2712000,대구동구,090,보건,14102450077,231437110,0
2018,대구,2712000,대구동구,100,농림해양수산,3347201210,0,0
2018,대구,2712000,대구동구,110,산업ㆍ중소기업,1932719850,0,0
2018,대구,2712000,대구동구,120,수송및교통,27212067590,561770,0
2018,대구,2712000,대구동구,140,국토및지역개발,27556428870,249680,0
2018,대구,2712000,대구동구,160,예비비,0,0,0
2018,대구,2712000,대구동구,900,기타,0,174308480,81858988074
2018,대구,2713000,대구서구,010,일반공공행정,13847296468,4601684949,0
2018,대구,2713000,대구서구,020,공공질서및안전,4403522880,284553380,0
2018,대구,2713000,대구서구,050,교육,4223858010,0,0
2018,대구,2713000,대구서구,060,문화및관광,10743049250,0,0
2018,대구,2713000,대구서구,070,환경보호,7839023400,0,0
2018,대구,2713000,대구서구,080,사회복지,193363854190,213900980,0
2018,대구,2713000,대구서구,090,보건,7269851390,0,0
2018,대구,2713000,대구서구,100,농림해양수산,731538140,0,0
2018,대구,2713000,대구서구,110,산업ㆍ중소기업,1290221740,0,0
2018,대구,2713000,대구서구,120,수송및교통,9384393960,0,0
2018,대구,2713000,대구서구,140,국토및지역개발,13746794410,200000000,0
2018,대구,2713000,대구서구,160,예비비,0,0,0
2018,대구,2713000,대구서구,900,기타,0,0,62624668160
2018,대구,2714000,대구남구,010,일반공공행정,18737479871,2671562484,0
2018,대구,2714000,대구남구,020,공공질서및안전,918026890,176267000,0
2018,대구,2714000,대구남구,050,교육,3791298940,0,0
2018,대구,2714000,대구남구,060,문화및관광,7930676145,192583500,0
2018,대구,2714000,대구남구,070,환경보호,7910542860,0,0
2018,대구,2714000,대구남구,080,사회복지,180568487340,703145750,0
2018,대구,2714000,대구남구,090,보건,7461151470,118219090,0
2018,대구,2714000,대구남구,100,농림해양수산,152196090,0,0
2018,대구,2714000,대구남구,110,산업ㆍ중소기업,432368710,140056550,0
2018,대구,2714000,대구남구,120,수송및교통,7930247010,121344780,0
2018,대구,2714000,대구남구,140,국토및지역개발,12973888133,0,0
2018,대구,2714000,대구남구,160,예비비,0,0,0
2018,대구,2714000,대구남구,900,기타,0,0,55959062989
2018,대구,2715000,대구북구,010,일반공공행정,22112397300,7336010250,0
2018,대구,2715000,대구북구,020,공공질서및안전,1884663320,656776950,0
2018,대구,2715000,대구북구,050,교육,4412827080,286344470,0
2018,대구,2715000,대구북구,060,문화및관광,12093332878,327013950,0
2018,대구,2715000,대구북구,070,환경보호,23222371741,8010830,0
2018,대구,2715000,대구북구,080,사회복지,327944980920,1280850554,0
2018,대구,2715000,대구북구,090,보건,16264818350,314450099,0
2018,대구,2715000,대구북구,100,농림해양수산,4140043120,0,0
2018,대구,2715000,대구북구,110,산업ㆍ중소기업,4274472590,5793690,0
2018,대구,2715000,대구북구,120,수송및교통,15165393430,116228380,0
2018,대구,2715000,대구북구,140,국토및지역개발,19176221070,884207328,0
2018,대구,2715000,대구북구,160,예비비,0,0,0
2018,대구,2715000,대구북구,900,기타,0,0,86683410869
2018,대구,2716000,대구수성구,010,일반공공행정,27306629582,5107441353,0
2018,대구,2716000,대구수성구,020,공공질서및안전,3792151520,822085940,0
2018,대구,2716000,대구수성구,050,교육,7026417060,0,0
2018,대구,2716000,대구수성구,060,문화및관광,15978712287,45295756,0
2018,대구,2716000,대구수성구,070,환경보호,17093074433,378800,0
2018,대구,2716000,대구수성구,080,사회복지,300778360169,4850154963,0
2018,대구,2716000,대구수성구,090,보건,13028955247,1126763048,0
2018,대구,2716000,대구수성구,100,농림해양수산,5639278427,373231231,0
2018,대구,2716000,대구수성구,110,산업ㆍ중소기업,1923425290,0,0
2018,대구,2716000,대구수성구,120,수송및교통,19809440141,1109456650,0
2018,대구,2716000,대구수성구,140,국토및지역개발,25889637133,20740030,0
2018,대구,2716000,대구수성구,160,예비비,0,0,0
2018,대구,2716000,대구수성구,900,기타,0,53770,86723847961
2018,대구,2717000,대구달서구,010,일반공공행정,28344059695,9050838618,0
2018,대구,2717000,대구달서구,020,공공질서및안전,6288746660,1088365980,0
2018,대구,2717000,대구달서구,050,교육,5078416288,0,0
2018,대구,2717000,대구달서구,060,문화및관광,15535739284,0,0
2018,대구,2717000,대구달서구,070,환경보호,22999134405,0,0
2018,대구,2717000,대구달서구,080,사회복지,418612181468,1760238697,0
2018,대구,2717000,대구달서구,090,보건,18925382860,397721894,0
2018,대구,2717000,대구달서구,100,농림해양수산,2073118402,0,0
2018,대구,2717000,대구달서구,110,산업ㆍ중소기업,2826044030,0,0
2018,대구,2717000,대구달서구,120,수송및교통,19750356477,0,0
2018,대구,2717000,대구달서구,140,국토및지역개발,24849591680,842345820,0
2018,대구,2717000,대구달서구,160,예비비,0,0,0
2018,대구,2717000,대구달서구,900,기타,0,0,96526542614
2018,대구,2771000,대구달성군,010,일반공공행정,60509447533,0,0
2018,대구,2771000,대구달성군,020,공공질서및안전,12398196700,0,0
2018,대구,2771000,대구달성군,050,교육,10453530540,0,0
2018,대구,2771000,대구달성군,060,문화및관광,35495321864,93935360,0
2018,대구,2771000,대구달성군,070,환경보호,15042994520,0,0
2018,대구,2771000,대구달성군,080,사회복지,217400179355,0,0
2018,대구,2771000,대구달성군,090,보건,21198348606,2230316,0
2018,대구,2771000,대구달성군,100,농림해양수산,46788288815,0,0
2018,대구,2771000,대구달성군,110,산업ㆍ중소기업,3999929165,0,0
2018,대구,2771000,대구달성군,120,수송및교통,127312082854,0,0
2018,대구,2771000,대구달성군,140,국토및지역개발,53927826765,0,0
2018,대구,2771000,대구달성군,160,예비비,0,0,0
2018,대구,2771000,대구달성군,900,기타,169195073,6366188212,71604574016
2017,대구,2700000,대구본청,010,일반공공행정,637635423612,530260028690,0
2017,대구,2700000,대구본청,020,공공질서및안전,107688470348,31163781050,0
2017,대구,2700000,대구본청,050,교육,536108906710,0,0
2017,대구,2700000,대구본청,060,문화및관광,199843567138,3985982100,0
2017,대구,2700000,대구본청,070,환경보호,325132778760,22864294320,0
2017,대구,2700000,대구본청,080,사회복지,2323710032518,584913350,0
2017,대구,2700000,대구본청,090,보건,112489454121,88813164450,0
2017,대구,2700000,대구본청,100,농림해양수산,53904568422,277121220,0
2017,대구,2700000,대구본청,110,산업ㆍ중소기업,314406206076,20633065820,0
2017,대구,2700000,대구본청,120,수송및교통,590027969095,307416527210,0
2017,대구,2700000,대구본청,140,국토및지역개발,198840501057,10534631620,0
2017,대구,2700000,대구본청,150,과학기술,52436224360,0,0
2017,대구,2700000,대구본청,160,예비비,0,0,0
2017,대구,2700000,대구본청,900,기타,842435000,0,561172813579
2017,대구,2711000,대구중구,010,일반공공행정,11273753857,3991357650,0
2017,대구,2711000,대구중구,020,공공질서및안전,3434146400,303706000,0
2017,대구,2711000,대구중구,050,교육,609451240,0,0
2017,대구,2711000,대구중구,060,문화및관광,17817124540,18718858,0
2017,대구,2711000,대구중구,070,환경보호,9913667450,0,0
2017,대구,2711000,대구중구,080,사회복지,81488139634,445258100,0
2017,대구,2711000,대구중구,090,보건,16271549390,80774510,0
2017,대구,2711000,대구중구,100,농림해양수산,80118960,0,0
2017,대구,2711000,대구중구,110,산업ㆍ중소기업,3460604230,234479740,0
2017,대구,2711000,대구중구,120,수송및교통,13803597100,206174100,0
2017,대구,2711000,대구중구,140,국토및지역개발,12514783150,1328509780,0
2017,대구,2711000,대구중구,160,예비비,0,0,0
2017,대구,2711000,대구중구,900,기타,0,0,51716106392
2017,대구,2712000,대구동구,010,일반공공행정,18895290161,13638999587,0
2017,대구,2712000,대구동구,020,공공질서및안전,4715069232,530000000,0
2017,대구,2712000,대구동구,050,교육,3188660270,0,0
2017,대구,2712000,대구동구,060,문화및관광,10737736280,5623000,0
2017,대구,2712000,대구동구,070,환경보호,14142647160,29436590,0
2017,대구,2712000,대구동구,080,사회복지,303237549996,1928917668,0
2017,대구,2712000,대구동구,090,보건,14930658652,192480975,0
2017,대구,2712000,대구동구,100,농림해양수산,4015141730,0,0
2017,대구,2712000,대구동구,110,산업ㆍ중소기업,1407955912,0,0
2017,대구,2712000,대구동구,120,수송및교통,26622095950,2327870,0
2017,대구,2712000,대구동구,140,국토및지역개발,31503544823,234408110,0
2017,대구,2712000,대구동구,160,예비비,0,0,0
2017,대구,2712000,대구동구,900,기타,0,29989900,79038229924
2017,대구,2713000,대구서구,010,일반공공행정,12947475500,8155527910,0
2017,대구,2713000,대구서구,020,공공질서및안전,3892623580,268650000,0
2017,대구,2713000,대구서구,050,교육,1996763160,0,0
2017,대구,2713000,대구서구,060,문화및관광,6961520550,0,0
2017,대구,2713000,대구서구,070,환경보호,7912579080,0,0
2017,대구,2713000,대구서구,080,사회복지,176505602677,190922830,0
2017,대구,2713000,대구서구,090,보건,12820352600,0,0
2017,대구,2713000,대구서구,100,농림해양수산,783399750,0,0
2017,대구,2713000,대구서구,110,산업ㆍ중소기업,2049275770,0,0
2017,대구,2713000,대구서구,120,수송및교통,8857787850,0,0
2017,대구,2713000,대구서구,140,국토및지역개발,23332136000,27979550,0
2017,대구,2713000,대구서구,160,예비비,0,0,0
2017,대구,2713000,대구서구,900,기타,0,0,60943263150
2017,대구,2714000,대구남구,010,일반공공행정,21138661069,4578382680,0
2017,대구,2714000,대구남구,020,공공질서및안전,682989700,163305000,0
2017,대구,2714000,대구남구,050,교육,2607541820,0,0
2017,대구,2714000,대구남구,060,문화및관광,15257878530,5542330,0
2017,대구,2714000,대구남구,070,환경보호,8636297870,0,0
2017,대구,2714000,대구남구,080,사회복지,162703882320,401530470,0
2017,대구,2714000,대구남구,090,보건,7770621670,130172860,0
2017,대구,2714000,대구남구,100,농림해양수산,138615400,0,0
2017,대구,2714000,대구남구,110,산업ㆍ중소기업,1346365750,868825140,0
2017,대구,2714000,대구남구,120,수송및교통,12163315140,1950000000,0
2017,대구,2714000,대구남구,140,국토및지역개발,15600247170,0,0
2017,대구,2714000,대구남구,160,예비비,0,0,0
2017,대구,2714000,대구남구,900,기타,0,9155000,52857847310
2017,대구,2715000,대구북구,010,일반공공행정,17020638772,13071341947,0
2017,대구,2715000,대구북구,020,공공질서및안전,1334552630,618556550,0
2017,대구,2715000,대구북구,050,교육,2536791440,1244060,0
2017,대구,2715000,대구북구,060,문화및관광,10433671670,7377350,0
2017,대구,2715000,대구북구,070,환경보호,19373062050,516426490,0
2017,대구,2715000,대구북구,080,사회복지,298001496013,1344986686,0
2017,대구,2715000,대구북구,090,보건,15826654828,252463995,0
2017,대구,2715000,대구북구,100,농림해양수산,3917944360,0,0
2017,대구,2715000,대구북구,110,산업ㆍ중소기업,6922345320,538712710,0
2017,대구,2715000,대구북구,120,수송및교통,19270184752,10607050,0
2017,대구,2715000,대구북구,140,국토및지역개발,24258127156,547381370,0
2017,대구,2715000,대구북구,160,예비비,0,0,0
2017,대구,2715000,대구북구,900,기타,0,0,83163583228
2017,대구,2716000,대구수성구,010,일반공공행정,18201485779,2024872969,0
2017,대구,2716000,대구수성구,020,공공질서및안전,3473757510,753956360,0
2017,대구,2716000,대구수성구,050,교육,6250821356,0,0
2017,대구,2716000,대구수성구,060,문화및관광,15045965064,110137602,0
2017,대구,2716000,대구수성구,070,환경보호,17773596200,1250380,0
2017,대구,2716000,대구수성구,080,사회복지,276476510665,8126196903,0
2017,대구,2716000,대구수성구,090,보건,13383733106,733441645,0
2017,대구,2716000,대구수성구,100,농림해양수산,5224434493,133022320,0
2017,대구,2716000,대구수성구,110,산업ㆍ중소기업,731016080,0,0
2017,대구,2716000,대구수성구,120,수송및교통,19506516310,682611350,0
2017,대구,2716000,대구수성구,140,국토및지역개발,23624382075,770580,0
2017,대구,2716000,대구수성구,160,예비비,0,0,0
2017,대구,2716000,대구수성구,900,기타,0,0,80922878583
2017,대구,2717000,대구달서구,010,일반공공행정,22316852758,7267756202,0
2017,대구,2717000,대구달서구,020,공공질서및안전,5135367880,1003115823,0
2017,대구,2717000,대구달서구,050,교육,4702925988,0,0
2017,대구,2717000,대구달서구,060,문화및관광,16187203015,0,0
2017,대구,2717000,대구달서구,070,환경보호,25941744720,0,0
2017,대구,2717000,대구달서구,080,사회복지,383704130059,549826934,0
2017,대구,2717000,대구달서구,090,보건,19534615230,0,0
2017,대구,2717000,대구달서구,100,농림해양수산,1733493021,0,0
2017,대구,2717000,대구달서구,110,산업ㆍ중소기업,3280586300,0,0
2017,대구,2717000,대구달서구,120,수송및교통,26987433520,0,0
2017,대구,2717000,대구달서구,140,국토및지역개발,22692322041,345284890,0
2017,대구,2717000,대구달서구,160,예비비,0,0,0
2017,대구,2717000,대구달서구,900,기타,0,1938185740,90026946012
2017,대구,2771000,대구달성군,010,일반공공행정,32470849314,0,0
2017,대구,2771000,대구달성군,020,공공질서및안전,6819247350,0,0
2017,대구,2771000,대구달성군,050,교육,11932371430,0,0
2017,대구,2771000,대구달성군,060,문화및관광,72923091017,816034510,0
2017,대구,2771000,대구달성군,070,환경보호,12823205725,0,0
2017,대구,2771000,대구달성군,080,사회복지,183692183840,0,0
2017,대구,2771000,대구달성군,090,보건,13255603086,2466260,0
2017,대구,2771000,대구달성군,100,농림해양수산,35694928668,0,0
2017,대구,2771000,대구달성군,110,산업ㆍ중소기업,3181156372,0,0
2017,대구,2771000,대구달성군,120,수송및교통,88403859337,0,0
2017,대구,2771000,대구달성군,140,국토및지역개발,49986533016,0,0
2017,대구,2771000,대구달성군,160,예비비,0,0,0
2017,대구,2771000,대구달성군,900,기타,70460,9250813486,66933133296
2016,대구,2700000,대구본청,010,일반공공행정,679979608847,579052409840,0
2016,대구,2700000,대구본청,020,공공질서및안전,126443867066,33939705340,0
2016,대구,2700000,대구본청,050,교육,483892767210,0,0
2016,대구,2700000,대구본청,060,문화및관광,239037698684,8447385220,0
2016,대구,2700000,대구본청,070,환경보호,325678240928,19871158440,0
2016,대구,2700000,대구본청,080,사회복지,2195181012413,460506000,0
2016,대구,2700000,대구본청,090,보건,99180285940,81281306090,0
2016,대구,2700000,대구본청,100,농림해양수산,46096486050,120470870,0
2016,대구,2700000,대구본청,110,산업ㆍ중소기업,236413165080,12207098530,0
2016,대구,2700000,대구본청,120,수송및교통,645378587778,344952019650,0
2016,대구,2700000,대구본청,140,국토및지역개발,188496734685,9888159650,0
2016,대구,2700000,대구본청,150,과학기술,50762019390,0,0
2016,대구,2700000,대구본청,160,예비비,0,0,0
2016,대구,2700000,대구본청,900,기타,0,0,528181816911
2016,대구,2711000,대구중구,010,일반공공행정,13872857188,3396161620,0
2016,대구,2711000,대구중구,020,공공질서및안전,794535960,285764000,0
2016,대구,2711000,대구중구,050,교육,512057580,0,0
2016,대구,2711000,대구중구,060,문화및관광,6863375310,5153360,0
2016,대구,2711000,대구중구,070,환경보호,4136517130,7956490,0
2016,대구,2711000,대구중구,080,사회복지,78734911587,379048390,0
2016,대구,2711000,대구중구,090,보건,9558035626,41092220,0
2016,대구,2711000,대구중구,100,농림해양수산,84013200,0,0
2016,대구,2711000,대구중구,110,산업ㆍ중소기업,2407037560,310708020,0
2016,대구,2711000,대구중구,120,수송및교통,8970329290,9996040,0
2016,대구,2711000,대구중구,140,국토및지역개발,16238656610,25230250,0
2016,대구,2711000,대구중구,160,예비비,0,0,0
2016,대구,2711000,대구중구,900,기타,0,0,48935336831
2016,대구,2712000,대구동구,010,일반공공행정,14794907463,7558991510,0
2016,대구,2712000,대구동구,020,공공질서및안전,3564028488,465582000,0
2016,대구,2712000,대구동구,050,교육,5195736110,0,0
2016,대구,2712000,대구동구,060,문화및관광,10849458900,2930000,0
2016,대구,2712000,대구동구,070,환경보호,15654886627,25186150,0
2016,대구,2712000,대구동구,080,사회복지,290646512195,470051966,0
2016,대구,2712000,대구동구,090,보건,13544782130,0,0
2016,대구,2712000,대구동구,100,농림해양수산,4024948790,0,0
2016,대구,2712000,대구동구,110,산업ㆍ중소기업,1865948410,91642900,0
2016,대구,2712000,대구동구,120,수송및교통,19914988180,267094510,0
2016,대구,2712000,대구동구,140,국토및지역개발,23168346127,5472340,0
2016,대구,2712000,대구동구,160,예비비,0,0,0
2016,대구,2712000,대구동구,900,기타,0,0,72812312590
2016,대구,2713000,대구서구,010,일반공공행정,11620705920,5035605070,0
2016,대구,2713000,대구서구,020,공공질서및안전,836868430,255022000,0
2016,대구,2713000,대구서구,050,교육,2069805740,0,0
2016,대구,2713000,대구서구,060,문화및관광,8919780060,0,0
2016,대구,2713000,대구서구,070,환경보호,8391743910,0,0
2016,대구,2713000,대구서구,080,사회복지,165857946390,200459000,0
2016,대구,2713000,대구서구,090,보건,6973780500,0,0
2016,대구,2713000,대구서구,100,농림해양수산,517347640,0,0
2016,대구,2713000,대구서구,110,산업ㆍ중소기업,3462066010,0,0
2016,대구,2713000,대구서구,120,수송및교통,6422921200,0,0
2016,대구,2713000,대구서구,140,국토및지역개발,13393957620,0,0
2016,대구,2713000,대구서구,160,예비비,0,0,0
2016,대구,2713000,대구서구,900,기타,0,0,57268723650
2016,대구,2714000,대구남구,010,일반공공행정,14341012310,4607466629,0
2016,대구,2714000,대구남구,020,공공질서및안전,714147280,151794000,0
2016,대구,2714000,대구남구,050,교육,1634744190,0,0
2016,대구,2714000,대구남구,060,문화및관광,8032926160,0,0
2016,대구,2714000,대구남구,070,환경보호,6723345350,33858430,0
2016,대구,2714000,대구남구,080,사회복지,155890445070,836396240,0
2016,대구,2714000,대구남구,090,보건,7133875660,40854770,0
2016,대구,2714000,대구남구,100,농림해양수산,1825659090,0,0
2016,대구,2714000,대구남구,110,산업ㆍ중소기업,2151780390,122684350,0
2016,대구,2714000,대구남구,120,수송및교통,9695237800,2769340,0
2016,대구,2714000,대구남구,140,국토및지역개발,8129063540,26654880,0
2016,대구,2714000,대구남구,160,예비비,0,0,0
2016,대구,2714000,대구남구,900,기타,0,0,49628866342
2016,대구,2715000,대구북구,010,일반공공행정,28234191010,9054312030,0
2016,대구,2715000,대구북구,020,공공질서및안전,645114180,1573351880,0
2016,대구,2715000,대구북구,050,교육,2585866940,33280490,0
2016,대구,2715000,대구북구,060,문화및관광,9827195096,4368000,0
2016,대구,2715000,대구북구,070,환경보호,15710957490,520755220,0
2016,대구,2715000,대구북구,080,사회복지,285416123218,1426923264,0
2016,대구,2715000,대구북구,090,보건,14676058234,110104040,0
2016,대구,2715000,대구북구,100,농림해양수산,6399267030,0,0
2016,대구,2715000,대구북구,110,산업ㆍ중소기업,6821870730,26525700,0
2016,대구,2715000,대구북구,120,수송및교통,18986795085,18417590,0
2016,대구,2715000,대구북구,140,국토및지역개발,13570353155,456494270,0
2016,대구,2715000,대구북구,160,예비비,0,0,0
2016,대구,2715000,대구북구,900,기타,0,0,77719226792
2016,대구,2716000,대구수성구,010,일반공공행정,21822928049,1349993240,0
2016,대구,2716000,대구수성구,020,공공질서및안전,3306495900,705433940,0
2016,대구,2716000,대구수성구,050,교육,4701937065,0,0
2016,대구,2716000,대구수성구,060,문화및관광,18842568770,676124398,0
2016,대구,2716000,대구수성구,070,환경보호,16130821718,145920,0
2016,대구,2716000,대구수성구,080,사회복지,266008194632,6530782344,0
2016,대구,2716000,대구수성구,090,보건,12799543210,793382724,0
2016,대구,2716000,대구수성구,100,농림해양수산,6597129630,88881110,0
2016,대구,2716000,대구수성구,110,산업ㆍ중소기업,346416244,0,0
2016,대구,2716000,대구수성구,120,수송및교통,13326768726,629744880,0
2016,대구,2716000,대구수성구,140,국토및지역개발,33754879390,0,0
2016,대구,2716000,대구수성구,160,예비비,0,0,0
2016,대구,2716000,대구수성구,900,기타,0,0,76800362322
2016,대구,2717000,대구달서구,010,일반공공행정,21818278908,9080850228,0
2016,대구,2717000,대구달서구,020,공공질서및안전,4169928970,895728068,0
2016,대구,2717000,대구달서구,050,교육,4857212304,0,0
2016,대구,2717000,대구달서구,060,문화및관광,15311700008,0,0
2016,대구,2717000,대구달서구,070,환경보호,26170234020,0,0
2016,대구,2717000,대구달서구,080,사회복지,363063507075,416632662,0
2016,대구,2717000,대구달서구,090,보건,19408681842,0,0
2016,대구,2717000,대구달서구,100,농림해양수산,1098527130,0,0
2016,대구,2717000,대구달서구,110,산업ㆍ중소기업,7013048523,342804870,0
2016,대구,2717000,대구달서구,120,수송및교통,22351711110,0,0
2016,대구,2717000,대구달서구,140,국토및지역개발,21713128476,151174220,0
2016,대구,2717000,대구달서구,160,예비비,0,0,0
2016,대구,2717000,대구달서구,900,기타,0,64102410,82852312165
2016,대구,2771000,대구달성군,010,일반공공행정,47565582692,0,0
2016,대구,2771000,대구달성군,020,공공질서및안전,6687046840,0,0
2016,대구,2771000,대구달성군,050,교육,7524424890,0,0
2016,대구,2771000,대구달성군,060,문화및관광,27917493684,81034850,0
2016,대구,2771000,대구달성군,070,환경보호,17357647128,0,0
2016,대구,2771000,대구달성군,080,사회복지,162547328511,0,0
2016,대구,2771000,대구달성군,090,보건,10702885130,30389920,0
2016,대구,2771000,대구달성군,100,농림해양수산,37654067846,0,0
2016,대구,2771000,대구달성군,110,산업ㆍ중소기업,2242336550,0,0
2016,대구,2771000,대구달성군,120,수송및교통,93827979220,0,0
2016,대구,2771000,대구달성군,140,국토및지역개발,51284551372,0,0
2016,대구,2771000,대구달성군,160,예비비,0,0,0
2016,대구,2771000,대구달성군,900,기타,0,7395882248,61714246806
2015,대구,2700000,대구본청,010,일반공공행정,655034312658,845850966400,0
2015,대구,2700000,대구본청,020,공공질서및안전,74078777440,51235656650,0
2015,대구,2700000,대구본청,050,교육,488215492270,0,0
2015,대구,2700000,대구본청,060,문화및관광,212288160974,22518964230,0
2015,대구,2700000,대구본청,070,환경보호,290816345139,21385717000,0
2015,대구,2700000,대구본청,080,사회복지,2052358061431,120467080,0
2015,대구,2700000,대구본청,090,보건,97582493030,77266766030,0
2015,대구,2700000,대구본청,100,농림해양수산,41069210452,123219060,0
2015,대구,2700000,대구본청,110,산업ㆍ중소기업,233865165210,9953144910,0
2015,대구,2700000,대구본청,120,수송및교통,479470875825,406216786740,0
2015,대구,2700000,대구본청,140,국토및지역개발,158100264570,22484938010,0
2015,대구,2700000,대구본청,150,과학기술,52917867220,0,0
2015,대구,2700000,대구본청,160,예비비,0,0,0
2015,대구,2700000,대구본청,900,기타,843373000,0,495970853210
2015,대구,2711000,대구중구,010,일반공공행정,11524086923,5732588020,0
2015,대구,2711000,대구중구,020,공공질서및안전,293579670,270439000,0
2015,대구,2711000,대구중구,050,교육,445176950,0,0
2015,대구,2711000,대구중구,060,문화및관광,5638938200,0,0
2015,대구,2711000,대구중구,070,환경보호,3880564660,0,0
2015,대구,2711000,대구중구,080,사회복지,74557178200,184353040,0
2015,대구,2711000,대구중구,090,보건,5138085240,884200,0
2015,대구,2711000,대구중구,100,농림해양수산,88673310,0,0
2015,대구,2711000,대구중구,110,산업ㆍ중소기업,1938044820,182304690,0
2015,대구,2711000,대구중구,120,수송및교통,5653419930,209441120,0
2015,대구,2711000,대구중구,140,국토및지역개발,13362576880,0,0
2015,대구,2711000,대구중구,160,예비비,0,0,0
2015,대구,2711000,대구중구,900,기타,0,0,48196453067
2015,대구,2712000,대구동구,010,일반공공행정,14534314225,5548764722,0
2015,대구,2712000,대구동구,020,공공질서및안전,1233829500,507000000,0
2015,대구,2712000,대구동구,050,교육,3303906810,0,0
2015,대구,2712000,대구동구,060,문화및관광,8172114928,0,0
2015,대구,2712000,대구동구,070,환경보호,10400993710,0,0
2015,대구,2712000,대구동구,080,사회복지,276680506996,185995832,0
2015,대구,2712000,대구동구,090,보건,12530793820,0,0
2015,대구,2712000,대구동구,100,농림해양수산,5158944410,0,0
2015,대구,2712000,대구동구,110,산업ㆍ중소기업,4334176980,0,0
2015,대구,2712000,대구동구,120,수송및교통,19114396800,2462580,0
2015,대구,2712000,대구동구,140,국토및지역개발,14262316400,0,0
2015,대구,2712000,대구동구,160,예비비,0,0,0
2015,대구,2712000,대구동구,900,기타,0,0,71788985835
2015,대구,2713000,대구서구,010,일반공공행정,9517961290,3250065660,0
2015,대구,2713000,대구서구,020,공공질서및안전,641714090,243294000,0
2015,대구,2713000,대구서구,050,교육,1147457600,0,0
2015,대구,2713000,대구서구,060,문화및관광,3902724980,0,0
2015,대구,2713000,대구서구,070,환경보호,7561644580,0,0
2015,대구,2713000,대구서구,080,사회복지,155732189880,151029210,0
2015,대구,2713000,대구서구,090,보건,7791109200,0,0
2015,대구,2713000,대구서구,100,농림해양수산,536917320,0,0
2015,대구,2713000,대구서구,110,산업ㆍ중소기업,6398246640,0,0
2015,대구,2713000,대구서구,120,수송및교통,2566928220,0,0
2015,대구,2713000,대구서구,140,국토및지역개발,8054809790,0,0
2015,대구,2713000,대구서구,160,예비비,0,0,0
2015,대구,2713000,대구서구,900,기타,0,0,55835084650
2015,대구,2714000,대구남구,010,일반공공행정,8571453500,0,0
2015,대구,2714000,대구남구,020,공공질서및안전,652090030,144700000,0
2015,대구,2714000,대구남구,050,교육,583012120,0,0
2015,대구,2714000,대구남구,060,문화및관광,3391977980,0,0
2015,대구,2714000,대구남구,070,환경보호,6386830710,0,0
2015,대구,2714000,대구남구,080,사회복지,136936030783,0,0
2015,대구,2714000,대구남구,090,보건,6893148270,0,0
2015,대구,2714000,대구남구,100,농림해양수산,1052828600,0,0
2015,대구,2714000,대구남구,110,산업ㆍ중소기업,1941201890,0,0
2015,대구,2714000,대구남구,120,수송및교통,9069301490,13123380,0
2015,대구,2714000,대구남구,140,국토및지역개발,14483009320,100000000,0
2015,대구,2714000,대구남구,160,예비비,0,0,0
2015,대구,2714000,대구남구,900,기타,0,3560703892,47097119560
2015,대구,2715000,대구북구,010,일반공공행정,21211411870,4762843165,0
2015,대구,2715000,대구북구,020,공공질서및안전,2444549090,936532400,0
2015,대구,2715000,대구북구,050,교육,1286065740,9367720,0
2015,대구,2715000,대구북구,060,문화및관광,13270017181,6369370,0
2015,대구,2715000,대구북구,070,환경보호,13411912150,500761670,0
2015,대구,2715000,대구북구,080,사회복지,273239166089,604559650,0
2015,대구,2715000,대구북구,090,보건,13905567947,16527370,0
2015,대구,2715000,대구북구,100,농림해양수산,4527088530,0,0
2015,대구,2715000,대구북구,110,산업ㆍ중소기업,9535559340,185030360,0
2015,대구,2715000,대구북구,120,수송및교통,15918430349,3735360,0
2015,대구,2715000,대구북구,140,국토및지역개발,3613534430,19670,0
2015,대구,2715000,대구북구,160,예비비,0,0,0
2015,대구,2715000,대구북구,900,기타,0,0,74706575173
2015,대구,2716000,대구수성구,010,일반공공행정,13364332394,157941360,0
2015,대구,2716000,대구수성구,020,공공질서및안전,2055565240,656064010,0
2015,대구,2716000,대구수성구,050,교육,4211841378,0,0
2015,대구,2716000,대구수성구,060,문화및관광,18067694550,40589260,0
2015,대구,2716000,대구수성구,070,환경보호,12188095450,1549150,0
2015,대구,2716000,대구수성구,080,사회복지,253804228939,3801845804,0
2015,대구,2716000,대구수성구,090,보건,17151596813,388335120,0
2015,대구,2716000,대구수성구,100,농림해양수산,6401365290,93118288,0
2015,대구,2716000,대구수성구,110,산업ㆍ중소기업,252394880,0,0
2015,대구,2716000,대구수성구,120,수송및교통,10402404410,969329326,0
2015,대구,2716000,대구수성구,140,국토및지역개발,18866074190,111469410,0
2015,대구,2716000,대구수성구,160,예비비,0,0,0
2015,대구,2716000,대구수성구,900,기타,0,0,71917319319
2015,대구,2717000,대구달서구,010,일반공공행정,18353728376,7037811811,0
2015,대구,2717000,대구달서구,020,공공질서및안전,5629500906,827092000,0
2015,대구,2717000,대구달서구,050,교육,4866549702,335550,0
2015,대구,2717000,대구달서구,060,문화및관광,7665061293,233146240,0
2015,대구,2717000,대구달서구,070,환경보호,21301393888,0,0
2015,대구,2717000,대구달서구,080,사회복지,350532451400,275589029,0
2015,대구,2717000,대구달서구,090,보건,18532100160,0,0
2015,대구,2717000,대구달서구,100,농림해양수산,1036146790,0,0
2015,대구,2717000,대구달서구,110,산업ㆍ중소기업,4143901375,118873310,0
2015,대구,2717000,대구달서구,120,수송및교통,16743788203,0,0
2015,대구,2717000,대구달서구,140,국토및지역개발,14004912840,94749985,0
2015,대구,2717000,대구달서구,160,예비비,0,0,0
2015,대구,2717000,대구달서구,900,기타,0,0,79283592203
2015,대구,2771000,대구달성군,010,일반공공행정,18756038415,233420770,0
2015,대구,2771000,대구달성군,020,공공질서및안전,7866245090,0,0
2015,대구,2771000,대구달성군,050,교육,8202243970,0,0
2015,대구,2771000,대구달성군,060,문화및관광,19237865931,1139327460,0
2015,대구,2771000,대구달성군,070,환경보호,9614572997,0,0
2015,대구,2771000,대구달성군,080,사회복지,143421038540,0,0
2015,대구,2771000,대구달성군,090,보건,10076445876,2321320,0
2015,대구,2771000,대구달성군,100,농림해양수산,34625366624,0,0
2015,대구,2771000,대구달성군,110,산업ㆍ중소기업,1112174990,0,0
2015,대구,2771000,대구달성군,120,수송및교통,66910515220,0,0
2015,대구,2771000,대구달성군,140,국토및지역개발,34644826410,0,0
2015,대구,2771000,대구달성군,150,과학기술,0,0,0
2015,대구,2771000,대구달성군,160,예비비,0,0,0
2015,대구,2771000,대구달성군,900,기타,0,15645127249,59716907488
2014,대구,2700000,대구본청,010,일반공공행정,516913547315,477731581051,0
2014,대구,2700000,대구본청,020,공공질서및안전,67316510799,1527000,0
2014,대구,2700000,대구본청,050,교육,469891299570,0,0
2014,대구,2700000,대구본청,060,문화및관광,181140776042,25372086710,0
2014,대구,2700000,대구본청,070,환경보호,299399980534,29982335560,0
2014,대구,2700000,대구본청,080,사회복지,1835366896270,707791960,0
2014,대구,2700000,대구본청,090,보건,75583896470,74949982930,0
2014,대구,2700000,대구본청,100,농림해양수산,36853511521,228876090,0
2014,대구,2700000,대구본청,110,산업ㆍ중소기업,279674697830,16667438090,0
2014,대구,2700000,대구본청,120,수송및교통,663609680436,367649839000,0
2014,대구,2700000,대구본청,140,국토및지역개발,136867519211,23933971000,0
2014,대구,2700000,대구본청,150,과학기술,68449502860,0,0
2014,대구,2700000,대구본청,160,예비비,0,0,0
2014,대구,2700000,대구본청,900,기타,0,215913910,477041601226
2014,대구,2711000,대구중구,010,일반공공행정,10053973863,2474431950,0
2014,대구,2711000,대구중구,020,공공질서및안전,196890720,229614000,0
2014,대구,2711000,대구중구,050,교육,339048200,0,0
2014,대구,2711000,대구중구,060,문화및관광,7899379050,7727320,0
2014,대구,2711000,대구중구,070,환경보호,3305054480,0,0
2014,대구,2711000,대구중구,080,사회복지,65491112484,80134110,0
2014,대구,2711000,대구중구,090,보건,3610039130,0,0
2014,대구,2711000,대구중구,100,농림해양수산,62354960,0,0
2014,대구,2711000,대구중구,110,산업ㆍ중소기업,4564200350,427103000,0
2014,대구,2711000,대구중구,120,수송및교통,4619477900,208533530,0
2014,대구,2711000,대구중구,140,국토및지역개발,4426363590,0,0
2014,대구,2711000,대구중구,160,예비비,0,0,0
2014,대구,2711000,대구중구,900,기타,0,0,45239246615
2014,대구,2712000,대구동구,010,일반공공행정,14779699702,6090937172,0
2014,대구,2712000,대구동구,020,공공질서및안전,522081664,336000000,0
2014,대구,2712000,대구동구,050,교육,2353894817,0,0
2014,대구,2712000,대구동구,060,문화및관광,11195810168,0,0
2014,대구,2712000,대구동구,070,환경보호,9375396340,0,0
2014,대구,2712000,대구동구,080,사회복지,241195693533,188937529,0
2014,대구,2712000,대구동구,090,보건,11656447203,0,0
2014,대구,2712000,대구동구,100,농림해양수산,5323297665,0,0
2014,대구,2712000,대구동구,110,산업ㆍ중소기업,5710639140,0,0
2014,대구,2712000,대구동구,120,수송및교통,10642260832,12635350,0
2014,대구,2712000,대구동구,140,국토및지역개발,10870935431,2362790,0
2014,대구,2712000,대구동구,160,예비비,0,0,0
2014,대구,2712000,대구동구,900,기타,0,0,65173299269
2014,대구,2713000,대구서구,010,일반공공행정,11207066780,3802855410,0
2014,대구,2713000,대구서구,020,공공질서및안전,270556700,202175000,0
2014,대구,2713000,대구서구,050,교육,951059120,0,0
2014,대구,2713000,대구서구,060,문화및관광,2159594840,0,0
2014,대구,2713000,대구서구,070,환경보호,7040009750,0,0
2014,대구,2713000,대구서구,080,사회복지,133855189410,229470040,0
2014,대구,2713000,대구서구,090,보건,5901895870,0,0
2014,대구,2713000,대구서구,100,농림해양수산,536876940,0,0
2014,대구,2713000,대구서구,110,산업ㆍ중소기업,2747912160,0,0
2014,대구,2713000,대구서구,120,수송및교통,3305686990,0,0
2014,대구,2713000,대구서구,140,국토및지역개발,6518459610,0,0
2014,대구,2713000,대구서구,160,예비비,0,0,0
2014,대구,2713000,대구서구,900,기타,0,0,53258502980
2014,대구,2714000,대구남구,010,일반공공행정,9445904353,0,0
2014,대구,2714000,대구남구,020,공공질서및안전,238459890,118100000,0
2014,대구,2714000,대구남구,050,교육,379648560,0,0
2014,대구,2714000,대구남구,060,문화및관광,3014637430,0,0
2014,대구,2714000,대구남구,070,환경보호,5291420760,0,0
2014,대구,2714000,대구남구,080,사회복지,125008113276,0,0
2014,대구,2714000,대구남구,090,보건,5731461070,0,0
2014,대구,2714000,대구남구,100,농림해양수산,284354830,0,0
2014,대구,2714000,대구남구,110,산업ㆍ중소기업,3432511190,0,0
2014,대구,2714000,대구남구,120,수송및교통,5780635410,0,0
2014,대구,2714000,대구남구,140,국토및지역개발,6558949060,0,0
2014,대구,2714000,대구남구,160,예비비,0,0,0
2014,대구,2714000,대구남구,900,기타,0,3336769985,44645095828
2014,대구,2715000,대구북구,010,일반공공행정,17937542845,6576668545,0
2014,대구,2715000,대구북구,020,공공질서및안전,6198340600,441419090,0
2014,대구,2715000,대구북구,050,교육,1433542720,7912720,0
2014,대구,2715000,대구북구,060,문화및관광,7856989570,0,0
2014,대구,2715000,대구북구,070,환경보호,11376536510,3090580,0
2014,대구,2715000,대구북구,080,사회복지,241682770320,191334310,0
2014,대구,2715000,대구북구,090,보건,12614083970,30857840,0
2014,대구,2715000,대구북구,100,농림해양수산,4788772450,0,0
2014,대구,2715000,대구북구,110,산업ㆍ중소기업,6515978620,1211180,0
2014,대구,2715000,대구북구,120,수송및교통,10348287630,2665500,0
2014,대구,2715000,대구북구,140,국토및지역개발,5146479970,1582670,0
2014,대구,2715000,대구북구,160,예비비,0,0,0
2014,대구,2715000,대구북구,900,기타,0,0,69451878450
2014,대구,2716000,대구수성구,010,일반공공행정,18174127046,19588727,0
2014,대구,2716000,대구수성구,020,공공질서및안전,1362991930,539020620,0
2014,대구,2716000,대구수성구,050,교육,6255834997,0,0
2014,대구,2716000,대구수성구,060,문화및관광,12828971386,40949948,0
2014,대구,2716000,대구수성구,070,환경보호,11250759970,34114500,0
2014,대구,2716000,대구수성구,080,사회복지,227032472356,4813920782,0
2014,대구,2716000,대구수성구,090,보건,11982835900,213935210,0
2014,대구,2716000,대구수성구,100,농림해양수산,5884589184,89282000,0
2014,대구,2716000,대구수성구,110,산업ㆍ중소기업,114931400,0,0
2014,대구,2716000,대구수성구,120,수송및교통,8845417940,20652680,0
2014,대구,2716000,대구수성구,140,국토및지역개발,18751321600,33917790,0
2014,대구,2716000,대구수성구,160,예비비,0,0,0
2014,대구,2716000,대구수성구,900,기타,0,0,69613390266
2014,대구,2717000,대구달서구,010,일반공공행정,20929176296,5715770160,0
2014,대구,2717000,대구달서구,020,공공질서및안전,4907958235,667776000,0
2014,대구,2717000,대구달서구,050,교육,2742315513,0,0
2014,대구,2717000,대구달서구,060,문화및관광,7349533859,485916250,0
2014,대구,2717000,대구달서구,070,환경보호,17481994779,0,0
2014,대구,2717000,대구달서구,080,사회복지,312784715428,443404812,0
2014,대구,2717000,대구달서구,090,보건,16489285500,9044400,0
2014,대구,2717000,대구달서구,100,농림해양수산,1006926500,0,0
2014,대구,2717000,대구달서구,110,산업ㆍ중소기업,4743652173,35002810,0
2014,대구,2717000,대구달서구,120,수송및교통,15495000210,0,0
2014,대구,2717000,대구달서구,140,국토및지역개발,11311090434,244466000,0
2014,대구,2717000,대구달서구,160,예비비,0,0,0
2014,대구,2717000,대구달서구,900,기타,0,800000,76523863962
2014,대구,2771000,대구달성군,010,일반공공행정,22829436075,220238060,0
2014,대구,2771000,대구달성군,020,공공질서및안전,7221690940,0,0
2014,대구,2771000,대구달성군,050,교육,8245998080,0,0
2014,대구,2771000,대구달성군,060,문화및관광,27422709770,724961360,0
2014,대구,2771000,대구달성군,070,환경보호,8661267705,0,0
2014,대구,2771000,대구달성군,080,사회복지,129501265116,0,0
2014,대구,2771000,대구달성군,090,보건,11661836396,1803830,0
2014,대구,2771000,대구달성군,100,농림해양수산,36654751210,0,0
2014,대구,2771000,대구달성군,110,산업ㆍ중소기업,1066751256,0,0
2014,대구,2771000,대구달성군,120,수송및교통,59445276530,0,0
2014,대구,2771000,대구달성군,140,국토및지역개발,32761499920,0,0
2014,대구,2771000,대구달성군,150,과학기술,140000000,0,0
2014,대구,2771000,대구달성군,160,예비비,0,0,0
2014,대구,2771000,대구달성군,900,기타,0,13965352458,56319967808
2013,대구,2700000,대구본청,010,일반공공행정,429850271540,829395869730,0
2013,대구,2700000,대구본청,020,공공질서및안전,76293138260,2538560,0
2013,대구,2700000,대구본청,050,교육,395521803650,0,0
2013,대구,2700000,대구본청,060,문화및관광,191075474196,7154434780,0
2013,대구,2700000,대구본청,070,환경보호,291237866530,23055286100,0
2013,대구,2700000,대구본청,080,사회복지,1661027888825,1756699660,0
2013,대구,2700000,대구본청,090,보건,84367534830,73595250190,0
2013,대구,2700000,대구본청,100,농림해양수산,42747989087,231709930,0
2013,대구,2700000,대구본청,110,산업ㆍ중소기업,330070277559,12115244700,0
2013,대구,2700000,대구본청,120,수송및교통,770634903760,378796795260,0
2013,대구,2700000,대구본청,140,국토및지역개발,137659739620,36413139490,0
2013,대구,2700000,대구본청,150,과학기술,87655312900,0,0
2013,대구,2700000,대구본청,160,예비비,0,0,0
2013,대구,2700000,대구본청,900,기타,0,238061260,453217159668
2013,대구,2711000,대구중구,010,일반공공행정,8274443380,1993648340,0
2013,대구,2711000,대구중구,020,공공질서및안전,121685070,184298000,0
2013,대구,2711000,대구중구,050,교육,444213190,0,0
2013,대구,2711000,대구중구,060,문화및관광,5528517630,4000000,0
2013,대구,2711000,대구중구,070,환경보호,3859558920,0,0
2013,대구,2711000,대구중구,080,사회복지,55863845291,20609620,0
2013,대구,2711000,대구중구,090,보건,3388641400,0,0
2013,대구,2711000,대구중구,100,농림해양수산,73600100,0,0
2013,대구,2711000,대구중구,110,산업ㆍ중소기업,4743043410,16044650,0
2013,대구,2711000,대구중구,120,수송및교통,5447785421,310021350,0
2013,대구,2711000,대구중구,140,국토및지역개발,3370048060,0,0
2013,대구,2711000,대구중구,160,예비비,0,0,0
2013,대구,2711000,대구중구,900,기타,0,0,44110813985
2013,대구,2712000,대구동구,010,일반공공행정,15764104548,8245429653,0
2013,대구,2712000,대구동구,020,공공질서및안전,118893320,100000000,0
2013,대구,2712000,대구동구,050,교육,3182422860,0,0
2013,대구,2712000,대구동구,060,문화및관광,11569140185,0,0
2013,대구,2712000,대구동구,070,환경보호,9550942670,0,0
2013,대구,2712000,대구동구,080,사회복지,216314062066,114924945,0
2013,대구,2712000,대구동구,090,보건,10828543516,0,0
2013,대구,2712000,대구동구,100,농림해양수산,10549354917,0,0
2013,대구,2712000,대구동구,110,산업ㆍ중소기업,4040384013,0,0
2013,대구,2712000,대구동구,120,수송및교통,14945158050,0,0
2013,대구,2712000,대구동구,140,국토및지역개발,10677117772,0,0
2013,대구,2712000,대구동구,160,예비비,0,0,0
2013,대구,2712000,대구동구,900,기타,0,0,64220543145
2013,대구,2713000,대구서구,010,일반공공행정,8508761990,3382717160,0
2013,대구,2713000,대구서구,020,공공질서및안전,318663100,155047000,0
2013,대구,2713000,대구서구,050,교육,1051202020,0,0
2013,대구,2713000,대구서구,060,문화및관광,1874039070,0,0
2013,대구,2713000,대구서구,070,환경보호,6438009460,0,0
2013,대구,2713000,대구서구,080,사회복지,118928969170,279818410,0
2013,대구,2713000,대구서구,090,보건,5972614230,0,0
2013,대구,2713000,대구서구,100,농림해양수산,375586030,0,0
2013,대구,2713000,대구서구,110,산업ㆍ중소기업,1923289320,0,0
2013,대구,2713000,대구서구,120,수송및교통,2831568680,0,0
2013,대구,2713000,대구서구,140,국토및지역개발,4150066560,0,0
2013,대구,2713000,대구서구,160,예비비,0,0,0
2013,대구,2713000,대구서구,900,기타,0,0,49993901140
2013,대구,2714000,대구남구,010,일반공공행정,6968111250,0,0
2013,대구,2714000,대구남구,020,공공질서및안전,197820950,90000000,0
2013,대구,2714000,대구남구,050,교육,356334190,0,0
2013,대구,2714000,대구남구,060,문화및관광,2344331770,0,0
2013,대구,2714000,대구남구,070,환경보호,5710815280,0,0
2013,대구,2714000,대구남구,080,사회복지,108406568612,0,0
2013,대구,2714000,대구남구,090,보건,5438434887,0,0
2013,대구,2714000,대구남구,100,농림해양수산,342097850,0,0
2013,대구,2714000,대구남구,110,산업ㆍ중소기업,461533030,0,0
2013,대구,2714000,대구남구,120,수송및교통,7357357170,0,0
2013,대구,2714000,대구남구,140,국토및지역개발,7231007280,0,0
2013,대구,2714000,대구남구,160,예비비,0,0,0
2013,대구,2714000,대구남구,900,기타,0,3034626414,44125893055
2013,대구,2715000,대구북구,010,일반공공행정,13976871120,7138375620,0
2013,대구,2715000,대구북구,020,공공질서및안전,20090211200,336792140,0
2013,대구,2715000,대구북구,050,교육,314035700,233630,0
2013,대구,2715000,대구북구,060,문화및관광,3718682410,0,0
2013,대구,2715000,대구북구,070,환경보호,9677200030,1434350,0
2013,대구,2715000,대구북구,080,사회복지,217899920500,165263270,0
2013,대구,2715000,대구북구,090,보건,11893942310,0,0
2013,대구,2715000,대구북구,100,농림해양수산,4821499170,0,0
2013,대구,2715000,대구북구,110,산업ㆍ중소기업,7671352620,5215550,0
2013,대구,2715000,대구북구,120,수송및교통,10933848000,3202477730,0
2013,대구,2715000,대구북구,140,국토및지역개발,8274749000,170062000,0
2013,대구,2715000,대구북구,160,예비비,0,0,0
2013,대구,2715000,대구북구,900,기타,0,0,66294702060
2013,대구,2716000,대구수성구,010,일반공공행정,15065053270,123067160,0
2013,대구,2716000,대구수성구,020,공공질서및안전,455192510,5492650,0
2013,대구,2716000,대구수성구,050,교육,6483564750,0,0
2013,대구,2716000,대구수성구,060,문화및관광,12879631590,44491180,0
2013,대구,2716000,대구수성구,070,환경보호,9998352740,1260,0
2013,대구,2716000,대구수성구,080,사회복지,201514212441,3975816650,0
2013,대구,2716000,대구수성구,090,보건,12148249830,304914240,0
2013,대구,2716000,대구수성구,100,농림해양수산,3918377440,199647560,0
2013,대구,2716000,대구수성구,110,산업ㆍ중소기업,196414030,0,0
2013,대구,2716000,대구수성구,120,수송및교통,13842030140,3426495900,0
2013,대구,2716000,대구수성구,140,국토및지역개발,22100515070,198600,0
2013,대구,2716000,대구수성구,160,예비비,0,0,0
2013,대구,2716000,대구수성구,900,기타,0,0,66984641795
2013,대구,2717000,대구달서구,010,일반공공행정,16383876750,6884809698,0
2013,대구,2717000,대구달서구,020,공공질서및안전,2321474070,502098000,0
2013,대구,2717000,대구달서구,050,교육,2725854635,0,0
2013,대구,2717000,대구달서구,060,문화및관광,10422159680,483750000,0
2013,대구,2717000,대구달서구,070,환경보호,16339356403,0,0
2013,대구,2717000,대구달서구,080,사회복지,274027310471,308499098,0
2013,대구,2717000,대구달서구,090,보건,14956637783,0,0
2013,대구,2717000,대구달서구,100,농림해양수산,1378071118,0,0
2013,대구,2717000,대구달서구,110,산업ㆍ중소기업,4511320016,8620970,0
2013,대구,2717000,대구달서구,120,수송및교통,13440465940,0,0
2013,대구,2717000,대구달서구,140,국토및지역개발,9992174237,3983827760,0
2013,대구,2717000,대구달서구,160,예비비,0,0,0
2013,대구,2717000,대구달서구,900,기타,0,3200000,72295908622
2013,대구,2771000,대구달성군,010,일반공공행정,20332221123,0,0
2013,대구,2771000,대구달성군,020,공공질서및안전,7476173470,0,0
2013,대구,2771000,대구달성군,050,교육,9731849870,0,0
2013,대구,2771000,대구달성군,060,문화및관광,29973447140,58978650,0
2013,대구,2771000,대구달성군,070,환경보호,8423044347,0,0
2013,대구,2771000,대구달성군,080,사회복지,117302005459,0,0
2013,대구,2771000,대구달성군,090,보건,10489832238,3012690,0
2013,대구,2771000,대구달성군,100,농림해양수산,37846643961,0,0
2013,대구,2771000,대구달성군,110,산업ㆍ중소기업,2432377550,0,0
2013,대구,2771000,대구달성군,120,수송및교통,52012511690,0,0
2013,대구,2771000,대구달성군,140,국토및지역개발,29236030557,0,0
2013,대구,2771000,대구달성군,150,과학기술,90000000,0,0
2013,대구,2771000,대구달성군,160,예비비,0,0,0
2013,대구,2771000,대구달성군,900,기타,0,7763767328,52467742281
2012,대구,2700000,대구본청,010,일반공공행정,388739549019,432476696691,0
2012,대구,2700000,대구본청,020,공공질서및안전,93185960308,7174587830,0
2012,대구,2700000,대구본청,050,교육,349766144270,0,0
2012,대구,2700000,대구본청,060,문화및관광,216208224880,194605850,0
2012,대구,2700000,대구본청,070,환경보호,386950221095,20949681430,0
2012,대구,2700000,대구본청,080,사회복지,1469854882665,441973000,0
2012,대구,2700000,대구본청,090,보건,69723072520,70573485010,0
2012,대구,2700000,대구본청,100,농림해양수산,33164923250,183474140,0
2012,대구,2700000,대구본청,110,산업ㆍ중소기업,350685959210,5891408830,0
2012,대구,2700000,대구본청,120,수송및교통,751537681320,401419961050,0
2012,대구,2700000,대구본청,140,국토및지역개발,131378188580,28624942860,0
2012,대구,2700000,대구본청,160,예비비,0,0,0
2012,대구,2700000,대구본청,900,기타,0,0,434674533467
2012,대구,2711000,대구중구,010,일반공공행정,9768681240,3383041608,0
2012,대구,2711000,대구중구,020,공공질서및안전,149330460,143827000,0
2012,대구,2711000,대구중구,050,교육,543329840,0,0
2012,대구,2711000,대구중구,060,문화및관광,6561514455,0,0
2012,대구,2711000,대구중구,070,환경보호,3041940240,0,0
2012,대구,2711000,대구중구,080,사회복지,49815552152,79019770,0
2012,대구,2711000,대구중구,090,보건,3241678760,0,0
2012,대구,2711000,대구중구,100,농림해양수산,44932790,0,0
2012,대구,2711000,대구중구,110,산업ㆍ중소기업,3860728210,79535430,0
2012,대구,2711000,대구중구,120,수송및교통,9698458991,310068070,0
2012,대구,2711000,대구중구,140,국토및지역개발,3008334290,0,0
2012,대구,2711000,대구중구,160,예비비,0,0,0
2012,대구,2711000,대구중구,900,기타,0,0,43409927624
2012,대구,2712000,대구동구,010,일반공공행정,12845508540,3506156143,0
2012,대구,2712000,대구동구,020,공공질서및안전,415005000,90360000,0
2012,대구,2712000,대구동구,050,교육,7370982479,0,0
2012,대구,2712000,대구동구,060,문화및관광,8985515330,0,0
2012,대구,2712000,대구동구,070,환경보호,17778938000,0,0
2012,대구,2712000,대구동구,080,사회복지,184814567011,458783500,0
2012,대구,2712000,대구동구,090,보건,8294914294,0,0
2012,대구,2712000,대구동구,100,농림해양수산,6433563000,0,0
2012,대구,2712000,대구동구,110,산업ㆍ중소기업,6105999453,0,0
2012,대구,2712000,대구동구,120,수송및교통,14221271700,400000,0
2012,대구,2712000,대구동구,140,국토및지역개발,10142478800,0,0
2012,대구,2712000,대구동구,160,예비비,0,0,0
2012,대구,2712000,대구동구,900,기타,0,0,61968854244
2012,대구,2713000,대구서구,010,일반공공행정,8911451600,1818390750,0
2012,대구,2713000,대구서구,020,공공질서및안전,209163120,309309000,0
2012,대구,2713000,대구서구,050,교육,594945650,0,0
2012,대구,2713000,대구서구,060,문화및관광,3970227130,0,0
2012,대구,2713000,대구서구,070,환경보호,5949503000,0,0
2012,대구,2713000,대구서구,080,사회복지,105453430300,40934200,0
2012,대구,2713000,대구서구,090,보건,4931550520,0,0
2012,대구,2713000,대구서구,100,농림해양수산,464132040,0,0
2012,대구,2713000,대구서구,110,산업ㆍ중소기업,1411495980,0,0
2012,대구,2713000,대구서구,120,수송및교통,3582196070,0,0
2012,대구,2713000,대구서구,140,국토및지역개발,2044649670,0,0
2012,대구,2713000,대구서구,160,예비비,0,0,0
2012,대구,2713000,대구서구,900,기타,0,0,49451802930
2012,대구,2714000,대구남구,010,일반공공행정,7198125190,0,0
2012,대구,2714000,대구남구,020,공공질서및안전,212924790,67750000,0
2012,대구,2714000,대구남구,050,교육,312459550,0,0
2012,대구,2714000,대구남구,060,문화및관광,2284377980,0,0
2012,대구,2714000,대구남구,070,환경보호,5165418540,0,0
2012,대구,2714000,대구남구,080,사회복지,96208386870,40000000,0
2012,대구,2714000,대구남구,090,보건,6250090280,0,0
2012,대구,2714000,대구남구,100,농림해양수산,309977780,0,0
2012,대구,2714000,대구남구,110,산업ㆍ중소기업,2672371950,0,0
2012,대구,2714000,대구남구,120,수송및교통,8638720260,0,0
2012,대구,2714000,대구남구,140,국토및지역개발,6548489350,0,0
2012,대구,2714000,대구남구,160,예비비,0,0,0
2012,대구,2714000,대구남구,900,기타,0,2655316254,41578294698
2012,대구,2715000,대구북구,010,일반공공행정,13919546960,4480577260,0
2012,대구,2715000,대구북구,020,공공질서및안전,15975505600,13590,0
2012,대구,2715000,대구북구,050,교육,12928200,0,0
2012,대구,2715000,대구북구,060,문화및관광,5198628540,0,0
2012,대구,2715000,대구북구,070,환경보호,11520728625,1931890,0
2012,대구,2715000,대구북구,080,사회복지,191000280880,186148478,0
2012,대구,2715000,대구북구,090,보건,10055703050,0,0
2012,대구,2715000,대구북구,100,농림해양수산,3467094680,0,0
2012,대구,2715000,대구북구,110,산업ㆍ중소기업,1981454660,0,0
2012,대구,2715000,대구북구,120,수송및교통,9141483330,3764620,0
2012,대구,2715000,대구북구,140,국토및지역개발,3374059790,152400120,0
2012,대구,2715000,대구북구,160,예비비,0,0,0
2012,대구,2715000,대구북구,900,기타,0,0,65464207100
2012,대구,2716000,대구수성구,010,일반공공행정,16049116430,112397450,0
2012,대구,2716000,대구수성구,020,공공질서및안전,423304480,322371610,0
2012,대구,2716000,대구수성구,050,교육,2242748950,0,0
2012,대구,2716000,대구수성구,060,문화및관광,9456904530,49865060,0
2012,대구,2716000,대구수성구,070,환경보호,9139258570,200000,0
2012,대구,2716000,대구수성구,080,사회복지,176342151080,3635423610,0
2012,대구,2716000,대구수성구,090,보건,8543462730,195729840,0
2012,대구,2716000,대구수성구,100,농림해양수산,2468494110,14456040,0
2012,대구,2716000,대구수성구,110,산업ㆍ중소기업,247658720,0,0
2012,대구,2716000,대구수성구,120,수송및교통,13232815240,28670850,0
2012,대구,2716000,대구수성구,140,국토및지역개발,12832186600,2386160,0
2012,대구,2716000,대구수성구,160,예비비,0,0,0
2012,대구,2716000,대구수성구,900,기타,0,0,64991826640
2012,대구,2717000,대구달서구,010,일반공공행정,15729431101,3648209160,0
2012,대구,2717000,대구달서구,020,공공질서및안전,1419749621,686732000,0
2012,대구,2717000,대구달서구,050,교육,1875469110,0,0
2012,대구,2717000,대구달서구,060,문화및관광,5864682958,497250000,0
2012,대구,2717000,대구달서구,070,환경보호,11579266150,0,0
2012,대구,2717000,대구달서구,080,사회복지,234668335627,152558840,0
2012,대구,2717000,대구달서구,090,보건,14059838830,0,0
2012,대구,2717000,대구달서구,100,농림해양수산,1105853650,0,0
2012,대구,2717000,대구달서구,110,산업ㆍ중소기업,6260263326,3350090,0
2012,대구,2717000,대구달서구,120,수송및교통,11375329350,0,0
2012,대구,2717000,대구달서구,140,국토및지역개발,8315749910,171373890,0
2012,대구,2717000,대구달서구,160,예비비,0,0,0
2012,대구,2717000,대구달서구,900,기타,0,2350000,69500640399
2012,대구,2771000,대구달성군,010,일반공공행정,17439517291,0,0
2012,대구,2771000,대구달성군,020,공공질서및안전,8054678700,0,0
2012,대구,2771000,대구달성군,050,교육,5328778560,0,0
2012,대구,2771000,대구달성군,060,문화및관광,22912112980,0,0
2012,대구,2771000,대구달성군,070,환경보호,12353329248,0,0
2012,대구,2771000,대구달성군,080,사회복지,100012768210,0,0
2012,대구,2771000,대구달성군,090,보건,7410975354,4412900,0
2012,대구,2771000,대구달성군,100,농림해양수산,29958518118,0,0
2012,대구,2771000,대구달성군,110,산업ㆍ중소기업,2459479020,0,0
2012,대구,2771000,대구달성군,120,수송및교통,48103979230,0,0
2012,대구,2771000,대구달성군,140,국토및지역개발,29578799325,0,0
2012,대구,2771000,대구달성군,150,과학기술,3000000000,0,0
2012,대구,2771000,대구달성군,160,예비비,0,0,0
2012,대구,2771000,대구달성군,900,기타,0,6624234410,48942449256
2011,대구,2700000,대구본청,010,일반공공행정,393363692810,395063196828,0
2011,대구,2700000,대구본청,020,공공질서및안전,47107034380,7163647440,0
2011,대구,2700000,대구본청,050,교육,342918974310,0,0
2011,대구,2700000,대구본청,060,문화및관광,168008084360,53176190,0
2011,대구,2700000,대구본청,070,환경보호,371078274220,22399419140,0
2011,대구,2700000,대구본청,080,사회복지,1336264586700,682827700,0
2011,대구,2700000,대구본청,090,보건,59245459410,72263203560,0
2011,대구,2700000,대구본청,100,농림해양수산,34819620580,294982280,0
2011,대구,2700000,대구본청,110,산업ㆍ중소기업,282804775880,5760597490,0
2011,대구,2700000,대구본청,120,수송및교통,868229624090,329054783350,0
2011,대구,2700000,대구본청,140,국토및지역개발,121756677060,31111096300,0
2011,대구,2700000,대구본청,160,예비비,0,0,0
2011,대구,2700000,대구본청,900,기타,0,4296210,411551944850
2011,대구,2711000,대구중구,010,일반공공행정,11525078851,2316358390,0
2011,대구,2711000,대구중구,020,공공질서및안전,113623310,132754000,0
2011,대구,2711000,대구중구,050,교육,278808930,0,0
2011,대구,2711000,대구중구,060,문화및관광,4723254880,0,0
2011,대구,2711000,대구중구,070,환경보호,3586019960,0,0
2011,대구,2711000,대구중구,080,사회복지,48806963203,94015570,0
2011,대구,2711000,대구중구,090,보건,2583170511,0,0
2011,대구,2711000,대구중구,100,농림해양수산,32357690,0,0
2011,대구,2711000,대구중구,110,산업ㆍ중소기업,5253547240,7859440,0
2011,대구,2711000,대구중구,120,수송및교통,7819234910,310293840,0
2011,대구,2711000,대구중구,140,국토및지역개발,3524621090,0,0
2011,대구,2711000,대구중구,160,예비비,0,0,0
2011,대구,2711000,대구중구,900,기타,0,0,40189827965
2011,대구,2712000,대구동구,010,일반공공행정,15152768350,3052132550,0
2011,대구,2712000,대구동구,020,공공질서및안전,413620160,82545000,0
2011,대구,2712000,대구동구,050,교육,6597155282,0,0
2011,대구,2712000,대구동구,060,문화및관광,9091122210,0,0
2011,대구,2712000,대구동구,070,환경보호,7522540490,0,0
2011,대구,2712000,대구동구,080,사회복지,167786665560,133609380,0
2011,대구,2712000,대구동구,090,보건,6817342180,0,0
2011,대구,2712000,대구동구,100,농림해양수산,7199570320,0,0
2011,대구,2712000,대구동구,110,산업ㆍ중소기업,5376150980,0,0
2011,대구,2712000,대구동구,120,수송및교통,9263622820,1350000,0
2011,대구,2712000,대구동구,140,국토및지역개발,10985953610,3465520,0
2011,대구,2712000,대구동구,160,예비비,0,0,0
2011,대구,2712000,대구동구,900,기타,0,0,55636641378
2011,대구,2713000,대구서구,010,일반공공행정,9264806030,3375995770,0
2011,대구,2713000,대구서구,020,공공질서및안전,163487130,0,0
2011,대구,2713000,대구서구,050,교육,299072130,0,0
2011,대구,2713000,대구서구,060,문화및관광,1692695610,0,0
2011,대구,2713000,대구서구,070,환경보호,6957577230,0,0
2011,대구,2713000,대구서구,080,사회복지,99109495530,5200000,0
2011,대구,2713000,대구서구,090,보건,3766670630,0,0
2011,대구,2713000,대구서구,100,농림해양수산,482319090,0,0
2011,대구,2713000,대구서구,110,산업ㆍ중소기업,3027021620,0,0
2011,대구,2713000,대구서구,120,수송및교통,2267279780,0,0
2011,대구,2713000,대구서구,140,국토및지역개발,2344186120,0,0
2011,대구,2713000,대구서구,160,예비비,0,0,0
2011,대구,2713000,대구서구,900,기타,0,0,46544512750
2011,대구,2714000,대구남구,010,일반공공행정,7649697598,0,0
2011,대구,2714000,대구남구,020,공공질서및안전,248653420,65777800,0
2011,대구,2714000,대구남구,050,교육,276250040,0,0
2011,대구,2714000,대구남구,060,문화및관광,2772157670,0,0
2011,대구,2714000,대구남구,070,환경보호,5745085160,0,0
2011,대구,2714000,대구남구,080,사회복지,90057826344,40000000,0
2011,대구,2714000,대구남구,090,보건,6672554027,0,0
2011,대구,2714000,대구남구,100,농림해양수산,298968150,0,0
2011,대구,2714000,대구남구,110,산업ㆍ중소기업,1155108780,0,0
2011,대구,2714000,대구남구,120,수송및교통,9019460730,0,0
2011,대구,2714000,대구남구,140,국토및지역개발,4078341980,0,0
2011,대구,2714000,대구남구,160,예비비,0,0,0
2011,대구,2714000,대구남구,900,기타,0,3723945600,38961974240
2011,대구,2715000,대구북구,010,일반공공행정,13360567630,3782508410,0
2011,대구,2715000,대구북구,020,공공질서및안전,4866344040,0,0
2011,대구,2715000,대구북구,060,문화및관광,6959507000,0,0
2011,대구,2715000,대구북구,070,환경보호,10464213800,902150,0
2011,대구,2715000,대구북구,080,사회복지,175373682860,181976490,0
2011,대구,2715000,대구북구,090,보건,7980590320,0,0
2011,대구,2715000,대구북구,100,농림해양수산,3835438620,0,0
2011,대구,2715000,대구북구,110,산업ㆍ중소기업,2927416700,2024000,0
2011,대구,2715000,대구북구,120,수송및교통,9728276960,3277850,0
2011,대구,2715000,대구북구,140,국토및지역개발,4795162460,455830090,0
2011,대구,2715000,대구북구,160,예비비,0,0,0
2011,대구,2715000,대구북구,900,기타,0,0,60317657300
2011,대구,2716000,대구수성구,010,일반공공행정,17478439600,71146820,0
2011,대구,2716000,대구수성구,020,공공질서및안전,417352470,313637530,0
2011,대구,2716000,대구수성구,050,교육,2429541720,0,0
2011,대구,2716000,대구수성구,060,문화및관광,8022668180,23521290,0
2011,대구,2716000,대구수성구,070,환경보호,9562820130,254960,0
2011,대구,2716000,대구수성구,080,사회복지,158308095620,3882792255,0
2011,대구,2716000,대구수성구,090,보건,6876172040,254607720,0
2011,대구,2716000,대구수성구,100,농림해양수산,5625898030,32075930,0
2011,대구,2716000,대구수성구,110,산업ㆍ중소기업,136469430,0,0
2011,대구,2716000,대구수성구,120,수송및교통,10461968180,1550000,0
2011,대구,2716000,대구수성구,140,국토및지역개발,11058282470,3973240,0
2011,대구,2716000,대구수성구,160,예비비,0,0,0
2011,대구,2716000,대구수성구,900,기타,0,0,60022073070
2011,대구,2717000,대구달서구,010,일반공공행정,15705739955,3516414754,0
2011,대구,2717000,대구달서구,020,공공질서및안전,1314260845,312648250,0
2011,대구,2717000,대구달서구,050,교육,1790513570,0,0
2011,대구,2717000,대구달서구,060,문화및관광,4910779180,510750000,0
2011,대구,2717000,대구달서구,070,환경보호,12133119710,0,0
2011,대구,2717000,대구달서구,080,사회복지,210804308056,94618240,0
2011,대구,2717000,대구달서구,090,보건,10109684220,0,0
2011,대구,2717000,대구달서구,100,농림해양수산,903230174,0,0
2011,대구,2717000,대구달서구,110,산업ㆍ중소기업,6567148450,19658160,0
2011,대구,2717000,대구달서구,120,수송및교통,10480560996,0,0
2011,대구,2717000,대구달서구,140,국토및지역개발,8582581659,2186955800,0
2011,대구,2717000,대구달서구,160,예비비,0,0,0
2011,대구,2717000,대구달서구,900,기타,0,8950000,63973552040
2011,대구,2771000,대구달성군,010,일반공공행정,12886552955,0,0
2011,대구,2771000,대구달성군,020,공공질서및안전,14523810300,0,0
2011,대구,2771000,대구달성군,050,교육,4124446350,0,0
2011,대구,2771000,대구달성군,060,문화및관광,19393680788,0,0
2011,대구,2771000,대구달성군,070,환경보호,6282350662,0,0
2011,대구,2771000,대구달성군,080,사회복지,89755182545,0,0
2011,대구,2771000,대구달성군,090,보건,7040603520,27760220,0
2011,대구,2771000,대구달성군,100,농림해양수산,32586126862,0,0
2011,대구,2771000,대구달성군,110,산업ㆍ중소기업,257916730,0,0
2011,대구,2771000,대구달성군,120,수송및교통,40596672008,0,0
2011,대구,2771000,대구달성군,140,국토및지역개발,37370548266,0,0
2011,대구,2771000,대구달성군,160,예비비,0,0,0
2011,대구,2771000,대구달성군,900,기타,0,6378307357,45234596883
2010,대구,2700000,대구본청,010,일반공공행정,441085435610,283210389048,0
2010,대구,2700000,대구본청,020,공공질서및안전,48206839010,7144339800,0
2010,대구,2700000,대구본청,050,교육,313094096600,0,0
2010,대구,2700000,대구본청,060,문화및관광,146962610290,179699980,0
2010,대구,2700000,대구본청,070,환경보호,287440736659,16982768000,0
2010,대구,2700000,대구본청,080,사회복지,1268948871600,706506080,0
2010,대구,2700000,대구본청,090,보건,53418473290,55879223980,0
2010,대구,2700000,대구본청,100,농림해양수산,31995733890,81725790,0
2010,대구,2700000,대구본청,110,산업ㆍ중소기업,289515173160,51973970,0
2010,대구,2700000,대구본청,120,수송및교통,930341328990,333185801460,0
2010,대구,2700000,대구본청,140,국토및지역개발,141895364380,48273738840,0
2010,대구,2700000,대구본청,160,예비비,0,0,0
2010,대구,2700000,대구본청,900,기타,727440000,2985830,390196017870
2010,대구,2711000,대구중구,010,일반공공행정,8524636050,1854236000,0
2010,대구,2711000,대구중구,020,공공질서및안전,615704680,123565000,0
2010,대구,2711000,대구중구,050,교육,380291020,0,0
2010,대구,2711000,대구중구,060,문화및관광,3126664350,0,0
2010,대구,2711000,대구중구,070,환경보호,2833844490,0,0
2010,대구,2711000,대구중구,080,사회복지,45428523650,78779350,0
2010,대구,2711000,대구중구,090,보건,2555628640,0,0
2010,대구,2711000,대구중구,100,농림해양수산,42083820,0,0
2010,대구,2711000,대구중구,110,산업ㆍ중소기업,10561867370,7741000,0
2010,대구,2711000,대구중구,120,수송및교통,5679117740,302393270,0
2010,대구,2711000,대구중구,140,국토및지역개발,5774699300,12411180,0
2010,대구,2711000,대구중구,160,예비비,0,0,0
2010,대구,2711000,대구중구,900,기타,0,0,39514603350
2010,대구,2712000,대구동구,010,일반공공행정,11572942476,5080667990,0
2010,대구,2712000,대구동구,020,공공질서및안전,597718620,77145000,0
2010,대구,2712000,대구동구,050,교육,4607834640,0,0
2010,대구,2712000,대구동구,060,문화및관광,15152971260,0,0
2010,대구,2712000,대구동구,070,환경보호,7139833850,0,0
2010,대구,2712000,대구동구,080,사회복지,162739424527,1215504770,0
2010,대구,2712000,대구동구,090,보건,6370240110,0,0
2010,대구,2712000,대구동구,100,농림해양수산,6496677680,0,0
2010,대구,2712000,대구동구,110,산업ㆍ중소기업,4744294000,0,0
2010,대구,2712000,대구동구,120,수송및교통,13622469610,3200100000,0
2010,대구,2712000,대구동구,140,국토및지역개발,18048846720,0,0
2010,대구,2712000,대구동구,160,예비비,0,0,0
2010,대구,2712000,대구동구,900,기타,0,0,54469296789
2010,대구,2713000,대구서구,010,일반공공행정,8596165100,3597155400,0
2010,대구,2713000,대구서구,020,공공질서및안전,312176330,0,0
2010,대구,2713000,대구서구,050,교육,231262230,0,0
2010,대구,2713000,대구서구,060,문화및관광,1709022480,0,0
2010,대구,2713000,대구서구,070,환경보호,5244451670,0,0
2010,대구,2713000,대구서구,080,사회복지,94862530480,0,0
2010,대구,2713000,대구서구,090,보건,3807663460,0,0
2010,대구,2713000,대구서구,100,농림해양수산,301904830,0,0
2010,대구,2713000,대구서구,110,산업ㆍ중소기업,670590410,0,0
2010,대구,2713000,대구서구,120,수송및교통,4459006650,0,0
2010,대구,2713000,대구서구,140,국토및지역개발,3222039740,0,0
2010,대구,2713000,대구서구,160,예비비,0,0,0
2010,대구,2713000,대구서구,900,기타,0,0,45109024830
2010,대구,2714000,대구남구,010,일반공공행정,9392795420,0,0
2010,대구,2714000,대구남구,020,공공질서및안전,214379890,63416000,0
2010,대구,2714000,대구남구,050,교육,244943870,0,0
2010,대구,2714000,대구남구,060,문화및관광,2429938020,0,0
2010,대구,2714000,대구남구,070,환경보호,5341652550,0,0
2010,대구,2714000,대구남구,080,사회복지,85542257892,40000000,0
2010,대구,2714000,대구남구,090,보건,8902215285,0,0
2010,대구,2714000,대구남구,100,농림해양수산,287843920,0,0
2010,대구,2714000,대구남구,110,산업ㆍ중소기업,1957302400,0,0
2010,대구,2714000,대구남구,120,수송및교통,8819805490,0,0
2010,대구,2714000,대구남구,140,국토및지역개발,2361924010,0,0
2010,대구,2714000,대구남구,160,예비비,0,0,0
2010,대구,2714000,대구남구,900,기타,0,2998188330,37572505960
2010,대구,2715000,대구북구,010,일반공공행정,13350833800,5470003830,0
2010,대구,2715000,대구북구,020,공공질서및안전,6626668520,0,0
2010,대구,2715000,대구북구,060,문화및관광,5828936160,0,0
2010,대구,2715000,대구북구,070,환경보호,16427398940,1977920,0
2010,대구,2715000,대구북구,080,사회복지,175209111610,176635000,0
2010,대구,2715000,대구북구,090,보건,7064901930,0,0
2010,대구,2715000,대구북구,100,농림해양수산,2793681770,0,0
2010,대구,2715000,대구북구,110,산업ㆍ중소기업,3271006410,0,0
2010,대구,2715000,대구북구,120,수송및교통,10562970090,3050232940,0
2010,대구,2715000,대구북구,140,국토및지역개발,8398466620,389947580,0
2010,대구,2715000,대구북구,160,예비비,0,0,0
2010,대구,2715000,대구북구,900,기타,0,0,55049130010
2010,대구,2716000,대구수성구,010,일반공공행정,16792610700,5029608460,0
2010,대구,2716000,대구수성구,020,공공질서및안전,491288730,298879000,0
2010,대구,2716000,대구수성구,050,교육,1939905970,0,0
2010,대구,2716000,대구수성구,060,문화및관광,11416774420,0,0
2010,대구,2716000,대구수성구,070,환경보호,8261967850,0,0
2010,대구,2716000,대구수성구,080,사회복지,155661512460,213330000,0
2010,대구,2716000,대구수성구,090,보건,6317177420,0,0
2010,대구,2716000,대구수성구,100,농림해양수산,6028768270,0,0
2010,대구,2716000,대구수성구,110,산업ㆍ중소기업,33935390,0,0
2010,대구,2716000,대구수성구,120,수송및교통,11500401920,200000,0
2010,대구,2716000,대구수성구,140,국토및지역개발,12050176830,50738980,0
2010,대구,2716000,대구수성구,160,예비비,0,0,0
2010,대구,2716000,대구수성구,900,기타,0,0,57579366040
2010,대구,2717000,대구달서구,010,일반공공행정,25680923785,5760812590,0
2010,대구,2717000,대구달서구,020,공공질서및안전,758498350,0,0
2010,대구,2717000,대구달서구,050,교육,482605820,0,0
2010,대구,2717000,대구달서구,060,문화및관광,9335351760,524250000,0
2010,대구,2717000,대구달서구,070,환경보호,12265846500,0,0
2010,대구,2717000,대구달서구,080,사회복지,195123262080,137663000,0
2010,대구,2717000,대구달서구,090,보건,8287551240,0,0
2010,대구,2717000,대구달서구,100,농림해양수산,191658700,0,0
2010,대구,2717000,대구달서구,110,산업ㆍ중소기업,8398737490,0,0
2010,대구,2717000,대구달서구,120,수송및교통,11557149630,0,0
2010,대구,2717000,대구달서구,140,국토및지역개발,6933743140,166858060,0
2010,대구,2717000,대구달서구,160,예비비,0,0,0
2010,대구,2717000,대구달서구,900,기타,0,6900000,60617072690
2010,대구,2771000,대구달성군,010,일반공공행정,13612080023,0,0
2010,대구,2771000,대구달성군,020,공공질서및안전,15335409970,0,0
2010,대구,2771000,대구달성군,050,교육,7961059340,0,0
2010,대구,2771000,대구달성군,060,문화및관광,21523333050,0,0
2010,대구,2771000,대구달성군,070,환경보호,6886714849,0,0
2010,대구,2771000,대구달성군,080,사회복지,82018239310,0,0
2010,대구,2771000,대구달성군,090,보건,5828998810,2283000,0
2010,대구,2771000,대구달성군,100,농림해양수산,41146578836,0,0
2010,대구,2771000,대구달성군,110,산업ㆍ중소기업,3302497190,0,0
2010,대구,2771000,대구달성군,120,수송및교통,47313186400,0,0
2010,대구,2771000,대구달성군,140,국토및지역개발,47327127317,0,0
2010,대구,2771000,대구달성군,160,예비비,0,0,0
2010,대구,2771000,대구달성군,900,기타,0,6300885740,42304182620
